# MagicaVoxel @ Ephtracy

# group
o 

# material
mtllib coffee.mtl
usemtl palette

# normals
vn -1 0 0
vn 1 0 0
vn 0 0 1
vn 0 0 -1
vn 0 -1 0
vn 0 1 0

# texcoords
vt 0.474609 0.5
vt 0.537109 0.5
vt 0.958984 0.5

# verts
v -4.3 2.1 1.1
v -4.3 2.1 0.6
v -4.3 2.4 1.1
v -4.3 2.4 0.6
v -4.2 1.9 1.1
v -4.2 1.9 0.7
v -4.2 2.1 1.1
v -4.2 2.1 0.7
v -4.2 2.4 1.1
v -4.2 2.4 0.6
v -4.2 2.6 1.1
v -4.2 2.6 0.6
v -4.1 1.8 1.1
v -4.1 1.8 0.7
v -4.1 1.9 1.1
v -4.1 1.9 0.7
v -4 1.7 1.1
v -4 1.7 0.7
v -4 1.8 1.1
v -4 1.8 0.7
v -3.9 2.3 1.1
v -3.9 2.3 0.6
v -3.9 2.5 1.1
v -3.9 2.5 0.6
v -3.8 0.6 0.2
v -3.8 0.6 -1
v -3.8 0.8 0.2
v -3.8 0.8 -1
v -3.7 0.6 0.6
v -3.7 0.6 0.2
v -3.7 0.6 -1
v -3.7 0.6 -1.4
v -3.7 0.8 0.6
v -3.7 0.8 0.2
v -3.7 0.8 -1
v -3.7 0.8 -1.4
v -3.6 0.6 0.9
v -3.6 0.6 0.6
v -3.6 0.6 -1.4
v -3.6 0.6 -1.7
v -3.6 0.8 0.9
v -3.6 0.8 0.6
v -3.6 0.8 -1.4
v -3.6 0.8 -1.7
v -3.5 0.6 1.2
v -3.5 0.6 0.9
v -3.5 0.6 -1.7
v -3.5 0.6 -2
v -3.5 0.8 1.2
v -3.5 0.8 0.9
v -3.5 0.8 -1.7
v -3.5 0.8 -2
v -3.5 1.8 1.1
v -3.5 1.8 0.7
v -3.5 1.8 0.6
v -3.5 1.9 1.2
v -3.5 1.9 1.1
v -3.5 1.9 0.6
v -3.5 1.9 0.5
v -3.5 2.3 1.1
v -3.5 2.3 0.6
v -3.5 2.4 1.2
v -3.5 2.4 1.1
v -3.5 2.4 0.6
v -3.5 2.4 0.5
v -3.4 0.6 1.3
v -3.4 0.6 1.2
v -3.4 0.6 -2
v -3.4 0.6 -2.1
v -3.4 0.8 1.3
v -3.4 0.8 1.2
v -3.4 0.8 -2
v -3.4 0.8 -2.1
v -3.4 1.5 1.1
v -3.4 1.5 0.6
v -3.4 1.6 1.3
v -3.4 1.6 1.1
v -3.4 1.6 0.6
v -3.4 1.6 0.4
v -3.4 1.7 0.9
v -3.4 1.7 0.8
v -3.4 1.8 1.4
v -3.4 1.8 1.3
v -3.4 1.8 1.1
v -3.4 1.8 0.9
v -3.4 1.8 0.8
v -3.4 1.8 0.6
v -3.4 1.8 0.4
v -3.4 1.8 0.3
v -3.4 1.9 1.2
v -3.4 1.9 1.1
v -3.4 1.9 0.6
v -3.4 1.9 0.5
v -3.4 2 1.5
v -3.4 2 1.4
v -3.4 2 0.3
v -3.4 2 0.2
v -3.4 2.4 1.5
v -3.4 2.4 1.2
v -3.4 2.4 0.5
v -3.4 2.4 0.2
v -3.3 0.6 1.5
v -3.3 0.6 1.3
v -3.3 0.6 -2.1
v -3.3 0.6 -2.3
v -3.3 0.8 1.5
v -3.3 0.8 1.3
v -3.3 0.8 -2.1
v -3.3 0.8 -2.3
v -3.3 1.4 1.2
v -3.3 1.4 0.5
v -3.3 1.5 1.4
v -3.3 1.5 1.2
v -3.3 1.5 1.1
v -3.3 1.5 0.6
v -3.3 1.5 0.5
v -3.3 1.5 0.3
v -3.3 1.6 1.5
v -3.3 1.6 1.4
v -3.3 1.6 1.3
v -3.3 1.6 1.1
v -3.3 1.6 0.6
v -3.3 1.6 0.4
v -3.3 1.6 0.3
v -3.3 1.6 0.2
v -3.3 1.7 1.6
v -3.3 1.7 1.5
v -3.3 1.7 0.2
v -3.3 1.7 0.0999999
v -3.3 1.8 1.4
v -3.3 1.8 1.3
v -3.3 1.8 0.4
v -3.3 1.8 0.3
v -3.3 2 1.5
v -3.3 2 1.4
v -3.3 2 0.3
v -3.3 2 0.2
v -3.3 2.4 1.6
v -3.3 2.4 1.5
v -3.3 2.4 0.2
v -3.3 2.4 0.0999999
v -3.2 0.6 1.7
v -3.2 0.6 1.5
v -3.2 0.6 -2.3
v -3.2 0.6 -2.5
v -3.2 0.8 1.7
v -3.2 0.8 1.5
v -3.2 0.8 1.1
v -3.2 0.8 0.6
v -3.2 0.8 -2.3
v -3.2 0.8 -2.5
v -3.2 0.9 1.1
v -3.2 0.9 0.6
v -3.2 1.2 0.9
v -3.2 1.2 0.8
v -3.2 1.3 1.3
v -3.2 1.3 0.9
v -3.2 1.3 0.8
v -3.2 1.3 0.4
v -3.2 1.4 1.4
v -3.2 1.4 1.3
v -3.2 1.4 1.2
v -3.2 1.4 0.5
v -3.2 1.4 0.4
v -3.2 1.4 0.3
v -3.2 1.5 1.6
v -3.2 1.5 1.4
v -3.2 1.5 1.2
v -3.2 1.5 0.5
v -3.2 1.5 0.3
v -3.2 1.5 0.0999999
v -3.2 1.6 1.5
v -3.2 1.6 1.4
v -3.2 1.6 0.3
v -3.2 1.6 0.2
v -3.2 1.7 1.7
v -3.2 1.7 1.6
v -3.2 1.7 1.5
v -3.2 1.7 0.2
v -3.2 1.7 0.0999999
v -3.2 1.7 0
v -3.2 2.4 1.7
v -3.2 2.4 1.6
v -3.2 2.4 0.0999999
v -3.2 2.4 0
v -3.1 0.6 1.8
v -3.1 0.6 1.7
v -3.1 0.6 -2.5
v -3.1 0.6 -2.6
v -3.1 0.8 1.8
v -3.1 0.8 1.7
v -3.1 0.8 1.3
v -3.1 0.8 1.1
v -3.1 0.8 0.6
v -3.1 0.8 0.4
v -3.1 0.8 -2.5
v -3.1 0.8 -2.6
v -3.1 0.9 1.3
v -3.1 0.9 1.1
v -3.1 0.9 0.6
v -3.1 0.9 0.4
v -3.1 1.2 1.3
v -3.1 1.2 0.9
v -3.1 1.2 0.8
v -3.1 1.2 0.4
v -3.1 1.3 1.4
v -3.1 1.3 1.3
v -3.1 1.3 0.9
v -3.1 1.3 0.8
v -3.1 1.3 0.4
v -3.1 1.3 0.3
v -3.1 1.4 1.6
v -3.1 1.4 1.4
v -3.1 1.4 1.3
v -3.1 1.4 0.4
v -3.1 1.4 0.3
v -3.1 1.4 0.0999999
v -3.1 1.5 1.7
v -3.1 1.5 1.6
v -3.1 1.5 1.4
v -3.1 1.5 0.3
v -3.1 1.5 0.0999999
v -3.1 1.5 0
v -3.1 1.7 1.8
v -3.1 1.7 1.7
v -3.1 1.7 1.6
v -3.1 1.7 0.0999999
v -3.1 1.7 0
v -3.1 1.7 -0.0999999
v -3.1 2.4 1.8
v -3.1 2.4 1.7
v -3.1 2.4 0
v -3.1 2.4 -0.0999999
v -3 0.6 1.9
v -3 0.6 1.8
v -3 0.6 -2.6
v -3 0.6 -2.7
v -3 0.8 1.9
v -3 0.8 1.8
v -3 0.8 1.4
v -3 0.8 1.3
v -3 0.8 0.4
v -3 0.8 0.3
v -3 0.8 -2.6
v -3 0.8 -2.7
v -3 0.9 1.4
v -3 0.9 1.3
v -3 0.9 1
v -3 0.9 0.7
v -3 0.9 0.4
v -3 0.9 0.3
v -3 1 1
v -3 1 0.7
v -3 1.1 1.2
v -3 1.1 0.5
v -3 1.2 1.4
v -3 1.2 1.3
v -3 1.2 1.2
v -3 1.2 0.5
v -3 1.2 0.4
v -3 1.2 0.3
v -3 1.3 1.6
v -3 1.3 1.4
v -3 1.3 1.3
v -3 1.3 0.4
v -3 1.3 0.3
v -3 1.3 0.0999999
v -3 1.4 1.7
v -3 1.4 1.6
v -3 1.4 1.4
v -3 1.4 0.3
v -3 1.4 0.0999999
v -3 1.4 0
v -3 1.5 1.7
v -3 1.5 1.6
v -3 1.5 0.0999999
v -3 1.5 0
v -3 1.6 1.8
v -3 1.6 1.7
v -3 1.6 0
v -3 1.6 -0.0999999
v -3 1.7 1.8
v -3 1.7 1.7
v -3 1.7 0
v -3 1.7 -0.0999999
v -3 1.8 1.9
v -3 1.8 1.8
v -3 1.8 -0.0999999
v -3 1.8 -0.2
v -3 2.4 1.9
v -3 2.4 1.8
v -3 2.4 -0.0999999
v -3 2.4 -0.2
v -2.9 0.6 2
v -2.9 0.6 1.9
v -2.9 0.6 -2.7
v -2.9 0.6 -2.8
v -2.9 0.8 2
v -2.9 0.8 1.9
v -2.9 0.8 1.5
v -2.9 0.8 1.4
v -2.9 0.8 0.3
v -2.9 0.8 0.2
v -2.9 0.8 -2.7
v -2.9 0.8 -2.8
v -2.9 0.9 1.5
v -2.9 0.9 1.4
v -2.9 0.9 1.2
v -2.9 0.9 1
v -2.9 0.9 0.7
v -2.9 0.9 0.5
v -2.9 0.9 0.3
v -2.9 0.9 0.2
v -2.9 1 1.2
v -2.9 1 1
v -2.9 1 0.7
v -2.9 1 0.5
v -2.9 1.1 1.3
v -2.9 1.1 1.2
v -2.9 1.1 0.5
v -2.9 1.1 0.4
v -2.9 1.2 1.5
v -2.9 1.2 1.4
v -2.9 1.2 1.3
v -2.9 1.2 1.2
v -2.9 1.2 0.5
v -2.9 1.2 0.4
v -2.9 1.2 0.3
v -2.9 1.2 0.2
v -2.9 1.3 1.5
v -2.9 1.3 1.4
v -2.9 1.3 0.3
v -2.9 1.3 0.2
v -2.9 1.5 1.8
v -2.9 1.5 1.7
v -2.9 1.5 0
v -2.9 1.5 -0.0999999
v -2.9 1.6 1.8
v -2.9 1.6 1.7
v -2.9 1.6 0
v -2.9 1.6 -0.0999999
v -2.9 1.7 1.9
v -2.9 1.7 1.8
v -2.9 1.7 -0.0999999
v -2.9 1.7 -0.2
v -2.9 1.8 1.9
v -2.9 1.8 1.8
v -2.9 1.8 -0.0999999
v -2.9 1.8 -0.2
v -2.8 0.6 2.2
v -2.8 0.6 2
v -2.8 0.6 -2.8
v -2.8 0.6 -3
v -2.8 0.8 2.2
v -2.8 0.8 2
v -2.8 0.8 -2.8
v -2.8 0.8 -3
v -2.8 0.9 1.3
v -2.8 0.9 1.2
v -2.8 0.9 0.5
v -2.8 0.9 0.4
v -2.8 1 1.3
v -2.8 1 1.2
v -2.8 1 1.1
v -2.8 1 0.6
v -2.8 1 0.5
v -2.8 1 0.4
v -2.8 1.1 1.4
v -2.8 1.1 1.3
v -2.8 1.1 1.1
v -2.8 1.1 0.6
v -2.8 1.1 0.4
v -2.8 1.1 0.3
v -2.8 1.2 1.6
v -2.8 1.2 1.5
v -2.8 1.2 1.4
v -2.8 1.2 1.3
v -2.8 1.2 0.4
v -2.8 1.2 0.3
v -2.8 1.2 0.2
v -2.8 1.2 0.0999999
v -2.8 1.3 1.7
v -2.8 1.3 1.6
v -2.8 1.3 1.5
v -2.8 1.3 0.2
v -2.8 1.3 0.0999999
v -2.8 1.3 0
v -2.8 1.4 1.7
v -2.8 1.4 1.6
v -2.8 1.4 0.0999999
v -2.8 1.4 0
v -2.8 1.6 1.9
v -2.8 1.6 1.8
v -2.8 1.6 -0.0999999
v -2.8 1.6 -0.2
v -2.8 1.7 1.9
v -2.8 1.7 1.8
v -2.8 1.7 -0.0999999
v -2.8 1.7 -0.2
v -2.8 2 2
v -2.8 2 1.9
v -2.8 2 -0.2
v -2.8 2 -0.3
v -2.8 2.2 -0.2
v -2.8 2.2 -0.3
v -2.8 2.4 2
v -2.8 2.4 1.9
v -2.7 0.6 2.3
v -2.7 0.6 2.2
v -2.7 0.6 -3
v -2.7 0.6 -3.1
v -2.7 0.8 2.3
v -2.7 0.8 2.2
v -2.7 0.8 1.6
v -2.7 0.8 1.5
v -2.7 0.8 0.2
v -2.7 0.8 0.0999999
v -2.7 0.8 -3
v -2.7 0.8 -3.1
v -2.7 0.9 1.6
v -2.7 0.9 1.5
v -2.7 0.9 0.2
v -2.7 0.9 0.0999999
v -2.7 1 1.2
v -2.7 1 1.1
v -2.7 1 0.6
v -2.7 1 0.5
v -2.7 1.1 1.2
v -2.7 1.1 1.1
v -2.7 1.1 0.6
v -2.7 1.1 0.5
v -2.7 1.4 1.8
v -2.7 1.4 1.7
v -2.7 1.4 0
v -2.7 1.4 -0.0999999
v -2.7 1.5 1.8
v -2.7 1.5 1.7
v -2.7 1.5 0
v -2.7 1.5 -0.0999999
v -2.7 1.9 2
v -2.7 1.9 1.9
v -2.7 1.9 -0.2
v -2.7 1.9 -0.3
v -2.7 2 2
v -2.7 2 1.9
v -2.7 2 -0.2
v -2.7 2 -0.3
v -2.7 2.2 -0.2
v -2.7 2.2 -0.3
v -2.7 2.3 -0.2
v -2.7 2.3 -0.3
v -2.6 2.3 -0.2
v -2.6 2.3 -0.3
v -2.6 2.4 -0.2
v -2.6 2.4 -0.3
v -2.5 0.6 2.4
v -2.5 0.6 2.3
v -2.5 0.6 -3.1
v -2.5 0.6 -3.2
v -2.5 0.8 2.4
v -2.5 0.8 2.3
v -2.5 0.8 -3.1
v -2.5 0.8 -3.2
v -2.4 0.6 2.5
v -2.4 0.6 2.4
v -2.4 0.6 -3.2
v -2.4 0.6 -3.3
v -2.4 0.8 2.5
v -2.4 0.8 2.4
v -2.4 0.8 -3.2
v -2.4 0.8 -3.3
v -2.3 0.6 2.6
v -2.3 0.6 2.5
v -2.3 0.6 -3.3
v -2.3 0.6 -3.4
v -2.3 0.8 2.6
v -2.3 0.8 2.5
v -2.3 0.8 -3.3
v -2.3 0.8 -3.4
v -2.3 2.3 1.9
v -2.3 2.3 1.8
v -2.3 2.4 1.9
v -2.3 2.4 1.8
v -2.2 0.6 2.7
v -2.2 0.6 2.6
v -2.2 0.6 -3.4
v -2.2 0.6 -3.5
v -2.2 0.8 2.7
v -2.2 0.8 2.6
v -2.2 0.8 -3.4
v -2.2 0.8 -3.5
v -2.2 1.9 -2.3
v -2.2 1.9 -2.6
v -2.2 2 -2.2
v -2.2 2 -2.3
v -2.2 2 -2.6
v -2.2 2 -2.7
v -2.2 2.4 -2.2
v -2.2 2.4 -2.7
v -2.1 1.6 -2.2
v -2.1 1.6 -2.7
v -2.1 1.7 -2.1
v -2.1 1.7 -2.2
v -2.1 1.7 -2.7
v -2.1 1.7 -2.9
v -2.1 1.8 -2
v -2.1 1.8 -2.1
v -2.1 1.8 -2.9
v -2.1 1.8 -3
v -2.1 1.9 -2.3
v -2.1 1.9 -2.6
v -2.1 2 -2.2
v -2.1 2 -2.3
v -2.1 2 -2.6
v -2.1 2 -2.7
v -2.1 2.3 1.8
v -2.1 2.3 1.7
v -2.1 2.3 0
v -2.1 2.3 -0.0999999
v -2.1 2.4 1.8
v -2.1 2.4 1.7
v -2.1 2.4 0
v -2.1 2.4 -0.0999999
v -2.1 2.4 -2
v -2.1 2.4 -2.2
v -2.1 2.4 -2.7
v -2.1 2.4 -3
v -2 0.6 2.8
v -2 0.6 2.7
v -2 0.6 -3.5
v -2 0.6 -3.6
v -2 0.8 2.8
v -2 0.8 2.7
v -2 0.8 -3.5
v -2 0.8 -3.6
v -2 1.4 -2.3
v -2 1.4 -2.6
v -2 1.5 -2.1
v -2 1.5 -2.3
v -2 1.5 -2.6
v -2 1.5 -2.9
v -2 1.6 -2
v -2 1.6 -2.1
v -2 1.6 -2.2
v -2 1.6 -2.7
v -2 1.6 -2.9
v -2 1.6 -3
v -2 1.7 -1.8
v -2 1.7 -2
v -2 1.7 -2.1
v -2 1.7 -2.2
v -2 1.7 -2.7
v -2 1.7 -2.9
v -2 1.7 -3
v -2 1.7 -3.1
v -2 1.8 -2
v -2 1.8 -2.1
v -2 1.8 -2.9
v -2 1.8 -3
v -2 2.3 1.7
v -2 2.3 1.6
v -2 2.3 0.0999999
v -2 2.3 0
v -2 2.4 1.7
v -2 2.4 1.6
v -2 2.4 0.0999999
v -2 2.4 0
v -2 2.4 -1.8
v -2 2.4 -2
v -2 2.4 -3
v -2 2.4 -3.1
v -1.9 1.3 -2.2
v -1.9 1.3 -2.7
v -1.9 1.4 -2
v -1.9 1.4 -2.2
v -1.9 1.4 -2.3
v -1.9 1.4 -2.6
v -1.9 1.4 -2.7
v -1.9 1.4 -3
v -1.9 1.5 -1.8
v -1.9 1.5 -2
v -1.9 1.5 -2.1
v -1.9 1.5 -2.3
v -1.9 1.5 -2.6
v -1.9 1.5 -2.9
v -1.9 1.5 -3
v -1.9 1.5 -3.1
v -1.9 1.6 -2
v -1.9 1.6 -2.1
v -1.9 1.6 -2.9
v -1.9 1.6 -3
v -1.9 1.7 -1.7
v -1.9 1.7 -1.8
v -1.9 1.7 -2
v -1.9 1.7 -3
v -1.9 1.7 -3.1
v -1.9 1.7 -3.2
v -1.9 2.3 1.6
v -1.9 2.3 1.5
v -1.9 2.3 0.2
v -1.9 2.3 0.0999999
v -1.9 2.4 1.6
v -1.9 2.4 1.5
v -1.9 2.4 0.2
v -1.9 2.4 0.0999999
v -1.9 2.4 -1.7
v -1.9 2.4 -1.8
v -1.9 2.4 -3.1
v -1.9 2.4 -3.2
v -1.8 0.6 2.9
v -1.8 0.6 2.8
v -1.8 0.6 -3.6
v -1.8 0.6 -3.7
v -1.8 0.8 2.9
v -1.8 0.8 2.8
v -1.8 0.8 -2.2
v -1.8 0.8 -2.6
v -1.8 0.8 -3.6
v -1.8 0.8 -3.7
v -1.8 0.9 -2.2
v -1.8 0.9 -2.6
v -1.8 1.2 -2.2
v -1.8 1.2 -2.7
v -1.8 1.3 -2
v -1.8 1.3 -2.2
v -1.8 1.3 -2.7
v -1.8 1.3 -3
v -1.8 1.4 -1.8
v -1.8 1.4 -2
v -1.8 1.4 -2.2
v -1.8 1.4 -2.7
v -1.8 1.4 -3
v -1.8 1.4 -3.1
v -1.8 1.5 -1.7
v -1.8 1.5 -1.8
v -1.8 1.5 -2
v -1.8 1.5 -3
v -1.8 1.5 -3.1
v -1.8 1.5 -3.2
v -1.8 1.7 -1.6
v -1.8 1.7 -1.7
v -1.8 1.7 -1.8
v -1.8 1.7 -3.1
v -1.8 1.7 -3.2
v -1.8 1.7 -3.3
v -1.8 2.3 1.5
v -1.8 2.3 1.4
v -1.8 2.3 0.3
v -1.8 2.3 0.2
v -1.8 2.4 1.5
v -1.8 2.4 1.4
v -1.8 2.4 0.3
v -1.8 2.4 0.2
v -1.8 2.4 -1.6
v -1.8 2.4 -1.7
v -1.8 2.4 -3.2
v -1.8 2.4 -3.3
v -1.7 0.8 -2
v -1.7 0.8 -2.2
v -1.7 0.8 -2.6
v -1.7 0.8 -2.9
v -1.7 0.9 -2
v -1.7 0.9 -2.2
v -1.7 0.9 -2.6
v -1.7 0.9 -2.9
v -1.7 1.2 -2.1
v -1.7 1.2 -2.2
v -1.7 1.2 -2.7
v -1.7 1.2 -2.9
v -1.7 1.3 -2.1
v -1.7 1.3 -2.2
v -1.7 1.3 -2.7
v -1.7 1.3 -2.9
v -1.7 1.6 -1.6
v -1.7 1.6 -1.7
v -1.7 1.6 -3.2
v -1.7 1.6 -3.3
v -1.7 1.7 -1.6
v -1.7 1.7 -1.7
v -1.7 1.7 -3.2
v -1.7 1.7 -3.3
v -1.7 2 -1.5
v -1.7 2 -1.6
v -1.7 2 -3.3
v -1.7 2 -3.4
v -1.7 2.3 1.4
v -1.7 2.3 1.2
v -1.7 2.3 0.5
v -1.7 2.3 0.3
v -1.7 2.4 1.4
v -1.7 2.4 1.2
v -1.7 2.4 0.5
v -1.7 2.4 0.3
v -1.7 2.4 -1.5
v -1.7 2.4 -1.6
v -1.7 2.4 -3.3
v -1.7 2.4 -3.4
v -1.6 0.6 3
v -1.6 0.6 2.9
v -1.6 0.6 -3.7
v -1.6 0.6 -3.8
v -1.6 0.8 3
v -1.6 0.8 2.9
v -1.6 0.8 -1.8
v -1.6 0.8 -2
v -1.6 0.8 -2.9
v -1.6 0.8 -3
v -1.6 0.8 -3.7
v -1.6 0.8 -3.8
v -1.6 0.9 -1.8
v -1.6 0.9 -2
v -1.6 0.9 -2.9
v -1.6 0.9 -3
v -1.6 1.1 -2.2
v -1.6 1.1 -2.7
v -1.6 1.2 -2
v -1.6 1.2 -2.1
v -1.6 1.2 -2.2
v -1.6 1.2 -2.7
v -1.6 1.2 -2.9
v -1.6 1.2 -3
v -1.6 1.3 -1.8
v -1.6 1.3 -2
v -1.6 1.3 -2.1
v -1.6 1.3 -2.9
v -1.6 1.3 -3
v -1.6 1.3 -3.1
v -1.6 1.4 -1.7
v -1.6 1.4 -1.8
v -1.6 1.4 -2
v -1.6 1.4 -3
v -1.6 1.4 -3.1
v -1.6 1.4 -3.2
v -1.6 1.5 -1.6
v -1.6 1.5 -1.7
v -1.6 1.5 -1.8
v -1.6 1.5 -3.1
v -1.6 1.5 -3.2
v -1.6 1.5 -3.3
v -1.6 1.6 -1.6
v -1.6 1.6 -1.7
v -1.6 1.6 -3.2
v -1.6 1.6 -3.3
v -1.6 1.8 -1.5
v -1.6 1.8 -1.6
v -1.6 1.8 -3.3
v -1.6 1.8 -3.4
v -1.6 2 -1.5
v -1.6 2 -1.6
v -1.6 2 -3.3
v -1.6 2 -3.4
v -1.6 2.3 1.2
v -1.6 2.3 0.5
v -1.6 2.4 1.2
v -1.6 2.4 0.5
v -1.5 0.8 -1.7
v -1.5 0.8 -1.8
v -1.5 0.8 -3
v -1.5 0.8 -3.1
v -1.5 0.9 -1.7
v -1.5 0.9 -1.8
v -1.5 0.9 -2.1
v -1.5 0.9 -2.7
v -1.5 0.9 -3
v -1.5 0.9 -3.1
v -1.5 1 -2.1
v -1.5 1 -2.7
v -1.5 1.1 -2.1
v -1.5 1.1 -2.2
v -1.5 1.1 -2.7
v -1.5 1.1 -2.9
v -1.5 1.2 -1.8
v -1.5 1.2 -2
v -1.5 1.2 -2.1
v -1.5 1.2 -2.2
v -1.5 1.2 -2.7
v -1.5 1.2 -2.9
v -1.5 1.2 -3
v -1.5 1.2 -3.1
v -1.5 1.3 -1.7
v -1.5 1.3 -1.8
v -1.5 1.3 -2
v -1.5 1.3 -3
v -1.5 1.3 -3.1
v -1.5 1.3 -3.2
v -1.5 1.4 -1.7
v -1.5 1.4 -1.8
v -1.5 1.4 -3.1
v -1.5 1.4 -3.2
v -1.5 1.6 -1.5
v -1.5 1.6 -1.6
v -1.5 1.6 -3.3
v -1.5 1.6 -3.4
v -1.5 1.8 -1.5
v -1.5 1.8 -1.6
v -1.5 1.8 -3.3
v -1.5 1.8 -3.4
v -1.4 0.6 3.1
v -1.4 0.6 3
v -1.4 0.6 -3.8
v -1.4 0.6 -3.9
v -1.4 0.8 3.1
v -1.4 0.8 3
v -1.4 0.8 -3.8
v -1.4 0.8 -3.9
v -1.4 0.9 -2
v -1.4 0.9 -2.1
v -1.4 0.9 -2.7
v -1.4 0.9 -2.9
v -1.4 1 -2
v -1.4 1 -2.1
v -1.4 1 -2.3
v -1.4 1 -2.6
v -1.4 1 -2.7
v -1.4 1 -2.9
v -1.4 1.1 -2
v -1.4 1.1 -2.1
v -1.4 1.1 -2.3
v -1.4 1.1 -2.6
v -1.4 1.1 -2.9
v -1.4 1.1 -3
v -1.4 1.2 -2
v -1.4 1.2 -2.1
v -1.4 1.2 -2.9
v -1.4 1.2 -3
v -1.4 1.4 -1.6
v -1.4 1.4 -1.7
v -1.4 1.4 -3.2
v -1.4 1.4 -3.3
v -1.4 1.5 -1.6
v -1.4 1.5 -1.7
v -1.4 1.5 -3.2
v -1.4 1.5 -3.3
v -1.4 1.9 -1.4
v -1.4 1.9 -1.5
v -1.4 1.9 -3.4
v -1.4 1.9 -3.5
v -1.4 2.4 -1.4
v -1.4 2.4 -1.5
v -1.4 2.4 -3.4
v -1.4 2.4 -3.5
v -1.3 0.8 -1.6
v -1.3 0.8 -1.7
v -1.3 0.8 -3.1
v -1.3 0.8 -3.2
v -1.3 0.9 -1.6
v -1.3 0.9 -1.7
v -1.3 0.9 -3.1
v -1.3 0.9 -3.2
v -1.3 1 -2.2
v -1.3 1 -2.3
v -1.3 1 -2.6
v -1.3 1 -2.7
v -1.3 1.1 -2.2
v -1.3 1.1 -2.3
v -1.3 1.1 -2.6
v -1.3 1.1 -2.7
v -1.3 1.5 -1.5
v -1.3 1.5 -1.6
v -1.3 1.5 -3.3
v -1.3 1.5 -3.4
v -1.3 1.6 -1.5
v -1.3 1.6 -1.6
v -1.3 1.6 -3.3
v -1.3 1.6 -3.4
v -1.3 1.7 -3.5
v -1.3 1.7 -4
v -1.3 1.8 -1.4
v -1.3 1.8 -1.5
v -1.3 1.8 -3.4
v -1.3 1.8 -3.5
v -1.3 1.8 -3.9
v -1.3 1.8 -4
v -1.3 1.8 -4.1
v -1.3 1.9 -1.4
v -1.3 1.9 -1.5
v -1.3 1.9 -3.4
v -1.3 1.9 -3.5
v -1.3 1.9 -3.9
v -1.3 1.9 -4
v -1.3 1.9 -4.1
v -1.3 1.9 -4.2
v -1.3 2 -4
v -1.3 2 -4.1
v -1.3 2.1 -4.2
v -1.3 2.1 -4.3
v -1.3 2.2 -4.1
v -1.3 2.2 -4.2
v -1.3 2.3 -3.5
v -1.3 2.3 -3.9
v -1.3 2.3 -4.1
v -1.3 2.3 -4.2
v -1.3 2.4 -3.5
v -1.3 2.4 -3.7
v -1.3 2.4 -4
v -1.3 2.4 -4.1
v -1.3 2.4 -4.2
v -1.3 2.4 -4.3
v -1.3 2.5 -3.9
v -1.3 2.5 -4
v -1.3 2.6 -3.7
v -1.3 2.6 -4.2
v -1.2 0.9 -1.8
v -1.2 0.9 -2
v -1.2 0.9 -2.9
v -1.2 0.9 -3
v -1.2 1 -1.8
v -1.2 1 -2
v -1.2 1 -2.9
v -1.2 1 -3
v -1.1 0.6 3.2
v -1.1 0.6 3.1
v -1.1 0.6 -3.9
v -1.1 0.6 -4
v -1.1 0.8 3.2
v -1.1 0.8 3.1
v -1.1 0.8 -3.9
v -1.1 0.8 -4
v -1.1 1.2 -1.7
v -1.1 1.2 -1.8
v -1.1 1.2 -3.1
v -1.1 1.2 -3.2
v -1.1 1.3 -1.7
v -1.1 1.3 -1.8
v -1.1 1.3 -3.1
v -1.1 1.3 -3.2
v -1.1 1.7 -1.4
v -1.1 1.7 -1.5
v -1.1 1.7 -3.4
v -1.1 1.7 -3.5
v -1.1 1.8 -1.4
v -1.1 1.8 -1.5
v -1.1 1.8 -3.4
v -1.1 1.8 -3.5
v -0.7 2.3 -1.5
v -0.7 2.3 -1.6
v -0.7 2.3 -3.3
v -0.7 2.3 -3.4
v -0.7 2.4 -1.5
v -0.7 2.4 -1.6
v -0.7 2.4 -3.3
v -0.7 2.4 -3.4
v -0.6 0.6 3.3
v -0.6 0.6 3.2
v -0.6 0.6 -4
v -0.6 0.6 -4.1
v -0.6 0.8 3.3
v -0.6 0.8 3.2
v -0.6 0.8 -4
v -0.6 0.8 -4.1
v -0.5 2.3 -1.6
v -0.5 2.3 -1.7
v -0.5 2.3 -3.2
v -0.5 2.3 -3.3
v -0.5 2.4 -1.6
v -0.5 2.4 -1.7
v -0.5 2.4 -3.2
v -0.5 2.4 -3.3
v -0.4 1.9 2.6
v -0.4 1.9 2.3
v -0.4 2 2.7
v -0.4 2 2.6
v -0.4 2 2.3
v -0.4 2 2.2
v -0.4 2.2 2.7
v -0.4 2.2 2.6
v -0.4 2.2 2.3
v -0.4 2.2 2.2
v -0.4 2.3 2.6
v -0.4 2.3 2.5
v -0.4 2.3 2.4
v -0.4 2.3 2.3
v -0.4 2.3 -1.7
v -0.4 2.3 -1.8
v -0.4 2.3 -3.1
v -0.4 2.3 -3.2
v -0.4 2.4 2.5
v -0.4 2.4 2.4
v -0.4 2.4 -1.7
v -0.4 2.4 -1.8
v -0.4 2.4 -3.1
v -0.4 2.4 -3.2
v -0.3 1.6 2.7
v -0.3 1.6 2.2
v -0.3 1.7 2.8
v -0.3 1.7 2.7
v -0.3 1.7 2.2
v -0.3 1.7 1.9
v -0.3 1.8 2.9
v -0.3 1.8 2.8
v -0.3 1.8 1.9
v -0.3 1.8 1.8
v -0.3 1.9 2.6
v -0.3 1.9 2.3
v -0.3 2 2.7
v -0.3 2 2.6
v -0.3 2 2.3
v -0.3 2 2.2
v -0.3 2.2 2.7
v -0.3 2.2 2.6
v -0.3 2.2 2.3
v -0.3 2.2 2.2
v -0.3 2.3 2.6
v -0.3 2.3 2.5
v -0.3 2.3 2.4
v -0.3 2.3 2.3
v -0.3 2.3 -1.8
v -0.3 2.3 -2
v -0.3 2.3 -3
v -0.3 2.3 -3.1
v -0.3 2.4 2.9
v -0.3 2.4 2.5
v -0.3 2.4 2.4
v -0.3 2.4 1.8
v -0.3 2.4 -1.8
v -0.3 2.4 -2
v -0.3 2.4 -3
v -0.3 2.4 -3.1
v -0.2 1.4 2.6
v -0.2 1.4 2.3
v -0.2 1.5 2.8
v -0.2 1.5 2.6
v -0.2 1.5 2.3
v -0.2 1.5 1.9
v -0.2 1.6 2.9
v -0.2 1.6 2.8
v -0.2 1.6 2.7
v -0.2 1.6 2.2
v -0.2 1.6 1.9
v -0.2 1.6 1.8
v -0.2 1.7 3
v -0.2 1.7 2.9
v -0.2 1.7 2.8
v -0.2 1.7 2.7
v -0.2 1.7 2.2
v -0.2 1.7 1.9
v -0.2 1.7 1.8
v -0.2 1.7 1.7
v -0.2 1.8 2.9
v -0.2 1.8 2.8
v -0.2 1.8 1.9
v -0.2 1.8 1.8
v -0.2 2.3 -2
v -0.2 2.3 -2.1
v -0.2 2.3 -2.9
v -0.2 2.3 -3
v -0.2 2.4 3
v -0.2 2.4 2.9
v -0.2 2.4 1.8
v -0.2 2.4 1.7
v -0.2 2.4 -2
v -0.2 2.4 -2.1
v -0.2 2.4 -2.9
v -0.2 2.4 -3
v -0.0999999 1.3 2.7
v -0.0999999 1.3 2.2
v -0.0999999 1.4 2.9
v -0.0999999 1.4 2.7
v -0.0999999 1.4 2.6
v -0.0999999 1.4 2.3
v -0.0999999 1.4 2.2
v -0.0999999 1.4 1.8
v -0.0999999 1.5 3
v -0.0999999 1.5 2.9
v -0.0999999 1.5 2.8
v -0.0999999 1.5 2.6
v -0.0999999 1.5 2.3
v -0.0999999 1.5 1.9
v -0.0999999 1.5 1.8
v -0.0999999 1.5 1.7
v -0.0999999 1.6 2.9
v -0.0999999 1.6 2.8
v -0.0999999 1.6 1.9
v -0.0999999 1.6 1.8
v -0.0999999 1.7 3.1
v -0.0999999 1.7 3
v -0.0999999 1.7 2.9
v -0.0999999 1.7 1.8
v -0.0999999 1.7 1.7
v -0.0999999 1.7 1.6
v -0.0999999 2.3 -2.1
v -0.0999999 2.3 -2.9
v -0.0999999 2.4 3.1
v -0.0999999 2.4 3
v -0.0999999 2.4 1.7
v -0.0999999 2.4 1.6
v -0.0999999 2.4 -2.1
v -0.0999999 2.4 -2.9
v 0 0.8 2.6
v 0 0.8 2.2
v 0 0.9 2.6
v 0 0.9 2.2
v 0 1.2 2.7
v 0 1.2 2.2
v 0 1.3 2.9
v 0 1.3 2.7
v 0 1.3 2.2
v 0 1.3 1.8
v 0 1.4 3
v 0 1.4 2.9
v 0 1.4 2.7
v 0 1.4 2.2
v 0 1.4 1.8
v 0 1.4 1.7
v 0 1.5 3.1
v 0 1.5 3
v 0 1.5 2.9
v 0 1.5 1.8
v 0 1.5 1.7
v 0 1.5 1.6
v 0 1.7 3.2
v 0 1.7 3.1
v 0 1.7 3
v 0 1.7 1.7
v 0 1.7 1.6
v 0 1.7 1.5
v 0 2.4 3.2
v 0 2.4 3.1
v 0 2.4 1.6
v 0 2.4 1.5
v 0.0999999 0.8 2.8
v 0.0999999 0.8 2.6
v 0.0999999 0.8 2.2
v 0.0999999 0.8 1.8
v 0.0999999 0.9 2.8
v 0.0999999 0.9 2.6
v 0.0999999 0.9 2.2
v 0.0999999 0.9 1.8
v 0.0999999 1.2 2.8
v 0.0999999 1.2 2.7
v 0.0999999 1.2 2.2
v 0.0999999 1.2 1.9
v 0.0999999 1.3 2.8
v 0.0999999 1.3 2.7
v 0.0999999 1.3 2.2
v 0.0999999 1.3 1.9
v 0.0999999 1.6 3.2
v 0.0999999 1.6 3.1
v 0.0999999 1.6 1.6
v 0.0999999 1.6 1.5
v 0.0999999 1.7 3.2
v 0.0999999 1.7 3.1
v 0.0999999 1.7 1.6
v 0.0999999 1.7 1.5
v 0.0999999 2 3.3
v 0.0999999 2 3.2
v 0.0999999 2 1.5
v 0.0999999 2 1.4
v 0.0999999 2.4 3.3
v 0.0999999 2.4 3.2
v 0.0999999 2.4 1.5
v 0.0999999 2.4 1.4
v 0.2 0.8 2.9
v 0.2 0.8 2.8
v 0.2 0.8 1.8
v 0.2 0.8 1.7
v 0.2 0.9 2.9
v 0.2 0.9 2.8
v 0.2 0.9 1.8
v 0.2 0.9 1.7
v 0.2 1.1 2.7
v 0.2 1.1 2.2
v 0.2 1.2 2.9
v 0.2 1.2 2.8
v 0.2 1.2 2.7
v 0.2 1.2 2.2
v 0.2 1.2 1.9
v 0.2 1.2 1.8
v 0.2 1.3 3
v 0.2 1.3 2.9
v 0.2 1.3 2.8
v 0.2 1.3 1.9
v 0.2 1.3 1.8
v 0.2 1.3 1.7
v 0.2 1.4 3.1
v 0.2 1.4 3
v 0.2 1.4 2.9
v 0.2 1.4 1.8
v 0.2 1.4 1.7
v 0.2 1.4 1.6
v 0.2 1.5 3.2
v 0.2 1.5 3.1
v 0.2 1.5 3
v 0.2 1.5 1.7
v 0.2 1.5 1.6
v 0.2 1.5 1.5
v 0.2 1.6 3.2
v 0.2 1.6 3.1
v 0.2 1.6 1.6
v 0.2 1.6 1.5
v 0.2 1.8 3.3
v 0.2 1.8 3.2
v 0.2 1.8 1.5
v 0.2 1.8 1.4
v 0.2 2 3.3
v 0.2 2 3.2
v 0.2 2 1.5
v 0.2 2 1.4
v 0.3 0.8 3
v 0.3 0.8 2.9
v 0.3 0.8 1.7
v 0.3 0.8 1.6
v 0.3 0.9 3
v 0.3 0.9 2.9
v 0.3 0.9 2.7
v 0.3 0.9 1.9
v 0.3 0.9 1.7
v 0.3 0.9 1.6
v 0.3 1 2.7
v 0.3 1 1.9
v 0.3 1.1 2.8
v 0.3 1.1 2.7
v 0.3 1.1 2.2
v 0.3 1.1 1.9
v 0.3 1.2 3
v 0.3 1.2 2.9
v 0.3 1.2 2.8
v 0.3 1.2 2.7
v 0.3 1.2 2.2
v 0.3 1.2 1.9
v 0.3 1.2 1.8
v 0.3 1.2 1.7
v 0.3 1.3 3.1
v 0.3 1.3 3
v 0.3 1.3 2.9
v 0.3 1.3 1.8
v 0.3 1.3 1.7
v 0.3 1.3 1.6
v 0.3 1.4 3.1
v 0.3 1.4 3
v 0.3 1.4 1.7
v 0.3 1.4 1.6
v 0.3 1.6 3.3
v 0.3 1.6 3.2
v 0.3 1.6 1.5
v 0.3 1.6 1.4
v 0.3 1.8 3.3
v 0.3 1.8 3.2
v 0.3 1.8 1.5
v 0.3 1.8 1.4
v 0.4 0.9 2.8
v 0.4 0.9 2.7
v 0.4 0.9 1.9
v 0.4 0.9 1.8
v 0.4 1 2.8
v 0.4 1 2.7
v 0.4 1 2.6
v 0.4 1 2.3
v 0.4 1 1.9
v 0.4 1 1.8
v 0.4 1.1 2.9
v 0.4 1.1 2.8
v 0.4 1.1 2.6
v 0.4 1.1 2.3
v 0.4 1.1 1.9
v 0.4 1.1 1.8
v 0.4 1.2 2.9
v 0.4 1.2 2.8
v 0.4 1.2 1.9
v 0.4 1.2 1.8
v 0.4 1.4 3.2
v 0.4 1.4 3.1
v 0.4 1.4 1.6
v 0.4 1.4 1.5
v 0.4 1.5 3.2
v 0.4 1.5 3.1
v 0.4 1.5 1.6
v 0.4 1.5 1.5
v 0.4 1.9 3.4
v 0.4 1.9 3.3
v 0.4 1.9 1.4
v 0.4 1.9 1.3
v 0.4 2.4 3.4
v 0.4 2.4 3.3
v 0.4 2.4 1.4
v 0.4 2.4 1.3
v 0.5 0.8 3.1
v 0.5 0.8 3
v 0.5 0.8 1.6
v 0.5 0.8 1.5
v 0.5 0.9 3.1
v 0.5 0.9 3
v 0.5 0.9 1.6
v 0.5 0.9 1.5
v 0.5 1 2.7
v 0.5 1 2.6
v 0.5 1 2.3
v 0.5 1 2.2
v 0.5 1.1 2.7
v 0.5 1.1 2.6
v 0.5 1.1 2.3
v 0.5 1.1 2.2
v 0.5 1.5 3.3
v 0.5 1.5 3.2
v 0.5 1.5 1.5
v 0.5 1.5 1.4
v 0.5 1.6 3.3
v 0.5 1.6 3.2
v 0.5 1.6 1.5
v 0.5 1.6 1.4
v 0.5 1.8 3.4
v 0.5 1.8 3.3
v 0.5 1.8 1.4
v 0.5 1.8 1.3
v 0.5 1.9 3.4
v 0.5 1.9 3.3
v 0.5 1.9 1.4
v 0.5 1.9 1.3
v 0.5 2.1 4.3
v 0.5 2.1 4.1
v 0.5 2.2 4.2
v 0.5 2.2 4.1
v 0.5 2.3 4.2
v 0.5 2.3 4.1
v 0.5 2.3 3.9
v 0.5 2.3 3.4
v 0.5 2.4 4.3
v 0.5 2.4 4.2
v 0.5 2.4 3.8
v 0.5 2.4 3.4
v 0.5 2.5 4.1
v 0.5 2.5 3.9
v 0.5 2.6 4.2
v 0.5 2.6 3.8
v 0.6 0.9 2.9
v 0.6 0.9 2.8
v 0.6 0.9 1.8
v 0.6 0.9 1.7
v 0.6 1 2.9
v 0.6 1 2.8
v 0.6 1 1.8
v 0.6 1 1.7
v 0.6 1.7 4
v 0.6 1.7 3.4
v 0.6 1.8 4.1
v 0.6 1.8 4
v 0.6 1.8 3.9
v 0.6 1.8 3.4
v 0.6 1.9 4.2
v 0.6 1.9 4.1
v 0.6 1.9 4
v 0.6 1.9 3.9
v 0.6 2 4.1
v 0.6 2 4
v 0.6 2.1 4.2
v 0.6 2.1 4.1
v 0.7 1.2 3.1
v 0.7 1.2 3
v 0.7 1.2 1.7
v 0.7 1.2 1.6
v 0.7 1.3 3.1
v 0.7 1.3 3
v 0.7 1.3 1.7
v 0.7 1.3 1.6
v 0.7 1.7 3.4
v 0.7 1.7 3.3
v 0.7 1.7 1.4
v 0.7 1.7 1.3
v 0.7 1.8 3.4
v 0.7 1.8 3.3
v 0.7 1.8 1.4
v 0.7 1.8 1.3
v 0.9 2.4 4.1
v 0.9 2.4 4
v 0.9 2.5 4.1
v 0.9 2.5 4
v 1 2.3 3.3
v 1 2.3 3.2
v 1 2.4 3.3
v 1 2.4 3.2
v 1.1 2.3 1.5
v 1.1 2.3 1.4
v 1.1 2.4 1.5
v 1.1 2.4 1.4
v 1.3 1.7 -1
v 1.3 1.7 -1.1
v 1.3 1.8 -0.8
v 1.3 1.8 -1
v 1.3 1.8 -1.1
v 1.3 1.8 -1.3
v 1.3 1.9 -0.7
v 1.3 1.9 -0.8
v 1.3 1.9 -1.3
v 1.3 1.9 -1.4
v 1.3 2.3 3.2
v 1.3 2.3 3.1
v 1.3 2.3 1.6
v 1.3 2.3 1.5
v 1.3 2.4 3.2
v 1.3 2.4 3.1
v 1.3 2.4 1.6
v 1.3 2.4 1.5
v 1.3 2.4 -0.7
v 1.3 2.4 -1.4
v 1.4 1.5 -0.8
v 1.4 1.5 -1.3
v 1.4 1.6 -0.6
v 1.4 1.6 -0.8
v 1.4 1.6 -1.3
v 1.4 1.6 -1.5
v 1.4 1.7 -1
v 1.4 1.7 -1.1
v 1.4 1.8 -0.5
v 1.4 1.8 -0.6
v 1.4 1.8 -0.8
v 1.4 1.8 -1
v 1.4 1.8 -1.1
v 1.4 1.8 -1.3
v 1.4 1.8 -1.5
v 1.4 1.8 -1.6
v 1.4 1.9 -0.7
v 1.4 1.9 -0.8
v 1.4 1.9 -1.3
v 1.4 1.9 -1.4
v 1.4 2 -0.4
v 1.4 2 -0.5
v 1.4 2 -1.6
v 1.4 2 -1.7
v 1.4 2.3 3.1
v 1.4 2.3 3
v 1.4 2.3 1.7
v 1.4 2.3 1.6
v 1.4 2.4 3.1
v 1.4 2.4 3
v 1.4 2.4 1.7
v 1.4 2.4 1.6
v 1.4 2.4 -0.4
v 1.4 2.4 -0.7
v 1.4 2.4 -1.4
v 1.4 2.4 -1.7
v 1.5 0.8 -0.8
v 1.5 0.8 -1.3
v 1.5 0.9 -0.8
v 1.5 0.9 -1.3
v 1.5 1.4 -0.7
v 1.5 1.4 -1.4
v 1.5 1.5 -0.5
v 1.5 1.5 -0.7
v 1.5 1.5 -0.8
v 1.5 1.5 -1.3
v 1.5 1.5 -1.4
v 1.5 1.5 -1.6
v 1.5 1.6 -0.4
v 1.5 1.6 -0.5
v 1.5 1.6 -0.6
v 1.5 1.6 -0.8
v 1.5 1.6 -1.3
v 1.5 1.6 -1.5
v 1.5 1.6 -1.6
v 1.5 1.6 -1.7
v 1.5 1.7 -0.3
v 1.5 1.7 -0.4
v 1.5 1.7 -1.7
v 1.5 1.7 -1.8
v 1.5 1.8 -0.5
v 1.5 1.8 -0.6
v 1.5 1.8 -1.5
v 1.5 1.8 -1.6
v 1.5 2 -0.4
v 1.5 2 -0.5
v 1.5 2 -1.6
v 1.5 2 -1.7
v 1.5 2.3 3
v 1.5 2.3 2.9
v 1.5 2.3 1.8
v 1.5 2.3 1.7
v 1.5 2.4 3
v 1.5 2.4 2.9
v 1.5 2.4 1.8
v 1.5 2.4 1.7
v 1.5 2.4 -0.3
v 1.5 2.4 -0.4
v 1.5 2.4 -1.7
v 1.5 2.4 -1.8
v 1.6 0.8 -0.6
v 1.6 0.8 -0.8
v 1.6 0.8 -1.3
v 1.6 0.8 -1.5
v 1.6 0.9 -0.6
v 1.6 0.9 -0.8
v 1.6 0.9 -1.3
v 1.6 0.9 -1.5
v 1.6 1.2 -1
v 1.6 1.2 -1.1
v 1.6 1.3 -0.6
v 1.6 1.3 -1
v 1.6 1.3 -1.1
v 1.6 1.3 -1.5
v 1.6 1.4 -0.5
v 1.6 1.4 -0.6
v 1.6 1.4 -0.7
v 1.6 1.4 -1.4
v 1.6 1.4 -1.5
v 1.6 1.4 -1.6
v 1.6 1.5 -0.3
v 1.6 1.5 -0.5
v 1.6 1.5 -0.7
v 1.6 1.5 -1.4
v 1.6 1.5 -1.6
v 1.6 1.5 -1.8
v 1.6 1.6 -0.4
v 1.6 1.6 -0.5
v 1.6 1.6 -1.6
v 1.6 1.6 -1.7
v 1.6 1.7 -0.2
v 1.6 1.7 -0.3
v 1.6 1.7 -0.4
v 1.6 1.7 -1.7
v 1.6 1.7 -1.8
v 1.6 1.7 -1.9
v 1.6 2.3 2.9
v 1.6 2.3 2.8
v 1.6 2.3 1.9
v 1.6 2.3 1.8
v 1.6 2.4 2.9
v 1.6 2.4 2.8
v 1.6 2.4 1.9
v 1.6 2.4 1.8
v 1.6 2.4 -0.2
v 1.6 2.4 -0.3
v 1.6 2.4 -1.8
v 1.6 2.4 -1.9
v 1.7 0.8 -0.5
v 1.7 0.8 -0.6
v 1.7 0.8 -1.5
v 1.7 0.8 -1.6
v 1.7 0.9 -0.5
v 1.7 0.9 -0.6
v 1.7 0.9 -0.9
v 1.7 0.9 -1.2
v 1.7 0.9 -1.5
v 1.7 0.9 -1.6
v 1.7 1 -0.9
v 1.7 1 -1.2
v 1.7 1.2 -0.6
v 1.7 1.2 -1
v 1.7 1.2 -1.1
v 1.7 1.2 -1.5
v 1.7 1.3 -0.5
v 1.7 1.3 -0.6
v 1.7 1.3 -1
v 1.7 1.3 -1.1
v 1.7 1.3 -1.5
v 1.7 1.3 -1.6
v 1.7 1.4 -0.3
v 1.7 1.4 -0.5
v 1.7 1.4 -0.6
v 1.7 1.4 -1.5
v 1.7 1.4 -1.6
v 1.7 1.4 -1.8
v 1.7 1.5 -0.2
v 1.7 1.5 -0.3
v 1.7 1.5 -0.5
v 1.7 1.5 -1.6
v 1.7 1.5 -1.8
v 1.7 1.5 -1.9
v 1.7 1.7 -0.0999999
v 1.7 1.7 -0.2
v 1.7 1.7 -0.3
v 1.7 1.7 -1.8
v 1.7 1.7 -1.9
v 1.7 1.7 -2
v 1.7 2.3 2.8
v 1.7 2.3 2.7
v 1.7 2.3 2.2
v 1.7 2.3 1.9
v 1.7 2.4 2.8
v 1.7 2.4 2.7
v 1.7 2.4 2.2
v 1.7 2.4 1.9
v 1.7 2.4 -0.0999999
v 1.7 2.4 -0.2
v 1.7 2.4 -1.9
v 1.7 2.4 -2
v 1.8 2.3 2.7
v 1.8 2.3 2.2
v 1.8 2.4 2.7
v 1.8 2.4 2.2
v 1.9 0.8 -0.4
v 1.9 0.8 -0.5
v 1.9 0.8 -1.6
v 1.9 0.8 -1.7
v 1.9 0.9 -0.4
v 1.9 0.9 -0.5
v 1.9 0.9 -0.7
v 1.9 0.9 -0.9
v 1.9 0.9 -1.2
v 1.9 0.9 -1.4
v 1.9 0.9 -1.6
v 1.9 0.9 -1.7
v 1.9 1 -0.7
v 1.9 1 -0.9
v 1.9 1 -1.2
v 1.9 1 -1.4
v 1.9 1.1 -0.7
v 1.9 1.1 -1.4
v 1.9 1.2 -0.5
v 1.9 1.2 -0.6
v 1.9 1.2 -0.7
v 1.9 1.2 -1.4
v 1.9 1.2 -1.5
v 1.9 1.2 -1.6
v 1.9 1.3 -0.3
v 1.9 1.3 -0.5
v 1.9 1.3 -0.6
v 1.9 1.3 -1.5
v 1.9 1.3 -1.6
v 1.9 1.3 -1.8
v 1.9 1.4 -0.2
v 1.9 1.4 -0.3
v 1.9 1.4 -0.5
v 1.9 1.4 -1.6
v 1.9 1.4 -1.8
v 1.9 1.4 -1.9
v 1.9 1.5 -0.2
v 1.9 1.5 -0.3
v 1.9 1.5 -1.8
v 1.9 1.5 -1.9
v 1.9 1.6 -0.0999999
v 1.9 1.6 -0.2
v 1.9 1.6 -1.9
v 1.9 1.6 -2
v 1.9 1.7 -0.0999999
v 1.9 1.7 -0.2
v 1.9 1.7 -1.9
v 1.9 1.7 -2
v 1.9 1.8 0
v 1.9 1.8 -0.0999999
v 1.9 1.8 -2
v 1.9 1.8 -2.1
v 1.9 2.4 0
v 1.9 2.4 -0.0999999
v 1.9 2.4 -2
v 1.9 2.4 -2.1
v 2 0.9 -0.6
v 2 0.9 -0.7
v 2 0.9 -1.4
v 2 0.9 -1.5
v 2 1 -0.6
v 2 1 -0.7
v 2 1 -1.4
v 2 1 -1.5
v 2 1.1 -0.6
v 2 1.1 -0.7
v 2 1.1 -1.4
v 2 1.1 -1.5
v 2 1.2 -0.4
v 2 1.2 -0.5
v 2 1.2 -0.6
v 2 1.2 -0.7
v 2 1.2 -1.4
v 2 1.2 -1.5
v 2 1.2 -1.6
v 2 1.2 -1.7
v 2 1.3 -0.4
v 2 1.3 -0.5
v 2 1.3 -1.6
v 2 1.3 -1.7
v 2 1.5 -0.0999999
v 2 1.5 -0.2
v 2 1.5 -1.9
v 2 1.5 -2
v 2 1.6 -0.0999999
v 2 1.6 -0.2
v 2 1.6 -1.9
v 2 1.6 -2
v 2 1.7 0
v 2 1.7 -0.0999999
v 2 1.7 -2
v 2 1.7 -2.1
v 2 1.8 0
v 2 1.8 -0.0999999
v 2 1.8 -2
v 2 1.8 -2.1
v 2.2 0.8 -0.3
v 2.2 0.8 -0.4
v 2.2 0.8 -1.7
v 2.2 0.8 -1.8
v 2.2 0.9 -0.3
v 2.2 0.9 -0.4
v 2.2 0.9 -1.7
v 2.2 0.9 -1.8
v 2.2 1 -0.8
v 2.2 1 -1.3
v 2.2 1.1 -0.5
v 2.2 1.1 -0.6
v 2.2 1.1 -0.8
v 2.2 1.1 -1.3
v 2.2 1.1 -1.5
v 2.2 1.1 -1.6
v 2.2 1.2 -0.3
v 2.2 1.2 -0.4
v 2.2 1.2 -0.5
v 2.2 1.2 -0.6
v 2.2 1.2 -1.5
v 2.2 1.2 -1.6
v 2.2 1.2 -1.7
v 2.2 1.2 -1.8
v 2.2 1.3 -0.2
v 2.2 1.3 -0.3
v 2.2 1.3 -0.4
v 2.2 1.3 -1.7
v 2.2 1.3 -1.8
v 2.2 1.3 -1.9
v 2.2 1.4 -0.2
v 2.2 1.4 -0.3
v 2.2 1.4 -1.8
v 2.2 1.4 -1.9
v 2.2 1.6 0
v 2.2 1.6 -0.0999999
v 2.2 1.6 -2
v 2.2 1.6 -2.1
v 2.2 1.7 0
v 2.2 1.7 -0.0999999
v 2.2 1.7 -2
v 2.2 1.7 -2.1
v 2.2 2 0.0999999
v 2.2 2 0
v 2.2 2 -2.1
v 2.2 2 -2.2
v 2.2 2.2 0.0999999
v 2.2 2.2 0
v 2.2 2.4 -2.1
v 2.2 2.4 -2.2
v 2.3 1 -0.7
v 2.3 1 -0.8
v 2.3 1 -1.3
v 2.3 1 -1.4
v 2.3 1.1 -0.7
v 2.3 1.1 -0.8
v 2.3 1.1 -1.3
v 2.3 1.1 -1.4
v 2.3 1.4 -0.0999999
v 2.3 1.4 -0.2
v 2.3 1.4 -1.9
v 2.3 1.4 -2
v 2.3 1.5 -0.0999999
v 2.3 1.5 -0.2
v 2.3 1.5 -1.9
v 2.3 1.5 -2
v 2.3 1.9 0.0999999
v 2.3 1.9 0
v 2.3 1.9 -2.1
v 2.3 1.9 -2.2
v 2.3 2 0.0999999
v 2.3 2 0
v 2.3 2 -2.1
v 2.3 2 -2.2
v 2.3 2.2 0.0999999
v 2.3 2.2 0
v 2.3 2.3 0.0999999
v 2.3 2.3 0
v 2.4 2.3 0.0999999
v 2.4 2.3 0
v 2.4 2.4 0.0999999
v 2.4 2.4 0
v 2.7 2.3 -2
v 2.7 2.3 -2.1
v 2.7 2.4 -2
v 2.7 2.4 -2.1
v 2.9 2.3 -0.0999999
v 2.9 2.3 -0.2
v 2.9 2.3 -1.9
v 2.9 2.3 -2
v 2.9 2.4 -0.0999999
v 2.9 2.4 -0.2
v 2.9 2.4 -1.9
v 2.9 2.4 -2
v 3 2.3 -0.2
v 3 2.3 -0.3
v 3 2.3 -1.8
v 3 2.3 -1.9
v 3 2.4 -0.2
v 3 2.4 -0.3
v 3 2.4 -1.8
v 3 2.4 -1.9
v 3.1 2.3 -0.3
v 3.1 2.3 -0.4
v 3.1 2.3 -1.7
v 3.1 2.3 -1.8
v 3.1 2.4 -0.3
v 3.1 2.4 -0.4
v 3.1 2.4 -1.7
v 3.1 2.4 -1.8
v 3.2 2.3 -0.4
v 3.2 2.3 -0.5
v 3.2 2.3 -1.6
v 3.2 2.3 -1.7
v 3.2 2.4 -0.4
v 3.2 2.4 -0.5
v 3.2 2.4 -1.6
v 3.2 2.4 -1.7
v 3.3 2.3 -0.5
v 3.3 2.3 -0.7
v 3.3 2.3 -1.3
v 3.3 2.3 -1.6
v 3.3 2.4 -0.5
v 3.3 2.4 -0.7
v 3.3 2.4 -1.3
v 3.3 2.4 -1.6
v 3.4 2.3 -0.7
v 3.4 2.3 -1.3
v 3.4 2.4 -0.7
v 3.4 2.4 -1.3
v 3.5 1.7 -0.9
v 3.5 1.7 -1
v 3.5 1.7 -1.1
v 3.5 1.7 -1.3
v 3.5 1.8 -0.9
v 3.5 1.8 -1
v 3.5 1.8 -1.1
v 3.5 1.8 -1.3
v 3.8 2.4 -0.8
v 3.8 2.4 -1.3
v 3.8 2.6 -0.8
v 3.8 2.6 -1.3
v 4 1.8 -0.9
v 4 1.8 -1.3
v 4 1.9 -0.9
v 4 1.9 -1.3
v 4.1 1.9 -0.9
v 4.1 1.9 -1.3
v 4.1 2 -0.9
v 4.1 2 -1.3
v 4.1 2.4 -1.2
v 4.1 2.4 -1.3
v 4.1 2.5 -1.2
v 4.1 2.5 -1.3
v 4.2 2 -0.9
v 4.2 2 -1.3
v 4.2 2.1 -0.8
v 4.2 2.1 -0.9
v 4.2 2.2 -0.8
v 4.2 2.2 -1.3
v 4.2 2.3 -0.8
v 4.2 2.3 -1.3
v 4.2 2.4 -1.2
v 4.2 2.4 -1.3
v 4.2 2.5 -0.8
v 4.2 2.5 -1.2
v 4.3 2.2 -0.8
v 4.3 2.2 -1.3
v 4.3 2.3 -0.8
v 4.3 2.3 -1.3
v -4.2 2.2 1.1
v -4.2 2.2 0.6
v -4.2 2.3 1.1
v -4.2 2.3 0.6
v -4.1 2 1.1
v -4.1 2 0.7
v -4.1 2.1 0.7
v -4.1 2.1 0.6
v -4.1 2.2 1.1
v -4.1 2.2 0.6
v -4.1 2.3 1.1
v -4.1 2.3 0.6
v -4.1 2.4 1.1
v -4.1 2.4 1
v -4.1 2.5 1
v -4.1 2.5 0.6
v -4 1.9 1.1
v -4 1.9 0.7
v -4 2 1.1
v -4 2 0.7
v -4 2.4 1.1
v -4 2.4 1
v -4 2.5 1.1
v -4 2.5 1
v -3.9 1.8 1.1
v -3.9 1.8 0.7
v -3.9 1.9 1.1
v -3.9 1.9 0.7
v -3.8 2.4 1.1
v -3.8 2.4 0.6
v -3.8 2.6 1.1
v -3.8 2.6 0.6
v -3.5 1.7 1.1
v -3.5 1.7 0.9
v -3.5 1.7 0.8
v -3.5 1.7 0.7
v -3.5 1.8 1.1
v -3.5 1.8 0.9
v -3.5 1.8 0.8
v -3.5 1.8 0.7
v -3.4 2.3 1.1
v -3.4 2.3 0.5
v -3.4 2.4 1.1
v -3.4 2.4 0.5
v -3.3 2.3 1.4
v -3.3 2.3 1.1
v -3.3 2.3 0.5
v -3.3 2.3 0.3
v -3.3 2.4 1.4
v -3.3 2.4 1.1
v -3.3 2.4 0.5
v -3.3 2.4 0.3
v -3.2 2.3 1.5
v -3.2 2.3 1.4
v -3.2 2.3 0.3
v -3.2 2.3 0.2
v -3.2 2.4 1.5
v -3.2 2.4 1.4
v -3.2 2.4 0.3
v -3.2 2.4 0.2
v -3.1 2.3 1.6
v -3.1 2.3 1.5
v -3.1 2.3 0.2
v -3.1 2.3 0.0999999
v -3.1 2.4 1.6
v -3.1 2.4 1.5
v -3.1 2.4 0.2
v -3.1 2.4 0.0999999
v -3 2.3 1.7
v -3 2.3 1.6
v -3 2.3 0.0999999
v -3 2.3 0
v -3 2.4 1.7
v -3 2.4 1.6
v -3 2.4 0.0999999
v -3 2.4 0
v -2.9 2.3 1.8
v -2.9 2.3 1.7
v -2.9 2.3 0
v -2.9 2.3 -0.0999999
v -2.9 2.4 1.8
v -2.9 2.4 1.7
v -2.9 2.4 0
v -2.9 2.4 -0.0999999
v -2.8 2.3 1.9
v -2.8 2.3 1.8
v -2.8 2.4 1.9
v -2.8 2.4 1.8
v -2.5 2.3 -0.2
v -2.5 2.3 -0.3
v -2.5 2.4 -0.2
v -2.5 2.4 -0.3
v -2.4 1 1.2
v -2.4 1 1.1
v -2.4 1 0.6
v -2.4 1 0.5
v -2.4 1.1 1.2
v -2.4 1.1 1.1
v -2.4 1.1 0.6
v -2.4 1.1 0.5
v -2.4 1.4 1.8
v -2.4 1.4 1.7
v -2.4 1.4 0
v -2.4 1.4 -0.0999999
v -2.4 1.5 1.8
v -2.4 1.5 1.7
v -2.4 1.5 0
v -2.4 1.5 -0.0999999
v -2.4 1.9 2
v -2.4 1.9 1.9
v -2.4 1.9 -0.2
v -2.4 1.9 -0.3
v -2.4 2 2
v -2.4 2 1.9
v -2.4 2 -0.2
v -2.4 2 -0.3
v -2.4 2.2 -0.2
v -2.4 2.2 -0.3
v -2.4 2.3 -0.2
v -2.4 2.3 -0.3
v -2.3 0.8 1.6
v -2.3 0.8 1.5
v -2.3 0.8 0.2
v -2.3 0.8 0.0999999
v -2.3 0.9 1.6
v -2.3 0.9 1.5
v -2.3 0.9 0.2
v -2.3 0.9 0.0999999
v -2.3 1 1.1
v -2.3 1 0.6
v -2.3 1.1 1.4
v -2.3 1.1 1.3
v -2.3 1.1 1.1
v -2.3 1.1 0.6
v -2.3 1.1 0.4
v -2.3 1.1 0.3
v -2.3 1.2 1.6
v -2.3 1.2 1.5
v -2.3 1.2 1.4
v -2.3 1.2 1.3
v -2.3 1.2 0.4
v -2.3 1.2 0.3
v -2.3 1.2 0.2
v -2.3 1.2 0.0999999
v -2.3 1.3 1.7
v -2.3 1.3 1.6
v -2.3 1.3 1.5
v -2.3 1.3 0.2
v -2.3 1.3 0.0999999
v -2.3 1.3 0
v -2.3 1.4 1.7
v -2.3 1.4 1.6
v -2.3 1.4 0.0999999
v -2.3 1.4 0
v -2.3 1.6 1.9
v -2.3 1.6 1.8
v -2.3 1.6 -0.0999999
v -2.3 1.6 -0.2
v -2.3 1.7 1.9
v -2.3 1.7 1.8
v -2.3 1.7 -0.0999999
v -2.3 1.7 -0.2
v -2.3 2 2
v -2.3 2 1.9
v -2.3 2 -0.2
v -2.3 2 -0.3
v -2.3 2.2 -0.2
v -2.3 2.2 -0.3
v -2.3 2.4 2
v -2.3 2.4 1.9
v -2.1 0.9 1.3
v -2.1 0.9 1.2
v -2.1 0.9 0.5
v -2.1 0.9 0.4
v -2.1 1 1.3
v -2.1 1 1.2
v -2.1 1 0.5
v -2.1 1 0.4
v -2.1 1.1 1.3
v -2.1 1.1 1.2
v -2.1 1.1 0.5
v -2.1 1.1 0.4
v -2.1 1.2 1.5
v -2.1 1.2 1.4
v -2.1 1.2 1.3
v -2.1 1.2 1.2
v -2.1 1.2 0.5
v -2.1 1.2 0.4
v -2.1 1.2 0.3
v -2.1 1.2 0.2
v -2.1 1.3 1.5
v -2.1 1.3 1.4
v -2.1 1.3 0.3
v -2.1 1.3 0.2
v -2.1 1.5 1.8
v -2.1 1.5 1.7
v -2.1 1.5 0
v -2.1 1.5 -0.0999999
v -2.1 1.6 1.8
v -2.1 1.6 1.7
v -2.1 1.6 0
v -2.1 1.6 -0.0999999
v -2.1 1.7 1.9
v -2.1 1.7 1.8
v -2.1 1.7 -0.0999999
v -2.1 1.7 -0.2
v -2.1 1.8 1.9
v -2.1 1.8 1.8
v -2.1 1.8 -0.0999999
v -2.1 1.8 -0.2
v -2.1 2.3 -2.2
v -2.1 2.3 -2.7
v -2.1 2.4 -2.2
v -2.1 2.4 -2.7
v -2 0.8 1.5
v -2 0.8 1.4
v -2 0.8 0.3
v -2 0.8 0.2
v -2 0.9 1.5
v -2 0.9 1.4
v -2 0.9 1.2
v -2 0.9 1
v -2 0.9 0.7
v -2 0.9 0.5
v -2 0.9 0.3
v -2 0.9 0.2
v -2 1 1.2
v -2 1 1
v -2 1 0.7
v -2 1 0.5
v -2 1.1 1.2
v -2 1.1 0.5
v -2 1.2 1.4
v -2 1.2 1.3
v -2 1.2 1.2
v -2 1.2 0.5
v -2 1.2 0.4
v -2 1.2 0.3
v -2 1.3 1.6
v -2 1.3 1.4
v -2 1.3 1.3
v -2 1.3 0.4
v -2 1.3 0.3
v -2 1.3 0.0999999
v -2 1.4 1.7
v -2 1.4 1.6
v -2 1.4 1.4
v -2 1.4 0.3
v -2 1.4 0.0999999
v -2 1.4 0
v -2 1.5 1.7
v -2 1.5 1.6
v -2 1.5 0.0999999
v -2 1.5 0
v -2 1.6 1.8
v -2 1.6 1.7
v -2 1.6 0
v -2 1.6 -0.0999999
v -2 1.7 1.8
v -2 1.7 1.7
v -2 1.7 0
v -2 1.7 -0.0999999
v -2 1.8 1.9
v -2 1.8 1.8
v -2 1.8 -0.0999999
v -2 1.8 -0.2
v -2 2.3 -2.1
v -2 2.3 -2.2
v -2 2.3 -2.7
v -2 2.3 -2.9
v -2 2.4 1.9
v -2 2.4 1.8
v -2 2.4 -0.0999999
v -2 2.4 -0.2
v -2 2.4 -2.1
v -2 2.4 -2.2
v -2 2.4 -2.7
v -2 2.4 -2.9
v -1.9 0.8 1.4
v -1.9 0.8 1.3
v -1.9 0.8 0.4
v -1.9 0.8 0.3
v -1.9 0.9 1.4
v -1.9 0.9 1.3
v -1.9 0.9 1
v -1.9 0.9 0.7
v -1.9 0.9 0.4
v -1.9 0.9 0.3
v -1.9 1 1
v -1.9 1 0.7
v -1.9 1.2 1.3
v -1.9 1.2 0.9
v -1.9 1.2 0.8
v -1.9 1.2 0.4
v -1.9 1.3 1.4
v -1.9 1.3 1.3
v -1.9 1.3 0.9
v -1.9 1.3 0.8
v -1.9 1.3 0.4
v -1.9 1.3 0.3
v -1.9 1.4 1.6
v -1.9 1.4 1.4
v -1.9 1.4 1.3
v -1.9 1.4 0.4
v -1.9 1.4 0.3
v -1.9 1.4 0.0999999
v -1.9 1.5 1.7
v -1.9 1.5 1.6
v -1.9 1.5 1.4
v -1.9 1.5 0.3
v -1.9 1.5 0.0999999
v -1.9 1.5 0
v -1.9 1.7 1.8
v -1.9 1.7 1.7
v -1.9 1.7 1.6
v -1.9 1.7 0.0999999
v -1.9 1.7 0
v -1.9 1.7 -0.0999999
v -1.9 2.3 -2
v -1.9 2.3 -2.1
v -1.9 2.3 -2.9
v -1.9 2.3 -3
v -1.9 2.4 1.8
v -1.9 2.4 1.7
v -1.9 2.4 0
v -1.9 2.4 -0.0999999
v -1.9 2.4 -2
v -1.9 2.4 -2.1
v -1.9 2.4 -2.9
v -1.9 2.4 -3
v -1.8 0.8 1.3
v -1.8 0.8 1.1
v -1.8 0.8 0.6
v -1.8 0.8 0.4
v -1.8 0.9 1.3
v -1.8 0.9 1.1
v -1.8 0.9 0.6
v -1.8 0.9 0.4
v -1.8 1.2 0.9
v -1.8 1.2 0.8
v -1.8 1.3 1.3
v -1.8 1.3 0.9
v -1.8 1.3 0.8
v -1.8 1.3 0.4
v -1.8 1.4 1.4
v -1.8 1.4 1.3
v -1.8 1.4 1.2
v -1.8 1.4 0.5
v -1.8 1.4 0.4
v -1.8 1.4 0.3
v -1.8 1.5 1.6
v -1.8 1.5 1.4
v -1.8 1.5 1.2
v -1.8 1.5 0.5
v -1.8 1.5 0.3
v -1.8 1.5 0.0999999
v -1.8 1.6 1.5
v -1.8 1.6 1.4
v -1.8 1.6 0.3
v -1.8 1.6 0.2
v -1.8 1.7 1.7
v -1.8 1.7 1.6
v -1.8 1.7 1.5
v -1.8 1.7 0.2
v -1.8 1.7 0.0999999
v -1.8 1.7 0
v -1.8 2.3 -1.8
v -1.8 2.3 -2
v -1.8 2.3 -3
v -1.8 2.3 -3.1
v -1.8 2.4 1.7
v -1.8 2.4 1.6
v -1.8 2.4 0.0999999
v -1.8 2.4 0
v -1.8 2.4 -1.8
v -1.8 2.4 -2
v -1.8 2.4 -3
v -1.8 2.4 -3.1
v -1.7 0.8 1.1
v -1.7 0.8 0.6
v -1.7 0.9 1.1
v -1.7 0.9 0.6
v -1.7 1.4 1.2
v -1.7 1.4 0.5
v -1.7 1.5 1.4
v -1.7 1.5 1.2
v -1.7 1.5 1.1
v -1.7 1.5 0.6
v -1.7 1.5 0.5
v -1.7 1.5 0.3
v -1.7 1.6 1.5
v -1.7 1.6 1.4
v -1.7 1.6 1.3
v -1.7 1.6 1.1
v -1.7 1.6 0.6
v -1.7 1.6 0.4
v -1.7 1.6 0.3
v -1.7 1.6 0.2
v -1.7 1.7 1.6
v -1.7 1.7 1.5
v -1.7 1.7 0.2
v -1.7 1.7 0.0999999
v -1.7 1.8 1.4
v -1.7 1.8 1.3
v -1.7 1.8 0.4
v -1.7 1.8 0.3
v -1.7 2 1.5
v -1.7 2 1.4
v -1.7 2 0.3
v -1.7 2 0.2
v -1.7 2.3 -1.7
v -1.7 2.3 -1.8
v -1.7 2.3 -3.1
v -1.7 2.3 -3.2
v -1.7 2.4 1.6
v -1.7 2.4 1.5
v -1.7 2.4 0.2
v -1.7 2.4 0.0999999
v -1.7 2.4 -1.7
v -1.7 2.4 -1.8
v -1.7 2.4 -3.1
v -1.7 2.4 -3.2
v -1.6 1.5 1.1
v -1.6 1.5 0.6
v -1.6 1.6 1.3
v -1.6 1.6 1.1
v -1.6 1.6 0.6
v -1.6 1.6 0.4
v -1.6 1.7 0.9
v -1.6 1.7 0.8
v -1.6 1.8 1.4
v -1.6 1.8 1.3
v -1.6 1.8 1.1
v -1.6 1.8 0.9
v -1.6 1.8 0.8
v -1.6 1.8 0.6
v -1.6 1.8 0.4
v -1.6 1.8 0.3
v -1.6 1.9 1.2
v -1.6 1.9 1.1
v -1.6 1.9 0.6
v -1.6 1.9 0.5
v -1.6 2 1.5
v -1.6 2 1.4
v -1.6 2 0.3
v -1.6 2 0.2
v -1.6 2.3 -1.6
v -1.6 2.3 -1.7
v -1.6 2.3 -3.2
v -1.6 2.3 -3.3
v -1.6 2.4 1.5
v -1.6 2.4 1.2
v -1.6 2.4 0.5
v -1.6 2.4 0.2
v -1.6 2.4 -1.6
v -1.6 2.4 -1.7
v -1.6 2.4 -3.2
v -1.6 2.4 -3.3
v -1.5 1.7 0.9
v -1.5 1.7 0.8
v -1.5 1.8 1.1
v -1.5 1.8 0.9
v -1.5 1.8 0.8
v -1.5 1.8 0.6
v -1.5 1.9 1.2
v -1.5 1.9 1.1
v -1.5 1.9 0.6
v -1.5 1.9 0.5
v -1.5 2.4 1.2
v -1.5 2.4 0.5
v -1.4 2.3 -1.5
v -1.4 2.3 -1.6
v -1.4 2.4 -1.5
v -1.4 2.4 -1.6
v -1.3 2.3 -3.3
v -1.3 2.3 -3.4
v -1.3 2.4 -3.3
v -1.3 2.4 -3.4
v -1.2 2.4 -4
v -1.2 2.4 -4.1
v -1.2 2.5 -4
v -1.2 2.5 -4.1
v -1 1.2 -1.7
v -1 1.2 -1.8
v -1 1.2 -3.1
v -1 1.2 -3.2
v -1 1.3 -1.7
v -1 1.3 -1.8
v -1 1.3 -3.1
v -1 1.3 -3.2
v -1 1.7 -1.4
v -1 1.7 -1.5
v -1 1.7 -3.4
v -1 1.7 -3.5
v -1 1.8 -1.4
v -1 1.8 -1.5
v -1 1.8 -3.4
v -1 1.8 -3.5
v -0.9 0.9 -1.8
v -0.9 0.9 -2
v -0.9 0.9 -2.9
v -0.9 0.9 -3
v -0.9 1 -1.8
v -0.9 1 -2
v -0.9 1 -2.9
v -0.9 1 -3
v -0.9 1.7 -3.5
v -0.9 1.7 -4
v -0.9 1.8 -3.5
v -0.9 1.8 -3.9
v -0.9 1.8 -4
v -0.9 1.8 -4.1
v -0.9 1.9 -3.9
v -0.9 1.9 -4
v -0.9 1.9 -4.1
v -0.9 1.9 -4.2
v -0.9 2 -4
v -0.9 2 -4.1
v -0.9 2.1 -4.1
v -0.9 2.1 -4.2
v -0.8 0.8 -1.6
v -0.8 0.8 -1.7
v -0.8 0.8 -3.1
v -0.8 0.8 -3.2
v -0.8 0.9 -1.6
v -0.8 0.9 -1.7
v -0.8 0.9 -3.1
v -0.8 0.9 -3.2
v -0.8 1 -2.2
v -0.8 1 -2.3
v -0.8 1 -2.6
v -0.8 1 -2.7
v -0.8 1.1 -2.2
v -0.8 1.1 -2.3
v -0.8 1.1 -2.6
v -0.8 1.1 -2.7
v -0.8 1.5 -1.5
v -0.8 1.5 -1.6
v -0.8 1.5 -3.3
v -0.8 1.5 -3.4
v -0.8 1.6 -1.5
v -0.8 1.6 -1.6
v -0.8 1.6 -3.3
v -0.8 1.6 -3.4
v -0.8 1.8 -1.4
v -0.8 1.8 -1.5
v -0.8 1.8 -3.4
v -0.8 1.8 -3.5
v -0.8 1.9 -1.4
v -0.8 1.9 -1.5
v -0.8 1.9 -3.4
v -0.8 1.9 -3.5
v -0.8 2.1 -4.1
v -0.8 2.1 -4.3
v -0.8 2.2 -4.1
v -0.8 2.2 -4.2
v -0.8 2.3 -3.5
v -0.8 2.3 -3.9
v -0.8 2.3 -4.1
v -0.8 2.3 -4.2
v -0.8 2.4 -3.5
v -0.8 2.4 -3.7
v -0.8 2.4 -4.2
v -0.8 2.4 -4.3
v -0.8 2.5 -3.9
v -0.8 2.5 -4.1
v -0.8 2.6 -3.7
v -0.8 2.6 -4.2
v -0.7 0.9 -2
v -0.7 0.9 -2.1
v -0.7 0.9 -2.7
v -0.7 0.9 -2.9
v -0.7 1 -2
v -0.7 1 -2.1
v -0.7 1 -2.3
v -0.7 1 -2.6
v -0.7 1 -2.7
v -0.7 1 -2.9
v -0.7 1.1 -2
v -0.7 1.1 -2.1
v -0.7 1.1 -2.3
v -0.7 1.1 -2.6
v -0.7 1.1 -2.9
v -0.7 1.1 -3
v -0.7 1.2 -2
v -0.7 1.2 -2.1
v -0.7 1.2 -2.9
v -0.7 1.2 -3
v -0.7 1.4 -1.6
v -0.7 1.4 -1.7
v -0.7 1.4 -3.2
v -0.7 1.4 -3.3
v -0.7 1.5 -1.6
v -0.7 1.5 -1.7
v -0.7 1.5 -3.2
v -0.7 1.5 -3.3
v -0.7 1.9 -1.4
v -0.7 1.9 -1.5
v -0.7 1.9 -3.4
v -0.7 1.9 -3.5
v -0.7 2.4 -1.4
v -0.7 2.4 -1.5
v -0.7 2.4 -3.4
v -0.7 2.4 -3.5
v -0.6 0.8 -1.7
v -0.6 0.8 -1.8
v -0.6 0.8 -3
v -0.6 0.8 -3.1
v -0.6 0.9 -1.7
v -0.6 0.9 -1.8
v -0.6 0.9 -2.1
v -0.6 0.9 -2.7
v -0.6 0.9 -3
v -0.6 0.9 -3.1
v -0.6 1 -2.1
v -0.6 1 -2.7
v -0.6 1.1 -2.1
v -0.6 1.1 -2.2
v -0.6 1.1 -2.7
v -0.6 1.1 -2.9
v -0.6 1.2 -1.8
v -0.6 1.2 -2
v -0.6 1.2 -2.1
v -0.6 1.2 -2.2
v -0.6 1.2 -2.7
v -0.6 1.2 -2.9
v -0.6 1.2 -3
v -0.6 1.2 -3.1
v -0.6 1.3 -1.7
v -0.6 1.3 -1.8
v -0.6 1.3 -2
v -0.6 1.3 -3
v -0.6 1.3 -3.1
v -0.6 1.3 -3.2
v -0.6 1.4 -1.7
v -0.6 1.4 -1.8
v -0.6 1.4 -3.1
v -0.6 1.4 -3.2
v -0.6 1.6 -1.5
v -0.6 1.6 -1.6
v -0.6 1.6 -3.3
v -0.6 1.6 -3.4
v -0.6 1.8 -1.5
v -0.6 1.8 -1.6
v -0.6 1.8 -3.3
v -0.6 1.8 -3.4
v -0.5 0.8 -1.8
v -0.5 0.8 -2
v -0.5 0.8 -2.9
v -0.5 0.8 -3
v -0.5 0.9 -1.8
v -0.5 0.9 -2
v -0.5 0.9 -2.9
v -0.5 0.9 -3
v -0.5 1.1 -2.2
v -0.5 1.1 -2.7
v -0.5 1.2 -2
v -0.5 1.2 -2.1
v -0.5 1.2 -2.2
v -0.5 1.2 -2.7
v -0.5 1.2 -2.9
v -0.5 1.2 -3
v -0.5 1.3 -1.8
v -0.5 1.3 -2
v -0.5 1.3 -2.1
v -0.5 1.3 -2.9
v -0.5 1.3 -3
v -0.5 1.3 -3.1
v -0.5 1.4 -1.7
v -0.5 1.4 -1.8
v -0.5 1.4 -2
v -0.5 1.4 -3
v -0.5 1.4 -3.1
v -0.5 1.4 -3.2
v -0.5 1.5 -1.6
v -0.5 1.5 -1.7
v -0.5 1.5 -1.8
v -0.5 1.5 -3.1
v -0.5 1.5 -3.2
v -0.5 1.5 -3.3
v -0.5 1.6 -1.6
v -0.5 1.6 -1.7
v -0.5 1.6 -3.2
v -0.5 1.6 -3.3
v -0.5 1.8 -1.5
v -0.5 1.8 -1.6
v -0.5 1.8 -3.3
v -0.5 1.8 -3.4
v -0.5 2 -1.5
v -0.5 2 -1.6
v -0.5 2 -3.3
v -0.5 2 -3.4
v -0.4 0.8 -2
v -0.4 0.8 -2.2
v -0.4 0.8 -2.6
v -0.4 0.8 -2.9
v -0.4 0.9 -2
v -0.4 0.9 -2.2
v -0.4 0.9 -2.6
v -0.4 0.9 -2.9
v -0.4 1.2 -2.1
v -0.4 1.2 -2.2
v -0.4 1.2 -2.7
v -0.4 1.2 -2.9
v -0.4 1.3 -2.1
v -0.4 1.3 -2.2
v -0.4 1.3 -2.7
v -0.4 1.3 -2.9
v -0.4 1.6 -1.6
v -0.4 1.6 -1.7
v -0.4 1.6 -3.2
v -0.4 1.6 -3.3
v -0.4 1.7 -1.6
v -0.4 1.7 -1.7
v -0.4 1.7 -3.2
v -0.4 1.7 -3.3
v -0.4 2 -1.5
v -0.4 2 -1.6
v -0.4 2 -3.3
v -0.4 2 -3.4
v -0.4 2.4 -1.5
v -0.4 2.4 -1.6
v -0.4 2.4 -3.3
v -0.4 2.4 -3.4
v -0.3 0.8 -2.2
v -0.3 0.8 -2.6
v -0.3 0.9 -2.2
v -0.3 0.9 -2.6
v -0.3 1.2 -2.2
v -0.3 1.2 -2.7
v -0.3 1.3 -2
v -0.3 1.3 -2.2
v -0.3 1.3 -2.7
v -0.3 1.3 -3
v -0.3 1.4 -1.8
v -0.3 1.4 -2
v -0.3 1.4 -2.2
v -0.3 1.4 -2.7
v -0.3 1.4 -3
v -0.3 1.4 -3.1
v -0.3 1.5 -1.7
v -0.3 1.5 -1.8
v -0.3 1.5 -2
v -0.3 1.5 -3
v -0.3 1.5 -3.1
v -0.3 1.5 -3.2
v -0.3 1.7 -1.6
v -0.3 1.7 -1.7
v -0.3 1.7 -1.8
v -0.3 1.7 -3.1
v -0.3 1.7 -3.2
v -0.3 1.7 -3.3
v -0.3 2.4 -1.6
v -0.3 2.4 -1.7
v -0.3 2.4 -3.2
v -0.3 2.4 -3.3
v -0.2 1.3 -2.2
v -0.2 1.3 -2.7
v -0.2 1.4 -2
v -0.2 1.4 -2.2
v -0.2 1.4 -2.3
v -0.2 1.4 -2.6
v -0.2 1.4 -2.7
v -0.2 1.4 -3
v -0.2 1.5 -1.8
v -0.2 1.5 -2
v -0.2 1.5 -2.1
v -0.2 1.5 -2.3
v -0.2 1.5 -2.6
v -0.2 1.5 -2.9
v -0.2 1.5 -3
v -0.2 1.5 -3.1
v -0.2 1.6 -2
v -0.2 1.6 -2.1
v -0.2 1.6 -2.9
v -0.2 1.6 -3
v -0.2 1.7 -1.7
v -0.2 1.7 -1.8
v -0.2 1.7 -2
v -0.2 1.7 -3
v -0.2 1.7 -3.1
v -0.2 1.7 -3.2
v -0.2 2.3 2.8
v -0.2 2.3 1.9
v -0.2 2.4 2.8
v -0.2 2.4 1.9
v -0.2 2.4 -1.7
v -0.2 2.4 -1.8
v -0.2 2.4 -3.1
v -0.2 2.4 -3.2
v -0.0999999 1.4 -2.3
v -0.0999999 1.4 -2.6
v -0.0999999 1.5 -2.1
v -0.0999999 1.5 -2.3
v -0.0999999 1.5 -2.6
v -0.0999999 1.5 -2.9
v -0.0999999 1.6 -2
v -0.0999999 1.6 -2.1
v -0.0999999 1.6 -2.2
v -0.0999999 1.6 -2.7
v -0.0999999 1.6 -2.9
v -0.0999999 1.6 -3
v -0.0999999 1.7 -1.8
v -0.0999999 1.7 -2
v -0.0999999 1.7 -2.1
v -0.0999999 1.7 -2.2
v -0.0999999 1.7 -2.7
v -0.0999999 1.7 -2.9
v -0.0999999 1.7 -3
v -0.0999999 1.7 -3.1
v -0.0999999 1.8 -2
v -0.0999999 1.8 -2.1
v -0.0999999 1.8 -2.9
v -0.0999999 1.8 -3
v -0.0999999 2.3 2.9
v -0.0999999 2.3 2.8
v -0.0999999 2.3 1.9
v -0.0999999 2.3 1.8
v -0.0999999 2.4 2.9
v -0.0999999 2.4 2.8
v -0.0999999 2.4 1.9
v -0.0999999 2.4 1.8
v -0.0999999 2.4 -1.8
v -0.0999999 2.4 -2
v -0.0999999 2.4 -3
v -0.0999999 2.4 -3.1
v 0 1.6 -2.2
v 0 1.6 -2.7
v 0 1.7 -2.1
v 0 1.7 -2.2
v 0 1.7 -2.7
v 0 1.7 -2.9
v 0 1.8 -2
v 0 1.8 -2.1
v 0 1.8 -2.9
v 0 1.8 -3
v 0 1.9 -2.3
v 0 1.9 -2.6
v 0 2 -2.2
v 0 2 -2.3
v 0 2 -2.6
v 0 2 -2.7
v 0 2.2 -2.2
v 0 2.2 -2.3
v 0 2.2 -2.6
v 0 2.2 -2.7
v 0 2.3 3
v 0 2.3 2.9
v 0 2.3 1.8
v 0 2.3 1.7
v 0 2.3 -2.3
v 0 2.3 -2.4
v 0 2.3 -2.5
v 0 2.3 -2.6
v 0 2.4 3
v 0 2.4 2.9
v 0 2.4 1.8
v 0 2.4 1.7
v 0 2.4 -2
v 0 2.4 -2.4
v 0 2.4 -2.5
v 0 2.4 -3
v 0.0999999 1.9 -2.3
v 0.0999999 1.9 -2.6
v 0.0999999 2 -2.2
v 0.0999999 2 -2.3
v 0.0999999 2 -2.6
v 0.0999999 2 -2.7
v 0.0999999 2.2 -2.2
v 0.0999999 2.2 -2.3
v 0.0999999 2.2 -2.6
v 0.0999999 2.2 -2.7
v 0.0999999 2.3 3.1
v 0.0999999 2.3 3
v 0.0999999 2.3 1.7
v 0.0999999 2.3 1.6
v 0.0999999 2.3 -2.3
v 0.0999999 2.3 -2.4
v 0.0999999 2.3 -2.5
v 0.0999999 2.3 -2.6
v 0.0999999 2.4 3.1
v 0.0999999 2.4 3
v 0.0999999 2.4 1.7
v 0.0999999 2.4 1.6
v 0.0999999 2.4 -2.4
v 0.0999999 2.4 -2.5
v 0.2 2.3 3.2
v 0.2 2.3 3.1
v 0.2 2.3 1.6
v 0.2 2.3 1.5
v 0.2 2.4 3.2
v 0.2 2.4 3.1
v 0.2 2.4 1.6
v 0.2 2.4 1.5
v 0.4 2.3 3.3
v 0.4 2.3 3.2
v 0.4 2.3 1.5
v 0.4 2.3 1.4
v 0.4 2.4 3.3
v 0.4 2.4 3.2
v 0.4 2.4 1.5
v 0.4 2.4 1.4
v 0.6 0.6 3.3
v 0.6 0.6 3.2
v 0.6 0.6 -4
v 0.6 0.6 -4.1
v 0.6 0.8 3.3
v 0.6 0.8 3.2
v 0.6 0.8 -4
v 0.6 0.8 -4.1
v 0.8 1.2 3.1
v 0.8 1.2 3
v 0.8 1.2 1.7
v 0.8 1.2 1.6
v 0.8 1.3 3.1
v 0.8 1.3 3
v 0.8 1.3 1.7
v 0.8 1.3 1.6
v 0.8 1.7 3.4
v 0.8 1.7 3.3
v 0.8 1.7 1.4
v 0.8 1.7 1.3
v 0.8 1.8 3.4
v 0.8 1.8 3.3
v 0.8 1.8 1.4
v 0.8 1.8 1.3
v 0.9 0.9 2.9
v 0.9 0.9 2.8
v 0.9 0.9 1.8
v 0.9 0.9 1.7
v 0.9 1 2.9
v 0.9 1 2.8
v 0.9 1 1.8
v 0.9 1 1.7
v 1 0.8 3.1
v 1 0.8 3
v 1 0.8 1.6
v 1 0.8 1.5
v 1 0.9 3.1
v 1 0.9 3
v 1 0.9 1.6
v 1 0.9 1.5
v 1 1 2.7
v 1 1 2.6
v 1 1 2.3
v 1 1 2.2
v 1 1.1 2.7
v 1 1.1 2.6
v 1 1.1 2.3
v 1 1.1 2.2
v 1 1.5 3.3
v 1 1.5 3.2
v 1 1.5 1.5
v 1 1.5 1.4
v 1 1.6 3.3
v 1 1.6 3.2
v 1 1.6 1.5
v 1 1.6 1.4
v 1 1.7 4
v 1 1.7 3.4
v 1 1.8 4.1
v 1 1.8 4
v 1 1.8 3.9
v 1 1.8 3.4
v 1 1.8 3.3
v 1 1.8 1.4
v 1 1.8 1.3
v 1 1.9 4.2
v 1 1.9 4.1
v 1 1.9 4
v 1 1.9 3.9
v 1 1.9 3.4
v 1 1.9 3.3
v 1 1.9 1.4
v 1 1.9 1.3
v 1 2 4.1
v 1 2 4
v 1 2.1 4.3
v 1 2.1 4.2
v 1 2.2 4.2
v 1 2.2 4.1
v 1 2.3 4.2
v 1 2.3 4.1
v 1 2.3 3.9
v 1 2.3 3.4
v 1 2.4 4.3
v 1 2.4 4.2
v 1 2.4 4.1
v 1 2.4 4
v 1 2.4 3.8
v 1 2.4 3.4
v 1 2.5 4
v 1 2.5 3.9
v 1 2.6 4.2
v 1 2.6 3.8
v 1.1 0.6 3.2
v 1.1 0.6 3.1
v 1.1 0.6 -3.9
v 1.1 0.6 -4
v 1.1 0.8 3.2
v 1.1 0.8 3.1
v 1.1 0.8 -3.9
v 1.1 0.8 -4
v 1.1 0.9 2.8
v 1.1 0.9 2.7
v 1.1 0.9 1.9
v 1.1 0.9 1.8
v 1.1 1 2.8
v 1.1 1 2.7
v 1.1 1 2.6
v 1.1 1 2.3
v 1.1 1 1.9
v 1.1 1 1.8
v 1.1 1.1 2.9
v 1.1 1.1 2.8
v 1.1 1.1 2.6
v 1.1 1.1 2.3
v 1.1 1.1 1.9
v 1.1 1.1 1.8
v 1.1 1.2 2.9
v 1.1 1.2 2.8
v 1.1 1.2 1.9
v 1.1 1.2 1.8
v 1.1 1.4 3.2
v 1.1 1.4 3.1
v 1.1 1.4 1.6
v 1.1 1.4 1.5
v 1.1 1.5 3.2
v 1.1 1.5 3.1
v 1.1 1.5 1.6
v 1.1 1.5 1.5
v 1.1 1.9 3.4
v 1.1 1.9 3.3
v 1.1 1.9 1.4
v 1.1 1.9 1.3
v 1.1 2.4 3.4
v 1.1 2.4 3.3
v 1.1 2.4 1.4
v 1.1 2.4 1.3
v 1.2 0.8 3
v 1.2 0.8 2.9
v 1.2 0.8 1.7
v 1.2 0.8 1.6
v 1.2 0.9 3
v 1.2 0.9 2.9
v 1.2 0.9 2.7
v 1.2 0.9 1.9
v 1.2 0.9 1.7
v 1.2 0.9 1.6
v 1.2 1 2.7
v 1.2 1 1.9
v 1.2 1.1 2.8
v 1.2 1.1 2.7
v 1.2 1.1 2.2
v 1.2 1.1 1.9
v 1.2 1.2 3
v 1.2 1.2 2.9
v 1.2 1.2 2.8
v 1.2 1.2 2.7
v 1.2 1.2 2.2
v 1.2 1.2 1.9
v 1.2 1.2 1.8
v 1.2 1.2 1.7
v 1.2 1.3 3.1
v 1.2 1.3 3
v 1.2 1.3 2.9
v 1.2 1.3 1.8
v 1.2 1.3 1.7
v 1.2 1.3 1.6
v 1.2 1.4 3.1
v 1.2 1.4 3
v 1.2 1.4 1.7
v 1.2 1.4 1.6
v 1.2 1.6 3.3
v 1.2 1.6 3.2
v 1.2 1.6 1.5
v 1.2 1.6 1.4
v 1.2 1.8 3.3
v 1.2 1.8 3.2
v 1.2 1.8 1.5
v 1.2 1.8 1.4
v 1.3 0.8 2.9
v 1.3 0.8 2.8
v 1.3 0.8 1.8
v 1.3 0.8 1.7
v 1.3 0.9 2.9
v 1.3 0.9 2.8
v 1.3 0.9 1.8
v 1.3 0.9 1.7
v 1.3 1.1 2.7
v 1.3 1.1 2.2
v 1.3 1.2 2.9
v 1.3 1.2 2.8
v 1.3 1.2 2.7
v 1.3 1.2 2.2
v 1.3 1.2 1.9
v 1.3 1.2 1.8
v 1.3 1.3 3
v 1.3 1.3 2.9
v 1.3 1.3 2.8
v 1.3 1.3 1.9
v 1.3 1.3 1.8
v 1.3 1.3 1.7
v 1.3 1.4 3.1
v 1.3 1.4 3
v 1.3 1.4 2.9
v 1.3 1.4 1.8
v 1.3 1.4 1.7
v 1.3 1.4 1.6
v 1.3 1.5 3.2
v 1.3 1.5 3.1
v 1.3 1.5 3
v 1.3 1.5 1.7
v 1.3 1.5 1.6
v 1.3 1.5 1.5
v 1.3 1.6 3.2
v 1.3 1.6 3.1
v 1.3 1.6 1.6
v 1.3 1.6 1.5
v 1.3 1.8 3.3
v 1.3 1.8 3.2
v 1.3 1.8 1.5
v 1.3 1.8 1.4
v 1.3 2 3.3
v 1.3 2 3.2
v 1.3 2 1.5
v 1.3 2 1.4
v 1.4 0.6 3.1
v 1.4 0.6 3
v 1.4 0.6 -3.8
v 1.4 0.6 -3.9
v 1.4 0.8 3.1
v 1.4 0.8 3
v 1.4 0.8 2.8
v 1.4 0.8 2.6
v 1.4 0.8 2.2
v 1.4 0.8 1.8
v 1.4 0.8 -3.8
v 1.4 0.8 -3.9
v 1.4 0.9 2.8
v 1.4 0.9 2.6
v 1.4 0.9 2.2
v 1.4 0.9 1.8
v 1.4 1.2 2.8
v 1.4 1.2 2.7
v 1.4 1.2 2.2
v 1.4 1.2 1.9
v 1.4 1.3 2.8
v 1.4 1.3 2.7
v 1.4 1.3 2.2
v 1.4 1.3 1.9
v 1.4 1.6 3.2
v 1.4 1.6 3.1
v 1.4 1.6 1.6
v 1.4 1.6 1.5
v 1.4 1.7 3.2
v 1.4 1.7 3.1
v 1.4 1.7 1.6
v 1.4 1.7 1.5
v 1.4 2 3.3
v 1.4 2 3.2
v 1.4 2 1.5
v 1.4 2 1.4
v 1.4 2.3 -0.7
v 1.4 2.3 -1.4
v 1.4 2.4 3.3
v 1.4 2.4 3.2
v 1.4 2.4 1.5
v 1.4 2.4 1.4
v 1.4 2.4 -0.7
v 1.4 2.4 -1.4
v 1.5 0.8 2.6
v 1.5 0.8 2.2
v 1.5 0.9 2.6
v 1.5 0.9 2.2
v 1.5 1.2 2.7
v 1.5 1.2 2.2
v 1.5 1.3 2.9
v 1.5 1.3 2.7
v 1.5 1.3 2.2
v 1.5 1.3 1.8
v 1.5 1.4 3
v 1.5 1.4 2.9
v 1.5 1.4 2.7
v 1.5 1.4 2.2
v 1.5 1.4 1.8
v 1.5 1.4 1.7
v 1.5 1.5 3.1
v 1.5 1.5 3
v 1.5 1.5 2.9
v 1.5 1.5 1.8
v 1.5 1.5 1.7
v 1.5 1.5 1.6
v 1.5 1.7 3.2
v 1.5 1.7 3.1
v 1.5 1.7 3
v 1.5 1.7 1.7
v 1.5 1.7 1.6
v 1.5 1.7 1.5
v 1.5 2.3 -0.5
v 1.5 2.3 -0.7
v 1.5 2.3 -1.4
v 1.5 2.3 -1.6
v 1.5 2.4 3.2
v 1.5 2.4 3.1
v 1.5 2.4 1.6
v 1.5 2.4 1.5
v 1.5 2.4 -0.5
v 1.5 2.4 -0.7
v 1.5 2.4 -1.4
v 1.5 2.4 -1.6
v 1.6 0.6 3
v 1.6 0.6 2.9
v 1.6 0.6 -3.7
v 1.6 0.6 -3.8
v 1.6 0.8 3
v 1.6 0.8 2.9
v 1.6 0.8 -3.7
v 1.6 0.8 -3.8
v 1.6 1.3 2.7
v 1.6 1.3 2.2
v 1.6 1.4 2.9
v 1.6 1.4 2.7
v 1.6 1.4 2.6
v 1.6 1.4 2.3
v 1.6 1.4 2.2
v 1.6 1.4 1.8
v 1.6 1.5 3
v 1.6 1.5 2.9
v 1.6 1.5 2.8
v 1.6 1.5 2.6
v 1.6 1.5 2.3
v 1.6 1.5 1.9
v 1.6 1.5 1.8
v 1.6 1.5 1.7
v 1.6 1.6 2.9
v 1.6 1.6 2.8
v 1.6 1.6 1.9
v 1.6 1.6 1.8
v 1.6 1.7 3.1
v 1.6 1.7 3
v 1.6 1.7 2.9
v 1.6 1.7 1.8
v 1.6 1.7 1.7
v 1.6 1.7 1.6
v 1.6 2.3 -0.4
v 1.6 2.3 -0.5
v 1.6 2.3 -1.6
v 1.6 2.3 -1.7
v 1.6 2.4 3.1
v 1.6 2.4 3
v 1.6 2.4 1.7
v 1.6 2.4 1.6
v 1.6 2.4 -0.4
v 1.6 2.4 -0.5
v 1.6 2.4 -1.6
v 1.6 2.4 -1.7
v 1.7 1.4 2.6
v 1.7 1.4 2.3
v 1.7 1.5 2.8
v 1.7 1.5 2.6
v 1.7 1.5 2.3
v 1.7 1.5 1.9
v 1.7 1.6 2.9
v 1.7 1.6 2.8
v 1.7 1.6 2.7
v 1.7 1.6 2.2
v 1.7 1.6 1.9
v 1.7 1.6 1.8
v 1.7 1.7 3
v 1.7 1.7 2.9
v 1.7 1.7 2.8
v 1.7 1.7 2.7
v 1.7 1.7 2.2
v 1.7 1.7 1.9
v 1.7 1.7 1.8
v 1.7 1.7 1.7
v 1.7 1.8 2.9
v 1.7 1.8 2.8
v 1.7 1.8 1.9
v 1.7 1.8 1.8
v 1.7 2.3 -0.3
v 1.7 2.3 -0.4
v 1.7 2.3 -1.7
v 1.7 2.3 -1.8
v 1.7 2.4 3
v 1.7 2.4 2.9
v 1.7 2.4 1.8
v 1.7 2.4 1.7
v 1.7 2.4 -0.3
v 1.7 2.4 -0.4
v 1.7 2.4 -1.7
v 1.7 2.4 -1.8
v 1.8 0.6 2.9
v 1.8 0.6 2.8
v 1.8 0.6 -3.6
v 1.8 0.6 -3.7
v 1.8 0.8 2.9
v 1.8 0.8 2.8
v 1.8 0.8 -3.6
v 1.8 0.8 -3.7
v 1.8 1.6 2.7
v 1.8 1.6 2.2
v 1.8 1.7 2.8
v 1.8 1.7 2.7
v 1.8 1.7 2.2
v 1.8 1.7 1.9
v 1.8 1.8 2.9
v 1.8 1.8 2.8
v 1.8 1.8 1.9
v 1.8 1.8 1.8
v 1.8 1.9 2.6
v 1.8 1.9 2.3
v 1.8 2 2.7
v 1.8 2 2.6
v 1.8 2 2.3
v 1.8 2 2.2
v 1.8 2.4 2.9
v 1.8 2.4 2.7
v 1.8 2.4 2.2
v 1.8 2.4 1.8
v 1.9 1.9 2.6
v 1.9 1.9 2.3
v 1.9 2 2.7
v 1.9 2 2.6
v 1.9 2 2.3
v 1.9 2 2.2
v 1.9 2.3 -0.2
v 1.9 2.3 -0.3
v 1.9 2.3 -1.8
v 1.9 2.3 -1.9
v 1.9 2.4 2.7
v 1.9 2.4 2.2
v 1.9 2.4 -0.2
v 1.9 2.4 -0.3
v 1.9 2.4 -1.8
v 1.9 2.4 -1.9
v 2 0.6 2.8
v 2 0.6 2.7
v 2 0.6 -3.5
v 2 0.6 -3.6
v 2 0.8 2.8
v 2 0.8 2.7
v 2 0.8 -3.5
v 2 0.8 -3.6
v 2 2.3 -0.0999999
v 2 2.3 -0.2
v 2 2.3 -1.9
v 2 2.3 -2
v 2 2.4 -0.0999999
v 2 2.4 -0.2
v 2 2.4 -1.9
v 2 2.4 -2
v 2.2 0.6 2.7
v 2.2 0.6 2.6
v 2.2 0.6 -3.4
v 2.2 0.6 -3.5
v 2.2 0.8 2.7
v 2.2 0.8 2.6
v 2.2 0.8 -3.4
v 2.2 0.8 -3.5
v 2.2 2.3 -2
v 2.2 2.3 -2.1
v 2.2 2.4 -2
v 2.2 2.4 -2.1
v 2.3 0.6 2.6
v 2.3 0.6 2.5
v 2.3 0.6 -3.3
v 2.3 0.6 -3.4
v 2.3 0.8 2.6
v 2.3 0.8 2.5
v 2.3 0.8 -3.3
v 2.3 0.8 -3.4
v 2.4 0.6 2.5
v 2.4 0.6 2.4
v 2.4 0.6 -3.2
v 2.4 0.6 -3.3
v 2.4 0.8 2.5
v 2.4 0.8 2.4
v 2.4 0.8 -3.2
v 2.4 0.8 -3.3
v 2.5 0.6 2.4
v 2.5 0.6 2.3
v 2.5 0.6 -3.1
v 2.5 0.6 -3.2
v 2.5 0.8 2.4
v 2.5 0.8 2.3
v 2.5 0.8 -3.1
v 2.5 0.8 -3.2
v 2.5 2.3 0.0999999
v 2.5 2.3 0
v 2.5 2.4 0.0999999
v 2.5 2.4 0
v 2.6 0.8 -0.3
v 2.6 0.8 -0.4
v 2.6 0.8 -1.7
v 2.6 0.8 -1.8
v 2.6 0.9 -0.3
v 2.6 0.9 -0.4
v 2.6 0.9 -1.7
v 2.6 0.9 -1.8
v 2.6 1 -0.7
v 2.6 1 -0.8
v 2.6 1 -1.3
v 2.6 1 -1.4
v 2.6 1.1 -0.7
v 2.6 1.1 -0.8
v 2.6 1.1 -1.3
v 2.6 1.1 -1.4
v 2.6 1.4 -0.0999999
v 2.6 1.4 -0.2
v 2.6 1.4 -1.9
v 2.6 1.4 -2
v 2.6 1.5 -0.0999999
v 2.6 1.5 -0.2
v 2.6 1.5 -1.9
v 2.6 1.5 -2
v 2.6 1.9 0.0999999
v 2.6 1.9 0
v 2.6 1.9 -2.1
v 2.6 1.9 -2.2
v 2.6 2 0.0999999
v 2.6 2 0
v 2.6 2 -2.1
v 2.6 2 -2.2
v 2.6 2.2 0.0999999
v 2.6 2.2 0
v 2.6 2.3 0.0999999
v 2.6 2.3 0
v 2.7 0.6 2.3
v 2.7 0.6 2.2
v 2.7 0.6 -3
v 2.7 0.6 -3.1
v 2.7 0.8 2.3
v 2.7 0.8 2.2
v 2.7 0.8 -3
v 2.7 0.8 -3.1
v 2.7 0.9 -0.6
v 2.7 0.9 -0.7
v 2.7 0.9 -1.4
v 2.7 0.9 -1.5
v 2.7 1 -0.6
v 2.7 1 -0.7
v 2.7 1 -0.8
v 2.7 1 -1.3
v 2.7 1 -1.4
v 2.7 1 -1.5
v 2.7 1.1 -0.5
v 2.7 1.1 -0.6
v 2.7 1.1 -0.8
v 2.7 1.1 -1.3
v 2.7 1.1 -1.5
v 2.7 1.1 -1.6
v 2.7 1.2 -0.3
v 2.7 1.2 -0.4
v 2.7 1.2 -0.5
v 2.7 1.2 -0.6
v 2.7 1.2 -1.5
v 2.7 1.2 -1.6
v 2.7 1.2 -1.7
v 2.7 1.2 -1.8
v 2.7 1.3 -0.2
v 2.7 1.3 -0.3
v 2.7 1.3 -0.4
v 2.7 1.3 -1.7
v 2.7 1.3 -1.8
v 2.7 1.3 -1.9
v 2.7 1.4 -0.2
v 2.7 1.4 -0.3
v 2.7 1.4 -1.8
v 2.7 1.4 -1.9
v 2.7 1.6 0
v 2.7 1.6 -0.0999999
v 2.7 1.6 -2
v 2.7 1.6 -2.1
v 2.7 1.7 0
v 2.7 1.7 -0.0999999
v 2.7 1.7 -2
v 2.7 1.7 -2.1
v 2.7 2 0.0999999
v 2.7 2 0
v 2.7 2 -2.1
v 2.7 2 -2.2
v 2.7 2.2 0.0999999
v 2.7 2.2 0
v 2.7 2.4 -2.1
v 2.7 2.4 -2.2
v 2.8 0.6 2.2
v 2.8 0.6 2
v 2.8 0.6 -2.8
v 2.8 0.6 -3
v 2.8 0.8 2.2
v 2.8 0.8 2
v 2.8 0.8 -2.8
v 2.8 0.8 -3
v 2.9 0.6 2
v 2.9 0.6 1.9
v 2.9 0.6 -2.7
v 2.9 0.6 -2.8
v 2.9 0.8 2
v 2.9 0.8 1.9
v 2.9 0.8 -0.4
v 2.9 0.8 -0.5
v 2.9 0.8 -1.6
v 2.9 0.8 -1.7
v 2.9 0.8 -2.7
v 2.9 0.8 -2.8
v 2.9 0.9 -0.4
v 2.9 0.9 -0.5
v 2.9 0.9 -0.7
v 2.9 0.9 -0.9
v 2.9 0.9 -1.2
v 2.9 0.9 -1.4
v 2.9 0.9 -1.6
v 2.9 0.9 -1.7
v 2.9 1 -0.7
v 2.9 1 -0.9
v 2.9 1 -1.2
v 2.9 1 -1.4
v 2.9 1.1 -0.6
v 2.9 1.1 -0.7
v 2.9 1.1 -1.4
v 2.9 1.1 -1.5
v 2.9 1.2 -0.4
v 2.9 1.2 -0.5
v 2.9 1.2 -0.6
v 2.9 1.2 -0.7
v 2.9 1.2 -1.4
v 2.9 1.2 -1.5
v 2.9 1.2 -1.6
v 2.9 1.2 -1.7
v 2.9 1.3 -0.4
v 2.9 1.3 -0.5
v 2.9 1.3 -1.6
v 2.9 1.3 -1.7
v 2.9 1.5 -0.0999999
v 2.9 1.5 -0.2
v 2.9 1.5 -1.9
v 2.9 1.5 -2
v 2.9 1.6 -0.0999999
v 2.9 1.6 -0.2
v 2.9 1.6 -1.9
v 2.9 1.6 -2
v 2.9 1.7 0
v 2.9 1.7 -0.0999999
v 2.9 1.7 -2
v 2.9 1.7 -2.1
v 2.9 1.8 0
v 2.9 1.8 -0.0999999
v 2.9 1.8 -2
v 2.9 1.8 -2.1
v 3 0.6 1.9
v 3 0.6 1.8
v 3 0.6 -2.6
v 3 0.6 -2.7
v 3 0.8 1.9
v 3 0.8 1.8
v 3 0.8 -0.5
v 3 0.8 -0.6
v 3 0.8 -1.5
v 3 0.8 -1.6
v 3 0.8 -2.6
v 3 0.8 -2.7
v 3 0.9 -0.5
v 3 0.9 -0.6
v 3 0.9 -0.9
v 3 0.9 -1.2
v 3 0.9 -1.5
v 3 0.9 -1.6
v 3 1 -0.9
v 3 1 -1.2
v 3 1.1 -0.7
v 3 1.1 -1.4
v 3 1.2 -0.5
v 3 1.2 -0.6
v 3 1.2 -0.7
v 3 1.2 -1.4
v 3 1.2 -1.5
v 3 1.2 -1.6
v 3 1.3 -0.3
v 3 1.3 -0.5
v 3 1.3 -0.6
v 3 1.3 -1.5
v 3 1.3 -1.6
v 3 1.3 -1.8
v 3 1.4 -0.2
v 3 1.4 -0.3
v 3 1.4 -0.5
v 3 1.4 -1.6
v 3 1.4 -1.8
v 3 1.4 -1.9
v 3 1.5 -0.2
v 3 1.5 -0.3
v 3 1.5 -1.8
v 3 1.5 -1.9
v 3 1.6 -0.0999999
v 3 1.6 -0.2
v 3 1.6 -1.9
v 3 1.6 -2
v 3 1.7 -0.0999999
v 3 1.7 -0.2
v 3 1.7 -1.9
v 3 1.7 -2
v 3 1.8 0
v 3 1.8 -0.0999999
v 3 1.8 -2
v 3 1.8 -2.1
v 3 2.4 0
v 3 2.4 -0.0999999
v 3 2.4 -2
v 3 2.4 -2.1
v 3.1 0.6 1.8
v 3.1 0.6 1.7
v 3.1 0.6 -2.5
v 3.1 0.6 -2.6
v 3.1 0.8 1.8
v 3.1 0.8 1.7
v 3.1 0.8 -0.6
v 3.1 0.8 -0.8
v 3.1 0.8 -1.3
v 3.1 0.8 -1.5
v 3.1 0.8 -2.5
v 3.1 0.8 -2.6
v 3.1 0.9 -0.6
v 3.1 0.9 -0.8
v 3.1 0.9 -1.3
v 3.1 0.9 -1.5
v 3.1 1.2 -0.6
v 3.1 1.2 -1
v 3.1 1.2 -1.1
v 3.1 1.2 -1.5
v 3.1 1.3 -0.5
v 3.1 1.3 -0.6
v 3.1 1.3 -1
v 3.1 1.3 -1.1
v 3.1 1.3 -1.5
v 3.1 1.3 -1.6
v 3.1 1.4 -0.3
v 3.1 1.4 -0.5
v 3.1 1.4 -0.6
v 3.1 1.4 -1.5
v 3.1 1.4 -1.6
v 3.1 1.4 -1.8
v 3.1 1.5 -0.2
v 3.1 1.5 -0.3
v 3.1 1.5 -0.5
v 3.1 1.5 -1.6
v 3.1 1.5 -1.8
v 3.1 1.5 -1.9
v 3.1 1.7 -0.0999999
v 3.1 1.7 -0.2
v 3.1 1.7 -0.3
v 3.1 1.7 -1.8
v 3.1 1.7 -1.9
v 3.1 1.7 -2
v 3.1 2.4 -0.0999999
v 3.1 2.4 -0.2
v 3.1 2.4 -1.9
v 3.1 2.4 -2
v 3.2 0.6 1.7
v 3.2 0.6 1.5
v 3.2 0.6 -2.3
v 3.2 0.6 -2.5
v 3.2 0.8 1.7
v 3.2 0.8 1.5
v 3.2 0.8 -0.8
v 3.2 0.8 -1.3
v 3.2 0.8 -2.3
v 3.2 0.8 -2.5
v 3.2 0.9 -0.8
v 3.2 0.9 -1.3
v 3.2 1.2 -1
v 3.2 1.2 -1.1
v 3.2 1.3 -0.6
v 3.2 1.3 -1
v 3.2 1.3 -1.1
v 3.2 1.3 -1.5
v 3.2 1.4 -0.5
v 3.2 1.4 -0.6
v 3.2 1.4 -0.7
v 3.2 1.4 -1.4
v 3.2 1.4 -1.5
v 3.2 1.4 -1.6
v 3.2 1.5 -0.3
v 3.2 1.5 -0.5
v 3.2 1.5 -0.7
v 3.2 1.5 -1.4
v 3.2 1.5 -1.6
v 3.2 1.5 -1.8
v 3.2 1.6 -0.4
v 3.2 1.6 -0.5
v 3.2 1.6 -1.6
v 3.2 1.6 -1.7
v 3.2 1.7 -0.2
v 3.2 1.7 -0.3
v 3.2 1.7 -0.4
v 3.2 1.7 -1.7
v 3.2 1.7 -1.8
v 3.2 1.7 -1.9
v 3.2 2.4 -0.2
v 3.2 2.4 -0.3
v 3.2 2.4 -1.8
v 3.2 2.4 -1.9
v 3.3 0.6 1.5
v 3.3 0.6 1.3
v 3.3 0.6 -2.1
v 3.3 0.6 -2.3
v 3.3 0.8 1.5
v 3.3 0.8 1.3
v 3.3 0.8 -2.1
v 3.3 0.8 -2.3
v 3.3 1.4 -0.7
v 3.3 1.4 -1.4
v 3.3 1.5 -0.5
v 3.3 1.5 -0.7
v 3.3 1.5 -0.8
v 3.3 1.5 -1.3
v 3.3 1.5 -1.4
v 3.3 1.5 -1.6
v 3.3 1.6 -0.4
v 3.3 1.6 -0.5
v 3.3 1.6 -0.6
v 3.3 1.6 -0.8
v 3.3 1.6 -1.3
v 3.3 1.6 -1.5
v 3.3 1.6 -1.6
v 3.3 1.6 -1.7
v 3.3 1.7 -0.3
v 3.3 1.7 -0.4
v 3.3 1.7 -1.7
v 3.3 1.7 -1.8
v 3.3 1.8 -0.5
v 3.3 1.8 -0.6
v 3.3 1.8 -1.5
v 3.3 1.8 -1.6
v 3.3 2 -0.4
v 3.3 2 -0.5
v 3.3 2 -1.6
v 3.3 2 -1.7
v 3.3 2.4 -0.3
v 3.3 2.4 -0.4
v 3.3 2.4 -1.7
v 3.3 2.4 -1.8
v 3.4 0.6 1.3
v 3.4 0.6 1.2
v 3.4 0.6 -2
v 3.4 0.6 -2.1
v 3.4 0.8 1.3
v 3.4 0.8 1.2
v 3.4 0.8 -2
v 3.4 0.8 -2.1
v 3.4 1.5 -0.8
v 3.4 1.5 -1.3
v 3.4 1.6 -0.6
v 3.4 1.6 -0.8
v 3.4 1.6 -1.3
v 3.4 1.6 -1.5
v 3.4 1.7 -1
v 3.4 1.7 -1.1
v 3.4 1.8 -0.5
v 3.4 1.8 -0.6
v 3.4 1.8 -0.8
v 3.4 1.8 -1
v 3.4 1.8 -1.1
v 3.4 1.8 -1.3
v 3.4 1.8 -1.5
v 3.4 1.8 -1.6
v 3.4 1.9 -0.7
v 3.4 1.9 -0.8
v 3.4 1.9 -1.3
v 3.4 1.9 -1.4
v 3.4 2 -0.4
v 3.4 2 -0.5
v 3.4 2 -1.6
v 3.4 2 -1.7
v 3.4 2.4 -0.4
v 3.4 2.4 -0.7
v 3.4 2.4 -1.4
v 3.4 2.4 -1.7
v 3.5 0.6 1.2
v 3.5 0.6 0.9
v 3.5 0.6 -1.7
v 3.5 0.6 -2
v 3.5 0.8 1.2
v 3.5 0.8 0.9
v 3.5 0.8 -1.7
v 3.5 0.8 -2
v 3.5 1.8 -0.8
v 3.5 1.8 -0.9
v 3.5 1.8 -1.3
v 3.5 1.9 -0.7
v 3.5 1.9 -0.8
v 3.5 1.9 -1.3
v 3.5 1.9 -1.4
v 3.5 2.3 -0.8
v 3.5 2.3 -1.3
v 3.5 2.4 -0.7
v 3.5 2.4 -0.8
v 3.5 2.4 -1.3
v 3.5 2.4 -1.4
v 3.6 0.6 0.9
v 3.6 0.6 0.6
v 3.6 0.6 -1.4
v 3.6 0.6 -1.7
v 3.6 0.8 0.9
v 3.6 0.8 0.6
v 3.6 0.8 -1.4
v 3.6 0.8 -1.7
v 3.7 0.6 0.6
v 3.7 0.6 0.2
v 3.7 0.6 -1
v 3.7 0.6 -1.4
v 3.7 0.8 0.6
v 3.7 0.8 0.2
v 3.7 0.8 -1
v 3.7 0.8 -1.4
v 3.8 0.6 0.2
v 3.8 0.6 -1
v 3.8 0.8 0.2
v 3.8 0.8 -1
v 4 2.3 -0.8
v 4 2.3 -1.3
v 4 2.5 -0.8
v 4 2.5 -1.3
v 4.1 1.7 -0.9
v 4.1 1.7 -1.3
v 4.1 1.8 -0.9
v 4.1 1.8 -1.3
v 4.2 1.8 -0.9
v 4.2 1.8 -1.3
v 4.2 1.9 -0.9
v 4.2 1.9 -1.3
v 4.3 1.9 -0.9
v 4.3 1.9 -1.3
v 4.3 2.1 -0.9
v 4.3 2.1 -1.3
v 4.3 2.4 -0.8
v 4.3 2.4 -1.3
v 4.3 2.6 -0.8
v 4.3 2.6 -1.3
v 4.4 2.1 -0.8
v 4.4 2.1 -1.3
v 4.4 2.4 -0.8
v 4.4 2.4 -1.3
v 0.5 2.1 4.3
v 0.5 2.4 4.3
v 1 2.1 4.3
v 1 2.4 4.3
v 0.5 2.4 4.2
v 0.5 2.6 4.2
v 0.6 1.9 4.2
v 0.6 2.1 4.2
v 1 1.9 4.2
v 1 2.1 4.2
v 1 2.4 4.2
v 1 2.6 4.2
v 0.6 1.8 4.1
v 0.6 1.9 4.1
v 1 1.8 4.1
v 1 1.9 4.1
v 0.6 1.7 4
v 0.6 1.8 4
v 1 1.7 4
v 1 1.8 4
v 0.5 2.3 3.9
v 0.5 2.5 3.9
v 1 2.3 3.9
v 1 2.5 3.9
v 0.4 1.9 3.4
v 0.4 2.4 3.4
v 0.5 1.8 3.4
v 0.5 1.9 3.4
v 0.5 2.3 3.4
v 0.5 2.4 3.4
v 0.6 1.8 3.4
v 1 1.8 3.4
v 1 1.9 3.4
v 1 2.3 3.4
v 1 2.4 3.4
v 1.1 1.9 3.4
v 1.1 2.4 3.4
v -0.6 0.6 3.3
v -0.6 0.8 3.3
v 0.0999999 2 3.3
v 0.0999999 2.4 3.3
v 0.2 1.8 3.3
v 0.2 2 3.3
v 0.3 1.6 3.3
v 0.3 1.8 3.3
v 0.4 1.9 3.3
v 0.4 2.4 3.3
v 0.5 1.5 3.3
v 0.5 1.6 3.3
v 0.5 1.8 3.3
v 0.5 1.9 3.3
v 0.6 0.6 3.3
v 0.6 0.8 3.3
v 0.7 1.7 3.3
v 0.7 1.8 3.3
v 0.8 1.7 3.3
v 0.8 1.8 3.3
v 1 1.5 3.3
v 1 1.6 3.3
v 1 1.8 3.3
v 1 1.9 3.3
v 1.1 1.9 3.3
v 1.1 2.4 3.3
v 1.2 1.6 3.3
v 1.2 1.8 3.3
v 1.3 1.8 3.3
v 1.3 2 3.3
v 1.4 2 3.3
v 1.4 2.4 3.3
v -1.1 0.6 3.2
v -1.1 0.8 3.2
v -0.6 0.6 3.2
v -0.6 0.8 3.2
v 0 1.7 3.2
v 0 2.4 3.2
v 0.0999999 1.6 3.2
v 0.0999999 1.7 3.2
v 0.0999999 2 3.2
v 0.0999999 2.4 3.2
v 0.2 1.5 3.2
v 0.2 1.6 3.2
v 0.2 1.8 3.2
v 0.2 2 3.2
v 0.3 1.6 3.2
v 0.3 1.8 3.2
v 0.4 1.4 3.2
v 0.4 1.5 3.2
v 0.5 1.5 3.2
v 0.5 1.6 3.2
v 0.6 0.6 3.2
v 0.6 0.8 3.2
v 1 1.5 3.2
v 1 1.6 3.2
v 1.1 0.6 3.2
v 1.1 0.8 3.2
v 1.1 1.4 3.2
v 1.1 1.5 3.2
v 1.2 1.6 3.2
v 1.2 1.8 3.2
v 1.3 1.5 3.2
v 1.3 1.6 3.2
v 1.3 1.8 3.2
v 1.3 2 3.2
v 1.4 1.6 3.2
v 1.4 1.7 3.2
v 1.4 2 3.2
v 1.4 2.4 3.2
v 1.5 1.7 3.2
v 1.5 2.4 3.2
v -1.4 0.6 3.1
v -1.4 0.8 3.1
v -1.1 0.6 3.1
v -1.1 0.8 3.1
v -0.0999999 1.7 3.1
v -0.0999999 2.4 3.1
v 0 1.5 3.1
v 0 1.7 3.1
v 0 2.4 3.1
v 0.0999999 1.6 3.1
v 0.0999999 1.7 3.1
v 0.2 1.4 3.1
v 0.2 1.5 3.1
v 0.2 1.6 3.1
v 0.3 1.3 3.1
v 0.3 1.4 3.1
v 0.4 1.4 3.1
v 0.4 1.5 3.1
v 0.5 0.8 3.1
v 0.5 0.9 3.1
v 0.7 1.2 3.1
v 0.7 1.3 3.1
v 0.8 1.2 3.1
v 0.8 1.3 3.1
v 1 0.8 3.1
v 1 0.9 3.1
v 1.1 0.6 3.1
v 1.1 0.8 3.1
v 1.1 1.4 3.1
v 1.1 1.5 3.1
v 1.2 1.3 3.1
v 1.2 1.4 3.1
v 1.3 1.4 3.1
v 1.3 1.5 3.1
v 1.3 1.6 3.1
v 1.4 0.6 3.1
v 1.4 0.8 3.1
v 1.4 1.6 3.1
v 1.4 1.7 3.1
v 1.5 1.5 3.1
v 1.5 1.7 3.1
v 1.5 2.4 3.1
v 1.6 1.7 3.1
v 1.6 2.4 3.1
v -1.6 0.6 3
v -1.6 0.8 3
v -1.4 0.6 3
v -1.4 0.8 3
v -0.2 1.7 3
v -0.2 2.4 3
v -0.0999999 1.5 3
v -0.0999999 1.7 3
v -0.0999999 2.4 3
v 0 1.4 3
v 0 1.5 3
v 0 1.7 3
v 0.2 1.3 3
v 0.2 1.4 3
v 0.2 1.5 3
v 0.3 0.8 3
v 0.3 0.9 3
v 0.3 1.2 3
v 0.3 1.3 3
v 0.3 1.4 3
v 0.5 0.8 3
v 0.5 0.9 3
v 0.7 1.2 3
v 0.7 1.3 3
v 0.8 1.2 3
v 0.8 1.3 3
v 1 0.8 3
v 1 0.9 3
v 1.2 0.8 3
v 1.2 0.9 3
v 1.2 1.2 3
v 1.2 1.3 3
v 1.2 1.4 3
v 1.3 1.3 3
v 1.3 1.4 3
v 1.3 1.5 3
v 1.4 0.6 3
v 1.4 0.8 3
v 1.5 1.4 3
v 1.5 1.5 3
v 1.5 1.7 3
v 1.6 0.6 3
v 1.6 0.8 3
v 1.6 1.5 3
v 1.6 1.7 3
v 1.6 2.4 3
v 1.7 1.7 3
v 1.7 2.4 3
v -1.8 0.6 2.9
v -1.8 0.8 2.9
v -1.6 0.6 2.9
v -1.6 0.8 2.9
v -0.3 1.8 2.9
v -0.3 2.4 2.9
v -0.2 1.6 2.9
v -0.2 1.7 2.9
v -0.2 1.8 2.9
v -0.2 2.4 2.9
v -0.0999999 1.4 2.9
v -0.0999999 1.5 2.9
v -0.0999999 1.6 2.9
v -0.0999999 1.7 2.9
v 0 1.3 2.9
v 0 1.4 2.9
v 0 1.5 2.9
v 0.2 0.8 2.9
v 0.2 0.9 2.9
v 0.2 1.2 2.9
v 0.2 1.3 2.9
v 0.2 1.4 2.9
v 0.3 0.8 2.9
v 0.3 0.9 2.9
v 0.3 1.2 2.9
v 0.3 1.3 2.9
v 0.4 1.1 2.9
v 0.4 1.2 2.9
v 0.6 0.9 2.9
v 0.6 1 2.9
v 0.9 0.9 2.9
v 0.9 1 2.9
v 1.1 1.1 2.9
v 1.1 1.2 2.9
v 1.2 0.8 2.9
v 1.2 0.9 2.9
v 1.2 1.2 2.9
v 1.2 1.3 2.9
v 1.3 0.8 2.9
v 1.3 0.9 2.9
v 1.3 1.2 2.9
v 1.3 1.3 2.9
v 1.3 1.4 2.9
v 1.5 1.3 2.9
v 1.5 1.4 2.9
v 1.5 1.5 2.9
v 1.6 0.6 2.9
v 1.6 0.8 2.9
v 1.6 1.4 2.9
v 1.6 1.5 2.9
v 1.6 1.6 2.9
v 1.6 1.7 2.9
v 1.7 1.6 2.9
v 1.7 1.7 2.9
v 1.7 1.8 2.9
v 1.7 2.4 2.9
v 1.8 0.6 2.9
v 1.8 0.8 2.9
v 1.8 1.8 2.9
v 1.8 2.4 2.9
v -2 0.6 2.8
v -2 0.8 2.8
v -1.8 0.6 2.8
v -1.8 0.8 2.8
v -0.3 1.7 2.8
v -0.3 1.8 2.8
v -0.2 1.5 2.8
v -0.2 1.6 2.8
v -0.2 1.7 2.8
v -0.2 1.8 2.8
v -0.0999999 1.5 2.8
v -0.0999999 1.6 2.8
v 0.0999999 0.8 2.8
v 0.0999999 0.9 2.8
v 0.0999999 1.2 2.8
v 0.0999999 1.3 2.8
v 0.2 0.8 2.8
v 0.2 0.9 2.8
v 0.2 1.2 2.8
v 0.2 1.3 2.8
v 0.3 1.1 2.8
v 0.3 1.2 2.8
v 0.4 0.9 2.8
v 0.4 1 2.8
v 0.4 1.1 2.8
v 0.4 1.2 2.8
v 0.6 0.9 2.8
v 0.6 1 2.8
v 0.9 0.9 2.8
v 0.9 1 2.8
v 1.1 0.9 2.8
v 1.1 1 2.8
v 1.1 1.1 2.8
v 1.1 1.2 2.8
v 1.2 1.1 2.8
v 1.2 1.2 2.8
v 1.3 0.8 2.8
v 1.3 0.9 2.8
v 1.3 1.2 2.8
v 1.3 1.3 2.8
v 1.4 0.8 2.8
v 1.4 0.9 2.8
v 1.4 1.2 2.8
v 1.4 1.3 2.8
v 1.6 1.5 2.8
v 1.6 1.6 2.8
v 1.7 1.5 2.8
v 1.7 1.6 2.8
v 1.7 1.7 2.8
v 1.7 1.8 2.8
v 1.8 0.6 2.8
v 1.8 0.8 2.8
v 1.8 1.7 2.8
v 1.8 1.8 2.8
v 2 0.6 2.8
v 2 0.8 2.8
v -2.2 0.6 2.7
v -2.2 0.8 2.7
v -2 0.6 2.7
v -2 0.8 2.7
v -0.4 2 2.7
v -0.4 2.2 2.7
v -0.3 1.6 2.7
v -0.3 1.7 2.7
v -0.3 2 2.7
v -0.3 2.2 2.7
v -0.2 1.6 2.7
v -0.2 1.7 2.7
v -0.0999999 1.3 2.7
v -0.0999999 1.4 2.7
v 0 1.2 2.7
v 0 1.3 2.7
v 0 1.4 2.7
v 0.0999999 1.2 2.7
v 0.0999999 1.3 2.7
v 0.2 1.1 2.7
v 0.2 1.2 2.7
v 0.3 0.9 2.7
v 0.3 1 2.7
v 0.3 1.1 2.7
v 0.3 1.2 2.7
v 0.4 0.9 2.7
v 0.4 1 2.7
v 0.5 1 2.7
v 0.5 1.1 2.7
v 1 1 2.7
v 1 1.1 2.7
v 1.1 0.9 2.7
v 1.1 1 2.7
v 1.2 0.9 2.7
v 1.2 1 2.7
v 1.2 1.1 2.7
v 1.2 1.2 2.7
v 1.3 1.1 2.7
v 1.3 1.2 2.7
v 1.4 1.2 2.7
v 1.4 1.3 2.7
v 1.5 1.2 2.7
v 1.5 1.3 2.7
v 1.5 1.4 2.7
v 1.6 1.3 2.7
v 1.6 1.4 2.7
v 1.7 1.6 2.7
v 1.7 1.7 2.7
v 1.8 1.6 2.7
v 1.8 1.7 2.7
v 1.8 2 2.7
v 1.8 2.4 2.7
v 1.9 2 2.7
v 1.9 2.4 2.7
v 2 0.6 2.7
v 2 0.8 2.7
v 2.2 0.6 2.7
v 2.2 0.8 2.7
v -2.3 0.6 2.6
v -2.3 0.8 2.6
v -2.2 0.6 2.6
v -2.2 0.8 2.6
v -0.4 1.9 2.6
v -0.4 2 2.6
v -0.4 2.2 2.6
v -0.4 2.3 2.6
v -0.3 1.9 2.6
v -0.3 2 2.6
v -0.3 2.2 2.6
v -0.3 2.3 2.6
v -0.2 1.4 2.6
v -0.2 1.5 2.6
v -0.0999999 1.4 2.6
v -0.0999999 1.5 2.6
v 0 0.8 2.6
v 0 0.9 2.6
v 0.0999999 0.8 2.6
v 0.0999999 0.9 2.6
v 0.4 1 2.6
v 0.4 1.1 2.6
v 0.5 1 2.6
v 0.5 1.1 2.6
v 1 1 2.6
v 1 1.1 2.6
v 1.1 1 2.6
v 1.1 1.1 2.6
v 1.4 0.8 2.6
v 1.4 0.9 2.6
v 1.5 0.8 2.6
v 1.5 0.9 2.6
v 1.6 1.4 2.6
v 1.6 1.5 2.6
v 1.7 1.4 2.6
v 1.7 1.5 2.6
v 1.8 1.9 2.6
v 1.8 2 2.6
v 1.9 1.9 2.6
v 1.9 2 2.6
v 2.2 0.6 2.6
v 2.2 0.8 2.6
v 2.3 0.6 2.6
v 2.3 0.8 2.6
v -2.4 0.6 2.5
v -2.4 0.8 2.5
v -2.3 0.6 2.5
v -2.3 0.8 2.5
v -0.4 2.3 2.5
v -0.4 2.4 2.5
v -0.3 2.3 2.5
v -0.3 2.4 2.5
v 2.3 0.6 2.5
v 2.3 0.8 2.5
v 2.4 0.6 2.5
v 2.4 0.8 2.5
v -2.5 0.6 2.4
v -2.5 0.8 2.4
v -2.4 0.6 2.4
v -2.4 0.8 2.4
v 2.4 0.6 2.4
v 2.4 0.8 2.4
v 2.5 0.6 2.4
v 2.5 0.8 2.4
v -2.7 0.6 2.3
v -2.7 0.8 2.3
v -2.5 0.6 2.3
v -2.5 0.8 2.3
v 2.5 0.6 2.3
v 2.5 0.8 2.3
v 2.7 0.6 2.3
v 2.7 0.8 2.3
v -2.8 0.6 2.2
v -2.8 0.8 2.2
v -2.7 0.6 2.2
v -2.7 0.8 2.2
v 1.7 2.3 2.2
v 1.7 2.4 2.2
v 1.8 2.3 2.2
v 1.8 2.4 2.2
v 2.7 0.6 2.2
v 2.7 0.8 2.2
v 2.8 0.6 2.2
v 2.8 0.8 2.2
v -2.9 0.6 2
v -2.9 0.8 2
v -2.8 0.6 2
v -2.8 0.8 2
v -2.8 2 2
v -2.8 2.4 2
v -2.7 1.9 2
v -2.7 2 2
v -2.4 1.9 2
v -2.4 2 2
v -2.3 2 2
v -2.3 2.4 2
v 2.8 0.6 2
v 2.8 0.8 2
v 2.9 0.6 2
v 2.9 0.8 2
v -3 0.6 1.9
v -3 0.8 1.9
v -3 1.8 1.9
v -3 2.4 1.9
v -2.9 0.6 1.9
v -2.9 0.8 1.9
v -2.9 1.7 1.9
v -2.9 1.8 1.9
v -2.8 1.6 1.9
v -2.8 1.7 1.9
v -2.8 2 1.9
v -2.8 2.4 1.9
v -2.7 1.9 1.9
v -2.7 2 1.9
v -2.4 1.9 1.9
v -2.4 2 1.9
v -2.3 1.6 1.9
v -2.3 1.7 1.9
v -2.3 2 1.9
v -2.3 2.4 1.9
v -2.1 1.7 1.9
v -2.1 1.8 1.9
v -2 1.8 1.9
v -2 2.4 1.9
v -0.2 2.3 1.9
v -0.2 2.4 1.9
v -0.0999999 2.3 1.9
v -0.0999999 2.4 1.9
v 1.6 2.3 1.9
v 1.6 2.4 1.9
v 1.7 2.3 1.9
v 1.7 2.4 1.9
v 2.9 0.6 1.9
v 2.9 0.8 1.9
v 3 0.6 1.9
v 3 0.8 1.9
v -3.1 0.6 1.8
v -3.1 0.8 1.8
v -3.1 1.7 1.8
v -3.1 2.4 1.8
v -3 0.6 1.8
v -3 0.8 1.8
v -3 1.6 1.8
v -3 1.7 1.8
v -3 1.8 1.8
v -3 2.4 1.8
v -2.9 1.5 1.8
v -2.9 1.6 1.8
v -2.9 1.7 1.8
v -2.9 1.8 1.8
v -2.8 1.6 1.8
v -2.8 1.7 1.8
v -2.7 1.4 1.8
v -2.7 1.5 1.8
v -2.4 1.4 1.8
v -2.4 1.5 1.8
v -2.3 1.6 1.8
v -2.3 1.7 1.8
v -2.1 1.5 1.8
v -2.1 1.6 1.8
v -2.1 1.7 1.8
v -2.1 1.8 1.8
v -2 1.6 1.8
v -2 1.7 1.8
v -2 1.8 1.8
v -2 2.4 1.8
v -1.9 1.7 1.8
v -1.9 2.4 1.8
v -0.0999999 2.3 1.8
v -0.0999999 2.4 1.8
v 0 2.3 1.8
v 0 2.4 1.8
v 1.5 2.3 1.8
v 1.5 2.4 1.8
v 1.6 2.3 1.8
v 1.6 2.4 1.8
v 3 0.6 1.8
v 3 0.8 1.8
v 3.1 0.6 1.8
v 3.1 0.8 1.8
v -3.2 0.6 1.7
v -3.2 0.8 1.7
v -3.2 1.7 1.7
v -3.2 2.4 1.7
v -3.1 0.6 1.7
v -3.1 0.8 1.7
v -3.1 1.5 1.7
v -3.1 1.7 1.7
v -3.1 2.4 1.7
v -3 1.4 1.7
v -3 1.5 1.7
v -3 1.6 1.7
v -3 1.7 1.7
v -2.9 1.5 1.7
v -2.9 1.6 1.7
v -2.8 1.3 1.7
v -2.8 1.4 1.7
v -2.7 1.4 1.7
v -2.7 1.5 1.7
v -2.4 1.4 1.7
v -2.4 1.5 1.7
v -2.3 1.3 1.7
v -2.3 1.4 1.7
v -2.1 1.5 1.7
v -2.1 1.6 1.7
v -2 1.4 1.7
v -2 1.5 1.7
v -2 1.6 1.7
v -2 1.7 1.7
v -1.9 1.5 1.7
v -1.9 1.7 1.7
v -1.9 2.4 1.7
v -1.8 1.7 1.7
v -1.8 2.4 1.7
v 0 2.3 1.7
v 0 2.4 1.7
v 0.0999999 2.3 1.7
v 0.0999999 2.4 1.7
v 1.4 2.3 1.7
v 1.4 2.4 1.7
v 1.5 2.3 1.7
v 1.5 2.4 1.7
v 3.1 0.6 1.7
v 3.1 0.8 1.7
v 3.2 0.6 1.7
v 3.2 0.8 1.7
v -3.3 1.7 1.6
v -3.3 2.4 1.6
v -3.2 1.5 1.6
v -3.2 1.7 1.6
v -3.2 2.4 1.6
v -3.1 1.4 1.6
v -3.1 1.5 1.6
v -3.1 1.7 1.6
v -3 1.3 1.6
v -3 1.4 1.6
v -3 1.5 1.6
v -2.8 1.2 1.6
v -2.8 1.3 1.6
v -2.8 1.4 1.6
v -2.7 0.8 1.6
v -2.7 0.9 1.6
v -2.3 0.8 1.6
v -2.3 0.9 1.6
v -2.3 1.2 1.6
v -2.3 1.3 1.6
v -2.3 1.4 1.6
v -2 1.3 1.6
v -2 1.4 1.6
v -2 1.5 1.6
v -1.9 1.4 1.6
v -1.9 1.5 1.6
v -1.9 1.7 1.6
v -1.8 1.5 1.6
v -1.8 1.7 1.6
v -1.8 2.4 1.6
v -1.7 1.7 1.6
v -1.7 2.4 1.6
v 0.0999999 2.3 1.6
v 0.0999999 2.4 1.6
v 0.2 2.3 1.6
v 0.2 2.4 1.6
v 1.3 2.3 1.6
v 1.3 2.4 1.6
v 1.4 2.3 1.6
v 1.4 2.4 1.6
v -3.4 2 1.5
v -3.4 2.4 1.5
v -3.3 0.6 1.5
v -3.3 0.8 1.5
v -3.3 1.6 1.5
v -3.3 1.7 1.5
v -3.3 2 1.5
v -3.3 2.4 1.5
v -3.2 0.6 1.5
v -3.2 0.8 1.5
v -3.2 1.6 1.5
v -3.2 1.7 1.5
v -2.9 0.8 1.5
v -2.9 0.9 1.5
v -2.9 1.2 1.5
v -2.9 1.3 1.5
v -2.8 1.2 1.5
v -2.8 1.3 1.5
v -2.7 0.8 1.5
v -2.7 0.9 1.5
v -2.3 0.8 1.5
v -2.3 0.9 1.5
v -2.3 1.2 1.5
v -2.3 1.3 1.5
v -2.1 1.2 1.5
v -2.1 1.3 1.5
v -2 0.8 1.5
v -2 0.9 1.5
v -1.8 1.6 1.5
v -1.8 1.7 1.5
v -1.7 1.6 1.5
v -1.7 1.7 1.5
v -1.7 2 1.5
v -1.7 2.4 1.5
v -1.6 2 1.5
v -1.6 2.4 1.5
v 0.2 2.3 1.5
v 0.2 2.4 1.5
v 0.4 2.3 1.5
v 0.4 2.4 1.5
v 1.1 2.3 1.5
v 1.1 2.4 1.5
v 1.3 2.3 1.5
v 1.3 2.4 1.5
v 3.2 0.6 1.5
v 3.2 0.8 1.5
v 3.3 0.6 1.5
v 3.3 0.8 1.5
v -3.4 1.8 1.4
v -3.4 2 1.4
v -3.3 1.5 1.4
v -3.3 1.6 1.4
v -3.3 1.8 1.4
v -3.3 2 1.4
v -3.2 1.4 1.4
v -3.2 1.5 1.4
v -3.2 1.6 1.4
v -3.1 1.3 1.4
v -3.1 1.4 1.4
v -3.1 1.5 1.4
v -3 0.8 1.4
v -3 0.9 1.4
v -3 1.2 1.4
v -3 1.3 1.4
v -3 1.4 1.4
v -2.9 0.8 1.4
v -2.9 0.9 1.4
v -2.9 1.2 1.4
v -2.9 1.3 1.4
v -2.8 1.1 1.4
v -2.8 1.2 1.4
v -2.3 1.1 1.4
v -2.3 1.2 1.4
v -2.1 1.2 1.4
v -2.1 1.3 1.4
v -2 0.8 1.4
v -2 0.9 1.4
v -2 1.2 1.4
v -2 1.3 1.4
v -2 1.4 1.4
v -1.9 0.8 1.4
v -1.9 0.9 1.4
v -1.9 1.3 1.4
v -1.9 1.4 1.4
v -1.9 1.5 1.4
v -1.8 1.4 1.4
v -1.8 1.5 1.4
v -1.8 1.6 1.4
v -1.7 1.5 1.4
v -1.7 1.6 1.4
v -1.7 1.8 1.4
v -1.7 2 1.4
v -1.6 1.8 1.4
v -1.6 2 1.4
v 0.4 2.3 1.4
v 0.4 2.4 1.4
v 1.1 2.3 1.4
v 1.1 2.4 1.4
v -3.4 0.6 1.3
v -3.4 0.8 1.3
v -3.4 1.6 1.3
v -3.4 1.8 1.3
v -3.3 0.6 1.3
v -3.3 0.8 1.3
v -3.3 1.6 1.3
v -3.3 1.8 1.3
v -3.2 1.3 1.3
v -3.2 1.4 1.3
v -3.1 0.8 1.3
v -3.1 0.9 1.3
v -3.1 1.2 1.3
v -3.1 1.3 1.3
v -3.1 1.4 1.3
v -3 0.8 1.3
v -3 0.9 1.3
v -3 1.2 1.3
v -3 1.3 1.3
v -2.9 1.1 1.3
v -2.9 1.2 1.3
v -2.8 0.9 1.3
v -2.8 1 1.3
v -2.8 1.1 1.3
v -2.8 1.2 1.3
v -2.3 1.1 1.3
v -2.3 1.2 1.3
v -2.1 0.9 1.3
v -2.1 1 1.3
v -2.1 1.1 1.3
v -2.1 1.2 1.3
v -2 1.2 1.3
v -2 1.3 1.3
v -1.9 0.8 1.3
v -1.9 0.9 1.3
v -1.9 1.2 1.3
v -1.9 1.3 1.3
v -1.9 1.4 1.3
v -1.8 0.8 1.3
v -1.8 0.9 1.3
v -1.8 1.3 1.3
v -1.8 1.4 1.3
v -1.7 1.6 1.3
v -1.7 1.8 1.3
v -1.6 1.6 1.3
v -1.6 1.8 1.3
v 3.3 0.6 1.3
v 3.3 0.8 1.3
v 3.4 0.6 1.3
v 3.4 0.8 1.3
v -3.5 0.6 1.2
v -3.5 0.8 1.2
v -3.5 1.9 1.2
v -3.5 2.4 1.2
v -3.4 0.6 1.2
v -3.4 0.8 1.2
v -3.4 1.9 1.2
v -3.4 2.4 1.2
v -3.3 1.4 1.2
v -3.3 1.5 1.2
v -3.2 1.4 1.2
v -3.2 1.5 1.2
v -3 1.1 1.2
v -3 1.2 1.2
v -2.9 0.9 1.2
v -2.9 1 1.2
v -2.9 1.1 1.2
v -2.9 1.2 1.2
v -2.8 0.9 1.2
v -2.8 1 1.2
v -2.7 1 1.2
v -2.7 1.1 1.2
v -2.4 1 1.2
v -2.4 1.1 1.2
v -2.1 0.9 1.2
v -2.1 1 1.2
v -2.1 1.1 1.2
v -2.1 1.2 1.2
v -2 0.9 1.2
v -2 1 1.2
v -2 1.1 1.2
v -2 1.2 1.2
v -1.8 1.4 1.2
v -1.8 1.5 1.2
v -1.7 1.4 1.2
v -1.7 1.5 1.2
v -1.6 1.9 1.2
v -1.6 2.4 1.2
v -1.5 1.9 1.2
v -1.5 2.4 1.2
v 3.4 0.6 1.2
v 3.4 0.8 1.2
v 3.5 0.6 1.2
v 3.5 0.8 1.2
v -4.3 2.1 1.1
v -4.3 2.4 1.1
v -4.2 1.9 1.1
v -4.2 2.1 1.1
v -4.2 2.2 1.1
v -4.2 2.3 1.1
v -4.2 2.4 1.1
v -4.2 2.6 1.1
v -4.1 1.8 1.1
v -4.1 1.9 1.1
v -4.1 2 1.1
v -4.1 2.2 1.1
v -4.1 2.3 1.1
v -4.1 2.4 1.1
v -4 1.7 1.1
v -4 1.8 1.1
v -4 1.9 1.1
v -4 2 1.1
v -4 2.4 1.1
v -4 2.5 1.1
v -3.9 1.8 1.1
v -3.9 1.9 1.1
v -3.9 2.3 1.1
v -3.9 2.5 1.1
v -3.8 2.4 1.1
v -3.8 2.6 1.1
v -3.5 1.7 1.1
v -3.5 1.8 1.1
v -3.5 1.9 1.1
v -3.5 2.3 1.1
v -3.5 2.4 1.1
v -3.4 1.5 1.1
v -3.4 1.6 1.1
v -3.4 1.8 1.1
v -3.4 1.9 1.1
v -3.3 1.5 1.1
v -3.3 1.6 1.1
v -3.2 0.8 1.1
v -3.2 0.9 1.1
v -3.1 0.8 1.1
v -3.1 0.9 1.1
v -2.8 1 1.1
v -2.8 1.1 1.1
v -2.7 1 1.1
v -2.7 1.1 1.1
v -2.4 1 1.1
v -2.4 1.1 1.1
v -2.3 1 1.1
v -2.3 1.1 1.1
v -1.8 0.8 1.1
v -1.8 0.9 1.1
v -1.7 0.8 1.1
v -1.7 0.9 1.1
v -1.7 1.5 1.1
v -1.7 1.6 1.1
v -1.6 1.5 1.1
v -1.6 1.6 1.1
v -1.6 1.8 1.1
v -1.6 1.9 1.1
v -1.5 1.8 1.1
v -1.5 1.9 1.1
v -3 0.9 1
v -3 1 1
v -2.9 0.9 1
v -2.9 1 1
v -2 0.9 1
v -2 1 1
v -1.9 0.9 1
v -1.9 1 1
v -3.6 0.6 0.9
v -3.6 0.8 0.9
v -3.5 0.6 0.9
v -3.5 0.8 0.9
v -3.5 1.7 0.9
v -3.5 1.8 0.9
v -3.4 1.7 0.9
v -3.4 1.8 0.9
v -3.2 1.2 0.9
v -3.2 1.3 0.9
v -3.1 1.2 0.9
v -3.1 1.3 0.9
v -1.9 1.2 0.9
v -1.9 1.3 0.9
v -1.8 1.2 0.9
v -1.8 1.3 0.9
v -1.6 1.7 0.9
v -1.6 1.8 0.9
v -1.5 1.7 0.9
v -1.5 1.8 0.9
v 3.5 0.6 0.9
v 3.5 0.8 0.9
v 3.6 0.6 0.9
v 3.6 0.8 0.9
v -3.7 0.6 0.6
v -3.7 0.8 0.6
v -3.6 0.6 0.6
v -3.6 0.8 0.6
v 3.6 0.6 0.6
v 3.6 0.8 0.6
v 3.7 0.6 0.6
v 3.7 0.8 0.6
v -3.4 2.3 0.5
v -3.4 2.4 0.5
v -3.3 2.3 0.5
v -3.3 2.4 0.5
v -1.7 2.3 0.5
v -1.7 2.4 0.5
v -1.6 2.3 0.5
v -1.6 2.4 0.5
v -3.3 2.3 0.3
v -3.3 2.4 0.3
v -3.2 2.3 0.3
v -3.2 2.4 0.3
v -1.8 2.3 0.3
v -1.8 2.4 0.3
v -1.7 2.3 0.3
v -1.7 2.4 0.3
v -3.8 0.6 0.2
v -3.8 0.8 0.2
v -3.7 0.6 0.2
v -3.7 0.8 0.2
v -3.2 2.3 0.2
v -3.2 2.4 0.2
v -3.1 2.3 0.2
v -3.1 2.4 0.2
v -1.9 2.3 0.2
v -1.9 2.4 0.2
v -1.8 2.3 0.2
v -1.8 2.4 0.2
v 3.7 0.6 0.2
v 3.7 0.8 0.2
v 3.8 0.6 0.2
v 3.8 0.8 0.2
v -3.1 2.3 0.0999999
v -3.1 2.4 0.0999999
v -3 2.3 0.0999999
v -3 2.4 0.0999999
v -2 2.3 0.0999999
v -2 2.4 0.0999999
v -1.9 2.3 0.0999999
v -1.9 2.4 0.0999999
v 2.2 2 0.0999999
v 2.2 2.2 0.0999999
v 2.3 1.9 0.0999999
v 2.3 2 0.0999999
v 2.3 2.2 0.0999999
v 2.3 2.3 0.0999999
v 2.4 2.3 0.0999999
v 2.4 2.4 0.0999999
v 2.5 2.3 0.0999999
v 2.5 2.4 0.0999999
v 2.6 1.9 0.0999999
v 2.6 2 0.0999999
v 2.6 2.2 0.0999999
v 2.6 2.3 0.0999999
v 2.7 2 0.0999999
v 2.7 2.2 0.0999999
v -3 2.3 0
v -3 2.4 0
v -2.9 2.3 0
v -2.9 2.4 0
v -2.1 2.3 0
v -2.1 2.4 0
v -2 2.3 0
v -2 2.4 0
v 1.9 1.8 0
v 1.9 2.4 0
v 2 1.7 0
v 2 1.8 0
v 2.2 1.6 0
v 2.2 1.7 0
v 2.2 2 0
v 2.2 2.2 0
v 2.3 1.9 0
v 2.3 2 0
v 2.3 2.2 0
v 2.3 2.3 0
v 2.4 2.3 0
v 2.4 2.4 0
v 2.5 2.3 0
v 2.5 2.4 0
v 2.6 1.9 0
v 2.6 2 0
v 2.6 2.2 0
v 2.6 2.3 0
v 2.7 1.6 0
v 2.7 1.7 0
v 2.7 2 0
v 2.7 2.2 0
v 2.9 1.7 0
v 2.9 1.8 0
v 3 1.8 0
v 3 2.4 0
v -2.9 2.3 -0.0999999
v -2.9 2.4 -0.0999999
v -2.1 2.3 -0.0999999
v -2.1 2.4 -0.0999999
v 1.7 1.7 -0.0999999
v 1.7 2.4 -0.0999999
v 1.9 1.6 -0.0999999
v 1.9 1.7 -0.0999999
v 1.9 1.8 -0.0999999
v 1.9 2.4 -0.0999999
v 2 1.5 -0.0999999
v 2 1.6 -0.0999999
v 2 1.7 -0.0999999
v 2 1.8 -0.0999999
v 2.2 1.6 -0.0999999
v 2.2 1.7 -0.0999999
v 2.3 1.4 -0.0999999
v 2.3 1.5 -0.0999999
v 2.6 1.4 -0.0999999
v 2.6 1.5 -0.0999999
v 2.7 1.6 -0.0999999
v 2.7 1.7 -0.0999999
v 2.9 1.5 -0.0999999
v 2.9 1.6 -0.0999999
v 2.9 1.7 -0.0999999
v 2.9 1.8 -0.0999999
v 3 1.6 -0.0999999
v 3 1.7 -0.0999999
v 3 1.8 -0.0999999
v 3 2.4 -0.0999999
v 3.1 1.7 -0.0999999
v 3.1 2.4 -0.0999999
v 1.6 1.7 -0.2
v 1.6 2.4 -0.2
v 1.7 1.5 -0.2
v 1.7 1.7 -0.2
v 1.7 2.4 -0.2
v 1.9 1.4 -0.2
v 1.9 1.5 -0.2
v 1.9 1.6 -0.2
v 1.9 1.7 -0.2
v 2 1.5 -0.2
v 2 1.6 -0.2
v 2.2 1.3 -0.2
v 2.2 1.4 -0.2
v 2.3 1.4 -0.2
v 2.3 1.5 -0.2
v 2.6 1.4 -0.2
v 2.6 1.5 -0.2
v 2.7 1.3 -0.2
v 2.7 1.4 -0.2
v 2.9 1.5 -0.2
v 2.9 1.6 -0.2
v 3 1.4 -0.2
v 3 1.5 -0.2
v 3 1.6 -0.2
v 3 1.7 -0.2
v 3.1 1.5 -0.2
v 3.1 1.7 -0.2
v 3.1 2.4 -0.2
v 3.2 1.7 -0.2
v 3.2 2.4 -0.2
v 1.5 1.7 -0.3
v 1.5 2.4 -0.3
v 1.6 1.5 -0.3
v 1.6 1.7 -0.3
v 1.6 2.4 -0.3
v 1.7 1.4 -0.3
v 1.7 1.5 -0.3
v 1.7 1.7 -0.3
v 1.9 1.3 -0.3
v 1.9 1.4 -0.3
v 1.9 1.5 -0.3
v 2.2 0.8 -0.3
v 2.2 0.9 -0.3
v 2.2 1.2 -0.3
v 2.2 1.3 -0.3
v 2.2 1.4 -0.3
v 2.6 0.8 -0.3
v 2.6 0.9 -0.3
v 2.7 1.2 -0.3
v 2.7 1.3 -0.3
v 2.7 1.4 -0.3
v 3 1.3 -0.3
v 3 1.4 -0.3
v 3 1.5 -0.3
v 3.1 1.4 -0.3
v 3.1 1.5 -0.3
v 3.1 1.7 -0.3
v 3.2 1.5 -0.3
v 3.2 1.7 -0.3
v 3.2 2.4 -0.3
v 3.3 1.7 -0.3
v 3.3 2.4 -0.3
v 1.4 2 -0.4
v 1.4 2.4 -0.4
v 1.5 1.6 -0.4
v 1.5 1.7 -0.4
v 1.5 2 -0.4
v 1.5 2.4 -0.4
v 1.6 1.6 -0.4
v 1.6 1.7 -0.4
v 1.9 0.8 -0.4
v 1.9 0.9 -0.4
v 2 1.2 -0.4
v 2 1.3 -0.4
v 2.2 0.8 -0.4
v 2.2 0.9 -0.4
v 2.2 1.2 -0.4
v 2.2 1.3 -0.4
v 2.6 0.8 -0.4
v 2.6 0.9 -0.4
v 2.7 1.2 -0.4
v 2.7 1.3 -0.4
v 2.9 0.8 -0.4
v 2.9 0.9 -0.4
v 2.9 1.2 -0.4
v 2.9 1.3 -0.4
v 3.2 1.6 -0.4
v 3.2 1.7 -0.4
v 3.3 1.6 -0.4
v 3.3 1.7 -0.4
v 3.3 2 -0.4
v 3.3 2.4 -0.4
v 3.4 2 -0.4
v 3.4 2.4 -0.4
v 1.4 1.8 -0.5
v 1.4 2 -0.5
v 1.5 1.5 -0.5
v 1.5 1.6 -0.5
v 1.5 1.8 -0.5
v 1.5 2 -0.5
v 1.6 1.4 -0.5
v 1.6 1.5 -0.5
v 1.6 1.6 -0.5
v 1.7 0.8 -0.5
v 1.7 0.9 -0.5
v 1.7 1.3 -0.5
v 1.7 1.4 -0.5
v 1.7 1.5 -0.5
v 1.9 0.8 -0.5
v 1.9 0.9 -0.5
v 1.9 1.2 -0.5
v 1.9 1.3 -0.5
v 1.9 1.4 -0.5
v 2 1.2 -0.5
v 2 1.3 -0.5
v 2.2 1.1 -0.5
v 2.2 1.2 -0.5
v 2.7 1.1 -0.5
v 2.7 1.2 -0.5
v 2.9 0.8 -0.5
v 2.9 0.9 -0.5
v 2.9 1.2 -0.5
v 2.9 1.3 -0.5
v 3 0.8 -0.5
v 3 0.9 -0.5
v 3 1.2 -0.5
v 3 1.3 -0.5
v 3 1.4 -0.5
v 3.1 1.3 -0.5
v 3.1 1.4 -0.5
v 3.1 1.5 -0.5
v 3.2 1.4 -0.5
v 3.2 1.5 -0.5
v 3.2 1.6 -0.5
v 3.3 1.5 -0.5
v 3.3 1.6 -0.5
v 3.3 1.8 -0.5
v 3.3 2 -0.5
v 3.4 1.8 -0.5
v 3.4 2 -0.5
v 1.4 1.6 -0.6
v 1.4 1.8 -0.6
v 1.5 1.6 -0.6
v 1.5 1.8 -0.6
v 1.6 0.8 -0.6
v 1.6 0.9 -0.6
v 1.6 1.3 -0.6
v 1.6 1.4 -0.6
v 1.7 0.8 -0.6
v 1.7 0.9 -0.6
v 1.7 1.2 -0.6
v 1.7 1.3 -0.6
v 1.7 1.4 -0.6
v 1.9 1.2 -0.6
v 1.9 1.3 -0.6
v 2 0.9 -0.6
v 2 1 -0.6
v 2 1.1 -0.6
v 2 1.2 -0.6
v 2.2 1.1 -0.6
v 2.2 1.2 -0.6
v 2.7 0.9 -0.6
v 2.7 1 -0.6
v 2.7 1.1 -0.6
v 2.7 1.2 -0.6
v 2.9 1.1 -0.6
v 2.9 1.2 -0.6
v 3 0.8 -0.6
v 3 0.9 -0.6
v 3 1.2 -0.6
v 3 1.3 -0.6
v 3.1 0.8 -0.6
v 3.1 0.9 -0.6
v 3.1 1.2 -0.6
v 3.1 1.3 -0.6
v 3.1 1.4 -0.6
v 3.2 1.3 -0.6
v 3.2 1.4 -0.6
v 3.3 1.6 -0.6
v 3.3 1.8 -0.6
v 3.4 1.6 -0.6
v 3.4 1.8 -0.6
v 1.3 1.9 -0.7
v 1.3 2.4 -0.7
v 1.4 1.9 -0.7
v 1.4 2.4 -0.7
v 1.5 1.4 -0.7
v 1.5 1.5 -0.7
v 1.6 1.4 -0.7
v 1.6 1.5 -0.7
v 1.9 0.9 -0.7
v 1.9 1 -0.7
v 1.9 1.1 -0.7
v 1.9 1.2 -0.7
v 2 0.9 -0.7
v 2 1 -0.7
v 2 1.1 -0.7
v 2 1.2 -0.7
v 2.3 1 -0.7
v 2.3 1.1 -0.7
v 2.6 1 -0.7
v 2.6 1.1 -0.7
v 2.7 0.9 -0.7
v 2.7 1 -0.7
v 2.9 0.9 -0.7
v 2.9 1 -0.7
v 2.9 1.1 -0.7
v 2.9 1.2 -0.7
v 3 1.1 -0.7
v 3 1.2 -0.7
v 3.2 1.4 -0.7
v 3.2 1.5 -0.7
v 3.3 1.4 -0.7
v 3.3 1.5 -0.7
v 3.4 1.9 -0.7
v 3.4 2.4 -0.7
v 3.5 1.9 -0.7
v 3.5 2.4 -0.7
v 1.3 1.8 -0.8
v 1.3 1.9 -0.8
v 1.4 1.5 -0.8
v 1.4 1.6 -0.8
v 1.4 1.8 -0.8
v 1.4 1.9 -0.8
v 1.5 0.8 -0.8
v 1.5 0.9 -0.8
v 1.5 1.5 -0.8
v 1.5 1.6 -0.8
v 1.6 0.8 -0.8
v 1.6 0.9 -0.8
v 2.2 1 -0.8
v 2.2 1.1 -0.8
v 2.3 1 -0.8
v 2.3 1.1 -0.8
v 2.6 1 -0.8
v 2.6 1.1 -0.8
v 2.7 1 -0.8
v 2.7 1.1 -0.8
v 3.1 0.8 -0.8
v 3.1 0.9 -0.8
v 3.2 0.8 -0.8
v 3.2 0.9 -0.8
v 3.3 1.5 -0.8
v 3.3 1.6 -0.8
v 3.4 1.5 -0.8
v 3.4 1.6 -0.8
v 3.4 1.8 -0.8
v 3.4 1.9 -0.8
v 3.5 1.8 -0.8
v 3.5 1.9 -0.8
v 3.5 2.3 -0.8
v 3.5 2.4 -0.8
v 3.8 2.4 -0.8
v 3.8 2.6 -0.8
v 4 2.3 -0.8
v 4 2.5 -0.8
v 4.2 2.1 -0.8
v 4.2 2.2 -0.8
v 4.2 2.3 -0.8
v 4.2 2.5 -0.8
v 4.3 2.2 -0.8
v 4.3 2.3 -0.8
v 4.3 2.4 -0.8
v 4.3 2.6 -0.8
v 4.4 2.1 -0.8
v 4.4 2.4 -0.8
v 1.7 0.9 -0.9
v 1.7 1 -0.9
v 1.9 0.9 -0.9
v 1.9 1 -0.9
v 2.9 0.9 -0.9
v 2.9 1 -0.9
v 3 0.9 -0.9
v 3 1 -0.9
v 3.5 1.7 -0.9
v 3.5 1.8 -0.9
v 4 1.8 -0.9
v 4 1.9 -0.9
v 4.1 1.7 -0.9
v 4.1 1.8 -0.9
v 4.1 1.9 -0.9
v 4.1 2 -0.9
v 4.2 1.8 -0.9
v 4.2 1.9 -0.9
v 4.2 2 -0.9
v 4.2 2.1 -0.9
v 4.3 1.9 -0.9
v 4.3 2.1 -0.9
v 1.3 1.7 -1
v 1.3 1.8 -1
v 1.4 1.7 -1
v 1.4 1.8 -1
v 1.6 1.2 -1
v 1.6 1.3 -1
v 1.7 1.2 -1
v 1.7 1.3 -1
v 3.1 1.2 -1
v 3.1 1.3 -1
v 3.2 1.2 -1
v 3.2 1.3 -1
v 3.4 1.7 -1
v 3.4 1.8 -1
v 3.5 1.7 -1
v 3.5 1.8 -1
v 4.1 2.4 -1.2
v 4.1 2.5 -1.2
v 4.2 2.4 -1.2
v 4.2 2.5 -1.2
v 3.3 2.3 -1.3
v 3.3 2.4 -1.3
v 3.4 2.3 -1.3
v 3.4 2.4 -1.3
v -1.4 1.9 -1.4
v -1.4 2.4 -1.4
v -1.3 1.8 -1.4
v -1.3 1.9 -1.4
v -1.1 1.7 -1.4
v -1.1 1.8 -1.4
v -1 1.7 -1.4
v -1 1.8 -1.4
v -0.8 1.8 -1.4
v -0.8 1.9 -1.4
v -0.7 1.9 -1.4
v -0.7 2.4 -1.4
v 1.4 2.3 -1.4
v 1.4 2.4 -1.4
v 1.5 2.3 -1.4
v 1.5 2.4 -1.4
v -1.7 2 -1.5
v -1.7 2.4 -1.5
v -1.6 1.8 -1.5
v -1.6 2 -1.5
v -1.5 1.6 -1.5
v -1.5 1.8 -1.5
v -1.4 1.9 -1.5
v -1.4 2.4 -1.5
v -1.3 1.5 -1.5
v -1.3 1.6 -1.5
v -1.3 1.8 -1.5
v -1.3 1.9 -1.5
v -1.1 1.7 -1.5
v -1.1 1.8 -1.5
v -1 1.7 -1.5
v -1 1.8 -1.5
v -0.8 1.5 -1.5
v -0.8 1.6 -1.5
v -0.8 1.8 -1.5
v -0.8 1.9 -1.5
v -0.7 1.9 -1.5
v -0.7 2.4 -1.5
v -0.6 1.6 -1.5
v -0.6 1.8 -1.5
v -0.5 1.8 -1.5
v -0.5 2 -1.5
v -0.4 2 -1.5
v -0.4 2.4 -1.5
v -1.8 1.7 -1.6
v -1.8 2.4 -1.6
v -1.7 1.6 -1.6
v -1.7 1.7 -1.6
v -1.7 2 -1.6
v -1.7 2.4 -1.6
v -1.6 1.5 -1.6
v -1.6 1.6 -1.6
v -1.6 1.8 -1.6
v -1.6 2 -1.6
v -1.5 1.6 -1.6
v -1.5 1.8 -1.6
v -1.4 1.4 -1.6
v -1.4 1.5 -1.6
v -1.3 0.8 -1.6
v -1.3 0.9 -1.6
v -1.3 1.5 -1.6
v -1.3 1.6 -1.6
v -0.8 0.8 -1.6
v -0.8 0.9 -1.6
v -0.8 1.5 -1.6
v -0.8 1.6 -1.6
v -0.7 1.4 -1.6
v -0.7 1.5 -1.6
v -0.6 1.6 -1.6
v -0.6 1.8 -1.6
v -0.5 1.5 -1.6
v -0.5 1.6 -1.6
v -0.5 1.8 -1.6
v -0.5 2 -1.6
v -0.4 1.6 -1.6
v -0.4 1.7 -1.6
v -0.4 2 -1.6
v -0.4 2.4 -1.6
v -0.3 1.7 -1.6
v -0.3 2.4 -1.6
v 1.5 2.3 -1.6
v 1.5 2.4 -1.6
v 1.6 2.3 -1.6
v 1.6 2.4 -1.6
v 3.2 2.3 -1.6
v 3.2 2.4 -1.6
v 3.3 2.3 -1.6
v 3.3 2.4 -1.6
v -1.9 1.7 -1.7
v -1.9 2.4 -1.7
v -1.8 1.5 -1.7
v -1.8 1.7 -1.7
v -1.8 2.4 -1.7
v -1.7 1.6 -1.7
v -1.7 1.7 -1.7
v -1.6 1.4 -1.7
v -1.6 1.5 -1.7
v -1.6 1.6 -1.7
v -1.5 0.8 -1.7
v -1.5 0.9 -1.7
v -1.5 1.3 -1.7
v -1.5 1.4 -1.7
v -1.4 1.4 -1.7
v -1.4 1.5 -1.7
v -1.3 0.8 -1.7
v -1.3 0.9 -1.7
v -1.1 1.2 -1.7
v -1.1 1.3 -1.7
v -1 1.2 -1.7
v -1 1.3 -1.7
v -0.8 0.8 -1.7
v -0.8 0.9 -1.7
v -0.7 1.4 -1.7
v -0.7 1.5 -1.7
v -0.6 0.8 -1.7
v -0.6 0.9 -1.7
v -0.6 1.3 -1.7
v -0.6 1.4 -1.7
v -0.5 1.4 -1.7
v -0.5 1.5 -1.7
v -0.5 1.6 -1.7
v -0.4 1.6 -1.7
v -0.4 1.7 -1.7
v -0.3 1.5 -1.7
v -0.3 1.7 -1.7
v -0.3 2.4 -1.7
v -0.2 1.7 -1.7
v -0.2 2.4 -1.7
v 1.6 2.3 -1.7
v 1.6 2.4 -1.7
v 1.7 2.3 -1.7
v 1.7 2.4 -1.7
v 3.1 2.3 -1.7
v 3.1 2.4 -1.7
v 3.2 2.3 -1.7
v 3.2 2.4 -1.7
v -2 1.7 -1.8
v -2 2.4 -1.8
v -1.9 1.5 -1.8
v -1.9 1.7 -1.8
v -1.9 2.4 -1.8
v -1.8 1.4 -1.8
v -1.8 1.5 -1.8
v -1.8 1.7 -1.8
v -1.6 0.8 -1.8
v -1.6 0.9 -1.8
v -1.6 1.3 -1.8
v -1.6 1.4 -1.8
v -1.6 1.5 -1.8
v -1.5 0.8 -1.8
v -1.5 0.9 -1.8
v -1.5 1.2 -1.8
v -1.5 1.3 -1.8
v -1.5 1.4 -1.8
v -1.2 0.9 -1.8
v -1.2 1 -1.8
v -1.1 1.2 -1.8
v -1.1 1.3 -1.8
v -1 1.2 -1.8
v -1 1.3 -1.8
v -0.9 0.9 -1.8
v -0.9 1 -1.8
v -0.6 0.8 -1.8
v -0.6 0.9 -1.8
v -0.6 1.2 -1.8
v -0.6 1.3 -1.8
v -0.6 1.4 -1.8
v -0.5 0.8 -1.8
v -0.5 0.9 -1.8
v -0.5 1.3 -1.8
v -0.5 1.4 -1.8
v -0.5 1.5 -1.8
v -0.3 1.4 -1.8
v -0.3 1.5 -1.8
v -0.3 1.7 -1.8
v -0.2 1.5 -1.8
v -0.2 1.7 -1.8
v -0.2 2.4 -1.8
v -0.0999999 1.7 -1.8
v -0.0999999 2.4 -1.8
v 1.7 2.3 -1.8
v 1.7 2.4 -1.8
v 1.9 2.3 -1.8
v 1.9 2.4 -1.8
v 3 2.3 -1.8
v 3 2.4 -1.8
v 3.1 2.3 -1.8
v 3.1 2.4 -1.8
v 1.9 2.3 -1.9
v 1.9 2.4 -1.9
v 2 2.3 -1.9
v 2 2.4 -1.9
v 2.9 2.3 -1.9
v 2.9 2.4 -1.9
v 3 2.3 -1.9
v 3 2.4 -1.9
v -2.1 1.8 -2
v -2.1 2.4 -2
v -2 1.6 -2
v -2 1.7 -2
v -2 1.8 -2
v -2 2.4 -2
v -1.9 1.4 -2
v -1.9 1.5 -2
v -1.9 1.6 -2
v -1.9 1.7 -2
v -1.8 1.3 -2
v -1.8 1.4 -2
v -1.8 1.5 -2
v -1.7 0.8 -2
v -1.7 0.9 -2
v -1.6 0.8 -2
v -1.6 0.9 -2
v -1.6 1.2 -2
v -1.6 1.3 -2
v -1.6 1.4 -2
v -1.5 1.2 -2
v -1.5 1.3 -2
v -1.4 0.9 -2
v -1.4 1 -2
v -1.4 1.1 -2
v -1.4 1.2 -2
v -1.2 0.9 -2
v -1.2 1 -2
v -0.9 0.9 -2
v -0.9 1 -2
v -0.7 0.9 -2
v -0.7 1 -2
v -0.7 1.1 -2
v -0.7 1.2 -2
v -0.6 1.2 -2
v -0.6 1.3 -2
v -0.5 0.8 -2
v -0.5 0.9 -2
v -0.5 1.2 -2
v -0.5 1.3 -2
v -0.5 1.4 -2
v -0.4 0.8 -2
v -0.4 0.9 -2
v -0.3 1.3 -2
v -0.3 1.4 -2
v -0.3 1.5 -2
v -0.2 1.4 -2
v -0.2 1.5 -2
v -0.2 1.6 -2
v -0.2 1.7 -2
v -0.0999999 1.6 -2
v -0.0999999 1.7 -2
v -0.0999999 1.8 -2
v -0.0999999 2.4 -2
v 0 1.8 -2
v 0 2.4 -2
v 2 2.3 -2
v 2 2.4 -2
v 2.2 2.3 -2
v 2.2 2.4 -2
v 2.7 2.3 -2
v 2.7 2.4 -2
v 2.9 2.3 -2
v 2.9 2.4 -2
v -2.1 1.7 -2.1
v -2.1 1.8 -2.1
v -2 1.5 -2.1
v -2 1.6 -2.1
v -2 1.7 -2.1
v -2 1.8 -2.1
v -1.9 1.5 -2.1
v -1.9 1.6 -2.1
v -1.7 1.2 -2.1
v -1.7 1.3 -2.1
v -1.6 1.2 -2.1
v -1.6 1.3 -2.1
v -1.5 0.9 -2.1
v -1.5 1 -2.1
v -1.5 1.1 -2.1
v -1.5 1.2 -2.1
v -1.4 0.9 -2.1
v -1.4 1 -2.1
v -1.4 1.1 -2.1
v -1.4 1.2 -2.1
v -0.7 0.9 -2.1
v -0.7 1 -2.1
v -0.7 1.1 -2.1
v -0.7 1.2 -2.1
v -0.6 0.9 -2.1
v -0.6 1 -2.1
v -0.6 1.1 -2.1
v -0.6 1.2 -2.1
v -0.5 1.2 -2.1
v -0.5 1.3 -2.1
v -0.4 1.2 -2.1
v -0.4 1.3 -2.1
v -0.2 1.5 -2.1
v -0.2 1.6 -2.1
v -0.0999999 1.5 -2.1
v -0.0999999 1.6 -2.1
v -0.0999999 1.7 -2.1
v -0.0999999 1.8 -2.1
v 0 1.7 -2.1
v 0 1.8 -2.1
v 2.2 2.3 -2.1
v 2.2 2.4 -2.1
v 2.7 2.3 -2.1
v 2.7 2.4 -2.1
v -2.2 2 -2.2
v -2.2 2.4 -2.2
v -2.1 1.6 -2.2
v -2.1 1.7 -2.2
v -2.1 2 -2.2
v -2.1 2.4 -2.2
v -2 1.6 -2.2
v -2 1.7 -2.2
v -1.9 1.3 -2.2
v -1.9 1.4 -2.2
v -1.8 0.8 -2.2
v -1.8 0.9 -2.2
v -1.8 1.2 -2.2
v -1.8 1.3 -2.2
v -1.8 1.4 -2.2
v -1.7 0.8 -2.2
v -1.7 0.9 -2.2
v -1.7 1.2 -2.2
v -1.7 1.3 -2.2
v -1.6 1.1 -2.2
v -1.6 1.2 -2.2
v -1.5 1.1 -2.2
v -1.5 1.2 -2.2
v -1.3 1 -2.2
v -1.3 1.1 -2.2
v -0.8 1 -2.2
v -0.8 1.1 -2.2
v -0.6 1.1 -2.2
v -0.6 1.2 -2.2
v -0.5 1.1 -2.2
v -0.5 1.2 -2.2
v -0.4 0.8 -2.2
v -0.4 0.9 -2.2
v -0.4 1.2 -2.2
v -0.4 1.3 -2.2
v -0.3 0.8 -2.2
v -0.3 0.9 -2.2
v -0.3 1.2 -2.2
v -0.3 1.3 -2.2
v -0.3 1.4 -2.2
v -0.2 1.3 -2.2
v -0.2 1.4 -2.2
v -0.0999999 1.6 -2.2
v -0.0999999 1.7 -2.2
v 0 1.6 -2.2
v 0 1.7 -2.2
v 0 2 -2.2
v 0 2.2 -2.2
v 0.0999999 2 -2.2
v 0.0999999 2.2 -2.2
v -2.2 1.9 -2.3
v -2.2 2 -2.3
v -2.1 1.9 -2.3
v -2.1 2 -2.3
v -2 1.4 -2.3
v -2 1.5 -2.3
v -1.9 1.4 -2.3
v -1.9 1.5 -2.3
v -1.4 1 -2.3
v -1.4 1.1 -2.3
v -1.3 1 -2.3
v -1.3 1.1 -2.3
v -0.8 1 -2.3
v -0.8 1.1 -2.3
v -0.7 1 -2.3
v -0.7 1.1 -2.3
v -0.2 1.4 -2.3
v -0.2 1.5 -2.3
v -0.0999999 1.4 -2.3
v -0.0999999 1.5 -2.3
v 0 1.9 -2.3
v 0 2 -2.3
v 0 2.2 -2.3
v 0 2.3 -2.3
v 0.0999999 1.9 -2.3
v 0.0999999 2 -2.3
v 0.0999999 2.2 -2.3
v 0.0999999 2.3 -2.3
v 0 2.3 -2.4
v 0 2.4 -2.4
v 0.0999999 2.3 -2.4
v 0.0999999 2.4 -2.4
v -2.1 2.3 -2.7
v -2.1 2.4 -2.7
v -2 2.3 -2.7
v -2 2.4 -2.7
v -2 2.3 -2.9
v -2 2.4 -2.9
v -1.9 2.3 -2.9
v -1.9 2.4 -2.9
v -0.2 2.3 -2.9
v -0.2 2.4 -2.9
v -0.0999999 2.3 -2.9
v -0.0999999 2.4 -2.9
v -1.9 2.3 -3
v -1.9 2.4 -3
v -1.8 2.3 -3
v -1.8 2.4 -3
v -0.3 2.3 -3
v -0.3 2.4 -3
v -0.2 2.3 -3
v -0.2 2.4 -3
v -1.8 2.3 -3.1
v -1.8 2.4 -3.1
v -1.7 2.3 -3.1
v -1.7 2.4 -3.1
v -0.4 2.3 -3.1
v -0.4 2.4 -3.1
v -0.3 2.3 -3.1
v -0.3 2.4 -3.1
v -1.7 2.3 -3.2
v -1.7 2.4 -3.2
v -1.6 2.3 -3.2
v -1.6 2.4 -3.2
v -0.5 2.3 -3.2
v -0.5 2.4 -3.2
v -0.4 2.3 -3.2
v -0.4 2.4 -3.2
v -1.6 2.3 -3.3
v -1.6 2.4 -3.3
v -1.3 2.3 -3.3
v -1.3 2.4 -3.3
v -0.7 2.3 -3.3
v -0.7 2.4 -3.3
v -0.5 2.3 -3.3
v -0.5 2.4 -3.3
v -1.3 2.3 -3.4
v -1.3 2.4 -3.4
v -0.7 2.3 -3.4
v -0.7 2.4 -3.4
v -1.3 1.7 -3.5
v -1.3 1.8 -3.5
v -1.1 1.7 -3.5
v -1.1 1.8 -3.5
v -1 1.7 -3.5
v -1 1.8 -3.5
v -0.9 1.7 -3.5
v -0.9 1.8 -3.5
v -1.3 2.4 -3.7
v -1.3 2.6 -3.7
v -0.8 2.4 -3.7
v -0.8 2.6 -3.7
v -1.3 1.8 -3.9
v -1.3 1.9 -3.9
v -0.9 1.8 -3.9
v -0.9 1.9 -3.9
v -1.3 1.9 -4
v -1.3 2 -4
v -1.3 2.4 -4
v -1.3 2.5 -4
v -1.2 2.4 -4
v -1.2 2.5 -4
v -0.9 1.9 -4
v -0.9 2 -4
v -1.3 2 -4.1
v -1.3 2.2 -4.1
v -1.3 2.3 -4.1
v -1.3 2.4 -4.1
v -1.2 2.4 -4.1
v -1.2 2.5 -4.1
v -0.9 2 -4.1
v -0.9 2.1 -4.1
v -0.8 2.1 -4.1
v -0.8 2.2 -4.1
v -0.8 2.3 -4.1
v -0.8 2.5 -4.1
v -1.3 2.2 -4.2
v -1.3 2.3 -4.2
v -0.8 2.2 -4.2
v -0.8 2.3 -4.2
v 0.5 2.2 4.2
v 0.5 2.3 4.2
v 1 2.2 4.2
v 1 2.3 4.2
v 0.5 2.1 4.1
v 0.5 2.2 4.1
v 0.5 2.3 4.1
v 0.5 2.5 4.1
v 0.6 2 4.1
v 0.6 2.1 4.1
v 0.9 2.4 4.1
v 0.9 2.5 4.1
v 1 2 4.1
v 1 2.2 4.1
v 1 2.3 4.1
v 1 2.4 4.1
v 0.6 1.9 4
v 0.6 2 4
v 0.9 2.4 4
v 0.9 2.5 4
v 1 1.9 4
v 1 2 4
v 1 2.4 4
v 1 2.5 4
v 0.6 1.8 3.9
v 0.6 1.9 3.9
v 1 1.8 3.9
v 1 1.9 3.9
v 0.5 2.4 3.8
v 0.5 2.6 3.8
v 1 2.4 3.8
v 1 2.6 3.8
v 0.6 1.7 3.4
v 0.6 1.8 3.4
v 0.7 1.7 3.4
v 0.7 1.8 3.4
v 0.8 1.7 3.4
v 0.8 1.8 3.4
v 1 1.7 3.4
v 1 1.8 3.4
v 0.4 2.3 3.3
v 0.4 2.4 3.3
v 1 2.3 3.3
v 1 2.4 3.3
v 0.2 2.3 3.2
v 0.2 2.4 3.2
v 0.4 2.3 3.2
v 0.4 2.4 3.2
v 1 2.3 3.2
v 1 2.4 3.2
v 1.3 2.3 3.2
v 1.3 2.4 3.2
v 0.0999999 2.3 3.1
v 0.0999999 2.4 3.1
v 0.2 2.3 3.1
v 0.2 2.4 3.1
v 1.3 2.3 3.1
v 1.3 2.4 3.1
v 1.4 2.3 3.1
v 1.4 2.4 3.1
v 0 2.3 3
v 0 2.4 3
v 0.0999999 2.3 3
v 0.0999999 2.4 3
v 1.4 2.3 3
v 1.4 2.4 3
v 1.5 2.3 3
v 1.5 2.4 3
v -0.0999999 2.3 2.9
v -0.0999999 2.4 2.9
v 0 2.3 2.9
v 0 2.4 2.9
v 1.5 2.3 2.9
v 1.5 2.4 2.9
v 1.6 2.3 2.9
v 1.6 2.4 2.9
v -0.2 2.3 2.8
v -0.2 2.4 2.8
v -0.0999999 2.3 2.8
v -0.0999999 2.4 2.8
v 1.6 2.3 2.8
v 1.6 2.4 2.8
v 1.7 2.3 2.8
v 1.7 2.4 2.8
v 1.7 2.3 2.7
v 1.7 2.4 2.7
v 1.8 2.3 2.7
v 1.8 2.4 2.7
v -0.4 2.3 2.4
v -0.4 2.4 2.4
v -0.3 2.3 2.4
v -0.3 2.4 2.4
v -0.4 1.9 2.3
v -0.4 2 2.3
v -0.4 2.2 2.3
v -0.4 2.3 2.3
v -0.3 1.9 2.3
v -0.3 2 2.3
v -0.3 2.2 2.3
v -0.3 2.3 2.3
v -0.2 1.4 2.3
v -0.2 1.5 2.3
v -0.0999999 1.4 2.3
v -0.0999999 1.5 2.3
v 0.4 1 2.3
v 0.4 1.1 2.3
v 0.5 1 2.3
v 0.5 1.1 2.3
v 1 1 2.3
v 1 1.1 2.3
v 1.1 1 2.3
v 1.1 1.1 2.3
v 1.6 1.4 2.3
v 1.6 1.5 2.3
v 1.7 1.4 2.3
v 1.7 1.5 2.3
v 1.8 1.9 2.3
v 1.8 2 2.3
v 1.9 1.9 2.3
v 1.9 2 2.3
v -0.4 2 2.2
v -0.4 2.2 2.2
v -0.3 1.6 2.2
v -0.3 1.7 2.2
v -0.3 2 2.2
v -0.3 2.2 2.2
v -0.2 1.6 2.2
v -0.2 1.7 2.2
v -0.0999999 1.3 2.2
v -0.0999999 1.4 2.2
v 0 0.8 2.2
v 0 0.9 2.2
v 0 1.2 2.2
v 0 1.3 2.2
v 0 1.4 2.2
v 0.0999999 0.8 2.2
v 0.0999999 0.9 2.2
v 0.0999999 1.2 2.2
v 0.0999999 1.3 2.2
v 0.2 1.1 2.2
v 0.2 1.2 2.2
v 0.3 1.1 2.2
v 0.3 1.2 2.2
v 0.5 1 2.2
v 0.5 1.1 2.2
v 1 1 2.2
v 1 1.1 2.2
v 1.2 1.1 2.2
v 1.2 1.2 2.2
v 1.3 1.1 2.2
v 1.3 1.2 2.2
v 1.4 0.8 2.2
v 1.4 0.9 2.2
v 1.4 1.2 2.2
v 1.4 1.3 2.2
v 1.5 0.8 2.2
v 1.5 0.9 2.2
v 1.5 1.2 2.2
v 1.5 1.3 2.2
v 1.5 1.4 2.2
v 1.6 1.3 2.2
v 1.6 1.4 2.2
v 1.7 1.6 2.2
v 1.7 1.7 2.2
v 1.8 1.6 2.2
v 1.8 1.7 2.2
v 1.8 2 2.2
v 1.8 2.4 2.2
v 1.9 2 2.2
v 1.9 2.4 2.2
v -2.8 2.3 1.9
v -2.8 2.4 1.9
v -2.3 2.3 1.9
v -2.3 2.4 1.9
v -0.3 1.7 1.9
v -0.3 1.8 1.9
v -0.2 1.5 1.9
v -0.2 1.6 1.9
v -0.2 1.7 1.9
v -0.2 1.8 1.9
v -0.0999999 1.5 1.9
v -0.0999999 1.6 1.9
v 0.0999999 1.2 1.9
v 0.0999999 1.3 1.9
v 0.2 1.2 1.9
v 0.2 1.3 1.9
v 0.3 0.9 1.9
v 0.3 1 1.9
v 0.3 1.1 1.9
v 0.3 1.2 1.9
v 0.4 0.9 1.9
v 0.4 1 1.9
v 0.4 1.1 1.9
v 0.4 1.2 1.9
v 1.1 0.9 1.9
v 1.1 1 1.9
v 1.1 1.1 1.9
v 1.1 1.2 1.9
v 1.2 0.9 1.9
v 1.2 1 1.9
v 1.2 1.1 1.9
v 1.2 1.2 1.9
v 1.3 1.2 1.9
v 1.3 1.3 1.9
v 1.4 1.2 1.9
v 1.4 1.3 1.9
v 1.6 1.5 1.9
v 1.6 1.6 1.9
v 1.7 1.5 1.9
v 1.7 1.6 1.9
v 1.7 1.7 1.9
v 1.7 1.8 1.9
v 1.8 1.7 1.9
v 1.8 1.8 1.9
v -2.9 2.3 1.8
v -2.9 2.4 1.8
v -2.8 2.3 1.8
v -2.8 2.4 1.8
v -2.3 2.3 1.8
v -2.3 2.4 1.8
v -2.1 2.3 1.8
v -2.1 2.4 1.8
v -0.3 1.8 1.8
v -0.3 2.4 1.8
v -0.2 1.6 1.8
v -0.2 1.7 1.8
v -0.2 1.8 1.8
v -0.2 2.4 1.8
v -0.0999999 1.4 1.8
v -0.0999999 1.5 1.8
v -0.0999999 1.6 1.8
v -0.0999999 1.7 1.8
v 0 1.3 1.8
v 0 1.4 1.8
v 0 1.5 1.8
v 0.0999999 0.8 1.8
v 0.0999999 0.9 1.8
v 0.2 0.8 1.8
v 0.2 0.9 1.8
v 0.2 1.2 1.8
v 0.2 1.3 1.8
v 0.2 1.4 1.8
v 0.3 1.2 1.8
v 0.3 1.3 1.8
v 0.4 0.9 1.8
v 0.4 1 1.8
v 0.4 1.1 1.8
v 0.4 1.2 1.8
v 0.6 0.9 1.8
v 0.6 1 1.8
v 0.9 0.9 1.8
v 0.9 1 1.8
v 1.1 0.9 1.8
v 1.1 1 1.8
v 1.1 1.1 1.8
v 1.1 1.2 1.8
v 1.2 1.2 1.8
v 1.2 1.3 1.8
v 1.3 0.8 1.8
v 1.3 0.9 1.8
v 1.3 1.2 1.8
v 1.3 1.3 1.8
v 1.3 1.4 1.8
v 1.4 0.8 1.8
v 1.4 0.9 1.8
v 1.5 1.3 1.8
v 1.5 1.4 1.8
v 1.5 1.5 1.8
v 1.6 1.4 1.8
v 1.6 1.5 1.8
v 1.6 1.6 1.8
v 1.6 1.7 1.8
v 1.7 1.6 1.8
v 1.7 1.7 1.8
v 1.7 1.8 1.8
v 1.7 2.4 1.8
v 1.8 1.8 1.8
v 1.8 2.4 1.8
v -3 2.3 1.7
v -3 2.4 1.7
v -2.9 2.3 1.7
v -2.9 2.4 1.7
v -2.1 2.3 1.7
v -2.1 2.4 1.7
v -2 2.3 1.7
v -2 2.4 1.7
v -0.2 1.7 1.7
v -0.2 2.4 1.7
v -0.0999999 1.5 1.7
v -0.0999999 1.7 1.7
v -0.0999999 2.4 1.7
v 0 1.4 1.7
v 0 1.5 1.7
v 0 1.7 1.7
v 0.2 0.8 1.7
v 0.2 0.9 1.7
v 0.2 1.3 1.7
v 0.2 1.4 1.7
v 0.2 1.5 1.7
v 0.3 0.8 1.7
v 0.3 0.9 1.7
v 0.3 1.2 1.7
v 0.3 1.3 1.7
v 0.3 1.4 1.7
v 0.6 0.9 1.7
v 0.6 1 1.7
v 0.7 1.2 1.7
v 0.7 1.3 1.7
v 0.8 1.2 1.7
v 0.8 1.3 1.7
v 0.9 0.9 1.7
v 0.9 1 1.7
v 1.2 0.8 1.7
v 1.2 0.9 1.7
v 1.2 1.2 1.7
v 1.2 1.3 1.7
v 1.2 1.4 1.7
v 1.3 0.8 1.7
v 1.3 0.9 1.7
v 1.3 1.3 1.7
v 1.3 1.4 1.7
v 1.3 1.5 1.7
v 1.5 1.4 1.7
v 1.5 1.5 1.7
v 1.5 1.7 1.7
v 1.6 1.5 1.7
v 1.6 1.7 1.7
v 1.6 2.4 1.7
v 1.7 1.7 1.7
v 1.7 2.4 1.7
v -3.1 2.3 1.6
v -3.1 2.4 1.6
v -3 2.3 1.6
v -3 2.4 1.6
v -2 2.3 1.6
v -2 2.4 1.6
v -1.9 2.3 1.6
v -1.9 2.4 1.6
v -0.0999999 1.7 1.6
v -0.0999999 2.4 1.6
v 0 1.5 1.6
v 0 1.7 1.6
v 0 2.4 1.6
v 0.0999999 1.6 1.6
v 0.0999999 1.7 1.6
v 0.2 1.4 1.6
v 0.2 1.5 1.6
v 0.2 1.6 1.6
v 0.3 0.8 1.6
v 0.3 0.9 1.6
v 0.3 1.3 1.6
v 0.3 1.4 1.6
v 0.4 1.4 1.6
v 0.4 1.5 1.6
v 0.5 0.8 1.6
v 0.5 0.9 1.6
v 0.7 1.2 1.6
v 0.7 1.3 1.6
v 0.8 1.2 1.6
v 0.8 1.3 1.6
v 1 0.8 1.6
v 1 0.9 1.6
v 1.1 1.4 1.6
v 1.1 1.5 1.6
v 1.2 0.8 1.6
v 1.2 0.9 1.6
v 1.2 1.3 1.6
v 1.2 1.4 1.6
v 1.3 1.4 1.6
v 1.3 1.5 1.6
v 1.3 1.6 1.6
v 1.4 1.6 1.6
v 1.4 1.7 1.6
v 1.5 1.5 1.6
v 1.5 1.7 1.6
v 1.5 2.4 1.6
v 1.6 1.7 1.6
v 1.6 2.4 1.6
v -3.2 2.3 1.5
v -3.2 2.4 1.5
v -3.1 2.3 1.5
v -3.1 2.4 1.5
v -1.9 2.3 1.5
v -1.9 2.4 1.5
v -1.8 2.3 1.5
v -1.8 2.4 1.5
v 0 1.7 1.5
v 0 2.4 1.5
v 0.0999999 1.6 1.5
v 0.0999999 1.7 1.5
v 0.0999999 2 1.5
v 0.0999999 2.4 1.5
v 0.2 1.5 1.5
v 0.2 1.6 1.5
v 0.2 1.8 1.5
v 0.2 2 1.5
v 0.3 1.6 1.5
v 0.3 1.8 1.5
v 0.4 1.4 1.5
v 0.4 1.5 1.5
v 0.5 0.8 1.5
v 0.5 0.9 1.5
v 0.5 1.5 1.5
v 0.5 1.6 1.5
v 1 0.8 1.5
v 1 0.9 1.5
v 1 1.5 1.5
v 1 1.6 1.5
v 1.1 1.4 1.5
v 1.1 1.5 1.5
v 1.2 1.6 1.5
v 1.2 1.8 1.5
v 1.3 1.5 1.5
v 1.3 1.6 1.5
v 1.3 1.8 1.5
v 1.3 2 1.5
v 1.4 1.6 1.5
v 1.4 1.7 1.5
v 1.4 2 1.5
v 1.4 2.4 1.5
v 1.5 1.7 1.5
v 1.5 2.4 1.5
v -3.3 2.3 1.4
v -3.3 2.4 1.4
v -3.2 2.3 1.4
v -3.2 2.4 1.4
v -1.8 2.3 1.4
v -1.8 2.4 1.4
v -1.7 2.3 1.4
v -1.7 2.4 1.4
v 0.0999999 2 1.4
v 0.0999999 2.4 1.4
v 0.2 1.8 1.4
v 0.2 2 1.4
v 0.3 1.6 1.4
v 0.3 1.8 1.4
v 0.4 1.9 1.4
v 0.4 2.4 1.4
v 0.5 1.5 1.4
v 0.5 1.6 1.4
v 0.5 1.8 1.4
v 0.5 1.9 1.4
v 0.7 1.7 1.4
v 0.7 1.8 1.4
v 0.8 1.7 1.4
v 0.8 1.8 1.4
v 1 1.5 1.4
v 1 1.6 1.4
v 1 1.8 1.4
v 1 1.9 1.4
v 1.1 1.9 1.4
v 1.1 2.4 1.4
v 1.2 1.6 1.4
v 1.2 1.8 1.4
v 1.3 1.8 1.4
v 1.3 2 1.4
v 1.4 2 1.4
v 1.4 2.4 1.4
v 0.4 1.9 1.3
v 0.4 2.4 1.3
v 0.5 1.8 1.3
v 0.5 1.9 1.3
v 0.7 1.7 1.3
v 0.7 1.8 1.3
v 0.8 1.7 1.3
v 0.8 1.8 1.3
v 1 1.8 1.3
v 1 1.9 1.3
v 1.1 1.9 1.3
v 1.1 2.4 1.3
v -1.7 2.3 1.2
v -1.7 2.4 1.2
v -1.6 2.3 1.2
v -1.6 2.4 1.2
v -3.4 2.3 1.1
v -3.4 2.4 1.1
v -3.3 2.3 1.1
v -3.3 2.4 1.1
v -4.1 2.4 1
v -4.1 2.5 1
v -4 2.4 1
v -4 2.5 1
v -3.5 1.7 0.8
v -3.5 1.8 0.8
v -3.4 1.7 0.8
v -3.4 1.8 0.8
v -3.2 1.2 0.8
v -3.2 1.3 0.8
v -3.1 1.2 0.8
v -3.1 1.3 0.8
v -1.9 1.2 0.8
v -1.9 1.3 0.8
v -1.8 1.2 0.8
v -1.8 1.3 0.8
v -1.6 1.7 0.8
v -1.6 1.8 0.8
v -1.5 1.7 0.8
v -1.5 1.8 0.8
v -4.2 1.9 0.7
v -4.2 2.1 0.7
v -4.1 1.8 0.7
v -4.1 1.9 0.7
v -4.1 2 0.7
v -4.1 2.1 0.7
v -4 1.7 0.7
v -4 1.8 0.7
v -4 1.9 0.7
v -4 2 0.7
v -3.9 1.8 0.7
v -3.9 1.9 0.7
v -3.5 1.7 0.7
v -3.5 1.8 0.7
v -3 0.9 0.7
v -3 1 0.7
v -2.9 0.9 0.7
v -2.9 1 0.7
v -2 0.9 0.7
v -2 1 0.7
v -1.9 0.9 0.7
v -1.9 1 0.7
v -4.3 2.1 0.6
v -4.3 2.4 0.6
v -4.2 2.2 0.6
v -4.2 2.3 0.6
v -4.2 2.4 0.6
v -4.2 2.6 0.6
v -4.1 2.1 0.6
v -4.1 2.2 0.6
v -4.1 2.3 0.6
v -4.1 2.5 0.6
v -3.9 2.3 0.6
v -3.9 2.5 0.6
v -3.8 2.4 0.6
v -3.8 2.6 0.6
v -3.5 1.8 0.6
v -3.5 1.9 0.6
v -3.5 2.3 0.6
v -3.5 2.4 0.6
v -3.4 1.5 0.6
v -3.4 1.6 0.6
v -3.4 1.8 0.6
v -3.4 1.9 0.6
v -3.3 1.5 0.6
v -3.3 1.6 0.6
v -3.2 0.8 0.6
v -3.2 0.9 0.6
v -3.1 0.8 0.6
v -3.1 0.9 0.6
v -2.8 1 0.6
v -2.8 1.1 0.6
v -2.7 1 0.6
v -2.7 1.1 0.6
v -2.4 1 0.6
v -2.4 1.1 0.6
v -2.3 1 0.6
v -2.3 1.1 0.6
v -1.8 0.8 0.6
v -1.8 0.9 0.6
v -1.7 0.8 0.6
v -1.7 0.9 0.6
v -1.7 1.5 0.6
v -1.7 1.6 0.6
v -1.6 1.5 0.6
v -1.6 1.6 0.6
v -1.6 1.8 0.6
v -1.6 1.9 0.6
v -1.5 1.8 0.6
v -1.5 1.9 0.6
v -3.5 1.9 0.5
v -3.5 2.4 0.5
v -3.4 1.9 0.5
v -3.4 2.4 0.5
v -3.3 1.4 0.5
v -3.3 1.5 0.5
v -3.2 1.4 0.5
v -3.2 1.5 0.5
v -3 1.1 0.5
v -3 1.2 0.5
v -2.9 0.9 0.5
v -2.9 1 0.5
v -2.9 1.1 0.5
v -2.9 1.2 0.5
v -2.8 0.9 0.5
v -2.8 1 0.5
v -2.7 1 0.5
v -2.7 1.1 0.5
v -2.4 1 0.5
v -2.4 1.1 0.5
v -2.1 0.9 0.5
v -2.1 1 0.5
v -2.1 1.1 0.5
v -2.1 1.2 0.5
v -2 0.9 0.5
v -2 1 0.5
v -2 1.1 0.5
v -2 1.2 0.5
v -1.8 1.4 0.5
v -1.8 1.5 0.5
v -1.7 1.4 0.5
v -1.7 1.5 0.5
v -1.6 1.9 0.5
v -1.6 2.4 0.5
v -1.5 1.9 0.5
v -1.5 2.4 0.5
v -3.4 1.6 0.4
v -3.4 1.8 0.4
v -3.3 1.6 0.4
v -3.3 1.8 0.4
v -3.2 1.3 0.4
v -3.2 1.4 0.4
v -3.1 0.8 0.4
v -3.1 0.9 0.4
v -3.1 1.2 0.4
v -3.1 1.3 0.4
v -3.1 1.4 0.4
v -3 0.8 0.4
v -3 0.9 0.4
v -3 1.2 0.4
v -3 1.3 0.4
v -2.9 1.1 0.4
v -2.9 1.2 0.4
v -2.8 0.9 0.4
v -2.8 1 0.4
v -2.8 1.1 0.4
v -2.8 1.2 0.4
v -2.3 1.1 0.4
v -2.3 1.2 0.4
v -2.1 0.9 0.4
v -2.1 1 0.4
v -2.1 1.1 0.4
v -2.1 1.2 0.4
v -2 1.2 0.4
v -2 1.3 0.4
v -1.9 0.8 0.4
v -1.9 0.9 0.4
v -1.9 1.2 0.4
v -1.9 1.3 0.4
v -1.9 1.4 0.4
v -1.8 0.8 0.4
v -1.8 0.9 0.4
v -1.8 1.3 0.4
v -1.8 1.4 0.4
v -1.7 1.6 0.4
v -1.7 1.8 0.4
v -1.6 1.6 0.4
v -1.6 1.8 0.4
v -3.4 1.8 0.3
v -3.4 2 0.3
v -3.3 1.5 0.3
v -3.3 1.6 0.3
v -3.3 1.8 0.3
v -3.3 2 0.3
v -3.2 1.4 0.3
v -3.2 1.5 0.3
v -3.2 1.6 0.3
v -3.1 1.3 0.3
v -3.1 1.4 0.3
v -3.1 1.5 0.3
v -3 0.8 0.3
v -3 0.9 0.3
v -3 1.2 0.3
v -3 1.3 0.3
v -3 1.4 0.3
v -2.9 0.8 0.3
v -2.9 0.9 0.3
v -2.9 1.2 0.3
v -2.9 1.3 0.3
v -2.8 1.1 0.3
v -2.8 1.2 0.3
v -2.3 1.1 0.3
v -2.3 1.2 0.3
v -2.1 1.2 0.3
v -2.1 1.3 0.3
v -2 0.8 0.3
v -2 0.9 0.3
v -2 1.2 0.3
v -2 1.3 0.3
v -2 1.4 0.3
v -1.9 0.8 0.3
v -1.9 0.9 0.3
v -1.9 1.3 0.3
v -1.9 1.4 0.3
v -1.9 1.5 0.3
v -1.8 1.4 0.3
v -1.8 1.5 0.3
v -1.8 1.6 0.3
v -1.7 1.5 0.3
v -1.7 1.6 0.3
v -1.7 1.8 0.3
v -1.7 2 0.3
v -1.6 1.8 0.3
v -1.6 2 0.3
v -3.4 2 0.2
v -3.4 2.4 0.2
v -3.3 1.6 0.2
v -3.3 1.7 0.2
v -3.3 2 0.2
v -3.3 2.4 0.2
v -3.2 1.6 0.2
v -3.2 1.7 0.2
v -2.9 0.8 0.2
v -2.9 0.9 0.2
v -2.9 1.2 0.2
v -2.9 1.3 0.2
v -2.8 1.2 0.2
v -2.8 1.3 0.2
v -2.7 0.8 0.2
v -2.7 0.9 0.2
v -2.3 0.8 0.2
v -2.3 0.9 0.2
v -2.3 1.2 0.2
v -2.3 1.3 0.2
v -2.1 1.2 0.2
v -2.1 1.3 0.2
v -2 0.8 0.2
v -2 0.9 0.2
v -1.8 1.6 0.2
v -1.8 1.7 0.2
v -1.7 1.6 0.2
v -1.7 1.7 0.2
v -1.7 2 0.2
v -1.7 2.4 0.2
v -1.6 2 0.2
v -1.6 2.4 0.2
v -3.3 1.7 0.0999999
v -3.3 2.4 0.0999999
v -3.2 1.5 0.0999999
v -3.2 1.7 0.0999999
v -3.2 2.4 0.0999999
v -3.1 1.4 0.0999999
v -3.1 1.5 0.0999999
v -3.1 1.7 0.0999999
v -3 1.3 0.0999999
v -3 1.4 0.0999999
v -3 1.5 0.0999999
v -2.8 1.2 0.0999999
v -2.8 1.3 0.0999999
v -2.8 1.4 0.0999999
v -2.7 0.8 0.0999999
v -2.7 0.9 0.0999999
v -2.3 0.8 0.0999999
v -2.3 0.9 0.0999999
v -2.3 1.2 0.0999999
v -2.3 1.3 0.0999999
v -2.3 1.4 0.0999999
v -2 1.3 0.0999999
v -2 1.4 0.0999999
v -2 1.5 0.0999999
v -1.9 1.4 0.0999999
v -1.9 1.5 0.0999999
v -1.9 1.7 0.0999999
v -1.8 1.5 0.0999999
v -1.8 1.7 0.0999999
v -1.8 2.4 0.0999999
v -1.7 1.7 0.0999999
v -1.7 2.4 0.0999999
v -3.2 1.7 0
v -3.2 2.4 0
v -3.1 1.5 0
v -3.1 1.7 0
v -3.1 2.4 0
v -3 1.4 0
v -3 1.5 0
v -3 1.6 0
v -3 1.7 0
v -2.9 1.5 0
v -2.9 1.6 0
v -2.8 1.3 0
v -2.8 1.4 0
v -2.7 1.4 0
v -2.7 1.5 0
v -2.4 1.4 0
v -2.4 1.5 0
v -2.3 1.3 0
v -2.3 1.4 0
v -2.1 1.5 0
v -2.1 1.6 0
v -2 1.4 0
v -2 1.5 0
v -2 1.6 0
v -2 1.7 0
v -1.9 1.5 0
v -1.9 1.7 0
v -1.9 2.4 0
v -1.8 1.7 0
v -1.8 2.4 0
v -3.1 1.7 -0.0999999
v -3.1 2.4 -0.0999999
v -3 1.6 -0.0999999
v -3 1.7 -0.0999999
v -3 1.8 -0.0999999
v -3 2.4 -0.0999999
v -2.9 1.5 -0.0999999
v -2.9 1.6 -0.0999999
v -2.9 1.7 -0.0999999
v -2.9 1.8 -0.0999999
v -2.8 1.6 -0.0999999
v -2.8 1.7 -0.0999999
v -2.7 1.4 -0.0999999
v -2.7 1.5 -0.0999999
v -2.4 1.4 -0.0999999
v -2.4 1.5 -0.0999999
v -2.3 1.6 -0.0999999
v -2.3 1.7 -0.0999999
v -2.1 1.5 -0.0999999
v -2.1 1.6 -0.0999999
v -2.1 1.7 -0.0999999
v -2.1 1.8 -0.0999999
v -2 1.6 -0.0999999
v -2 1.7 -0.0999999
v -2 1.8 -0.0999999
v -2 2.4 -0.0999999
v -1.9 1.7 -0.0999999
v -1.9 2.4 -0.0999999
v 2 2.3 -0.0999999
v 2 2.4 -0.0999999
v 2.9 2.3 -0.0999999
v 2.9 2.4 -0.0999999
v -3 1.8 -0.2
v -3 2.4 -0.2
v -2.9 1.7 -0.2
v -2.9 1.8 -0.2
v -2.8 1.6 -0.2
v -2.8 1.7 -0.2
v -2.8 2 -0.2
v -2.8 2.2 -0.2
v -2.7 1.9 -0.2
v -2.7 2 -0.2
v -2.7 2.2 -0.2
v -2.7 2.3 -0.2
v -2.6 2.3 -0.2
v -2.6 2.4 -0.2
v -2.5 2.3 -0.2
v -2.5 2.4 -0.2
v -2.4 1.9 -0.2
v -2.4 2 -0.2
v -2.4 2.2 -0.2
v -2.4 2.3 -0.2
v -2.3 1.6 -0.2
v -2.3 1.7 -0.2
v -2.3 2 -0.2
v -2.3 2.2 -0.2
v -2.1 1.7 -0.2
v -2.1 1.8 -0.2
v -2 1.8 -0.2
v -2 2.4 -0.2
v 1.9 2.3 -0.2
v 1.9 2.4 -0.2
v 2 2.3 -0.2
v 2 2.4 -0.2
v 2.9 2.3 -0.2
v 2.9 2.4 -0.2
v 3 2.3 -0.2
v 3 2.4 -0.2
v -2.8 2 -0.3
v -2.8 2.2 -0.3
v -2.7 1.9 -0.3
v -2.7 2 -0.3
v -2.7 2.2 -0.3
v -2.7 2.3 -0.3
v -2.6 2.3 -0.3
v -2.6 2.4 -0.3
v -2.5 2.3 -0.3
v -2.5 2.4 -0.3
v -2.4 1.9 -0.3
v -2.4 2 -0.3
v -2.4 2.2 -0.3
v -2.4 2.3 -0.3
v -2.3 2 -0.3
v -2.3 2.2 -0.3
v 1.7 2.3 -0.3
v 1.7 2.4 -0.3
v 1.9 2.3 -0.3
v 1.9 2.4 -0.3
v 3 2.3 -0.3
v 3 2.4 -0.3
v 3.1 2.3 -0.3
v 3.1 2.4 -0.3
v 1.6 2.3 -0.4
v 1.6 2.4 -0.4
v 1.7 2.3 -0.4
v 1.7 2.4 -0.4
v 3.1 2.3 -0.4
v 3.1 2.4 -0.4
v 3.2 2.3 -0.4
v 3.2 2.4 -0.4
v 1.5 2.3 -0.5
v 1.5 2.4 -0.5
v 1.6 2.3 -0.5
v 1.6 2.4 -0.5
v 3.2 2.3 -0.5
v 3.2 2.4 -0.5
v 3.3 2.3 -0.5
v 3.3 2.4 -0.5
v 1.4 2.3 -0.7
v 1.4 2.4 -0.7
v 1.5 2.3 -0.7
v 1.5 2.4 -0.7
v 3.3 2.3 -0.7
v 3.3 2.4 -0.7
v 3.4 2.3 -0.7
v 3.4 2.4 -0.7
v -3.8 0.6 -1
v -3.8 0.8 -1
v -3.7 0.6 -1
v -3.7 0.8 -1
v 3.7 0.6 -1
v 3.7 0.8 -1
v 3.8 0.6 -1
v 3.8 0.8 -1
v 1.3 1.7 -1.1
v 1.3 1.8 -1.1
v 1.4 1.7 -1.1
v 1.4 1.8 -1.1
v 1.6 1.2 -1.1
v 1.6 1.3 -1.1
v 1.7 1.2 -1.1
v 1.7 1.3 -1.1
v 3.1 1.2 -1.1
v 3.1 1.3 -1.1
v 3.2 1.2 -1.1
v 3.2 1.3 -1.1
v 3.4 1.7 -1.1
v 3.4 1.8 -1.1
v 3.5 1.7 -1.1
v 3.5 1.8 -1.1
v 1.7 0.9 -1.2
v 1.7 1 -1.2
v 1.9 0.9 -1.2
v 1.9 1 -1.2
v 2.9 0.9 -1.2
v 2.9 1 -1.2
v 3 0.9 -1.2
v 3 1 -1.2
v 1.3 1.8 -1.3
v 1.3 1.9 -1.3
v 1.4 1.5 -1.3
v 1.4 1.6 -1.3
v 1.4 1.8 -1.3
v 1.4 1.9 -1.3
v 1.5 0.8 -1.3
v 1.5 0.9 -1.3
v 1.5 1.5 -1.3
v 1.5 1.6 -1.3
v 1.6 0.8 -1.3
v 1.6 0.9 -1.3
v 2.2 1 -1.3
v 2.2 1.1 -1.3
v 2.3 1 -1.3
v 2.3 1.1 -1.3
v 2.6 1 -1.3
v 2.6 1.1 -1.3
v 2.7 1 -1.3
v 2.7 1.1 -1.3
v 3.1 0.8 -1.3
v 3.1 0.9 -1.3
v 3.2 0.8 -1.3
v 3.2 0.9 -1.3
v 3.3 1.5 -1.3
v 3.3 1.6 -1.3
v 3.4 1.5 -1.3
v 3.4 1.6 -1.3
v 3.4 1.8 -1.3
v 3.4 1.9 -1.3
v 3.5 1.7 -1.3
v 3.5 1.8 -1.3
v 3.5 1.9 -1.3
v 3.5 2.3 -1.3
v 3.5 2.4 -1.3
v 3.8 2.4 -1.3
v 3.8 2.6 -1.3
v 4 1.8 -1.3
v 4 1.9 -1.3
v 4 2.3 -1.3
v 4 2.5 -1.3
v 4.1 1.7 -1.3
v 4.1 1.8 -1.3
v 4.1 1.9 -1.3
v 4.1 2 -1.3
v 4.1 2.4 -1.3
v 4.1 2.5 -1.3
v 4.2 1.8 -1.3
v 4.2 1.9 -1.3
v 4.2 2 -1.3
v 4.2 2.2 -1.3
v 4.2 2.3 -1.3
v 4.2 2.4 -1.3
v 4.3 1.9 -1.3
v 4.3 2.1 -1.3
v 4.3 2.2 -1.3
v 4.3 2.3 -1.3
v 4.3 2.4 -1.3
v 4.3 2.6 -1.3
v 4.4 2.1 -1.3
v 4.4 2.4 -1.3
v -3.7 0.6 -1.4
v -3.7 0.8 -1.4
v -3.6 0.6 -1.4
v -3.6 0.8 -1.4
v 1.3 1.9 -1.4
v 1.3 2.4 -1.4
v 1.4 1.9 -1.4
v 1.4 2.4 -1.4
v 1.5 1.4 -1.4
v 1.5 1.5 -1.4
v 1.6 1.4 -1.4
v 1.6 1.5 -1.4
v 1.9 0.9 -1.4
v 1.9 1 -1.4
v 1.9 1.1 -1.4
v 1.9 1.2 -1.4
v 2 0.9 -1.4
v 2 1 -1.4
v 2 1.1 -1.4
v 2 1.2 -1.4
v 2.3 1 -1.4
v 2.3 1.1 -1.4
v 2.6 1 -1.4
v 2.6 1.1 -1.4
v 2.7 0.9 -1.4
v 2.7 1 -1.4
v 2.9 0.9 -1.4
v 2.9 1 -1.4
v 2.9 1.1 -1.4
v 2.9 1.2 -1.4
v 3 1.1 -1.4
v 3 1.2 -1.4
v 3.2 1.4 -1.4
v 3.2 1.5 -1.4
v 3.3 1.4 -1.4
v 3.3 1.5 -1.4
v 3.4 1.9 -1.4
v 3.4 2.4 -1.4
v 3.5 1.9 -1.4
v 3.5 2.4 -1.4
v 3.6 0.6 -1.4
v 3.6 0.8 -1.4
v 3.7 0.6 -1.4
v 3.7 0.8 -1.4
v -1.4 2.3 -1.5
v -1.4 2.4 -1.5
v -0.7 2.3 -1.5
v -0.7 2.4 -1.5
v 1.4 1.6 -1.5
v 1.4 1.8 -1.5
v 1.5 1.6 -1.5
v 1.5 1.8 -1.5
v 1.6 0.8 -1.5
v 1.6 0.9 -1.5
v 1.6 1.3 -1.5
v 1.6 1.4 -1.5
v 1.7 0.8 -1.5
v 1.7 0.9 -1.5
v 1.7 1.2 -1.5
v 1.7 1.3 -1.5
v 1.7 1.4 -1.5
v 1.9 1.2 -1.5
v 1.9 1.3 -1.5
v 2 0.9 -1.5
v 2 1 -1.5
v 2 1.1 -1.5
v 2 1.2 -1.5
v 2.2 1.1 -1.5
v 2.2 1.2 -1.5
v 2.7 0.9 -1.5
v 2.7 1 -1.5
v 2.7 1.1 -1.5
v 2.7 1.2 -1.5
v 2.9 1.1 -1.5
v 2.9 1.2 -1.5
v 3 0.8 -1.5
v 3 0.9 -1.5
v 3 1.2 -1.5
v 3 1.3 -1.5
v 3.1 0.8 -1.5
v 3.1 0.9 -1.5
v 3.1 1.2 -1.5
v 3.1 1.3 -1.5
v 3.1 1.4 -1.5
v 3.2 1.3 -1.5
v 3.2 1.4 -1.5
v 3.3 1.6 -1.5
v 3.3 1.8 -1.5
v 3.4 1.6 -1.5
v 3.4 1.8 -1.5
v -1.6 2.3 -1.6
v -1.6 2.4 -1.6
v -1.4 2.3 -1.6
v -1.4 2.4 -1.6
v -0.7 2.3 -1.6
v -0.7 2.4 -1.6
v -0.5 2.3 -1.6
v -0.5 2.4 -1.6
v 1.4 1.8 -1.6
v 1.4 2 -1.6
v 1.5 1.5 -1.6
v 1.5 1.6 -1.6
v 1.5 1.8 -1.6
v 1.5 2 -1.6
v 1.6 1.4 -1.6
v 1.6 1.5 -1.6
v 1.6 1.6 -1.6
v 1.7 0.8 -1.6
v 1.7 0.9 -1.6
v 1.7 1.3 -1.6
v 1.7 1.4 -1.6
v 1.7 1.5 -1.6
v 1.9 0.8 -1.6
v 1.9 0.9 -1.6
v 1.9 1.2 -1.6
v 1.9 1.3 -1.6
v 1.9 1.4 -1.6
v 2 1.2 -1.6
v 2 1.3 -1.6
v 2.2 1.1 -1.6
v 2.2 1.2 -1.6
v 2.7 1.1 -1.6
v 2.7 1.2 -1.6
v 2.9 0.8 -1.6
v 2.9 0.9 -1.6
v 2.9 1.2 -1.6
v 2.9 1.3 -1.6
v 3 0.8 -1.6
v 3 0.9 -1.6
v 3 1.2 -1.6
v 3 1.3 -1.6
v 3 1.4 -1.6
v 3.1 1.3 -1.6
v 3.1 1.4 -1.6
v 3.1 1.5 -1.6
v 3.2 1.4 -1.6
v 3.2 1.5 -1.6
v 3.2 1.6 -1.6
v 3.3 1.5 -1.6
v 3.3 1.6 -1.6
v 3.3 1.8 -1.6
v 3.3 2 -1.6
v 3.4 1.8 -1.6
v 3.4 2 -1.6
v -3.6 0.6 -1.7
v -3.6 0.8 -1.7
v -3.5 0.6 -1.7
v -3.5 0.8 -1.7
v -1.7 2.3 -1.7
v -1.7 2.4 -1.7
v -1.6 2.3 -1.7
v -1.6 2.4 -1.7
v -0.5 2.3 -1.7
v -0.5 2.4 -1.7
v -0.4 2.3 -1.7
v -0.4 2.4 -1.7
v 1.4 2 -1.7
v 1.4 2.4 -1.7
v 1.5 1.6 -1.7
v 1.5 1.7 -1.7
v 1.5 2 -1.7
v 1.5 2.4 -1.7
v 1.6 1.6 -1.7
v 1.6 1.7 -1.7
v 1.9 0.8 -1.7
v 1.9 0.9 -1.7
v 2 1.2 -1.7
v 2 1.3 -1.7
v 2.2 0.8 -1.7
v 2.2 0.9 -1.7
v 2.2 1.2 -1.7
v 2.2 1.3 -1.7
v 2.6 0.8 -1.7
v 2.6 0.9 -1.7
v 2.7 1.2 -1.7
v 2.7 1.3 -1.7
v 2.9 0.8 -1.7
v 2.9 0.9 -1.7
v 2.9 1.2 -1.7
v 2.9 1.3 -1.7
v 3.2 1.6 -1.7
v 3.2 1.7 -1.7
v 3.3 1.6 -1.7
v 3.3 1.7 -1.7
v 3.3 2 -1.7
v 3.3 2.4 -1.7
v 3.4 2 -1.7
v 3.4 2.4 -1.7
v 3.5 0.6 -1.7
v 3.5 0.8 -1.7
v 3.6 0.6 -1.7
v 3.6 0.8 -1.7
v -1.8 2.3 -1.8
v -1.8 2.4 -1.8
v -1.7 2.3 -1.8
v -1.7 2.4 -1.8
v -0.4 2.3 -1.8
v -0.4 2.4 -1.8
v -0.3 2.3 -1.8
v -0.3 2.4 -1.8
v 1.5 1.7 -1.8
v 1.5 2.4 -1.8
v 1.6 1.5 -1.8
v 1.6 1.7 -1.8
v 1.6 2.4 -1.8
v 1.7 1.4 -1.8
v 1.7 1.5 -1.8
v 1.7 1.7 -1.8
v 1.9 1.3 -1.8
v 1.9 1.4 -1.8
v 1.9 1.5 -1.8
v 2.2 0.8 -1.8
v 2.2 0.9 -1.8
v 2.2 1.2 -1.8
v 2.2 1.3 -1.8
v 2.2 1.4 -1.8
v 2.6 0.8 -1.8
v 2.6 0.9 -1.8
v 2.7 1.2 -1.8
v 2.7 1.3 -1.8
v 2.7 1.4 -1.8
v 3 1.3 -1.8
v 3 1.4 -1.8
v 3 1.5 -1.8
v 3.1 1.4 -1.8
v 3.1 1.5 -1.8
v 3.1 1.7 -1.8
v 3.2 1.5 -1.8
v 3.2 1.7 -1.8
v 3.2 2.4 -1.8
v 3.3 1.7 -1.8
v 3.3 2.4 -1.8
v 1.6 1.7 -1.9
v 1.6 2.4 -1.9
v 1.7 1.5 -1.9
v 1.7 1.7 -1.9
v 1.7 2.4 -1.9
v 1.9 1.4 -1.9
v 1.9 1.5 -1.9
v 1.9 1.6 -1.9
v 1.9 1.7 -1.9
v 2 1.5 -1.9
v 2 1.6 -1.9
v 2.2 1.3 -1.9
v 2.2 1.4 -1.9
v 2.3 1.4 -1.9
v 2.3 1.5 -1.9
v 2.6 1.4 -1.9
v 2.6 1.5 -1.9
v 2.7 1.3 -1.9
v 2.7 1.4 -1.9
v 2.9 1.5 -1.9
v 2.9 1.6 -1.9
v 3 1.4 -1.9
v 3 1.5 -1.9
v 3 1.6 -1.9
v 3 1.7 -1.9
v 3.1 1.5 -1.9
v 3.1 1.7 -1.9
v 3.1 2.4 -1.9
v 3.2 1.7 -1.9
v 3.2 2.4 -1.9
v -3.5 0.6 -2
v -3.5 0.8 -2
v -3.4 0.6 -2
v -3.4 0.8 -2
v -1.9 2.3 -2
v -1.9 2.4 -2
v -1.8 2.3 -2
v -1.8 2.4 -2
v -0.3 2.3 -2
v -0.3 2.4 -2
v -0.2 2.3 -2
v -0.2 2.4 -2
v 1.7 1.7 -2
v 1.7 2.4 -2
v 1.9 1.6 -2
v 1.9 1.7 -2
v 1.9 1.8 -2
v 1.9 2.4 -2
v 2 1.5 -2
v 2 1.6 -2
v 2 1.7 -2
v 2 1.8 -2
v 2.2 1.6 -2
v 2.2 1.7 -2
v 2.3 1.4 -2
v 2.3 1.5 -2
v 2.6 1.4 -2
v 2.6 1.5 -2
v 2.7 1.6 -2
v 2.7 1.7 -2
v 2.9 1.5 -2
v 2.9 1.6 -2
v 2.9 1.7 -2
v 2.9 1.8 -2
v 3 1.6 -2
v 3 1.7 -2
v 3 1.8 -2
v 3 2.4 -2
v 3.1 1.7 -2
v 3.1 2.4 -2
v 3.4 0.6 -2
v 3.4 0.8 -2
v 3.5 0.6 -2
v 3.5 0.8 -2
v -3.4 0.6 -2.1
v -3.4 0.8 -2.1
v -3.3 0.6 -2.1
v -3.3 0.8 -2.1
v -2 2.3 -2.1
v -2 2.4 -2.1
v -1.9 2.3 -2.1
v -1.9 2.4 -2.1
v -0.2 2.3 -2.1
v -0.2 2.4 -2.1
v -0.0999999 2.3 -2.1
v -0.0999999 2.4 -2.1
v 1.9 1.8 -2.1
v 1.9 2.4 -2.1
v 2 1.7 -2.1
v 2 1.8 -2.1
v 2.2 1.6 -2.1
v 2.2 1.7 -2.1
v 2.2 2 -2.1
v 2.2 2.4 -2.1
v 2.3 1.9 -2.1
v 2.3 2 -2.1
v 2.6 1.9 -2.1
v 2.6 2 -2.1
v 2.7 1.6 -2.1
v 2.7 1.7 -2.1
v 2.7 2 -2.1
v 2.7 2.4 -2.1
v 2.9 1.7 -2.1
v 2.9 1.8 -2.1
v 3 1.8 -2.1
v 3 2.4 -2.1
v 3.3 0.6 -2.1
v 3.3 0.8 -2.1
v 3.4 0.6 -2.1
v 3.4 0.8 -2.1
v -2.1 2.3 -2.2
v -2.1 2.4 -2.2
v -2 2.3 -2.2
v -2 2.4 -2.2
v 2.2 2 -2.2
v 2.2 2.4 -2.2
v 2.3 1.9 -2.2
v 2.3 2 -2.2
v 2.6 1.9 -2.2
v 2.6 2 -2.2
v 2.7 2 -2.2
v 2.7 2.4 -2.2
v -3.3 0.6 -2.3
v -3.3 0.8 -2.3
v -3.2 0.6 -2.3
v -3.2 0.8 -2.3
v 3.2 0.6 -2.3
v 3.2 0.8 -2.3
v 3.3 0.6 -2.3
v 3.3 0.8 -2.3
v -3.2 0.6 -2.5
v -3.2 0.8 -2.5
v -3.1 0.6 -2.5
v -3.1 0.8 -2.5
v 0 2.3 -2.5
v 0 2.4 -2.5
v 0.0999999 2.3 -2.5
v 0.0999999 2.4 -2.5
v 3.1 0.6 -2.5
v 3.1 0.8 -2.5
v 3.2 0.6 -2.5
v 3.2 0.8 -2.5
v -3.1 0.6 -2.6
v -3.1 0.8 -2.6
v -3 0.6 -2.6
v -3 0.8 -2.6
v -2.2 1.9 -2.6
v -2.2 2 -2.6
v -2.1 1.9 -2.6
v -2.1 2 -2.6
v -2 1.4 -2.6
v -2 1.5 -2.6
v -1.9 1.4 -2.6
v -1.9 1.5 -2.6
v -1.8 0.8 -2.6
v -1.8 0.9 -2.6
v -1.7 0.8 -2.6
v -1.7 0.9 -2.6
v -1.4 1 -2.6
v -1.4 1.1 -2.6
v -1.3 1 -2.6
v -1.3 1.1 -2.6
v -0.8 1 -2.6
v -0.8 1.1 -2.6
v -0.7 1 -2.6
v -0.7 1.1 -2.6
v -0.4 0.8 -2.6
v -0.4 0.9 -2.6
v -0.3 0.8 -2.6
v -0.3 0.9 -2.6
v -0.2 1.4 -2.6
v -0.2 1.5 -2.6
v -0.0999999 1.4 -2.6
v -0.0999999 1.5 -2.6
v 0 1.9 -2.6
v 0 2 -2.6
v 0 2.2 -2.6
v 0 2.3 -2.6
v 0.0999999 1.9 -2.6
v 0.0999999 2 -2.6
v 0.0999999 2.2 -2.6
v 0.0999999 2.3 -2.6
v 3 0.6 -2.6
v 3 0.8 -2.6
v 3.1 0.6 -2.6
v 3.1 0.8 -2.6
v -3 0.6 -2.7
v -3 0.8 -2.7
v -2.9 0.6 -2.7
v -2.9 0.8 -2.7
v -2.2 2 -2.7
v -2.2 2.4 -2.7
v -2.1 1.6 -2.7
v -2.1 1.7 -2.7
v -2.1 2 -2.7
v -2.1 2.4 -2.7
v -2 1.6 -2.7
v -2 1.7 -2.7
v -1.9 1.3 -2.7
v -1.9 1.4 -2.7
v -1.8 1.2 -2.7
v -1.8 1.3 -2.7
v -1.8 1.4 -2.7
v -1.7 1.2 -2.7
v -1.7 1.3 -2.7
v -1.6 1.1 -2.7
v -1.6 1.2 -2.7
v -1.5 0.9 -2.7
v -1.5 1 -2.7
v -1.5 1.1 -2.7
v -1.5 1.2 -2.7
v -1.4 0.9 -2.7
v -1.4 1 -2.7
v -1.3 1 -2.7
v -1.3 1.1 -2.7
v -0.8 1 -2.7
v -0.8 1.1 -2.7
v -0.7 0.9 -2.7
v -0.7 1 -2.7
v -0.6 0.9 -2.7
v -0.6 1 -2.7
v -0.6 1.1 -2.7
v -0.6 1.2 -2.7
v -0.5 1.1 -2.7
v -0.5 1.2 -2.7
v -0.4 1.2 -2.7
v -0.4 1.3 -2.7
v -0.3 1.2 -2.7
v -0.3 1.3 -2.7
v -0.3 1.4 -2.7
v -0.2 1.3 -2.7
v -0.2 1.4 -2.7
v -0.0999999 1.6 -2.7
v -0.0999999 1.7 -2.7
v 0 1.6 -2.7
v 0 1.7 -2.7
v 0 2 -2.7
v 0 2.2 -2.7
v 0.0999999 2 -2.7
v 0.0999999 2.2 -2.7
v 2.9 0.6 -2.7
v 2.9 0.8 -2.7
v 3 0.6 -2.7
v 3 0.8 -2.7
v -2.9 0.6 -2.8
v -2.9 0.8 -2.8
v -2.8 0.6 -2.8
v -2.8 0.8 -2.8
v 2.8 0.6 -2.8
v 2.8 0.8 -2.8
v 2.9 0.6 -2.8
v 2.9 0.8 -2.8
v -2.1 1.7 -2.9
v -2.1 1.8 -2.9
v -2 1.5 -2.9
v -2 1.6 -2.9
v -2 1.7 -2.9
v -2 1.8 -2.9
v -1.9 1.5 -2.9
v -1.9 1.6 -2.9
v -1.7 0.8 -2.9
v -1.7 0.9 -2.9
v -1.7 1.2 -2.9
v -1.7 1.3 -2.9
v -1.6 0.8 -2.9
v -1.6 0.9 -2.9
v -1.6 1.2 -2.9
v -1.6 1.3 -2.9
v -1.5 1.1 -2.9
v -1.5 1.2 -2.9
v -1.4 0.9 -2.9
v -1.4 1 -2.9
v -1.4 1.1 -2.9
v -1.4 1.2 -2.9
v -1.2 0.9 -2.9
v -1.2 1 -2.9
v -0.9 0.9 -2.9
v -0.9 1 -2.9
v -0.7 0.9 -2.9
v -0.7 1 -2.9
v -0.7 1.1 -2.9
v -0.7 1.2 -2.9
v -0.6 1.1 -2.9
v -0.6 1.2 -2.9
v -0.5 0.8 -2.9
v -0.5 0.9 -2.9
v -0.5 1.2 -2.9
v -0.5 1.3 -2.9
v -0.4 0.8 -2.9
v -0.4 0.9 -2.9
v -0.4 1.2 -2.9
v -0.4 1.3 -2.9
v -0.2 1.5 -2.9
v -0.2 1.6 -2.9
v -0.0999999 1.5 -2.9
v -0.0999999 1.6 -2.9
v -0.0999999 1.7 -2.9
v -0.0999999 1.8 -2.9
v 0 1.7 -2.9
v 0 1.8 -2.9
v -2.8 0.6 -3
v -2.8 0.8 -3
v -2.7 0.6 -3
v -2.7 0.8 -3
v -2.1 1.8 -3
v -2.1 2.4 -3
v -2 1.6 -3
v -2 1.7 -3
v -2 1.8 -3
v -2 2.4 -3
v -1.9 1.4 -3
v -1.9 1.5 -3
v -1.9 1.6 -3
v -1.9 1.7 -3
v -1.8 1.3 -3
v -1.8 1.4 -3
v -1.8 1.5 -3
v -1.6 0.8 -3
v -1.6 0.9 -3
v -1.6 1.2 -3
v -1.6 1.3 -3
v -1.6 1.4 -3
v -1.5 0.8 -3
v -1.5 0.9 -3
v -1.5 1.2 -3
v -1.5 1.3 -3
v -1.4 1.1 -3
v -1.4 1.2 -3
v -1.2 0.9 -3
v -1.2 1 -3
v -0.9 0.9 -3
v -0.9 1 -3
v -0.7 1.1 -3
v -0.7 1.2 -3
v -0.6 0.8 -3
v -0.6 0.9 -3
v -0.6 1.2 -3
v -0.6 1.3 -3
v -0.5 0.8 -3
v -0.5 0.9 -3
v -0.5 1.2 -3
v -0.5 1.3 -3
v -0.5 1.4 -3
v -0.3 1.3 -3
v -0.3 1.4 -3
v -0.3 1.5 -3
v -0.2 1.4 -3
v -0.2 1.5 -3
v -0.2 1.6 -3
v -0.2 1.7 -3
v -0.0999999 1.6 -3
v -0.0999999 1.7 -3
v -0.0999999 1.8 -3
v -0.0999999 2.4 -3
v 0 1.8 -3
v 0 2.4 -3
v 2.7 0.6 -3
v 2.7 0.8 -3
v 2.8 0.6 -3
v 2.8 0.8 -3
v -2.7 0.6 -3.1
v -2.7 0.8 -3.1
v -2.5 0.6 -3.1
v -2.5 0.8 -3.1
v -2 1.7 -3.1
v -2 2.4 -3.1
v -1.9 1.5 -3.1
v -1.9 1.7 -3.1
v -1.9 2.4 -3.1
v -1.8 1.4 -3.1
v -1.8 1.5 -3.1
v -1.8 1.7 -3.1
v -1.6 1.3 -3.1
v -1.6 1.4 -3.1
v -1.6 1.5 -3.1
v -1.5 0.8 -3.1
v -1.5 0.9 -3.1
v -1.5 1.2 -3.1
v -1.5 1.3 -3.1
v -1.5 1.4 -3.1
v -1.3 0.8 -3.1
v -1.3 0.9 -3.1
v -1.1 1.2 -3.1
v -1.1 1.3 -3.1
v -1 1.2 -3.1
v -1 1.3 -3.1
v -0.8 0.8 -3.1
v -0.8 0.9 -3.1
v -0.6 0.8 -3.1
v -0.6 0.9 -3.1
v -0.6 1.2 -3.1
v -0.6 1.3 -3.1
v -0.6 1.4 -3.1
v -0.5 1.3 -3.1
v -0.5 1.4 -3.1
v -0.5 1.5 -3.1
v -0.3 1.4 -3.1
v -0.3 1.5 -3.1
v -0.3 1.7 -3.1
v -0.2 1.5 -3.1
v -0.2 1.7 -3.1
v -0.2 2.4 -3.1
v -0.0999999 1.7 -3.1
v -0.0999999 2.4 -3.1
v 2.5 0.6 -3.1
v 2.5 0.8 -3.1
v 2.7 0.6 -3.1
v 2.7 0.8 -3.1
v -2.5 0.6 -3.2
v -2.5 0.8 -3.2
v -2.4 0.6 -3.2
v -2.4 0.8 -3.2
v -1.9 1.7 -3.2
v -1.9 2.4 -3.2
v -1.8 1.5 -3.2
v -1.8 1.7 -3.2
v -1.8 2.4 -3.2
v -1.7 1.6 -3.2
v -1.7 1.7 -3.2
v -1.6 1.4 -3.2
v -1.6 1.5 -3.2
v -1.6 1.6 -3.2
v -1.5 1.3 -3.2
v -1.5 1.4 -3.2
v -1.4 1.4 -3.2
v -1.4 1.5 -3.2
v -1.3 0.8 -3.2
v -1.3 0.9 -3.2
v -1.1 1.2 -3.2
v -1.1 1.3 -3.2
v -1 1.2 -3.2
v -1 1.3 -3.2
v -0.8 0.8 -3.2
v -0.8 0.9 -3.2
v -0.7 1.4 -3.2
v -0.7 1.5 -3.2
v -0.6 1.3 -3.2
v -0.6 1.4 -3.2
v -0.5 1.4 -3.2
v -0.5 1.5 -3.2
v -0.5 1.6 -3.2
v -0.4 1.6 -3.2
v -0.4 1.7 -3.2
v -0.3 1.5 -3.2
v -0.3 1.7 -3.2
v -0.3 2.4 -3.2
v -0.2 1.7 -3.2
v -0.2 2.4 -3.2
v 2.4 0.6 -3.2
v 2.4 0.8 -3.2
v 2.5 0.6 -3.2
v 2.5 0.8 -3.2
v -2.4 0.6 -3.3
v -2.4 0.8 -3.3
v -2.3 0.6 -3.3
v -2.3 0.8 -3.3
v -1.8 1.7 -3.3
v -1.8 2.4 -3.3
v -1.7 1.6 -3.3
v -1.7 1.7 -3.3
v -1.7 2 -3.3
v -1.7 2.4 -3.3
v -1.6 1.5 -3.3
v -1.6 1.6 -3.3
v -1.6 1.8 -3.3
v -1.6 2 -3.3
v -1.5 1.6 -3.3
v -1.5 1.8 -3.3
v -1.4 1.4 -3.3
v -1.4 1.5 -3.3
v -1.3 1.5 -3.3
v -1.3 1.6 -3.3
v -0.8 1.5 -3.3
v -0.8 1.6 -3.3
v -0.7 1.4 -3.3
v -0.7 1.5 -3.3
v -0.6 1.6 -3.3
v -0.6 1.8 -3.3
v -0.5 1.5 -3.3
v -0.5 1.6 -3.3
v -0.5 1.8 -3.3
v -0.5 2 -3.3
v -0.4 1.6 -3.3
v -0.4 1.7 -3.3
v -0.4 2 -3.3
v -0.4 2.4 -3.3
v -0.3 1.7 -3.3
v -0.3 2.4 -3.3
v 2.3 0.6 -3.3
v 2.3 0.8 -3.3
v 2.4 0.6 -3.3
v 2.4 0.8 -3.3
v -2.3 0.6 -3.4
v -2.3 0.8 -3.4
v -2.2 0.6 -3.4
v -2.2 0.8 -3.4
v -1.7 2 -3.4
v -1.7 2.4 -3.4
v -1.6 1.8 -3.4
v -1.6 2 -3.4
v -1.5 1.6 -3.4
v -1.5 1.8 -3.4
v -1.4 1.9 -3.4
v -1.4 2.4 -3.4
v -1.3 1.5 -3.4
v -1.3 1.6 -3.4
v -1.3 1.8 -3.4
v -1.3 1.9 -3.4
v -1.1 1.7 -3.4
v -1.1 1.8 -3.4
v -1 1.7 -3.4
v -1 1.8 -3.4
v -0.8 1.5 -3.4
v -0.8 1.6 -3.4
v -0.8 1.8 -3.4
v -0.8 1.9 -3.4
v -0.7 1.9 -3.4
v -0.7 2.4 -3.4
v -0.6 1.6 -3.4
v -0.6 1.8 -3.4
v -0.5 1.8 -3.4
v -0.5 2 -3.4
v -0.4 2 -3.4
v -0.4 2.4 -3.4
v 2.2 0.6 -3.4
v 2.2 0.8 -3.4
v 2.3 0.6 -3.4
v 2.3 0.8 -3.4
v -2.2 0.6 -3.5
v -2.2 0.8 -3.5
v -2 0.6 -3.5
v -2 0.8 -3.5
v -1.4 1.9 -3.5
v -1.4 2.4 -3.5
v -1.3 1.8 -3.5
v -1.3 1.9 -3.5
v -1.3 2.3 -3.5
v -1.3 2.4 -3.5
v -0.9 1.8 -3.5
v -0.8 1.8 -3.5
v -0.8 1.9 -3.5
v -0.8 2.3 -3.5
v -0.8 2.4 -3.5
v -0.7 1.9 -3.5
v -0.7 2.4 -3.5
v 2 0.6 -3.5
v 2 0.8 -3.5
v 2.2 0.6 -3.5
v 2.2 0.8 -3.5
v -2 0.6 -3.6
v -2 0.8 -3.6
v -1.8 0.6 -3.6
v -1.8 0.8 -3.6
v 1.8 0.6 -3.6
v 1.8 0.8 -3.6
v 2 0.6 -3.6
v 2 0.8 -3.6
v -1.8 0.6 -3.7
v -1.8 0.8 -3.7
v -1.6 0.6 -3.7
v -1.6 0.8 -3.7
v 1.6 0.6 -3.7
v 1.6 0.8 -3.7
v 1.8 0.6 -3.7
v 1.8 0.8 -3.7
v -1.6 0.6 -3.8
v -1.6 0.8 -3.8
v -1.4 0.6 -3.8
v -1.4 0.8 -3.8
v 1.4 0.6 -3.8
v 1.4 0.8 -3.8
v 1.6 0.6 -3.8
v 1.6 0.8 -3.8
v -1.4 0.6 -3.9
v -1.4 0.8 -3.9
v -1.3 2.3 -3.9
v -1.3 2.5 -3.9
v -1.1 0.6 -3.9
v -1.1 0.8 -3.9
v -0.8 2.3 -3.9
v -0.8 2.5 -3.9
v 1.1 0.6 -3.9
v 1.1 0.8 -3.9
v 1.4 0.6 -3.9
v 1.4 0.8 -3.9
v -1.3 1.7 -4
v -1.3 1.8 -4
v -1.1 0.6 -4
v -1.1 0.8 -4
v -0.9 1.7 -4
v -0.9 1.8 -4
v -0.6 0.6 -4
v -0.6 0.8 -4
v 0.6 0.6 -4
v 0.6 0.8 -4
v 1.1 0.6 -4
v 1.1 0.8 -4
v -1.3 1.8 -4.1
v -1.3 1.9 -4.1
v -0.9 1.8 -4.1
v -0.9 1.9 -4.1
v -0.6 0.6 -4.1
v -0.6 0.8 -4.1
v 0.6 0.6 -4.1
v 0.6 0.8 -4.1
v -1.3 1.9 -4.2
v -1.3 2.1 -4.2
v -1.3 2.4 -4.2
v -1.3 2.6 -4.2
v -0.9 1.9 -4.2
v -0.9 2.1 -4.2
v -0.8 2.4 -4.2
v -0.8 2.6 -4.2
v -1.3 2.1 -4.3
v -1.3 2.4 -4.3
v -0.8 2.1 -4.3
v -0.8 2.4 -4.3
v -0.6 0.6 3.3
v 0.6 0.6 3.3
v -1.1 0.6 3.2
v -0.6 0.6 3.2
v 0.6 0.6 3.2
v 1.1 0.6 3.2
v -1.4 0.6 3.1
v -1.1 0.6 3.1
v 1.1 0.6 3.1
v 1.4 0.6 3.1
v -1.6 0.6 3
v -1.4 0.6 3
v 1.4 0.6 3
v 1.6 0.6 3
v -1.8 0.6 2.9
v -1.6 0.6 2.9
v 1.6 0.6 2.9
v 1.8 0.6 2.9
v -2 0.6 2.8
v -1.8 0.6 2.8
v 1.8 0.6 2.8
v 2 0.6 2.8
v -2.2 0.6 2.7
v -2 0.6 2.7
v 2 0.6 2.7
v 2.2 0.6 2.7
v -2.3 0.6 2.6
v -2.2 0.6 2.6
v 2.2 0.6 2.6
v 2.3 0.6 2.6
v -2.4 0.6 2.5
v -2.3 0.6 2.5
v 2.3 0.6 2.5
v 2.4 0.6 2.5
v -2.5 0.6 2.4
v -2.4 0.6 2.4
v 2.4 0.6 2.4
v 2.5 0.6 2.4
v -2.7 0.6 2.3
v -2.5 0.6 2.3
v 2.5 0.6 2.3
v 2.7 0.6 2.3
v -2.8 0.6 2.2
v -2.7 0.6 2.2
v 2.7 0.6 2.2
v 2.8 0.6 2.2
v -2.9 0.6 2
v -2.8 0.6 2
v 2.8 0.6 2
v 2.9 0.6 2
v -3 0.6 1.9
v -2.9 0.6 1.9
v 2.9 0.6 1.9
v 3 0.6 1.9
v -3.1 0.6 1.8
v -3 0.6 1.8
v 3 0.6 1.8
v 3.1 0.6 1.8
v -3.2 0.6 1.7
v -3.1 0.6 1.7
v 3.1 0.6 1.7
v 3.2 0.6 1.7
v -3.3 0.6 1.5
v -3.2 0.6 1.5
v 3.2 0.6 1.5
v 3.3 0.6 1.5
v -3.4 0.6 1.3
v -3.3 0.6 1.3
v 3.3 0.6 1.3
v 3.4 0.6 1.3
v -3.5 0.6 1.2
v -3.4 0.6 1.2
v 3.4 0.6 1.2
v 3.5 0.6 1.2
v -3.6 0.6 0.9
v -3.5 0.6 0.9
v 3.5 0.6 0.9
v 3.6 0.6 0.9
v -3.7 0.6 0.6
v -3.6 0.6 0.6
v 3.6 0.6 0.6
v 3.7 0.6 0.6
v -3.8 0.6 0.2
v -3.7 0.6 0.2
v 3.7 0.6 0.2
v 3.8 0.6 0.2
v -3.8 0.6 -1
v -3.7 0.6 -1
v 3.7 0.6 -1
v 3.8 0.6 -1
v -3.7 0.6 -1.4
v -3.6 0.6 -1.4
v 3.6 0.6 -1.4
v 3.7 0.6 -1.4
v -3.6 0.6 -1.7
v -3.5 0.6 -1.7
v 3.5 0.6 -1.7
v 3.6 0.6 -1.7
v -3.5 0.6 -2
v -3.4 0.6 -2
v 3.4 0.6 -2
v 3.5 0.6 -2
v -3.4 0.6 -2.1
v -3.3 0.6 -2.1
v 3.3 0.6 -2.1
v 3.4 0.6 -2.1
v -3.3 0.6 -2.3
v -3.2 0.6 -2.3
v 3.2 0.6 -2.3
v 3.3 0.6 -2.3
v -3.2 0.6 -2.5
v -3.1 0.6 -2.5
v 3.1 0.6 -2.5
v 3.2 0.6 -2.5
v -3.1 0.6 -2.6
v -3 0.6 -2.6
v 3 0.6 -2.6
v 3.1 0.6 -2.6
v -3 0.6 -2.7
v -2.9 0.6 -2.7
v 2.9 0.6 -2.7
v 3 0.6 -2.7
v -2.9 0.6 -2.8
v -2.8 0.6 -2.8
v 2.8 0.6 -2.8
v 2.9 0.6 -2.8
v -2.8 0.6 -3
v -2.7 0.6 -3
v 2.7 0.6 -3
v 2.8 0.6 -3
v -2.7 0.6 -3.1
v -2.5 0.6 -3.1
v 2.5 0.6 -3.1
v 2.7 0.6 -3.1
v -2.5 0.6 -3.2
v -2.4 0.6 -3.2
v 2.4 0.6 -3.2
v 2.5 0.6 -3.2
v -2.4 0.6 -3.3
v -2.3 0.6 -3.3
v 2.3 0.6 -3.3
v 2.4 0.6 -3.3
v -2.3 0.6 -3.4
v -2.2 0.6 -3.4
v 2.2 0.6 -3.4
v 2.3 0.6 -3.4
v -2.2 0.6 -3.5
v -2 0.6 -3.5
v 2 0.6 -3.5
v 2.2 0.6 -3.5
v -2 0.6 -3.6
v -1.8 0.6 -3.6
v 1.8 0.6 -3.6
v 2 0.6 -3.6
v -1.8 0.6 -3.7
v -1.6 0.6 -3.7
v 1.6 0.6 -3.7
v 1.8 0.6 -3.7
v -1.6 0.6 -3.8
v -1.4 0.6 -3.8
v 1.4 0.6 -3.8
v 1.6 0.6 -3.8
v -1.4 0.6 -3.9
v -1.1 0.6 -3.9
v 1.1 0.6 -3.9
v 1.4 0.6 -3.9
v -1.1 0.6 -4
v -0.6 0.6 -4
v 0.6 0.6 -4
v 1.1 0.6 -4
v -0.6 0.6 -4.1
v 0.6 0.6 -4.1
v 0.4 1.1 2.9
v 1.1 1.1 2.9
v 0.3 1.1 2.8
v 0.4 1.1 2.8
v 1.1 1.1 2.8
v 1.2 1.1 2.8
v 0.2 1.1 2.7
v 0.3 1.1 2.7
v 0.5 1.1 2.7
v 1 1.1 2.7
v 1.2 1.1 2.7
v 1.3 1.1 2.7
v 0.4 1.1 2.6
v 0.5 1.1 2.6
v 1 1.1 2.6
v 1.1 1.1 2.6
v 0.4 1.1 2.3
v 0.5 1.1 2.3
v 1 1.1 2.3
v 1.1 1.1 2.3
v 0.2 1.1 2.2
v 0.3 1.1 2.2
v 0.5 1.1 2.2
v 1 1.1 2.2
v 1.2 1.1 2.2
v 1.3 1.1 2.2
v 0.3 1.1 1.9
v 0.4 1.1 1.9
v 1.1 1.1 1.9
v 1.2 1.1 1.9
v 0.4 1.1 1.8
v 1.1 1.1 1.8
v -2.8 1.1 1.4
v -2.3 1.1 1.4
v -2.9 1.1 1.3
v -2.8 1.1 1.3
v -2.3 1.1 1.3
v -2.1 1.1 1.3
v -3 1.1 1.2
v -2.9 1.1 1.2
v -2.7 1.1 1.2
v -2.4 1.1 1.2
v -2.1 1.1 1.2
v -2 1.1 1.2
v -2.8 1.1 1.1
v -2.7 1.1 1.1
v -2.4 1.1 1.1
v -2.3 1.1 1.1
v -2.8 1.1 0.6
v -2.7 1.1 0.6
v -2.4 1.1 0.6
v -2.3 1.1 0.6
v -3 1.1 0.5
v -2.9 1.1 0.5
v -2.7 1.1 0.5
v -2.4 1.1 0.5
v -2.1 1.1 0.5
v -2 1.1 0.5
v -2.9 1.1 0.4
v -2.8 1.1 0.4
v -2.3 1.1 0.4
v -2.1 1.1 0.4
v -2.8 1.1 0.3
v -2.3 1.1 0.3
v 2.2 1.1 -0.5
v 2.7 1.1 -0.5
v 2 1.1 -0.6
v 2.2 1.1 -0.6
v 2.7 1.1 -0.6
v 2.9 1.1 -0.6
v 1.9 1.1 -0.7
v 2 1.1 -0.7
v 2.3 1.1 -0.7
v 2.6 1.1 -0.7
v 2.9 1.1 -0.7
v 3 1.1 -0.7
v 2.2 1.1 -0.8
v 2.3 1.1 -0.8
v 2.6 1.1 -0.8
v 2.7 1.1 -0.8
v 2.2 1.1 -1.3
v 2.3 1.1 -1.3
v 2.6 1.1 -1.3
v 2.7 1.1 -1.3
v 1.9 1.1 -1.4
v 2 1.1 -1.4
v 2.3 1.1 -1.4
v 2.6 1.1 -1.4
v 2.9 1.1 -1.4
v 3 1.1 -1.4
v 2 1.1 -1.5
v 2.2 1.1 -1.5
v 2.7 1.1 -1.5
v 2.9 1.1 -1.5
v 2.2 1.1 -1.6
v 2.7 1.1 -1.6
v -1.4 1.1 -2
v -0.7 1.1 -2
v -1.5 1.1 -2.1
v -1.4 1.1 -2.1
v -0.7 1.1 -2.1
v -0.6 1.1 -2.1
v -1.6 1.1 -2.2
v -1.5 1.1 -2.2
v -1.3 1.1 -2.2
v -0.8 1.1 -2.2
v -0.6 1.1 -2.2
v -0.5 1.1 -2.2
v -1.4 1.1 -2.3
v -1.3 1.1 -2.3
v -0.8 1.1 -2.3
v -0.7 1.1 -2.3
v -1.4 1.1 -2.6
v -1.3 1.1 -2.6
v -0.8 1.1 -2.6
v -0.7 1.1 -2.6
v -1.6 1.1 -2.7
v -1.5 1.1 -2.7
v -1.3 1.1 -2.7
v -0.8 1.1 -2.7
v -0.6 1.1 -2.7
v -0.5 1.1 -2.7
v -1.5 1.1 -2.9
v -1.4 1.1 -2.9
v -0.7 1.1 -2.9
v -0.6 1.1 -2.9
v -1.4 1.1 -3
v -0.7 1.1 -3
v 0.7 1.2 3.1
v 0.8 1.2 3.1
v 0.3 1.2 3
v 0.7 1.2 3
v 0.8 1.2 3
v 1.2 1.2 3
v 0.2 1.2 2.9
v 0.3 1.2 2.9
v 0.4 1.2 2.9
v 1.1 1.2 2.9
v 1.2 1.2 2.9
v 1.3 1.2 2.9
v 0.0999999 1.2 2.8
v 0.2 1.2 2.8
v 0.3 1.2 2.8
v 0.4 1.2 2.8
v 1.1 1.2 2.8
v 1.2 1.2 2.8
v 1.3 1.2 2.8
v 1.4 1.2 2.8
v 0 1.2 2.7
v 0.0999999 1.2 2.7
v 0.2 1.2 2.7
v 0.3 1.2 2.7
v 1.2 1.2 2.7
v 1.3 1.2 2.7
v 1.4 1.2 2.7
v 1.5 1.2 2.7
v 0 1.2 2.2
v 0.0999999 1.2 2.2
v 0.2 1.2 2.2
v 0.3 1.2 2.2
v 1.2 1.2 2.2
v 1.3 1.2 2.2
v 1.4 1.2 2.2
v 1.5 1.2 2.2
v 0.0999999 1.2 1.9
v 0.2 1.2 1.9
v 0.3 1.2 1.9
v 0.4 1.2 1.9
v 1.1 1.2 1.9
v 1.2 1.2 1.9
v 1.3 1.2 1.9
v 1.4 1.2 1.9
v 0.2 1.2 1.8
v 0.3 1.2 1.8
v 0.4 1.2 1.8
v 1.1 1.2 1.8
v 1.2 1.2 1.8
v 1.3 1.2 1.8
v 0.3 1.2 1.7
v 0.7 1.2 1.7
v 0.8 1.2 1.7
v 1.2 1.2 1.7
v -2.8 1.2 1.6
v -2.3 1.2 1.6
v 0.7 1.2 1.6
v 0.8 1.2 1.6
v -2.9 1.2 1.5
v -2.8 1.2 1.5
v -2.3 1.2 1.5
v -2.1 1.2 1.5
v -3 1.2 1.4
v -2.9 1.2 1.4
v -2.8 1.2 1.4
v -2.3 1.2 1.4
v -2.1 1.2 1.4
v -2 1.2 1.4
v -3.1 1.2 1.3
v -3 1.2 1.3
v -2.9 1.2 1.3
v -2.8 1.2 1.3
v -2.3 1.2 1.3
v -2.1 1.2 1.3
v -2 1.2 1.3
v -1.9 1.2 1.3
v -3 1.2 1.2
v -2.9 1.2 1.2
v -2.1 1.2 1.2
v -2 1.2 1.2
v -3.2 1.2 0.9
v -3.1 1.2 0.9
v -1.9 1.2 0.9
v -1.8 1.2 0.9
v -3.2 1.2 0.8
v -3.1 1.2 0.8
v -1.9 1.2 0.8
v -1.8 1.2 0.8
v -3 1.2 0.5
v -2.9 1.2 0.5
v -2.1 1.2 0.5
v -2 1.2 0.5
v -3.1 1.2 0.4
v -3 1.2 0.4
v -2.9 1.2 0.4
v -2.8 1.2 0.4
v -2.3 1.2 0.4
v -2.1 1.2 0.4
v -2 1.2 0.4
v -1.9 1.2 0.4
v -3 1.2 0.3
v -2.9 1.2 0.3
v -2.8 1.2 0.3
v -2.3 1.2 0.3
v -2.1 1.2 0.3
v -2 1.2 0.3
v -2.9 1.2 0.2
v -2.8 1.2 0.2
v -2.3 1.2 0.2
v -2.1 1.2 0.2
v -2.8 1.2 0.0999999
v -2.3 1.2 0.0999999
v 2.2 1.2 -0.3
v 2.7 1.2 -0.3
v 2 1.2 -0.4
v 2.2 1.2 -0.4
v 2.7 1.2 -0.4
v 2.9 1.2 -0.4
v 1.9 1.2 -0.5
v 2 1.2 -0.5
v 2.2 1.2 -0.5
v 2.7 1.2 -0.5
v 2.9 1.2 -0.5
v 3 1.2 -0.5
v 1.7 1.2 -0.6
v 1.9 1.2 -0.6
v 2 1.2 -0.6
v 2.2 1.2 -0.6
v 2.7 1.2 -0.6
v 2.9 1.2 -0.6
v 3 1.2 -0.6
v 3.1 1.2 -0.6
v 1.9 1.2 -0.7
v 2 1.2 -0.7
v 2.9 1.2 -0.7
v 3 1.2 -0.7
v 1.6 1.2 -1
v 1.7 1.2 -1
v 3.1 1.2 -1
v 3.2 1.2 -1
v 1.6 1.2 -1.1
v 1.7 1.2 -1.1
v 3.1 1.2 -1.1
v 3.2 1.2 -1.1
v 1.9 1.2 -1.4
v 2 1.2 -1.4
v 2.9 1.2 -1.4
v 3 1.2 -1.4
v 1.7 1.2 -1.5
v 1.9 1.2 -1.5
v 2 1.2 -1.5
v 2.2 1.2 -1.5
v 2.7 1.2 -1.5
v 2.9 1.2 -1.5
v 3 1.2 -1.5
v 3.1 1.2 -1.5
v 1.9 1.2 -1.6
v 2 1.2 -1.6
v 2.2 1.2 -1.6
v 2.7 1.2 -1.6
v 2.9 1.2 -1.6
v 3 1.2 -1.6
v -1.1 1.2 -1.7
v -1 1.2 -1.7
v 2 1.2 -1.7
v 2.2 1.2 -1.7
v 2.7 1.2 -1.7
v 2.9 1.2 -1.7
v -1.5 1.2 -1.8
v -1.1 1.2 -1.8
v -1 1.2 -1.8
v -0.6 1.2 -1.8
v 2.2 1.2 -1.8
v 2.7 1.2 -1.8
v -1.6 1.2 -2
v -1.5 1.2 -2
v -1.4 1.2 -2
v -0.7 1.2 -2
v -0.6 1.2 -2
v -0.5 1.2 -2
v -1.7 1.2 -2.1
v -1.6 1.2 -2.1
v -1.5 1.2 -2.1
v -1.4 1.2 -2.1
v -0.7 1.2 -2.1
v -0.6 1.2 -2.1
v -0.5 1.2 -2.1
v -0.4 1.2 -2.1
v -1.8 1.2 -2.2
v -1.7 1.2 -2.2
v -1.6 1.2 -2.2
v -1.5 1.2 -2.2
v -0.6 1.2 -2.2
v -0.5 1.2 -2.2
v -0.4 1.2 -2.2
v -0.3 1.2 -2.2
v -1.8 1.2 -2.7
v -1.7 1.2 -2.7
v -1.6 1.2 -2.7
v -1.5 1.2 -2.7
v -0.6 1.2 -2.7
v -0.5 1.2 -2.7
v -0.4 1.2 -2.7
v -0.3 1.2 -2.7
v -1.7 1.2 -2.9
v -1.6 1.2 -2.9
v -1.5 1.2 -2.9
v -1.4 1.2 -2.9
v -0.7 1.2 -2.9
v -0.6 1.2 -2.9
v -0.5 1.2 -2.9
v -0.4 1.2 -2.9
v -1.6 1.2 -3
v -1.5 1.2 -3
v -1.4 1.2 -3
v -0.7 1.2 -3
v -0.6 1.2 -3
v -0.5 1.2 -3
v -1.5 1.2 -3.1
v -1.1 1.2 -3.1
v -1 1.2 -3.1
v -0.6 1.2 -3.1
v -1.1 1.2 -3.2
v -1 1.2 -3.2
v 0.3 1.3 3.1
v 0.7 1.3 3.1
v 0.8 1.3 3.1
v 1.2 1.3 3.1
v 0.2 1.3 3
v 0.3 1.3 3
v 0.7 1.3 3
v 0.8 1.3 3
v 1.2 1.3 3
v 1.3 1.3 3
v 0 1.3 2.9
v 0.2 1.3 2.9
v 0.3 1.3 2.9
v 1.2 1.3 2.9
v 1.3 1.3 2.9
v 1.5 1.3 2.9
v 0.0999999 1.3 2.8
v 0.2 1.3 2.8
v 1.3 1.3 2.8
v 1.4 1.3 2.8
v -0.0999999 1.3 2.7
v 0 1.3 2.7
v 0.0999999 1.3 2.7
v 1.4 1.3 2.7
v 1.5 1.3 2.7
v 1.6 1.3 2.7
v -0.0999999 1.3 2.2
v 0 1.3 2.2
v 0.0999999 1.3 2.2
v 1.4 1.3 2.2
v 1.5 1.3 2.2
v 1.6 1.3 2.2
v 0.0999999 1.3 1.9
v 0.2 1.3 1.9
v 1.3 1.3 1.9
v 1.4 1.3 1.9
v 0 1.3 1.8
v 0.2 1.3 1.8
v 0.3 1.3 1.8
v 1.2 1.3 1.8
v 1.3 1.3 1.8
v 1.5 1.3 1.8
v -2.8 1.3 1.7
v -2.3 1.3 1.7
v 0.2 1.3 1.7
v 0.3 1.3 1.7
v 0.7 1.3 1.7
v 0.8 1.3 1.7
v 1.2 1.3 1.7
v 1.3 1.3 1.7
v -3 1.3 1.6
v -2.8 1.3 1.6
v -2.3 1.3 1.6
v -2 1.3 1.6
v 0.3 1.3 1.6
v 0.7 1.3 1.6
v 0.8 1.3 1.6
v 1.2 1.3 1.6
v -2.9 1.3 1.5
v -2.8 1.3 1.5
v -2.3 1.3 1.5
v -2.1 1.3 1.5
v -3.1 1.3 1.4
v -3 1.3 1.4
v -2.9 1.3 1.4
v -2.1 1.3 1.4
v -2 1.3 1.4
v -1.9 1.3 1.4
v -3.2 1.3 1.3
v -3.1 1.3 1.3
v -3 1.3 1.3
v -2 1.3 1.3
v -1.9 1.3 1.3
v -1.8 1.3 1.3
v -3.2 1.3 0.9
v -3.1 1.3 0.9
v -1.9 1.3 0.9
v -1.8 1.3 0.9
v -3.2 1.3 0.8
v -3.1 1.3 0.8
v -1.9 1.3 0.8
v -1.8 1.3 0.8
v -3.2 1.3 0.4
v -3.1 1.3 0.4
v -3 1.3 0.4
v -2 1.3 0.4
v -1.9 1.3 0.4
v -1.8 1.3 0.4
v -3.1 1.3 0.3
v -3 1.3 0.3
v -2.9 1.3 0.3
v -2.1 1.3 0.3
v -2 1.3 0.3
v -1.9 1.3 0.3
v -2.9 1.3 0.2
v -2.8 1.3 0.2
v -2.3 1.3 0.2
v -2.1 1.3 0.2
v -3 1.3 0.0999999
v -2.8 1.3 0.0999999
v -2.3 1.3 0.0999999
v -2 1.3 0.0999999
v -2.8 1.3 0
v -2.3 1.3 0
v 2.2 1.3 -0.2
v 2.7 1.3 -0.2
v 1.9 1.3 -0.3
v 2.2 1.3 -0.3
v 2.7 1.3 -0.3
v 3 1.3 -0.3
v 2 1.3 -0.4
v 2.2 1.3 -0.4
v 2.7 1.3 -0.4
v 2.9 1.3 -0.4
v 1.7 1.3 -0.5
v 1.9 1.3 -0.5
v 2 1.3 -0.5
v 2.9 1.3 -0.5
v 3 1.3 -0.5
v 3.1 1.3 -0.5
v 1.6 1.3 -0.6
v 1.7 1.3 -0.6
v 1.9 1.3 -0.6
v 3 1.3 -0.6
v 3.1 1.3 -0.6
v 3.2 1.3 -0.6
v 1.6 1.3 -1
v 1.7 1.3 -1
v 3.1 1.3 -1
v 3.2 1.3 -1
v 1.6 1.3 -1.1
v 1.7 1.3 -1.1
v 3.1 1.3 -1.1
v 3.2 1.3 -1.1
v 1.6 1.3 -1.5
v 1.7 1.3 -1.5
v 1.9 1.3 -1.5
v 3 1.3 -1.5
v 3.1 1.3 -1.5
v 3.2 1.3 -1.5
v 1.7 1.3 -1.6
v 1.9 1.3 -1.6
v 2 1.3 -1.6
v 2.9 1.3 -1.6
v 3 1.3 -1.6
v 3.1 1.3 -1.6
v -1.5 1.3 -1.7
v -1.1 1.3 -1.7
v -1 1.3 -1.7
v -0.6 1.3 -1.7
v 2 1.3 -1.7
v 2.2 1.3 -1.7
v 2.7 1.3 -1.7
v 2.9 1.3 -1.7
v -1.6 1.3 -1.8
v -1.5 1.3 -1.8
v -1.1 1.3 -1.8
v -1 1.3 -1.8
v -0.6 1.3 -1.8
v -0.5 1.3 -1.8
v 1.9 1.3 -1.8
v 2.2 1.3 -1.8
v 2.7 1.3 -1.8
v 3 1.3 -1.8
v 2.2 1.3 -1.9
v 2.7 1.3 -1.9
v -1.8 1.3 -2
v -1.6 1.3 -2
v -1.5 1.3 -2
v -0.6 1.3 -2
v -0.5 1.3 -2
v -0.3 1.3 -2
v -1.7 1.3 -2.1
v -1.6 1.3 -2.1
v -0.5 1.3 -2.1
v -0.4 1.3 -2.1
v -1.9 1.3 -2.2
v -1.8 1.3 -2.2
v -1.7 1.3 -2.2
v -0.4 1.3 -2.2
v -0.3 1.3 -2.2
v -0.2 1.3 -2.2
v -1.9 1.3 -2.7
v -1.8 1.3 -2.7
v -1.7 1.3 -2.7
v -0.4 1.3 -2.7
v -0.3 1.3 -2.7
v -0.2 1.3 -2.7
v -1.7 1.3 -2.9
v -1.6 1.3 -2.9
v -0.5 1.3 -2.9
v -0.4 1.3 -2.9
v -1.8 1.3 -3
v -1.6 1.3 -3
v -1.5 1.3 -3
v -0.6 1.3 -3
v -0.5 1.3 -3
v -0.3 1.3 -3
v -1.6 1.3 -3.1
v -1.5 1.3 -3.1
v -1.1 1.3 -3.1
v -1 1.3 -3.1
v -0.6 1.3 -3.1
v -0.5 1.3 -3.1
v -1.5 1.3 -3.2
v -1.1 1.3 -3.2
v -1 1.3 -3.2
v -0.6 1.3 -3.2
v 0.4 1.4 3.2
v 1.1 1.4 3.2
v 0.2 1.4 3.1
v 0.3 1.4 3.1
v 0.4 1.4 3.1
v 1.1 1.4 3.1
v 1.2 1.4 3.1
v 1.3 1.4 3.1
v 0 1.4 3
v 0.2 1.4 3
v 0.3 1.4 3
v 1.2 1.4 3
v 1.3 1.4 3
v 1.5 1.4 3
v -0.0999999 1.4 2.9
v 0 1.4 2.9
v 0.2 1.4 2.9
v 1.3 1.4 2.9
v 1.5 1.4 2.9
v 1.6 1.4 2.9
v -0.0999999 1.4 2.7
v 0 1.4 2.7
v 1.5 1.4 2.7
v 1.6 1.4 2.7
v -0.2 1.4 2.6
v -0.0999999 1.4 2.6
v 1.6 1.4 2.6
v 1.7 1.4 2.6
v -0.2 1.4 2.3
v -0.0999999 1.4 2.3
v 1.6 1.4 2.3
v 1.7 1.4 2.3
v -0.0999999 1.4 2.2
v 0 1.4 2.2
v 1.5 1.4 2.2
v 1.6 1.4 2.2
v -2.7 1.4 1.8
v -2.4 1.4 1.8
v -0.0999999 1.4 1.8
v 0 1.4 1.8
v 0.2 1.4 1.8
v 1.3 1.4 1.8
v 1.5 1.4 1.8
v 1.6 1.4 1.8
v -3 1.4 1.7
v -2.8 1.4 1.7
v -2.7 1.4 1.7
v -2.4 1.4 1.7
v -2.3 1.4 1.7
v -2 1.4 1.7
v 0 1.4 1.7
v 0.2 1.4 1.7
v 0.3 1.4 1.7
v 1.2 1.4 1.7
v 1.3 1.4 1.7
v 1.5 1.4 1.7
v -3.1 1.4 1.6
v -3 1.4 1.6
v -2.8 1.4 1.6
v -2.3 1.4 1.6
v -2 1.4 1.6
v -1.9 1.4 1.6
v 0.2 1.4 1.6
v 0.3 1.4 1.6
v 0.4 1.4 1.6
v 1.1 1.4 1.6
v 1.2 1.4 1.6
v 1.3 1.4 1.6
v 0.4 1.4 1.5
v 1.1 1.4 1.5
v -3.2 1.4 1.4
v -3.1 1.4 1.4
v -3 1.4 1.4
v -2 1.4 1.4
v -1.9 1.4 1.4
v -1.8 1.4 1.4
v -3.2 1.4 1.3
v -3.1 1.4 1.3
v -1.9 1.4 1.3
v -1.8 1.4 1.3
v -3.3 1.4 1.2
v -3.2 1.4 1.2
v -1.8 1.4 1.2
v -1.7 1.4 1.2
v -3.3 1.4 0.5
v -3.2 1.4 0.5
v -1.8 1.4 0.5
v -1.7 1.4 0.5
v -3.2 1.4 0.4
v -3.1 1.4 0.4
v -1.9 1.4 0.4
v -1.8 1.4 0.4
v -3.2 1.4 0.3
v -3.1 1.4 0.3
v -3 1.4 0.3
v -2 1.4 0.3
v -1.9 1.4 0.3
v -1.8 1.4 0.3
v -3.1 1.4 0.0999999
v -3 1.4 0.0999999
v -2.8 1.4 0.0999999
v -2.3 1.4 0.0999999
v -2 1.4 0.0999999
v -1.9 1.4 0.0999999
v -3 1.4 0
v -2.8 1.4 0
v -2.7 1.4 0
v -2.4 1.4 0
v -2.3 1.4 0
v -2 1.4 0
v -2.7 1.4 -0.0999999
v -2.4 1.4 -0.0999999
v 2.3 1.4 -0.0999999
v 2.6 1.4 -0.0999999
v 1.9 1.4 -0.2
v 2.2 1.4 -0.2
v 2.3 1.4 -0.2
v 2.6 1.4 -0.2
v 2.7 1.4 -0.2
v 3 1.4 -0.2
v 1.7 1.4 -0.3
v 1.9 1.4 -0.3
v 2.2 1.4 -0.3
v 2.7 1.4 -0.3
v 3 1.4 -0.3
v 3.1 1.4 -0.3
v 1.6 1.4 -0.5
v 1.7 1.4 -0.5
v 1.9 1.4 -0.5
v 3 1.4 -0.5
v 3.1 1.4 -0.5
v 3.2 1.4 -0.5
v 1.6 1.4 -0.6
v 1.7 1.4 -0.6
v 3.1 1.4 -0.6
v 3.2 1.4 -0.6
v 1.5 1.4 -0.7
v 1.6 1.4 -0.7
v 3.2 1.4 -0.7
v 3.3 1.4 -0.7
v 1.5 1.4 -1.4
v 1.6 1.4 -1.4
v 3.2 1.4 -1.4
v 3.3 1.4 -1.4
v 1.6 1.4 -1.5
v 1.7 1.4 -1.5
v 3.1 1.4 -1.5
v 3.2 1.4 -1.5
v -1.4 1.4 -1.6
v -0.7 1.4 -1.6
v 1.6 1.4 -1.6
v 1.7 1.4 -1.6
v 1.9 1.4 -1.6
v 3 1.4 -1.6
v 3.1 1.4 -1.6
v 3.2 1.4 -1.6
v -1.6 1.4 -1.7
v -1.5 1.4 -1.7
v -1.4 1.4 -1.7
v -0.7 1.4 -1.7
v -0.6 1.4 -1.7
v -0.5 1.4 -1.7
v -1.8 1.4 -1.8
v -1.6 1.4 -1.8
v -1.5 1.4 -1.8
v -0.6 1.4 -1.8
v -0.5 1.4 -1.8
v -0.3 1.4 -1.8
v 1.7 1.4 -1.8
v 1.9 1.4 -1.8
v 2.2 1.4 -1.8
v 2.7 1.4 -1.8
v 3 1.4 -1.8
v 3.1 1.4 -1.8
v 1.9 1.4 -1.9
v 2.2 1.4 -1.9
v 2.3 1.4 -1.9
v 2.6 1.4 -1.9
v 2.7 1.4 -1.9
v 3 1.4 -1.9
v -1.9 1.4 -2
v -1.8 1.4 -2
v -1.6 1.4 -2
v -0.5 1.4 -2
v -0.3 1.4 -2
v -0.2 1.4 -2
v 2.3 1.4 -2
v 2.6 1.4 -2
v -1.9 1.4 -2.2
v -1.8 1.4 -2.2
v -0.3 1.4 -2.2
v -0.2 1.4 -2.2
v -2 1.4 -2.3
v -1.9 1.4 -2.3
v -0.2 1.4 -2.3
v -0.0999999 1.4 -2.3
v -2 1.4 -2.6
v -1.9 1.4 -2.6
v -0.2 1.4 -2.6
v -0.0999999 1.4 -2.6
v -1.9 1.4 -2.7
v -1.8 1.4 -2.7
v -0.3 1.4 -2.7
v -0.2 1.4 -2.7
v -1.9 1.4 -3
v -1.8 1.4 -3
v -1.6 1.4 -3
v -0.5 1.4 -3
v -0.3 1.4 -3
v -0.2 1.4 -3
v -1.8 1.4 -3.1
v -1.6 1.4 -3.1
v -1.5 1.4 -3.1
v -0.6 1.4 -3.1
v -0.5 1.4 -3.1
v -0.3 1.4 -3.1
v -1.6 1.4 -3.2
v -1.5 1.4 -3.2
v -1.4 1.4 -3.2
v -0.7 1.4 -3.2
v -0.6 1.4 -3.2
v -0.5 1.4 -3.2
v -1.4 1.4 -3.3
v -0.7 1.4 -3.3
v 0.5 1.5 3.3
v 1 1.5 3.3
v 0.2 1.5 3.2
v 0.4 1.5 3.2
v 0.5 1.5 3.2
v 1 1.5 3.2
v 1.1 1.5 3.2
v 1.3 1.5 3.2
v 0 1.5 3.1
v 0.2 1.5 3.1
v 0.4 1.5 3.1
v 1.1 1.5 3.1
v 1.3 1.5 3.1
v 1.5 1.5 3.1
v -0.0999999 1.5 3
v 0 1.5 3
v 0.2 1.5 3
v 1.3 1.5 3
v 1.5 1.5 3
v 1.6 1.5 3
v -0.0999999 1.5 2.9
v 0 1.5 2.9
v 1.5 1.5 2.9
v 1.6 1.5 2.9
v -0.2 1.5 2.8
v -0.0999999 1.5 2.8
v 1.6 1.5 2.8
v 1.7 1.5 2.8
v -0.2 1.5 2.6
v -0.0999999 1.5 2.6
v 1.6 1.5 2.6
v 1.7 1.5 2.6
v -0.2 1.5 2.3
v -0.0999999 1.5 2.3
v 1.6 1.5 2.3
v 1.7 1.5 2.3
v -0.2 1.5 1.9
v -0.0999999 1.5 1.9
v 1.6 1.5 1.9
v 1.7 1.5 1.9
v -2.9 1.5 1.8
v -2.7 1.5 1.8
v -2.4 1.5 1.8
v -2.1 1.5 1.8
v -0.0999999 1.5 1.8
v 0 1.5 1.8
v 1.5 1.5 1.8
v 1.6 1.5 1.8
v -3.1 1.5 1.7
v -3 1.5 1.7
v -2.9 1.5 1.7
v -2.7 1.5 1.7
v -2.4 1.5 1.7
v -2.1 1.5 1.7
v -2 1.5 1.7
v -1.9 1.5 1.7
v -0.0999999 1.5 1.7
v 0 1.5 1.7
v 0.2 1.5 1.7
v 1.3 1.5 1.7
v 1.5 1.5 1.7
v 1.6 1.5 1.7
v -3.2 1.5 1.6
v -3.1 1.5 1.6
v -3 1.5 1.6
v -2 1.5 1.6
v -1.9 1.5 1.6
v -1.8 1.5 1.6
v 0 1.5 1.6
v 0.2 1.5 1.6
v 0.4 1.5 1.6
v 1.1 1.5 1.6
v 1.3 1.5 1.6
v 1.5 1.5 1.6
v 0.2 1.5 1.5
v 0.4 1.5 1.5
v 0.5 1.5 1.5
v 1 1.5 1.5
v 1.1 1.5 1.5
v 1.3 1.5 1.5
v -3.3 1.5 1.4
v -3.2 1.5 1.4
v -3.1 1.5 1.4
v -1.9 1.5 1.4
v -1.8 1.5 1.4
v -1.7 1.5 1.4
v 0.5 1.5 1.4
v 1 1.5 1.4
v -3.3 1.5 1.2
v -3.2 1.5 1.2
v -1.8 1.5 1.2
v -1.7 1.5 1.2
v -3.4 1.5 1.1
v -3.3 1.5 1.1
v -1.7 1.5 1.1
v -1.6 1.5 1.1
v -3.4 1.5 0.6
v -3.3 1.5 0.6
v -1.7 1.5 0.6
v -1.6 1.5 0.6
v -3.3 1.5 0.5
v -3.2 1.5 0.5
v -1.8 1.5 0.5
v -1.7 1.5 0.5
v -3.3 1.5 0.3
v -3.2 1.5 0.3
v -3.1 1.5 0.3
v -1.9 1.5 0.3
v -1.8 1.5 0.3
v -1.7 1.5 0.3
v -3.2 1.5 0.0999999
v -3.1 1.5 0.0999999
v -3 1.5 0.0999999
v -2 1.5 0.0999999
v -1.9 1.5 0.0999999
v -1.8 1.5 0.0999999
v -3.1 1.5 0
v -3 1.5 0
v -2.9 1.5 0
v -2.7 1.5 0
v -2.4 1.5 0
v -2.1 1.5 0
v -2 1.5 0
v -1.9 1.5 0
v -2.9 1.5 -0.0999999
v -2.7 1.5 -0.0999999
v -2.4 1.5 -0.0999999
v -2.1 1.5 -0.0999999
v 2 1.5 -0.0999999
v 2.3 1.5 -0.0999999
v 2.6 1.5 -0.0999999
v 2.9 1.5 -0.0999999
v 1.7 1.5 -0.2
v 1.9 1.5 -0.2
v 2 1.5 -0.2
v 2.3 1.5 -0.2
v 2.6 1.5 -0.2
v 2.9 1.5 -0.2
v 3 1.5 -0.2
v 3.1 1.5 -0.2
v 1.6 1.5 -0.3
v 1.7 1.5 -0.3
v 1.9 1.5 -0.3
v 3 1.5 -0.3
v 3.1 1.5 -0.3
v 3.2 1.5 -0.3
v 1.5 1.5 -0.5
v 1.6 1.5 -0.5
v 1.7 1.5 -0.5
v 3.1 1.5 -0.5
v 3.2 1.5 -0.5
v 3.3 1.5 -0.5
v 1.5 1.5 -0.7
v 1.6 1.5 -0.7
v 3.2 1.5 -0.7
v 3.3 1.5 -0.7
v 1.4 1.5 -0.8
v 1.5 1.5 -0.8
v 3.3 1.5 -0.8
v 3.4 1.5 -0.8
v 1.4 1.5 -1.3
v 1.5 1.5 -1.3
v 3.3 1.5 -1.3
v 3.4 1.5 -1.3
v 1.5 1.5 -1.4
v 1.6 1.5 -1.4
v 3.2 1.5 -1.4
v 3.3 1.5 -1.4
v -1.3 1.5 -1.5
v -0.8 1.5 -1.5
v -1.6 1.5 -1.6
v -1.4 1.5 -1.6
v -1.3 1.5 -1.6
v -0.8 1.5 -1.6
v -0.7 1.5 -1.6
v -0.5 1.5 -1.6
v 1.5 1.5 -1.6
v 1.6 1.5 -1.6
v 1.7 1.5 -1.6
v 3.1 1.5 -1.6
v 3.2 1.5 -1.6
v 3.3 1.5 -1.6
v -1.8 1.5 -1.7
v -1.6 1.5 -1.7
v -1.4 1.5 -1.7
v -0.7 1.5 -1.7
v -0.5 1.5 -1.7
v -0.3 1.5 -1.7
v -1.9 1.5 -1.8
v -1.8 1.5 -1.8
v -1.6 1.5 -1.8
v -0.5 1.5 -1.8
v -0.3 1.5 -1.8
v -0.2 1.5 -1.8
v 1.6 1.5 -1.8
v 1.7 1.5 -1.8
v 1.9 1.5 -1.8
v 3 1.5 -1.8
v 3.1 1.5 -1.8
v 3.2 1.5 -1.8
v 1.7 1.5 -1.9
v 1.9 1.5 -1.9
v 2 1.5 -1.9
v 2.3 1.5 -1.9
v 2.6 1.5 -1.9
v 2.9 1.5 -1.9
v 3 1.5 -1.9
v 3.1 1.5 -1.9
v -1.9 1.5 -2
v -1.8 1.5 -2
v -0.3 1.5 -2
v -0.2 1.5 -2
v 2 1.5 -2
v 2.3 1.5 -2
v 2.6 1.5 -2
v 2.9 1.5 -2
v -2 1.5 -2.1
v -1.9 1.5 -2.1
v -0.2 1.5 -2.1
v -0.0999999 1.5 -2.1
v -2 1.5 -2.3
v -1.9 1.5 -2.3
v -0.2 1.5 -2.3
v -0.0999999 1.5 -2.3
v -2 1.5 -2.6
v -1.9 1.5 -2.6
v -0.2 1.5 -2.6
v -0.0999999 1.5 -2.6
v -2 1.5 -2.9
v -1.9 1.5 -2.9
v -0.2 1.5 -2.9
v -0.0999999 1.5 -2.9
v -1.9 1.5 -3
v -1.8 1.5 -3
v -0.3 1.5 -3
v -0.2 1.5 -3
v -1.9 1.5 -3.1
v -1.8 1.5 -3.1
v -1.6 1.5 -3.1
v -0.5 1.5 -3.1
v -0.3 1.5 -3.1
v -0.2 1.5 -3.1
v -1.8 1.5 -3.2
v -1.6 1.5 -3.2
v -1.4 1.5 -3.2
v -0.7 1.5 -3.2
v -0.5 1.5 -3.2
v -0.3 1.5 -3.2
v -1.6 1.5 -3.3
v -1.4 1.5 -3.3
v -1.3 1.5 -3.3
v -0.8 1.5 -3.3
v -0.7 1.5 -3.3
v -0.5 1.5 -3.3
v -1.3 1.5 -3.4
v -0.8 1.5 -3.4
v 0.3 1.6 3.3
v 0.5 1.6 3.3
v 1 1.6 3.3
v 1.2 1.6 3.3
v 0.0999999 1.6 3.2
v 0.2 1.6 3.2
v 0.3 1.6 3.2
v 0.5 1.6 3.2
v 1 1.6 3.2
v 1.2 1.6 3.2
v 1.3 1.6 3.2
v 1.4 1.6 3.2
v 0.0999999 1.6 3.1
v 0.2 1.6 3.1
v 1.3 1.6 3.1
v 1.4 1.6 3.1
v -0.2 1.6 2.9
v -0.0999999 1.6 2.9
v 1.6 1.6 2.9
v 1.7 1.6 2.9
v -0.2 1.6 2.8
v -0.0999999 1.6 2.8
v 1.6 1.6 2.8
v 1.7 1.6 2.8
v -0.3 1.6 2.7
v -0.2 1.6 2.7
v 1.7 1.6 2.7
v 1.8 1.6 2.7
v -0.3 1.6 2.2
v -0.2 1.6 2.2
v 1.7 1.6 2.2
v 1.8 1.6 2.2
v -2.8 1.6 1.9
v -2.3 1.6 1.9
v -0.2 1.6 1.9
v -0.0999999 1.6 1.9
v 1.6 1.6 1.9
v 1.7 1.6 1.9
v -3 1.6 1.8
v -2.9 1.6 1.8
v -2.8 1.6 1.8
v -2.3 1.6 1.8
v -2.1 1.6 1.8
v -2 1.6 1.8
v -0.2 1.6 1.8
v -0.0999999 1.6 1.8
v 1.6 1.6 1.8
v 1.7 1.6 1.8
v -3 1.6 1.7
v -2.9 1.6 1.7
v -2.1 1.6 1.7
v -2 1.6 1.7
v 0.0999999 1.6 1.6
v 0.2 1.6 1.6
v 1.3 1.6 1.6
v 1.4 1.6 1.6
v -3.3 1.6 1.5
v -3.2 1.6 1.5
v -1.8 1.6 1.5
v -1.7 1.6 1.5
v 0.0999999 1.6 1.5
v 0.2 1.6 1.5
v 0.3 1.6 1.5
v 0.5 1.6 1.5
v 1 1.6 1.5
v 1.2 1.6 1.5
v 1.3 1.6 1.5
v 1.4 1.6 1.5
v -3.3 1.6 1.4
v -3.2 1.6 1.4
v -1.8 1.6 1.4
v -1.7 1.6 1.4
v 0.3 1.6 1.4
v 0.5 1.6 1.4
v 1 1.6 1.4
v 1.2 1.6 1.4
v -3.4 1.6 1.3
v -3.3 1.6 1.3
v -1.7 1.6 1.3
v -1.6 1.6 1.3
v -3.4 1.6 1.1
v -3.3 1.6 1.1
v -1.7 1.6 1.1
v -1.6 1.6 1.1
v -3.4 1.6 0.6
v -3.3 1.6 0.6
v -1.7 1.6 0.6
v -1.6 1.6 0.6
v -3.4 1.6 0.4
v -3.3 1.6 0.4
v -1.7 1.6 0.4
v -1.6 1.6 0.4
v -3.3 1.6 0.3
v -3.2 1.6 0.3
v -1.8 1.6 0.3
v -1.7 1.6 0.3
v -3.3 1.6 0.2
v -3.2 1.6 0.2
v -1.8 1.6 0.2
v -1.7 1.6 0.2
v -3 1.6 0
v -2.9 1.6 0
v -2.1 1.6 0
v -2 1.6 0
v 2.2 1.6 0
v 2.7 1.6 0
v -3 1.6 -0.0999999
v -2.9 1.6 -0.0999999
v -2.8 1.6 -0.0999999
v -2.3 1.6 -0.0999999
v -2.1 1.6 -0.0999999
v -2 1.6 -0.0999999
v 1.9 1.6 -0.0999999
v 2 1.6 -0.0999999
v 2.2 1.6 -0.0999999
v 2.7 1.6 -0.0999999
v 2.9 1.6 -0.0999999
v 3 1.6 -0.0999999
v -2.8 1.6 -0.2
v -2.3 1.6 -0.2
v 1.9 1.6 -0.2
v 2 1.6 -0.2
v 2.9 1.6 -0.2
v 3 1.6 -0.2
v 1.5 1.6 -0.4
v 1.6 1.6 -0.4
v 3.2 1.6 -0.4
v 3.3 1.6 -0.4
v 1.5 1.6 -0.5
v 1.6 1.6 -0.5
v 3.2 1.6 -0.5
v 3.3 1.6 -0.5
v 1.4 1.6 -0.6
v 1.5 1.6 -0.6
v 3.3 1.6 -0.6
v 3.4 1.6 -0.6
v 1.4 1.6 -0.8
v 1.5 1.6 -0.8
v 3.3 1.6 -0.8
v 3.4 1.6 -0.8
v 1.4 1.6 -1.3
v 1.5 1.6 -1.3
v 3.3 1.6 -1.3
v 3.4 1.6 -1.3
v -1.5 1.6 -1.5
v -1.3 1.6 -1.5
v -0.8 1.6 -1.5
v -0.6 1.6 -1.5
v 1.4 1.6 -1.5
v 1.5 1.6 -1.5
v 3.3 1.6 -1.5
v 3.4 1.6 -1.5
v -1.7 1.6 -1.6
v -1.6 1.6 -1.6
v -1.5 1.6 -1.6
v -1.3 1.6 -1.6
v -0.8 1.6 -1.6
v -0.6 1.6 -1.6
v -0.5 1.6 -1.6
v -0.4 1.6 -1.6
v 1.5 1.6 -1.6
v 1.6 1.6 -1.6
v 3.2 1.6 -1.6
v 3.3 1.6 -1.6
v -1.7 1.6 -1.7
v -1.6 1.6 -1.7
v -0.5 1.6 -1.7
v -0.4 1.6 -1.7
v 1.5 1.6 -1.7
v 1.6 1.6 -1.7
v 3.2 1.6 -1.7
v 3.3 1.6 -1.7
v 1.9 1.6 -1.9
v 2 1.6 -1.9
v 2.9 1.6 -1.9
v 3 1.6 -1.9
v -2 1.6 -2
v -1.9 1.6 -2
v -0.2 1.6 -2
v -0.0999999 1.6 -2
v 1.9 1.6 -2
v 2 1.6 -2
v 2.2 1.6 -2
v 2.7 1.6 -2
v 2.9 1.6 -2
v 3 1.6 -2
v -2 1.6 -2.1
v -1.9 1.6 -2.1
v -0.2 1.6 -2.1
v -0.0999999 1.6 -2.1
v 2.2 1.6 -2.1
v 2.7 1.6 -2.1
v -2.1 1.6 -2.2
v -2 1.6 -2.2
v -0.0999999 1.6 -2.2
v 0 1.6 -2.2
v -2.1 1.6 -2.7
v -2 1.6 -2.7
v -0.0999999 1.6 -2.7
v 0 1.6 -2.7
v -2 1.6 -2.9
v -1.9 1.6 -2.9
v -0.2 1.6 -2.9
v -0.0999999 1.6 -2.9
v -2 1.6 -3
v -1.9 1.6 -3
v -0.2 1.6 -3
v -0.0999999 1.6 -3
v -1.7 1.6 -3.2
v -1.6 1.6 -3.2
v -0.5 1.6 -3.2
v -0.4 1.6 -3.2
v -1.7 1.6 -3.3
v -1.6 1.6 -3.3
v -1.5 1.6 -3.3
v -1.3 1.6 -3.3
v -0.8 1.6 -3.3
v -0.6 1.6 -3.3
v -0.5 1.6 -3.3
v -0.4 1.6 -3.3
v -1.5 1.6 -3.4
v -1.3 1.6 -3.4
v -0.8 1.6 -3.4
v -0.6 1.6 -3.4
v 0.6 1.7 4
v 1 1.7 4
v 0.6 1.7 3.4
v 0.7 1.7 3.4
v 0.8 1.7 3.4
v 1 1.7 3.4
v 0.7 1.7 3.3
v 0.8 1.7 3.3
v 0 1.7 3.2
v 0.0999999 1.7 3.2
v 1.4 1.7 3.2
v 1.5 1.7 3.2
v -0.0999999 1.7 3.1
v 0 1.7 3.1
v 0.0999999 1.7 3.1
v 1.4 1.7 3.1
v 1.5 1.7 3.1
v 1.6 1.7 3.1
v -0.2 1.7 3
v -0.0999999 1.7 3
v 0 1.7 3
v 1.5 1.7 3
v 1.6 1.7 3
v 1.7 1.7 3
v -0.2 1.7 2.9
v -0.0999999 1.7 2.9
v 1.6 1.7 2.9
v 1.7 1.7 2.9
v -0.3 1.7 2.8
v -0.2 1.7 2.8
v 1.7 1.7 2.8
v 1.8 1.7 2.8
v -0.3 1.7 2.7
v -0.2 1.7 2.7
v 1.7 1.7 2.7
v 1.8 1.7 2.7
v -0.3 1.7 2.2
v -0.2 1.7 2.2
v 1.7 1.7 2.2
v 1.8 1.7 2.2
v -2.9 1.7 1.9
v -2.8 1.7 1.9
v -2.3 1.7 1.9
v -2.1 1.7 1.9
v -0.3 1.7 1.9
v -0.2 1.7 1.9
v 1.7 1.7 1.9
v 1.8 1.7 1.9
v -3.1 1.7 1.8
v -3 1.7 1.8
v -2.9 1.7 1.8
v -2.8 1.7 1.8
v -2.3 1.7 1.8
v -2.1 1.7 1.8
v -2 1.7 1.8
v -1.9 1.7 1.8
v -0.2 1.7 1.8
v -0.0999999 1.7 1.8
v 1.6 1.7 1.8
v 1.7 1.7 1.8
v -3.2 1.7 1.7
v -3.1 1.7 1.7
v -3 1.7 1.7
v -2 1.7 1.7
v -1.9 1.7 1.7
v -1.8 1.7 1.7
v -0.2 1.7 1.7
v -0.0999999 1.7 1.7
v 0 1.7 1.7
v 1.5 1.7 1.7
v 1.6 1.7 1.7
v 1.7 1.7 1.7
v -3.3 1.7 1.6
v -3.2 1.7 1.6
v -3.1 1.7 1.6
v -1.9 1.7 1.6
v -1.8 1.7 1.6
v -1.7 1.7 1.6
v -0.0999999 1.7 1.6
v 0 1.7 1.6
v 0.0999999 1.7 1.6
v 1.4 1.7 1.6
v 1.5 1.7 1.6
v 1.6 1.7 1.6
v -3.3 1.7 1.5
v -3.2 1.7 1.5
v -1.8 1.7 1.5
v -1.7 1.7 1.5
v 0 1.7 1.5
v 0.0999999 1.7 1.5
v 1.4 1.7 1.5
v 1.5 1.7 1.5
v 0.7 1.7 1.4
v 0.8 1.7 1.4
v 0.7 1.7 1.3
v 0.8 1.7 1.3
v -4 1.7 1.1
v -3.5 1.7 1.1
v -3.5 1.7 0.9
v -3.4 1.7 0.9
v -1.6 1.7 0.9
v -1.5 1.7 0.9
v -3.5 1.7 0.8
v -3.4 1.7 0.8
v -1.6 1.7 0.8
v -1.5 1.7 0.8
v -4 1.7 0.7
v -3.5 1.7 0.7
v -3.3 1.7 0.2
v -3.2 1.7 0.2
v -1.8 1.7 0.2
v -1.7 1.7 0.2
v -3.3 1.7 0.0999999
v -3.2 1.7 0.0999999
v -3.1 1.7 0.0999999
v -1.9 1.7 0.0999999
v -1.8 1.7 0.0999999
v -1.7 1.7 0.0999999
v -3.2 1.7 0
v -3.1 1.7 0
v -3 1.7 0
v -2 1.7 0
v -1.9 1.7 0
v -1.8 1.7 0
v 2 1.7 0
v 2.2 1.7 0
v 2.7 1.7 0
v 2.9 1.7 0
v -3.1 1.7 -0.0999999
v -3 1.7 -0.0999999
v -2.9 1.7 -0.0999999
v -2.8 1.7 -0.0999999
v -2.3 1.7 -0.0999999
v -2.1 1.7 -0.0999999
v -2 1.7 -0.0999999
v -1.9 1.7 -0.0999999
v 1.7 1.7 -0.0999999
v 1.9 1.7 -0.0999999
v 2 1.7 -0.0999999
v 2.2 1.7 -0.0999999
v 2.7 1.7 -0.0999999
v 2.9 1.7 -0.0999999
v 3 1.7 -0.0999999
v 3.1 1.7 -0.0999999
v -2.9 1.7 -0.2
v -2.8 1.7 -0.2
v -2.3 1.7 -0.2
v -2.1 1.7 -0.2
v 1.6 1.7 -0.2
v 1.7 1.7 -0.2
v 1.9 1.7 -0.2
v 3 1.7 -0.2
v 3.1 1.7 -0.2
v 3.2 1.7 -0.2
v 1.5 1.7 -0.3
v 1.6 1.7 -0.3
v 1.7 1.7 -0.3
v 3.1 1.7 -0.3
v 3.2 1.7 -0.3
v 3.3 1.7 -0.3
v 1.5 1.7 -0.4
v 1.6 1.7 -0.4
v 3.2 1.7 -0.4
v 3.3 1.7 -0.4
v 3.5 1.7 -0.9
v 4.1 1.7 -0.9
v 1.3 1.7 -1
v 1.4 1.7 -1
v 3.4 1.7 -1
v 3.5 1.7 -1
v 1.3 1.7 -1.1
v 1.4 1.7 -1.1
v 3.4 1.7 -1.1
v 3.5 1.7 -1.1
v 3.5 1.7 -1.3
v 4.1 1.7 -1.3
v -1.1 1.7 -1.4
v -1 1.7 -1.4
v -1.1 1.7 -1.5
v -1 1.7 -1.5
v -1.8 1.7 -1.6
v -1.7 1.7 -1.6
v -0.4 1.7 -1.6
v -0.3 1.7 -1.6
v -1.9 1.7 -1.7
v -1.8 1.7 -1.7
v -1.7 1.7 -1.7
v -0.4 1.7 -1.7
v -0.3 1.7 -1.7
v -0.2 1.7 -1.7
v 1.5 1.7 -1.7
v 1.6 1.7 -1.7
v 3.2 1.7 -1.7
v 3.3 1.7 -1.7
v -2 1.7 -1.8
v -1.9 1.7 -1.8
v -1.8 1.7 -1.8
v -0.3 1.7 -1.8
v -0.2 1.7 -1.8
v -0.0999999 1.7 -1.8
v 1.5 1.7 -1.8
v 1.6 1.7 -1.8
v 1.7 1.7 -1.8
v 3.1 1.7 -1.8
v 3.2 1.7 -1.8
v 3.3 1.7 -1.8
v 1.6 1.7 -1.9
v 1.7 1.7 -1.9
v 1.9 1.7 -1.9
v 3 1.7 -1.9
v 3.1 1.7 -1.9
v 3.2 1.7 -1.9
v -2 1.7 -2
v -1.9 1.7 -2
v -0.2 1.7 -2
v -0.0999999 1.7 -2
v 1.7 1.7 -2
v 1.9 1.7 -2
v 2 1.7 -2
v 2.2 1.7 -2
v 2.7 1.7 -2
v 2.9 1.7 -2
v 3 1.7 -2
v 3.1 1.7 -2
v -2.1 1.7 -2.1
v -2 1.7 -2.1
v -0.0999999 1.7 -2.1
v 0 1.7 -2.1
v 2 1.7 -2.1
v 2.2 1.7 -2.1
v 2.7 1.7 -2.1
v 2.9 1.7 -2.1
v -2.1 1.7 -2.2
v -2 1.7 -2.2
v -0.0999999 1.7 -2.2
v 0 1.7 -2.2
v -2.1 1.7 -2.7
v -2 1.7 -2.7
v -0.0999999 1.7 -2.7
v 0 1.7 -2.7
v -2.1 1.7 -2.9
v -2 1.7 -2.9
v -0.0999999 1.7 -2.9
v 0 1.7 -2.9
v -2 1.7 -3
v -1.9 1.7 -3
v -0.2 1.7 -3
v -0.0999999 1.7 -3
v -2 1.7 -3.1
v -1.9 1.7 -3.1
v -1.8 1.7 -3.1
v -0.3 1.7 -3.1
v -0.2 1.7 -3.1
v -0.0999999 1.7 -3.1
v -1.9 1.7 -3.2
v -1.8 1.7 -3.2
v -1.7 1.7 -3.2
v -0.4 1.7 -3.2
v -0.3 1.7 -3.2
v -0.2 1.7 -3.2
v -1.8 1.7 -3.3
v -1.7 1.7 -3.3
v -0.4 1.7 -3.3
v -0.3 1.7 -3.3
v -1.1 1.7 -3.4
v -1 1.7 -3.4
v -1.3 1.7 -3.5
v -1.1 1.7 -3.5
v -1 1.7 -3.5
v -0.9 1.7 -3.5
v -1.3 1.7 -4
v -0.9 1.7 -4
v 0.6 1.8 4.1
v 1 1.8 4.1
v 0.6 1.8 4
v 1 1.8 4
v 0.5 1.8 3.4
v 0.6 1.8 3.4
v 0.7 1.8 3.4
v 0.8 1.8 3.4
v 1 1.8 3.4
v 0.2 1.8 3.3
v 0.3 1.8 3.3
v 0.5 1.8 3.3
v 0.7 1.8 3.3
v 0.8 1.8 3.3
v 1 1.8 3.3
v 1.2 1.8 3.3
v 1.3 1.8 3.3
v 0.2 1.8 3.2
v 0.3 1.8 3.2
v 1.2 1.8 3.2
v 1.3 1.8 3.2
v -0.3 1.8 2.9
v -0.2 1.8 2.9
v 1.7 1.8 2.9
v 1.8 1.8 2.9
v -0.3 1.8 2.8
v -0.2 1.8 2.8
v 1.7 1.8 2.8
v 1.8 1.8 2.8
v -3 1.8 1.9
v -2.9 1.8 1.9
v -2.1 1.8 1.9
v -2 1.8 1.9
v -0.3 1.8 1.9
v -0.2 1.8 1.9
v 1.7 1.8 1.9
v 1.8 1.8 1.9
v -3 1.8 1.8
v -2.9 1.8 1.8
v -2.1 1.8 1.8
v -2 1.8 1.8
v -0.3 1.8 1.8
v -0.2 1.8 1.8
v 1.7 1.8 1.8
v 1.8 1.8 1.8
v 0.2 1.8 1.5
v 0.3 1.8 1.5
v 1.2 1.8 1.5
v 1.3 1.8 1.5
v -3.4 1.8 1.4
v -3.3 1.8 1.4
v -1.7 1.8 1.4
v -1.6 1.8 1.4
v 0.2 1.8 1.4
v 0.3 1.8 1.4
v 0.5 1.8 1.4
v 0.7 1.8 1.4
v 0.8 1.8 1.4
v 1 1.8 1.4
v 1.2 1.8 1.4
v 1.3 1.8 1.4
v -3.4 1.8 1.3
v -3.3 1.8 1.3
v -1.7 1.8 1.3
v -1.6 1.8 1.3
v 0.5 1.8 1.3
v 0.7 1.8 1.3
v 0.8 1.8 1.3
v 1 1.8 1.3
v -4.1 1.8 1.1
v -4 1.8 1.1
v -3.5 1.8 1.1
v -3.4 1.8 1.1
v -1.6 1.8 1.1
v -1.5 1.8 1.1
v -3.5 1.8 0.9
v -3.4 1.8 0.9
v -1.6 1.8 0.9
v -1.5 1.8 0.9
v -3.5 1.8 0.8
v -3.4 1.8 0.8
v -1.6 1.8 0.8
v -1.5 1.8 0.8
v -4.1 1.8 0.7
v -4 1.8 0.7
v -3.5 1.8 0.7
v -3.5 1.8 0.6
v -3.4 1.8 0.6
v -1.6 1.8 0.6
v -1.5 1.8 0.6
v -3.4 1.8 0.4
v -3.3 1.8 0.4
v -1.7 1.8 0.4
v -1.6 1.8 0.4
v -3.4 1.8 0.3
v -3.3 1.8 0.3
v -1.7 1.8 0.3
v -1.6 1.8 0.3
v 1.9 1.8 0
v 2 1.8 0
v 2.9 1.8 0
v 3 1.8 0
v -3 1.8 -0.0999999
v -2.9 1.8 -0.0999999
v -2.1 1.8 -0.0999999
v -2 1.8 -0.0999999
v 1.9 1.8 -0.0999999
v 2 1.8 -0.0999999
v 2.9 1.8 -0.0999999
v 3 1.8 -0.0999999
v -3 1.8 -0.2
v -2.9 1.8 -0.2
v -2.1 1.8 -0.2
v -2 1.8 -0.2
v 1.4 1.8 -0.5
v 1.5 1.8 -0.5
v 3.3 1.8 -0.5
v 3.4 1.8 -0.5
v 1.4 1.8 -0.6
v 1.5 1.8 -0.6
v 3.3 1.8 -0.6
v 3.4 1.8 -0.6
v 1.3 1.8 -0.8
v 1.4 1.8 -0.8
v 3.4 1.8 -0.8
v 3.5 1.8 -0.8
v 3.5 1.8 -0.9
v 4.1 1.8 -0.9
v 4.2 1.8 -0.9
v 1.3 1.8 -1
v 1.4 1.8 -1
v 3.4 1.8 -1
v 3.5 1.8 -1
v 1.3 1.8 -1.1
v 1.4 1.8 -1.1
v 3.4 1.8 -1.1
v 3.5 1.8 -1.1
v 1.3 1.8 -1.3
v 1.4 1.8 -1.3
v 3.4 1.8 -1.3
v 3.5 1.8 -1.3
v 4.1 1.8 -1.3
v 4.2 1.8 -1.3
v -1.3 1.8 -1.4
v -1.1 1.8 -1.4
v -1 1.8 -1.4
v -0.8 1.8 -1.4
v -1.6 1.8 -1.5
v -1.5 1.8 -1.5
v -1.3 1.8 -1.5
v -1.1 1.8 -1.5
v -1 1.8 -1.5
v -0.8 1.8 -1.5
v -0.6 1.8 -1.5
v -0.5 1.8 -1.5
v 1.4 1.8 -1.5
v 1.5 1.8 -1.5
v 3.3 1.8 -1.5
v 3.4 1.8 -1.5
v -1.6 1.8 -1.6
v -1.5 1.8 -1.6
v -0.6 1.8 -1.6
v -0.5 1.8 -1.6
v 1.4 1.8 -1.6
v 1.5 1.8 -1.6
v 3.3 1.8 -1.6
v 3.4 1.8 -1.6
v -2.1 1.8 -2
v -2 1.8 -2
v -0.0999999 1.8 -2
v 0 1.8 -2
v 1.9 1.8 -2
v 2 1.8 -2
v 2.9 1.8 -2
v 3 1.8 -2
v -2.1 1.8 -2.1
v -2 1.8 -2.1
v -0.0999999 1.8 -2.1
v 0 1.8 -2.1
v 1.9 1.8 -2.1
v 2 1.8 -2.1
v 2.9 1.8 -2.1
v 3 1.8 -2.1
v -2.1 1.8 -2.9
v -2 1.8 -2.9
v -0.0999999 1.8 -2.9
v 0 1.8 -2.9
v -2.1 1.8 -3
v -2 1.8 -3
v -0.0999999 1.8 -3
v 0 1.8 -3
v -1.6 1.8 -3.3
v -1.5 1.8 -3.3
v -0.6 1.8 -3.3
v -0.5 1.8 -3.3
v -1.6 1.8 -3.4
v -1.5 1.8 -3.4
v -1.3 1.8 -3.4
v -1.1 1.8 -3.4
v -1 1.8 -3.4
v -0.8 1.8 -3.4
v -0.6 1.8 -3.4
v -0.5 1.8 -3.4
v -1.3 1.8 -3.5
v -1.1 1.8 -3.5
v -1 1.8 -3.5
v -0.9 1.8 -3.5
v -0.8 1.8 -3.5
v -1.3 1.8 -4
v -0.9 1.8 -4
v -1.3 1.8 -4.1
v -0.9 1.8 -4.1
v 0.6 1.9 4.2
v 1 1.9 4.2
v 0.6 1.9 4.1
v 1 1.9 4.1
v 0.4 1.9 3.4
v 0.5 1.9 3.4
v 1 1.9 3.4
v 1.1 1.9 3.4
v 0.4 1.9 3.3
v 0.5 1.9 3.3
v 1 1.9 3.3
v 1.1 1.9 3.3
v -0.4 1.9 2.6
v -0.3 1.9 2.6
v 1.8 1.9 2.6
v 1.9 1.9 2.6
v -0.4 1.9 2.3
v -0.3 1.9 2.3
v 1.8 1.9 2.3
v 1.9 1.9 2.3
v -2.7 1.9 2
v -2.4 1.9 2
v -2.7 1.9 1.9
v -2.4 1.9 1.9
v 0.4 1.9 1.4
v 0.5 1.9 1.4
v 1 1.9 1.4
v 1.1 1.9 1.4
v 0.4 1.9 1.3
v 0.5 1.9 1.3
v 1 1.9 1.3
v 1.1 1.9 1.3
v -3.5 1.9 1.2
v -3.4 1.9 1.2
v -1.6 1.9 1.2
v -1.5 1.9 1.2
v -4.2 1.9 1.1
v -4.1 1.9 1.1
v -3.5 1.9 1.1
v -3.4 1.9 1.1
v -1.6 1.9 1.1
v -1.5 1.9 1.1
v -4.2 1.9 0.7
v -4.1 1.9 0.7
v -3.5 1.9 0.6
v -3.4 1.9 0.6
v -1.6 1.9 0.6
v -1.5 1.9 0.6
v -3.5 1.9 0.5
v -3.4 1.9 0.5
v -1.6 1.9 0.5
v -1.5 1.9 0.5
v 2.3 1.9 0.0999999
v 2.6 1.9 0.0999999
v 2.3 1.9 0
v 2.6 1.9 0
v -2.7 1.9 -0.2
v -2.4 1.9 -0.2
v -2.7 1.9 -0.3
v -2.4 1.9 -0.3
v 1.3 1.9 -0.7
v 1.4 1.9 -0.7
v 3.4 1.9 -0.7
v 3.5 1.9 -0.7
v 1.3 1.9 -0.8
v 1.4 1.9 -0.8
v 3.4 1.9 -0.8
v 3.5 1.9 -0.8
v 4.2 1.9 -0.9
v 4.3 1.9 -0.9
v 1.3 1.9 -1.3
v 1.4 1.9 -1.3
v 3.4 1.9 -1.3
v 3.5 1.9 -1.3
v 4.2 1.9 -1.3
v 4.3 1.9 -1.3
v -1.4 1.9 -1.4
v -1.3 1.9 -1.4
v -0.8 1.9 -1.4
v -0.7 1.9 -1.4
v 1.3 1.9 -1.4
v 1.4 1.9 -1.4
v 3.4 1.9 -1.4
v 3.5 1.9 -1.4
v -1.4 1.9 -1.5
v -1.3 1.9 -1.5
v -0.8 1.9 -1.5
v -0.7 1.9 -1.5
v 2.3 1.9 -2.1
v 2.6 1.9 -2.1
v 2.3 1.9 -2.2
v 2.6 1.9 -2.2
v -2.2 1.9 -2.3
v -2.1 1.9 -2.3
v 0 1.9 -2.3
v 0.0999999 1.9 -2.3
v -2.2 1.9 -2.6
v -2.1 1.9 -2.6
v 0 1.9 -2.6
v 0.0999999 1.9 -2.6
v -1.4 1.9 -3.4
v -1.3 1.9 -3.4
v -0.8 1.9 -3.4
v -0.7 1.9 -3.4
v -1.4 1.9 -3.5
v -1.3 1.9 -3.5
v -0.8 1.9 -3.5
v -0.7 1.9 -3.5
v -1.3 1.9 -4.1
v -0.9 1.9 -4.1
v -1.3 1.9 -4.2
v -0.9 1.9 -4.2
v 0.0999999 2 3.3
v 0.2 2 3.3
v 1.3 2 3.3
v 1.4 2 3.3
v 0.0999999 2 3.2
v 0.2 2 3.2
v 1.3 2 3.2
v 1.4 2 3.2
v -0.4 2 2.7
v -0.3 2 2.7
v 1.8 2 2.7
v 1.9 2 2.7
v -0.4 2 2.6
v -0.3 2 2.6
v 1.8 2 2.6
v 1.9 2 2.6
v -0.4 2 2.3
v -0.3 2 2.3
v 1.8 2 2.3
v 1.9 2 2.3
v -0.4 2 2.2
v -0.3 2 2.2
v 1.8 2 2.2
v 1.9 2 2.2
v -2.8 2 2
v -2.7 2 2
v -2.4 2 2
v -2.3 2 2
v -2.8 2 1.9
v -2.7 2 1.9
v -2.4 2 1.9
v -2.3 2 1.9
v -3.4 2 1.5
v -3.3 2 1.5
v -1.7 2 1.5
v -1.6 2 1.5
v 0.0999999 2 1.5
v 0.2 2 1.5
v 1.3 2 1.5
v 1.4 2 1.5
v -3.4 2 1.4
v -3.3 2 1.4
v -1.7 2 1.4
v -1.6 2 1.4
v 0.0999999 2 1.4
v 0.2 2 1.4
v 1.3 2 1.4
v 1.4 2 1.4
v -3.4 2 0.3
v -3.3 2 0.3
v -1.7 2 0.3
v -1.6 2 0.3
v -3.4 2 0.2
v -3.3 2 0.2
v -1.7 2 0.2
v -1.6 2 0.2
v 2.2 2 0.0999999
v 2.3 2 0.0999999
v 2.6 2 0.0999999
v 2.7 2 0.0999999
v 2.2 2 0
v 2.3 2 0
v 2.6 2 0
v 2.7 2 0
v -2.8 2 -0.2
v -2.7 2 -0.2
v -2.4 2 -0.2
v -2.3 2 -0.2
v -2.8 2 -0.3
v -2.7 2 -0.3
v -2.4 2 -0.3
v -2.3 2 -0.3
v 1.4 2 -0.4
v 1.5 2 -0.4
v 3.3 2 -0.4
v 3.4 2 -0.4
v 1.4 2 -0.5
v 1.5 2 -0.5
v 3.3 2 -0.5
v 3.4 2 -0.5
v -1.7 2 -1.5
v -1.6 2 -1.5
v -0.5 2 -1.5
v -0.4 2 -1.5
v -1.7 2 -1.6
v -1.6 2 -1.6
v -0.5 2 -1.6
v -0.4 2 -1.6
v 1.4 2 -1.6
v 1.5 2 -1.6
v 3.3 2 -1.6
v 3.4 2 -1.6
v 1.4 2 -1.7
v 1.5 2 -1.7
v 3.3 2 -1.7
v 3.4 2 -1.7
v 2.2 2 -2.1
v 2.3 2 -2.1
v 2.6 2 -2.1
v 2.7 2 -2.1
v -2.2 2 -2.2
v -2.1 2 -2.2
v 0 2 -2.2
v 0.0999999 2 -2.2
v 2.2 2 -2.2
v 2.3 2 -2.2
v 2.6 2 -2.2
v 2.7 2 -2.2
v -2.2 2 -2.3
v -2.1 2 -2.3
v 0 2 -2.3
v 0.0999999 2 -2.3
v -2.2 2 -2.6
v -2.1 2 -2.6
v 0 2 -2.6
v 0.0999999 2 -2.6
v -2.2 2 -2.7
v -2.1 2 -2.7
v 0 2 -2.7
v 0.0999999 2 -2.7
v -1.7 2 -3.3
v -1.6 2 -3.3
v -0.5 2 -3.3
v -0.4 2 -3.3
v -1.7 2 -3.4
v -1.6 2 -3.4
v -0.5 2 -3.4
v -0.4 2 -3.4
v 0.5 2.1 4.3
v 1 2.1 4.3
v 0.6 2.1 4.2
v 1 2.1 4.2
v 0.5 2.1 4.1
v 0.6 2.1 4.1
v -4.3 2.1 1.1
v -4.2 2.1 1.1
v -4.2 2.1 0.7
v -4.1 2.1 0.7
v -4.3 2.1 0.6
v -4.1 2.1 0.6
v 4.2 2.1 -0.8
v 4.4 2.1 -0.8
v 4.2 2.1 -0.9
v 4.3 2.1 -0.9
v 4.3 2.1 -1.3
v 4.4 2.1 -1.3
v -0.9 2.1 -4.1
v -0.8 2.1 -4.1
v -1.3 2.1 -4.2
v -0.9 2.1 -4.2
v -1.3 2.1 -4.3
v -0.8 2.1 -4.3
v 0.5 2.3 4.2
v 1 2.3 4.2
v 0.5 2.3 4.1
v 1 2.3 4.1
v 0.5 2.3 3.9
v 1 2.3 3.9
v 0.5 2.3 3.4
v 1 2.3 3.4
v -4.2 2.3 1.1
v -4.1 2.3 1.1
v -3.9 2.3 1.1
v -3.5 2.3 1.1
v -4.2 2.3 0.6
v -4.1 2.3 0.6
v -3.9 2.3 0.6
v -3.5 2.3 0.6
v 3.5 2.3 -0.8
v 4 2.3 -0.8
v 4.2 2.3 -0.8
v 4.3 2.3 -0.8
v 3.5 2.3 -1.3
v 4 2.3 -1.3
v 4.2 2.3 -1.3
v 4.3 2.3 -1.3
v -1.3 2.3 -3.5
v -0.8 2.3 -3.5
v -1.3 2.3 -3.9
v -0.8 2.3 -3.9
v -1.3 2.3 -4.1
v -0.8 2.3 -4.1
v -1.3 2.3 -4.2
v -0.8 2.3 -4.2
v 0.9 2.4 4.1
v 1 2.4 4.1
v 0.9 2.4 4
v 1 2.4 4
v -4.1 2.4 1.1
v -4 2.4 1.1
v -4.1 2.4 1
v -4 2.4 1
v 4.1 2.4 -1.2
v 4.2 2.4 -1.2
v 4.1 2.4 -1.3
v 4.2 2.4 -1.3
v -1.3 2.4 -4
v -1.2 2.4 -4
v -1.3 2.4 -4.1
v -1.2 2.4 -4.1
v 0.5 2.5 4.1
v 0.9 2.5 4.1
v 0.9 2.5 4
v 1 2.5 4
v 0.5 2.5 3.9
v 1 2.5 3.9
v -4 2.5 1.1
v -3.9 2.5 1.1
v -4.1 2.5 1
v -4 2.5 1
v -4.1 2.5 0.6
v -3.9 2.5 0.6
v 4 2.5 -0.8
v 4.2 2.5 -0.8
v 4.1 2.5 -1.2
v 4.2 2.5 -1.2
v 4 2.5 -1.3
v 4.1 2.5 -1.3
v -1.3 2.5 -3.9
v -0.8 2.5 -3.9
v -1.3 2.5 -4
v -1.2 2.5 -4
v -1.2 2.5 -4.1
v -0.8 2.5 -4.1
v -0.6 0.8 3.3
v 0.6 0.8 3.3
v -1.1 0.8 3.2
v -0.6 0.8 3.2
v 0.6 0.8 3.2
v 1.1 0.8 3.2
v -1.4 0.8 3.1
v -1.1 0.8 3.1
v 0.5 0.8 3.1
v 1 0.8 3.1
v 1.1 0.8 3.1
v 1.4 0.8 3.1
v -1.6 0.8 3
v -1.4 0.8 3
v 0.3 0.8 3
v 0.5 0.8 3
v 1 0.8 3
v 1.2 0.8 3
v 1.4 0.8 3
v 1.6 0.8 3
v -1.8 0.8 2.9
v -1.6 0.8 2.9
v 0.2 0.8 2.9
v 0.3 0.8 2.9
v 1.2 0.8 2.9
v 1.3 0.8 2.9
v 1.6 0.8 2.9
v 1.8 0.8 2.9
v -2 0.8 2.8
v -1.8 0.8 2.8
v 0.0999999 0.8 2.8
v 0.2 0.8 2.8
v 1.3 0.8 2.8
v 1.4 0.8 2.8
v 1.8 0.8 2.8
v 2 0.8 2.8
v -2.2 0.8 2.7
v -2 0.8 2.7
v 2 0.8 2.7
v 2.2 0.8 2.7
v -2.3 0.8 2.6
v -2.2 0.8 2.6
v 0 0.8 2.6
v 0.0999999 0.8 2.6
v 1.4 0.8 2.6
v 1.5 0.8 2.6
v 2.2 0.8 2.6
v 2.3 0.8 2.6
v -2.4 0.8 2.5
v -2.3 0.8 2.5
v 2.3 0.8 2.5
v 2.4 0.8 2.5
v -2.5 0.8 2.4
v -2.4 0.8 2.4
v 2.4 0.8 2.4
v 2.5 0.8 2.4
v -2.7 0.8 2.3
v -2.5 0.8 2.3
v 2.5 0.8 2.3
v 2.7 0.8 2.3
v -2.8 0.8 2.2
v -2.7 0.8 2.2
v 0 0.8 2.2
v 0.0999999 0.8 2.2
v 1.4 0.8 2.2
v 1.5 0.8 2.2
v 2.7 0.8 2.2
v 2.8 0.8 2.2
v -2.9 0.8 2
v -2.8 0.8 2
v 2.8 0.8 2
v 2.9 0.8 2
v -3 0.8 1.9
v -2.9 0.8 1.9
v 2.9 0.8 1.9
v 3 0.8 1.9
v -3.1 0.8 1.8
v -3 0.8 1.8
v 0.0999999 0.8 1.8
v 0.2 0.8 1.8
v 1.3 0.8 1.8
v 1.4 0.8 1.8
v 3 0.8 1.8
v 3.1 0.8 1.8
v -3.2 0.8 1.7
v -3.1 0.8 1.7
v 0.2 0.8 1.7
v 0.3 0.8 1.7
v 1.2 0.8 1.7
v 1.3 0.8 1.7
v 3.1 0.8 1.7
v 3.2 0.8 1.7
v -2.7 0.8 1.6
v -2.3 0.8 1.6
v 0.3 0.8 1.6
v 0.5 0.8 1.6
v 1 0.8 1.6
v 1.2 0.8 1.6
v -3.3 0.8 1.5
v -3.2 0.8 1.5
v -2.9 0.8 1.5
v -2.7 0.8 1.5
v -2.3 0.8 1.5
v -2 0.8 1.5
v 0.5 0.8 1.5
v 1 0.8 1.5
v 3.2 0.8 1.5
v 3.3 0.8 1.5
v -3 0.8 1.4
v -2.9 0.8 1.4
v -2 0.8 1.4
v -1.9 0.8 1.4
v -3.4 0.8 1.3
v -3.3 0.8 1.3
v -3.1 0.8 1.3
v -3 0.8 1.3
v -1.9 0.8 1.3
v -1.8 0.8 1.3
v 3.3 0.8 1.3
v 3.4 0.8 1.3
v -3.5 0.8 1.2
v -3.4 0.8 1.2
v 3.4 0.8 1.2
v 3.5 0.8 1.2
v -3.2 0.8 1.1
v -3.1 0.8 1.1
v -1.8 0.8 1.1
v -1.7 0.8 1.1
v -3.6 0.8 0.9
v -3.5 0.8 0.9
v 3.5 0.8 0.9
v 3.6 0.8 0.9
v -3.7 0.8 0.6
v -3.6 0.8 0.6
v -3.2 0.8 0.6
v -3.1 0.8 0.6
v -1.8 0.8 0.6
v -1.7 0.8 0.6
v 3.6 0.8 0.6
v 3.7 0.8 0.6
v -3.1 0.8 0.4
v -3 0.8 0.4
v -1.9 0.8 0.4
v -1.8 0.8 0.4
v -3 0.8 0.3
v -2.9 0.8 0.3
v -2 0.8 0.3
v -1.9 0.8 0.3
v -3.8 0.8 0.2
v -3.7 0.8 0.2
v -2.9 0.8 0.2
v -2.7 0.8 0.2
v -2.3 0.8 0.2
v -2 0.8 0.2
v 3.7 0.8 0.2
v 3.8 0.8 0.2
v -2.7 0.8 0.0999999
v -2.3 0.8 0.0999999
v 2.2 0.8 -0.3
v 2.6 0.8 -0.3
v 1.9 0.8 -0.4
v 2.2 0.8 -0.4
v 2.6 0.8 -0.4
v 2.9 0.8 -0.4
v 1.7 0.8 -0.5
v 1.9 0.8 -0.5
v 2.9 0.8 -0.5
v 3 0.8 -0.5
v 1.6 0.8 -0.6
v 1.7 0.8 -0.6
v 3 0.8 -0.6
v 3.1 0.8 -0.6
v 1.5 0.8 -0.8
v 1.6 0.8 -0.8
v 3.1 0.8 -0.8
v 3.2 0.8 -0.8
v -3.8 0.8 -1
v -3.7 0.8 -1
v 3.7 0.8 -1
v 3.8 0.8 -1
v 1.5 0.8 -1.3
v 1.6 0.8 -1.3
v 3.1 0.8 -1.3
v 3.2 0.8 -1.3
v -3.7 0.8 -1.4
v -3.6 0.8 -1.4
v 3.6 0.8 -1.4
v 3.7 0.8 -1.4
v 1.6 0.8 -1.5
v 1.7 0.8 -1.5
v 3 0.8 -1.5
v 3.1 0.8 -1.5
v -1.3 0.8 -1.6
v -0.8 0.8 -1.6
v 1.7 0.8 -1.6
v 1.9 0.8 -1.6
v 2.9 0.8 -1.6
v 3 0.8 -1.6
v -3.6 0.8 -1.7
v -3.5 0.8 -1.7
v -1.5 0.8 -1.7
v -1.3 0.8 -1.7
v -0.8 0.8 -1.7
v -0.6 0.8 -1.7
v 1.9 0.8 -1.7
v 2.2 0.8 -1.7
v 2.6 0.8 -1.7
v 2.9 0.8 -1.7
v 3.5 0.8 -1.7
v 3.6 0.8 -1.7
v -1.6 0.8 -1.8
v -1.5 0.8 -1.8
v -0.6 0.8 -1.8
v -0.5 0.8 -1.8
v 2.2 0.8 -1.8
v 2.6 0.8 -1.8
v -3.5 0.8 -2
v -3.4 0.8 -2
v -1.7 0.8 -2
v -1.6 0.8 -2
v -0.5 0.8 -2
v -0.4 0.8 -2
v 3.4 0.8 -2
v 3.5 0.8 -2
v -3.4 0.8 -2.1
v -3.3 0.8 -2.1
v 3.3 0.8 -2.1
v 3.4 0.8 -2.1
v -1.8 0.8 -2.2
v -1.7 0.8 -2.2
v -0.4 0.8 -2.2
v -0.3 0.8 -2.2
v -3.3 0.8 -2.3
v -3.2 0.8 -2.3
v 3.2 0.8 -2.3
v 3.3 0.8 -2.3
v -3.2 0.8 -2.5
v -3.1 0.8 -2.5
v 3.1 0.8 -2.5
v 3.2 0.8 -2.5
v -3.1 0.8 -2.6
v -3 0.8 -2.6
v -1.8 0.8 -2.6
v -1.7 0.8 -2.6
v -0.4 0.8 -2.6
v -0.3 0.8 -2.6
v 3 0.8 -2.6
v 3.1 0.8 -2.6
v -3 0.8 -2.7
v -2.9 0.8 -2.7
v 2.9 0.8 -2.7
v 3 0.8 -2.7
v -2.9 0.8 -2.8
v -2.8 0.8 -2.8
v 2.8 0.8 -2.8
v 2.9 0.8 -2.8
v -1.7 0.8 -2.9
v -1.6 0.8 -2.9
v -0.5 0.8 -2.9
v -0.4 0.8 -2.9
v -2.8 0.8 -3
v -2.7 0.8 -3
v -1.6 0.8 -3
v -1.5 0.8 -3
v -0.6 0.8 -3
v -0.5 0.8 -3
v 2.7 0.8 -3
v 2.8 0.8 -3
v -2.7 0.8 -3.1
v -2.5 0.8 -3.1
v -1.5 0.8 -3.1
v -1.3 0.8 -3.1
v -0.8 0.8 -3.1
v -0.6 0.8 -3.1
v 2.5 0.8 -3.1
v 2.7 0.8 -3.1
v -2.5 0.8 -3.2
v -2.4 0.8 -3.2
v -1.3 0.8 -3.2
v -0.8 0.8 -3.2
v 2.4 0.8 -3.2
v 2.5 0.8 -3.2
v -2.4 0.8 -3.3
v -2.3 0.8 -3.3
v 2.3 0.8 -3.3
v 2.4 0.8 -3.3
v -2.3 0.8 -3.4
v -2.2 0.8 -3.4
v 2.2 0.8 -3.4
v 2.3 0.8 -3.4
v -2.2 0.8 -3.5
v -2 0.8 -3.5
v 2 0.8 -3.5
v 2.2 0.8 -3.5
v -2 0.8 -3.6
v -1.8 0.8 -3.6
v 1.8 0.8 -3.6
v 2 0.8 -3.6
v -1.8 0.8 -3.7
v -1.6 0.8 -3.7
v 1.6 0.8 -3.7
v 1.8 0.8 -3.7
v -1.6 0.8 -3.8
v -1.4 0.8 -3.8
v 1.4 0.8 -3.8
v 1.6 0.8 -3.8
v -1.4 0.8 -3.9
v -1.1 0.8 -3.9
v 1.1 0.8 -3.9
v 1.4 0.8 -3.9
v -1.1 0.8 -4
v -0.6 0.8 -4
v 0.6 0.8 -4
v 1.1 0.8 -4
v -0.6 0.8 -4.1
v 0.6 0.8 -4.1
v 0.5 0.9 3.1
v 1 0.9 3.1
v 0.3 0.9 3
v 0.5 0.9 3
v 1 0.9 3
v 1.2 0.9 3
v 0.2 0.9 2.9
v 0.3 0.9 2.9
v 0.6 0.9 2.9
v 0.9 0.9 2.9
v 1.2 0.9 2.9
v 1.3 0.9 2.9
v 0.0999999 0.9 2.8
v 0.2 0.9 2.8
v 0.4 0.9 2.8
v 0.6 0.9 2.8
v 0.9 0.9 2.8
v 1.1 0.9 2.8
v 1.3 0.9 2.8
v 1.4 0.9 2.8
v 0.3 0.9 2.7
v 0.4 0.9 2.7
v 1.1 0.9 2.7
v 1.2 0.9 2.7
v 0 0.9 2.6
v 0.0999999 0.9 2.6
v 1.4 0.9 2.6
v 1.5 0.9 2.6
v 0 0.9 2.2
v 0.0999999 0.9 2.2
v 1.4 0.9 2.2
v 1.5 0.9 2.2
v 0.3 0.9 1.9
v 0.4 0.9 1.9
v 1.1 0.9 1.9
v 1.2 0.9 1.9
v 0.0999999 0.9 1.8
v 0.2 0.9 1.8
v 0.4 0.9 1.8
v 0.6 0.9 1.8
v 0.9 0.9 1.8
v 1.1 0.9 1.8
v 1.3 0.9 1.8
v 1.4 0.9 1.8
v 0.2 0.9 1.7
v 0.3 0.9 1.7
v 0.6 0.9 1.7
v 0.9 0.9 1.7
v 1.2 0.9 1.7
v 1.3 0.9 1.7
v -2.7 0.9 1.6
v -2.3 0.9 1.6
v 0.3 0.9 1.6
v 0.5 0.9 1.6
v 1 0.9 1.6
v 1.2 0.9 1.6
v -2.9 0.9 1.5
v -2.7 0.9 1.5
v -2.3 0.9 1.5
v -2 0.9 1.5
v 0.5 0.9 1.5
v 1 0.9 1.5
v -3 0.9 1.4
v -2.9 0.9 1.4
v -2 0.9 1.4
v -1.9 0.9 1.4
v -3.1 0.9 1.3
v -3 0.9 1.3
v -2.8 0.9 1.3
v -2.1 0.9 1.3
v -1.9 0.9 1.3
v -1.8 0.9 1.3
v -2.9 0.9 1.2
v -2.8 0.9 1.2
v -2.1 0.9 1.2
v -2 0.9 1.2
v -3.2 0.9 1.1
v -3.1 0.9 1.1
v -1.8 0.9 1.1
v -1.7 0.9 1.1
v -3 0.9 1
v -2.9 0.9 1
v -2 0.9 1
v -1.9 0.9 1
v -3 0.9 0.7
v -2.9 0.9 0.7
v -2 0.9 0.7
v -1.9 0.9 0.7
v -3.2 0.9 0.6
v -3.1 0.9 0.6
v -1.8 0.9 0.6
v -1.7 0.9 0.6
v -2.9 0.9 0.5
v -2.8 0.9 0.5
v -2.1 0.9 0.5
v -2 0.9 0.5
v -3.1 0.9 0.4
v -3 0.9 0.4
v -2.8 0.9 0.4
v -2.1 0.9 0.4
v -1.9 0.9 0.4
v -1.8 0.9 0.4
v -3 0.9 0.3
v -2.9 0.9 0.3
v -2 0.9 0.3
v -1.9 0.9 0.3
v -2.9 0.9 0.2
v -2.7 0.9 0.2
v -2.3 0.9 0.2
v -2 0.9 0.2
v -2.7 0.9 0.0999999
v -2.3 0.9 0.0999999
v 2.2 0.9 -0.3
v 2.6 0.9 -0.3
v 1.9 0.9 -0.4
v 2.2 0.9 -0.4
v 2.6 0.9 -0.4
v 2.9 0.9 -0.4
v 1.7 0.9 -0.5
v 1.9 0.9 -0.5
v 2.9 0.9 -0.5
v 3 0.9 -0.5
v 1.6 0.9 -0.6
v 1.7 0.9 -0.6
v 2 0.9 -0.6
v 2.7 0.9 -0.6
v 3 0.9 -0.6
v 3.1 0.9 -0.6
v 1.9 0.9 -0.7
v 2 0.9 -0.7
v 2.7 0.9 -0.7
v 2.9 0.9 -0.7
v 1.5 0.9 -0.8
v 1.6 0.9 -0.8
v 3.1 0.9 -0.8
v 3.2 0.9 -0.8
v 1.7 0.9 -0.9
v 1.9 0.9 -0.9
v 2.9 0.9 -0.9
v 3 0.9 -0.9
v 1.7 0.9 -1.2
v 1.9 0.9 -1.2
v 2.9 0.9 -1.2
v 3 0.9 -1.2
v 1.5 0.9 -1.3
v 1.6 0.9 -1.3
v 3.1 0.9 -1.3
v 3.2 0.9 -1.3
v 1.9 0.9 -1.4
v 2 0.9 -1.4
v 2.7 0.9 -1.4
v 2.9 0.9 -1.4
v 1.6 0.9 -1.5
v 1.7 0.9 -1.5
v 2 0.9 -1.5
v 2.7 0.9 -1.5
v 3 0.9 -1.5
v 3.1 0.9 -1.5
v -1.3 0.9 -1.6
v -0.8 0.9 -1.6
v 1.7 0.9 -1.6
v 1.9 0.9 -1.6
v 2.9 0.9 -1.6
v 3 0.9 -1.6
v -1.5 0.9 -1.7
v -1.3 0.9 -1.7
v -0.8 0.9 -1.7
v -0.6 0.9 -1.7
v 1.9 0.9 -1.7
v 2.2 0.9 -1.7
v 2.6 0.9 -1.7
v 2.9 0.9 -1.7
v -1.6 0.9 -1.8
v -1.5 0.9 -1.8
v -1.2 0.9 -1.8
v -0.9 0.9 -1.8
v -0.6 0.9 -1.8
v -0.5 0.9 -1.8
v 2.2 0.9 -1.8
v 2.6 0.9 -1.8
v -1.7 0.9 -2
v -1.6 0.9 -2
v -1.4 0.9 -2
v -1.2 0.9 -2
v -0.9 0.9 -2
v -0.7 0.9 -2
v -0.5 0.9 -2
v -0.4 0.9 -2
v -1.5 0.9 -2.1
v -1.4 0.9 -2.1
v -0.7 0.9 -2.1
v -0.6 0.9 -2.1
v -1.8 0.9 -2.2
v -1.7 0.9 -2.2
v -0.4 0.9 -2.2
v -0.3 0.9 -2.2
v -1.8 0.9 -2.6
v -1.7 0.9 -2.6
v -0.4 0.9 -2.6
v -0.3 0.9 -2.6
v -1.5 0.9 -2.7
v -1.4 0.9 -2.7
v -0.7 0.9 -2.7
v -0.6 0.9 -2.7
v -1.7 0.9 -2.9
v -1.6 0.9 -2.9
v -1.4 0.9 -2.9
v -1.2 0.9 -2.9
v -0.9 0.9 -2.9
v -0.7 0.9 -2.9
v -0.5 0.9 -2.9
v -0.4 0.9 -2.9
v -1.6 0.9 -3
v -1.5 0.9 -3
v -1.2 0.9 -3
v -0.9 0.9 -3
v -0.6 0.9 -3
v -0.5 0.9 -3
v -1.5 0.9 -3.1
v -1.3 0.9 -3.1
v -0.8 0.9 -3.1
v -0.6 0.9 -3.1
v -1.3 0.9 -3.2
v -0.8 0.9 -3.2
v 0.6 1 2.9
v 0.9 1 2.9
v 0.4 1 2.8
v 0.6 1 2.8
v 0.9 1 2.8
v 1.1 1 2.8
v 0.3 1 2.7
v 0.4 1 2.7
v 0.5 1 2.7
v 1 1 2.7
v 1.1 1 2.7
v 1.2 1 2.7
v 0.4 1 2.6
v 0.5 1 2.6
v 1 1 2.6
v 1.1 1 2.6
v 0.4 1 2.3
v 0.5 1 2.3
v 1 1 2.3
v 1.1 1 2.3
v 0.5 1 2.2
v 1 1 2.2
v 0.3 1 1.9
v 0.4 1 1.9
v 1.1 1 1.9
v 1.2 1 1.9
v 0.4 1 1.8
v 0.6 1 1.8
v 0.9 1 1.8
v 1.1 1 1.8
v 0.6 1 1.7
v 0.9 1 1.7
v -2.8 1 1.3
v -2.1 1 1.3
v -2.9 1 1.2
v -2.8 1 1.2
v -2.7 1 1.2
v -2.4 1 1.2
v -2.1 1 1.2
v -2 1 1.2
v -2.8 1 1.1
v -2.7 1 1.1
v -2.4 1 1.1
v -2.3 1 1.1
v -3 1 1
v -2.9 1 1
v -2 1 1
v -1.9 1 1
v -3 1 0.7
v -2.9 1 0.7
v -2 1 0.7
v -1.9 1 0.7
v -2.8 1 0.6
v -2.7 1 0.6
v -2.4 1 0.6
v -2.3 1 0.6
v -2.9 1 0.5
v -2.8 1 0.5
v -2.7 1 0.5
v -2.4 1 0.5
v -2.1 1 0.5
v -2 1 0.5
v -2.8 1 0.4
v -2.1 1 0.4
v 2 1 -0.6
v 2.7 1 -0.6
v 1.9 1 -0.7
v 2 1 -0.7
v 2.3 1 -0.7
v 2.6 1 -0.7
v 2.7 1 -0.7
v 2.9 1 -0.7
v 2.2 1 -0.8
v 2.3 1 -0.8
v 2.6 1 -0.8
v 2.7 1 -0.8
v 1.7 1 -0.9
v 1.9 1 -0.9
v 2.9 1 -0.9
v 3 1 -0.9
v 1.7 1 -1.2
v 1.9 1 -1.2
v 2.9 1 -1.2
v 3 1 -1.2
v 2.2 1 -1.3
v 2.3 1 -1.3
v 2.6 1 -1.3
v 2.7 1 -1.3
v 1.9 1 -1.4
v 2 1 -1.4
v 2.3 1 -1.4
v 2.6 1 -1.4
v 2.7 1 -1.4
v 2.9 1 -1.4
v 2 1 -1.5
v 2.7 1 -1.5
v -1.2 1 -1.8
v -0.9 1 -1.8
v -1.4 1 -2
v -1.2 1 -2
v -0.9 1 -2
v -0.7 1 -2
v -1.5 1 -2.1
v -1.4 1 -2.1
v -0.7 1 -2.1
v -0.6 1 -2.1
v -1.3 1 -2.2
v -0.8 1 -2.2
v -1.4 1 -2.3
v -1.3 1 -2.3
v -0.8 1 -2.3
v -0.7 1 -2.3
v -1.4 1 -2.6
v -1.3 1 -2.6
v -0.8 1 -2.6
v -0.7 1 -2.6
v -1.5 1 -2.7
v -1.4 1 -2.7
v -1.3 1 -2.7
v -0.8 1 -2.7
v -0.7 1 -2.7
v -0.6 1 -2.7
v -1.4 1 -2.9
v -1.2 1 -2.9
v -0.9 1 -2.9
v -0.7 1 -2.9
v -1.2 1 -3
v -0.9 1 -3
v 0.6 1.8 3.9
v 1 1.8 3.9
v 0.6 1.8 3.4
v 1 1.8 3.4
v -3.9 1.8 1.1
v -3.5 1.8 1.1
v -3.9 1.8 0.7
v -3.5 1.8 0.7
v 3.5 1.8 -0.9
v 4 1.8 -0.9
v 3.5 1.8 -1.3
v 4 1.8 -1.3
v -1.3 1.8 -3.5
v -0.9 1.8 -3.5
v -1.3 1.8 -3.9
v -0.9 1.8 -3.9
v 0.6 1.9 4
v 1 1.9 4
v 0.6 1.9 3.9
v 1 1.9 3.9
v -4 1.9 1.1
v -3.9 1.9 1.1
v -4 1.9 0.7
v -3.9 1.9 0.7
v 4 1.9 -0.9
v 4.1 1.9 -0.9
v 4 1.9 -1.3
v 4.1 1.9 -1.3
v -1.3 1.9 -3.9
v -0.9 1.9 -3.9
v -1.3 1.9 -4
v -0.9 1.9 -4
v 0.6 2 4.1
v 1 2 4.1
v 0.6 2 4
v 1 2 4
v -4.1 2 1.1
v -4 2 1.1
v -4.1 2 0.7
v -4 2 0.7
v 4.1 2 -0.9
v 4.2 2 -0.9
v 4.1 2 -1.3
v 4.2 2 -1.3
v -1.3 2 -4
v -0.9 2 -4
v -1.3 2 -4.1
v -0.9 2 -4.1
v 0.5 2.2 4.2
v 1 2.2 4.2
v 0.5 2.2 4.1
v 1 2.2 4.1
v -0.4 2.2 2.7
v -0.3 2.2 2.7
v -0.4 2.2 2.6
v -0.3 2.2 2.6
v -0.4 2.2 2.3
v -0.3 2.2 2.3
v -0.4 2.2 2.2
v -0.3 2.2 2.2
v -4.2 2.2 1.1
v -4.1 2.2 1.1
v -4.2 2.2 0.6
v -4.1 2.2 0.6
v 2.2 2.2 0.0999999
v 2.3 2.2 0.0999999
v 2.6 2.2 0.0999999
v 2.7 2.2 0.0999999
v 2.2 2.2 0
v 2.3 2.2 0
v 2.6 2.2 0
v 2.7 2.2 0
v -2.8 2.2 -0.2
v -2.7 2.2 -0.2
v -2.4 2.2 -0.2
v -2.3 2.2 -0.2
v -2.8 2.2 -0.3
v -2.7 2.2 -0.3
v -2.4 2.2 -0.3
v -2.3 2.2 -0.3
v 4.2 2.2 -0.8
v 4.3 2.2 -0.8
v 4.2 2.2 -1.3
v 4.3 2.2 -1.3
v 0 2.2 -2.2
v 0.0999999 2.2 -2.2
v 0 2.2 -2.3
v 0.0999999 2.2 -2.3
v 0 2.2 -2.6
v 0.0999999 2.2 -2.6
v 0 2.2 -2.7
v 0.0999999 2.2 -2.7
v -1.3 2.2 -4.1
v -0.8 2.2 -4.1
v -1.3 2.2 -4.2
v -0.8 2.2 -4.2
v 0.4 2.3 3.3
v 1 2.3 3.3
v 0.2 2.3 3.2
v 0.4 2.3 3.2
v 1 2.3 3.2
v 1.3 2.3 3.2
v 0.0999999 2.3 3.1
v 0.2 2.3 3.1
v 1.3 2.3 3.1
v 1.4 2.3 3.1
v 0 2.3 3
v 0.0999999 2.3 3
v 1.4 2.3 3
v 1.5 2.3 3
v -0.0999999 2.3 2.9
v 0 2.3 2.9
v 1.5 2.3 2.9
v 1.6 2.3 2.9
v -0.2 2.3 2.8
v -0.0999999 2.3 2.8
v 1.6 2.3 2.8
v 1.7 2.3 2.8
v 1.7 2.3 2.7
v 1.8 2.3 2.7
v -0.4 2.3 2.6
v -0.3 2.3 2.6
v -0.4 2.3 2.5
v -0.3 2.3 2.5
v -0.4 2.3 2.4
v -0.3 2.3 2.4
v -0.4 2.3 2.3
v -0.3 2.3 2.3
v 1.7 2.3 2.2
v 1.8 2.3 2.2
v -2.8 2.3 1.9
v -2.3 2.3 1.9
v -0.2 2.3 1.9
v -0.0999999 2.3 1.9
v 1.6 2.3 1.9
v 1.7 2.3 1.9
v -2.9 2.3 1.8
v -2.8 2.3 1.8
v -2.3 2.3 1.8
v -2.1 2.3 1.8
v -0.0999999 2.3 1.8
v 0 2.3 1.8
v 1.5 2.3 1.8
v 1.6 2.3 1.8
v -3 2.3 1.7
v -2.9 2.3 1.7
v -2.1 2.3 1.7
v -2 2.3 1.7
v 0 2.3 1.7
v 0.0999999 2.3 1.7
v 1.4 2.3 1.7
v 1.5 2.3 1.7
v -3.1 2.3 1.6
v -3 2.3 1.6
v -2 2.3 1.6
v -1.9 2.3 1.6
v 0.0999999 2.3 1.6
v 0.2 2.3 1.6
v 1.3 2.3 1.6
v 1.4 2.3 1.6
v -3.2 2.3 1.5
v -3.1 2.3 1.5
v -1.9 2.3 1.5
v -1.8 2.3 1.5
v 0.2 2.3 1.5
v 0.4 2.3 1.5
v 1.1 2.3 1.5
v 1.3 2.3 1.5
v -3.3 2.3 1.4
v -3.2 2.3 1.4
v -1.8 2.3 1.4
v -1.7 2.3 1.4
v 0.4 2.3 1.4
v 1.1 2.3 1.4
v -1.7 2.3 1.2
v -1.6 2.3 1.2
v -3.4 2.3 1.1
v -3.3 2.3 1.1
v -3.4 2.3 0.5
v -3.3 2.3 0.5
v -1.7 2.3 0.5
v -1.6 2.3 0.5
v -3.3 2.3 0.3
v -3.2 2.3 0.3
v -1.8 2.3 0.3
v -1.7 2.3 0.3
v -3.2 2.3 0.2
v -3.1 2.3 0.2
v -1.9 2.3 0.2
v -1.8 2.3 0.2
v -3.1 2.3 0.0999999
v -3 2.3 0.0999999
v -2 2.3 0.0999999
v -1.9 2.3 0.0999999
v 2.3 2.3 0.0999999
v 2.4 2.3 0.0999999
v 2.5 2.3 0.0999999
v 2.6 2.3 0.0999999
v -3 2.3 0
v -2.9 2.3 0
v -2.1 2.3 0
v -2 2.3 0
v 2.3 2.3 0
v 2.4 2.3 0
v 2.5 2.3 0
v 2.6 2.3 0
v -2.9 2.3 -0.0999999
v -2.1 2.3 -0.0999999
v 2 2.3 -0.0999999
v 2.9 2.3 -0.0999999
v -2.7 2.3 -0.2
v -2.6 2.3 -0.2
v -2.5 2.3 -0.2
v -2.4 2.3 -0.2
v 1.9 2.3 -0.2
v 2 2.3 -0.2
v 2.9 2.3 -0.2
v 3 2.3 -0.2
v -2.7 2.3 -0.3
v -2.6 2.3 -0.3
v -2.5 2.3 -0.3
v -2.4 2.3 -0.3
v 1.7 2.3 -0.3
v 1.9 2.3 -0.3
v 3 2.3 -0.3
v 3.1 2.3 -0.3
v 1.6 2.3 -0.4
v 1.7 2.3 -0.4
v 3.1 2.3 -0.4
v 3.2 2.3 -0.4
v 1.5 2.3 -0.5
v 1.6 2.3 -0.5
v 3.2 2.3 -0.5
v 3.3 2.3 -0.5
v 1.4 2.3 -0.7
v 1.5 2.3 -0.7
v 3.3 2.3 -0.7
v 3.4 2.3 -0.7
v 3.3 2.3 -1.3
v 3.4 2.3 -1.3
v 1.4 2.3 -1.4
v 1.5 2.3 -1.4
v -1.4 2.3 -1.5
v -0.7 2.3 -1.5
v -1.6 2.3 -1.6
v -1.4 2.3 -1.6
v -0.7 2.3 -1.6
v -0.5 2.3 -1.6
v 1.5 2.3 -1.6
v 1.6 2.3 -1.6
v 3.2 2.3 -1.6
v 3.3 2.3 -1.6
v -1.7 2.3 -1.7
v -1.6 2.3 -1.7
v -0.5 2.3 -1.7
v -0.4 2.3 -1.7
v 1.6 2.3 -1.7
v 1.7 2.3 -1.7
v 3.1 2.3 -1.7
v 3.2 2.3 -1.7
v -1.8 2.3 -1.8
v -1.7 2.3 -1.8
v -0.4 2.3 -1.8
v -0.3 2.3 -1.8
v 1.7 2.3 -1.8
v 1.9 2.3 -1.8
v 3 2.3 -1.8
v 3.1 2.3 -1.8
v 1.9 2.3 -1.9
v 2 2.3 -1.9
v 2.9 2.3 -1.9
v 3 2.3 -1.9
v -1.9 2.3 -2
v -1.8 2.3 -2
v -0.3 2.3 -2
v -0.2 2.3 -2
v 2 2.3 -2
v 2.2 2.3 -2
v 2.7 2.3 -2
v 2.9 2.3 -2
v -2 2.3 -2.1
v -1.9 2.3 -2.1
v -0.2 2.3 -2.1
v -0.0999999 2.3 -2.1
v 2.2 2.3 -2.1
v 2.7 2.3 -2.1
v -2.1 2.3 -2.2
v -2 2.3 -2.2
v 0 2.3 -2.3
v 0.0999999 2.3 -2.3
v 0 2.3 -2.4
v 0.0999999 2.3 -2.4
v 0 2.3 -2.5
v 0.0999999 2.3 -2.5
v 0 2.3 -2.6
v 0.0999999 2.3 -2.6
v -2.1 2.3 -2.7
v -2 2.3 -2.7
v -2 2.3 -2.9
v -1.9 2.3 -2.9
v -0.2 2.3 -2.9
v -0.0999999 2.3 -2.9
v -1.9 2.3 -3
v -1.8 2.3 -3
v -0.3 2.3 -3
v -0.2 2.3 -3
v -1.8 2.3 -3.1
v -1.7 2.3 -3.1
v -0.4 2.3 -3.1
v -0.3 2.3 -3.1
v -1.7 2.3 -3.2
v -1.6 2.3 -3.2
v -0.5 2.3 -3.2
v -0.4 2.3 -3.2
v -1.6 2.3 -3.3
v -1.3 2.3 -3.3
v -0.7 2.3 -3.3
v -0.5 2.3 -3.3
v -1.3 2.3 -3.4
v -0.7 2.3 -3.4
v 0.5 2.4 4.3
v 1 2.4 4.3
v 0.5 2.4 4.2
v 1 2.4 4.2
v 0.5 2.4 3.8
v 1 2.4 3.8
v 0.4 2.4 3.4
v 0.5 2.4 3.4
v 1 2.4 3.4
v 1.1 2.4 3.4
v 0.0999999 2.4 3.3
v 0.4 2.4 3.3
v 1 2.4 3.3
v 1.1 2.4 3.3
v 1.4 2.4 3.3
v 0 2.4 3.2
v 0.0999999 2.4 3.2
v 0.2 2.4 3.2
v 0.4 2.4 3.2
v 1 2.4 3.2
v 1.3 2.4 3.2
v 1.4 2.4 3.2
v 1.5 2.4 3.2
v -0.0999999 2.4 3.1
v 0 2.4 3.1
v 0.0999999 2.4 3.1
v 0.2 2.4 3.1
v 1.3 2.4 3.1
v 1.4 2.4 3.1
v 1.5 2.4 3.1
v 1.6 2.4 3.1
v -0.2 2.4 3
v -0.0999999 2.4 3
v 0 2.4 3
v 0.0999999 2.4 3
v 1.4 2.4 3
v 1.5 2.4 3
v 1.6 2.4 3
v 1.7 2.4 3
v -0.3 2.4 2.9
v -0.2 2.4 2.9
v -0.0999999 2.4 2.9
v 0 2.4 2.9
v 1.5 2.4 2.9
v 1.6 2.4 2.9
v 1.7 2.4 2.9
v 1.8 2.4 2.9
v -0.2 2.4 2.8
v -0.0999999 2.4 2.8
v 1.6 2.4 2.8
v 1.7 2.4 2.8
v 1.7 2.4 2.7
v 1.8 2.4 2.7
v 1.9 2.4 2.7
v -0.4 2.4 2.5
v -0.3 2.4 2.5
v -0.4 2.4 2.4
v -0.3 2.4 2.4
v 1.7 2.4 2.2
v 1.8 2.4 2.2
v 1.9 2.4 2.2
v -2.8 2.4 2
v -2.3 2.4 2
v -3 2.4 1.9
v -2.8 2.4 1.9
v -2.3 2.4 1.9
v -2 2.4 1.9
v -0.2 2.4 1.9
v -0.0999999 2.4 1.9
v 1.6 2.4 1.9
v 1.7 2.4 1.9
v -3.1 2.4 1.8
v -3 2.4 1.8
v -2.9 2.4 1.8
v -2.8 2.4 1.8
v -2.3 2.4 1.8
v -2.1 2.4 1.8
v -2 2.4 1.8
v -1.9 2.4 1.8
v -0.3 2.4 1.8
v -0.2 2.4 1.8
v -0.0999999 2.4 1.8
v 0 2.4 1.8
v 1.5 2.4 1.8
v 1.6 2.4 1.8
v 1.7 2.4 1.8
v 1.8 2.4 1.8
v -3.2 2.4 1.7
v -3.1 2.4 1.7
v -3 2.4 1.7
v -2.9 2.4 1.7
v -2.1 2.4 1.7
v -2 2.4 1.7
v -1.9 2.4 1.7
v -1.8 2.4 1.7
v -0.2 2.4 1.7
v -0.0999999 2.4 1.7
v 0 2.4 1.7
v 0.0999999 2.4 1.7
v 1.4 2.4 1.7
v 1.5 2.4 1.7
v 1.6 2.4 1.7
v 1.7 2.4 1.7
v -3.3 2.4 1.6
v -3.2 2.4 1.6
v -3.1 2.4 1.6
v -3 2.4 1.6
v -2 2.4 1.6
v -1.9 2.4 1.6
v -1.8 2.4 1.6
v -1.7 2.4 1.6
v -0.0999999 2.4 1.6
v 0 2.4 1.6
v 0.0999999 2.4 1.6
v 0.2 2.4 1.6
v 1.3 2.4 1.6
v 1.4 2.4 1.6
v 1.5 2.4 1.6
v 1.6 2.4 1.6
v -3.4 2.4 1.5
v -3.3 2.4 1.5
v -3.2 2.4 1.5
v -3.1 2.4 1.5
v -1.9 2.4 1.5
v -1.8 2.4 1.5
v -1.7 2.4 1.5
v -1.6 2.4 1.5
v 0 2.4 1.5
v 0.0999999 2.4 1.5
v 0.2 2.4 1.5
v 0.4 2.4 1.5
v 1.1 2.4 1.5
v 1.3 2.4 1.5
v 1.4 2.4 1.5
v 1.5 2.4 1.5
v -3.3 2.4 1.4
v -3.2 2.4 1.4
v -1.8 2.4 1.4
v -1.7 2.4 1.4
v 0.0999999 2.4 1.4
v 0.4 2.4 1.4
v 1.1 2.4 1.4
v 1.4 2.4 1.4
v 0.4 2.4 1.3
v 1.1 2.4 1.3
v -3.5 2.4 1.2
v -3.4 2.4 1.2
v -1.7 2.4 1.2
v -1.6 2.4 1.2
v -1.5 2.4 1.2
v -4.3 2.4 1.1
v -4.2 2.4 1.1
v -3.8 2.4 1.1
v -3.5 2.4 1.1
v -3.4 2.4 1.1
v -3.3 2.4 1.1
v -4.3 2.4 0.6
v -4.2 2.4 0.6
v -3.8 2.4 0.6
v -3.5 2.4 0.6
v -3.5 2.4 0.5
v -3.4 2.4 0.5
v -3.3 2.4 0.5
v -1.7 2.4 0.5
v -1.6 2.4 0.5
v -1.5 2.4 0.5
v -3.3 2.4 0.3
v -3.2 2.4 0.3
v -1.8 2.4 0.3
v -1.7 2.4 0.3
v -3.4 2.4 0.2
v -3.3 2.4 0.2
v -3.2 2.4 0.2
v -3.1 2.4 0.2
v -1.9 2.4 0.2
v -1.8 2.4 0.2
v -1.7 2.4 0.2
v -1.6 2.4 0.2
v -3.3 2.4 0.0999999
v -3.2 2.4 0.0999999
v -3.1 2.4 0.0999999
v -3 2.4 0.0999999
v -2 2.4 0.0999999
v -1.9 2.4 0.0999999
v -1.8 2.4 0.0999999
v -1.7 2.4 0.0999999
v 2.4 2.4 0.0999999
v 2.5 2.4 0.0999999
v -3.2 2.4 0
v -3.1 2.4 0
v -3 2.4 0
v -2.9 2.4 0
v -2.1 2.4 0
v -2 2.4 0
v -1.9 2.4 0
v -1.8 2.4 0
v 1.9 2.4 0
v 2.4 2.4 0
v 2.5 2.4 0
v 3 2.4 0
v -3.1 2.4 -0.0999999
v -3 2.4 -0.0999999
v -2.9 2.4 -0.0999999
v -2.1 2.4 -0.0999999
v -2 2.4 -0.0999999
v -1.9 2.4 -0.0999999
v 1.7 2.4 -0.0999999
v 1.9 2.4 -0.0999999
v 2 2.4 -0.0999999
v 2.9 2.4 -0.0999999
v 3 2.4 -0.0999999
v 3.1 2.4 -0.0999999
v -3 2.4 -0.2
v -2.6 2.4 -0.2
v -2.5 2.4 -0.2
v -2 2.4 -0.2
v 1.6 2.4 -0.2
v 1.7 2.4 -0.2
v 1.9 2.4 -0.2
v 2 2.4 -0.2
v 2.9 2.4 -0.2
v 3 2.4 -0.2
v 3.1 2.4 -0.2
v 3.2 2.4 -0.2
v -2.6 2.4 -0.3
v -2.5 2.4 -0.3
v 1.5 2.4 -0.3
v 1.6 2.4 -0.3
v 1.7 2.4 -0.3
v 1.9 2.4 -0.3
v 3 2.4 -0.3
v 3.1 2.4 -0.3
v 3.2 2.4 -0.3
v 3.3 2.4 -0.3
v 1.4 2.4 -0.4
v 1.5 2.4 -0.4
v 1.6 2.4 -0.4
v 1.7 2.4 -0.4
v 3.1 2.4 -0.4
v 3.2 2.4 -0.4
v 3.3 2.4 -0.4
v 3.4 2.4 -0.4
v 1.5 2.4 -0.5
v 1.6 2.4 -0.5
v 3.2 2.4 -0.5
v 3.3 2.4 -0.5
v 1.3 2.4 -0.7
v 1.4 2.4 -0.7
v 1.5 2.4 -0.7
v 3.3 2.4 -0.7
v 3.4 2.4 -0.7
v 3.5 2.4 -0.7
v 3.5 2.4 -0.8
v 3.8 2.4 -0.8
v 4.3 2.4 -0.8
v 4.4 2.4 -0.8
v 3.3 2.4 -1.3
v 3.4 2.4 -1.3
v 3.5 2.4 -1.3
v 3.8 2.4 -1.3
v 4.3 2.4 -1.3
v 4.4 2.4 -1.3
v -1.4 2.4 -1.4
v -0.7 2.4 -1.4
v 1.3 2.4 -1.4
v 1.4 2.4 -1.4
v 1.5 2.4 -1.4
v 3.4 2.4 -1.4
v 3.5 2.4 -1.4
v -1.7 2.4 -1.5
v -1.4 2.4 -1.5
v -0.7 2.4 -1.5
v -0.4 2.4 -1.5
v -1.8 2.4 -1.6
v -1.7 2.4 -1.6
v -1.6 2.4 -1.6
v -1.4 2.4 -1.6
v -0.7 2.4 -1.6
v -0.5 2.4 -1.6
v -0.4 2.4 -1.6
v -0.3 2.4 -1.6
v 1.5 2.4 -1.6
v 1.6 2.4 -1.6
v 3.2 2.4 -1.6
v 3.3 2.4 -1.6
v -1.9 2.4 -1.7
v -1.8 2.4 -1.7
v -1.7 2.4 -1.7
v -1.6 2.4 -1.7
v -0.5 2.4 -1.7
v -0.4 2.4 -1.7
v -0.3 2.4 -1.7
v -0.2 2.4 -1.7
v 1.4 2.4 -1.7
v 1.5 2.4 -1.7
v 1.6 2.4 -1.7
v 1.7 2.4 -1.7
v 3.1 2.4 -1.7
v 3.2 2.4 -1.7
v 3.3 2.4 -1.7
v 3.4 2.4 -1.7
v -2 2.4 -1.8
v -1.9 2.4 -1.8
v -1.8 2.4 -1.8
v -1.7 2.4 -1.8
v -0.4 2.4 -1.8
v -0.3 2.4 -1.8
v -0.2 2.4 -1.8
v -0.0999999 2.4 -1.8
v 1.5 2.4 -1.8
v 1.6 2.4 -1.8
v 1.7 2.4 -1.8
v 1.9 2.4 -1.8
v 3 2.4 -1.8
v 3.1 2.4 -1.8
v 3.2 2.4 -1.8
v 3.3 2.4 -1.8
v 1.6 2.4 -1.9
v 1.7 2.4 -1.9
v 1.9 2.4 -1.9
v 2 2.4 -1.9
v 2.9 2.4 -1.9
v 3 2.4 -1.9
v 3.1 2.4 -1.9
v 3.2 2.4 -1.9
v -2.1 2.4 -2
v -2 2.4 -2
v -1.9 2.4 -2
v -1.8 2.4 -2
v -0.3 2.4 -2
v -0.2 2.4 -2
v -0.0999999 2.4 -2
v 0 2.4 -2
v 1.7 2.4 -2
v 1.9 2.4 -2
v 2 2.4 -2
v 2.2 2.4 -2
v 2.7 2.4 -2
v 2.9 2.4 -2
v 3 2.4 -2
v 3.1 2.4 -2
v -2 2.4 -2.1
v -1.9 2.4 -2.1
v -0.2 2.4 -2.1
v -0.0999999 2.4 -2.1
v 1.9 2.4 -2.1
v 2.2 2.4 -2.1
v 2.7 2.4 -2.1
v 3 2.4 -2.1
v -2.2 2.4 -2.2
v -2.1 2.4 -2.2
v -2 2.4 -2.2
v 2.2 2.4 -2.2
v 2.7 2.4 -2.2
v 0 2.4 -2.4
v 0.0999999 2.4 -2.4
v 0 2.4 -2.5
v 0.0999999 2.4 -2.5
v -2.2 2.4 -2.7
v -2.1 2.4 -2.7
v -2 2.4 -2.7
v -2 2.4 -2.9
v -1.9 2.4 -2.9
v -0.2 2.4 -2.9
v -0.0999999 2.4 -2.9
v -2.1 2.4 -3
v -2 2.4 -3
v -1.9 2.4 -3
v -1.8 2.4 -3
v -0.3 2.4 -3
v -0.2 2.4 -3
v -0.0999999 2.4 -3
v 0 2.4 -3
v -2 2.4 -3.1
v -1.9 2.4 -3.1
v -1.8 2.4 -3.1
v -1.7 2.4 -3.1
v -0.4 2.4 -3.1
v -0.3 2.4 -3.1
v -0.2 2.4 -3.1
v -0.0999999 2.4 -3.1
v -1.9 2.4 -3.2
v -1.8 2.4 -3.2
v -1.7 2.4 -3.2
v -1.6 2.4 -3.2
v -0.5 2.4 -3.2
v -0.4 2.4 -3.2
v -0.3 2.4 -3.2
v -0.2 2.4 -3.2
v -1.8 2.4 -3.3
v -1.7 2.4 -3.3
v -1.6 2.4 -3.3
v -1.3 2.4 -3.3
v -0.7 2.4 -3.3
v -0.5 2.4 -3.3
v -0.4 2.4 -3.3
v -0.3 2.4 -3.3
v -1.7 2.4 -3.4
v -1.4 2.4 -3.4
v -1.3 2.4 -3.4
v -0.7 2.4 -3.4
v -0.4 2.4 -3.4
v -1.4 2.4 -3.5
v -1.3 2.4 -3.5
v -0.8 2.4 -3.5
v -0.7 2.4 -3.5
v -1.3 2.4 -3.7
v -0.8 2.4 -3.7
v -1.3 2.4 -4.2
v -0.8 2.4 -4.2
v -1.3 2.4 -4.3
v -0.8 2.4 -4.3
v 0.5 2.6 4.2
v 1 2.6 4.2
v 0.5 2.6 3.8
v 1 2.6 3.8
v -4.2 2.6 1.1
v -3.8 2.6 1.1
v -4.2 2.6 0.6
v -3.8 2.6 0.6
v 3.8 2.6 -0.8
v 4.3 2.6 -0.8
v 3.8 2.6 -1.3
v 4.3 2.6 -1.3
v -1.3 2.6 -3.7
v -0.8 2.6 -3.7
v -1.3 2.6 -4.2
v -0.8 2.6 -4.2

# faces
f 3/3/1 2/3/1 1/3/1
f 4/3/1 2/3/1 3/3/1
f 7/3/1 6/3/1 5/3/1
f 8/3/1 6/3/1 7/3/1
f 11/3/1 10/3/1 9/3/1
f 12/3/1 10/3/1 11/3/1
f 15/3/1 14/3/1 13/3/1
f 16/3/1 14/3/1 15/3/1
f 19/3/1 18/3/1 17/3/1
f 20/3/1 18/3/1 19/3/1
f 23/3/1 22/3/1 21/3/1
f 24/3/1 22/3/1 23/3/1
f 27/1/1 26/1/1 25/1/1
f 28/1/1 26/1/1 27/1/1
f 33/1/1 30/1/1 29/1/1
f 34/1/1 30/1/1 33/1/1
f 35/1/1 32/1/1 31/1/1
f 36/1/1 32/1/1 35/1/1
f 41/1/1 38/1/1 37/1/1
f 42/1/1 38/1/1 41/1/1
f 43/1/1 40/1/1 39/1/1
f 44/1/1 40/1/1 43/1/1
f 49/1/1 46/1/1 45/1/1
f 50/1/1 46/1/1 49/1/1
f 51/1/1 48/1/1 47/1/1
f 52/1/1 48/1/1 51/1/1
f 57/3/1 54/3/1 53/3/1
f 57/3/1 55/3/1 54/3/1
f 58/3/1 55/3/1 57/3/1
f 60/3/1 57/3/1 56/3/1
f 60/3/1 59/3/1 58/3/1
f 60/3/1 58/3/1 57/3/1
f 61/3/1 59/3/1 60/3/1
f 62/3/1 60/3/1 56/3/1
f 63/3/1 60/3/1 62/3/1
f 64/3/1 59/3/1 61/3/1
f 65/3/1 59/3/1 64/3/1
f 70/1/1 67/1/1 66/1/1
f 71/1/1 67/1/1 70/1/1
f 72/1/1 69/1/1 68/1/1
f 73/1/1 69/1/1 72/1/1
f 77/3/1 75/3/1 74/3/1
f 78/3/1 75/3/1 77/3/1
f 80/3/1 77/3/1 76/3/1
f 80/3/1 79/3/1 78/3/1
f 80/3/1 78/3/1 77/3/1
f 81/3/1 79/3/1 80/3/1
f 83/3/1 80/3/1 76/3/1
f 84/3/1 80/3/1 83/3/1
f 85/3/1 80/3/1 84/3/1
f 86/3/1 79/3/1 81/3/1
f 87/3/1 79/3/1 86/3/1
f 88/3/1 79/3/1 87/3/1
f 90/3/1 83/3/1 82/3/1
f 90/3/1 84/3/1 83/3/1
f 91/3/1 84/3/1 90/3/1
f 92/3/1 89/3/1 88/3/1
f 92/3/1 88/3/1 87/3/1
f 93/3/1 89/3/1 92/3/1
f 95/3/1 90/3/1 82/3/1
f 96/3/1 89/3/1 93/3/1
f 98/3/1 95/3/1 94/3/1
f 99/3/1 90/3/1 95/3/1
f 99/3/1 95/3/1 98/3/1
f 100/3/1 97/3/1 96/3/1
f 100/3/1 96/3/1 93/3/1
f 101/3/1 97/3/1 100/3/1
f 106/1/1 103/1/1 102/1/1
f 107/1/1 103/1/1 106/1/1
f 108/1/1 105/1/1 104/1/1
f 109/1/1 105/1/1 108/1/1
f 113/3/1 111/3/1 110/3/1
f 114/3/1 111/3/1 113/3/1
f 115/3/1 111/3/1 114/3/1
f 116/3/1 111/3/1 115/3/1
f 119/3/1 113/3/1 112/3/1
f 119/3/1 114/3/1 113/3/1
f 120/3/1 114/3/1 119/3/1
f 121/3/1 114/3/1 120/3/1
f 122/3/1 116/3/1 115/3/1
f 122/3/1 117/3/1 116/3/1
f 123/3/1 117/3/1 122/3/1
f 124/3/1 117/3/1 123/3/1
f 127/3/1 120/3/1 119/3/1
f 127/3/1 119/3/1 118/3/1
f 128/3/1 125/3/1 124/3/1
f 128/3/1 124/3/1 123/3/1
f 130/3/1 127/3/1 126/3/1
f 130/3/1 120/3/1 127/3/1
f 131/3/1 120/3/1 130/3/1
f 132/3/1 129/3/1 128/3/1
f 132/3/1 128/3/1 123/3/1
f 133/3/1 129/3/1 132/3/1
f 134/3/1 130/3/1 126/3/1
f 135/3/1 130/3/1 134/3/1
f 136/3/1 129/3/1 133/3/1
f 137/3/1 129/3/1 136/3/1
f 138/3/1 134/3/1 126/3/1
f 139/3/1 134/3/1 138/3/1
f 140/3/1 129/3/1 137/3/1
f 141/3/1 129/3/1 140/3/1
f 146/1/1 143/1/1 142/1/1
f 147/1/1 143/1/1 146/1/1
f 150/1/1 145/1/1 144/1/1
f 151/1/1 145/1/1 150/1/1
f 152/3/1 149/3/1 148/3/1
f 153/3/1 149/3/1 152/3/1
f 157/3/1 155/3/1 154/3/1
f 158/3/1 155/3/1 157/3/1
f 161/3/1 158/3/1 157/3/1
f 161/3/1 159/3/1 158/3/1
f 161/3/1 157/3/1 156/3/1
f 162/3/1 159/3/1 161/3/1
f 163/3/1 159/3/1 162/3/1
f 164/3/1 159/3/1 163/3/1
f 167/3/1 161/3/1 160/3/1
f 167/3/1 162/3/1 161/3/1
f 168/3/1 162/3/1 167/3/1
f 169/3/1 164/3/1 163/3/1
f 169/3/1 165/3/1 164/3/1
f 170/3/1 165/3/1 169/3/1
f 172/3/1 167/3/1 166/3/1
f 173/3/1 167/3/1 172/3/1
f 174/3/1 171/3/1 170/3/1
f 175/3/1 171/3/1 174/3/1
f 177/3/1 172/3/1 166/3/1
f 178/3/1 172/3/1 177/3/1
f 179/3/1 171/3/1 175/3/1
f 180/3/1 171/3/1 179/3/1
f 182/3/1 177/3/1 176/3/1
f 183/3/1 177/3/1 182/3/1
f 184/3/1 181/3/1 180/3/1
f 185/3/1 181/3/1 184/3/1
f 190/1/1 187/1/1 186/1/1
f 191/1/1 187/1/1 190/1/1
f 196/1/1 189/1/1 188/1/1
f 197/1/1 189/1/1 196/1/1
f 198/3/1 193/3/1 192/3/1
f 199/3/1 193/3/1 198/3/1
f 200/3/1 195/3/1 194/3/1
f 201/3/1 195/3/1 200/3/1
f 207/3/1 203/3/1 202/3/1
f 208/3/1 203/3/1 207/3/1
f 209/3/1 205/3/1 204/3/1
f 210/3/1 205/3/1 209/3/1
f 213/3/1 207/3/1 206/3/1
f 214/3/1 207/3/1 213/3/1
f 215/3/1 211/3/1 210/3/1
f 216/3/1 211/3/1 215/3/1
f 219/3/1 213/3/1 212/3/1
f 220/3/1 213/3/1 219/3/1
f 221/3/1 217/3/1 216/3/1
f 222/3/1 217/3/1 221/3/1
f 225/3/1 219/3/1 218/3/1
f 226/3/1 219/3/1 225/3/1
f 227/3/1 223/3/1 222/3/1
f 228/3/1 223/3/1 227/3/1
f 230/3/1 225/3/1 224/3/1
f 231/3/1 225/3/1 230/3/1
f 232/3/1 229/3/1 228/3/1
f 233/3/1 229/3/1 232/3/1
f 238/1/1 235/1/1 234/1/1
f 239/1/1 235/1/1 238/1/1
f 244/1/1 237/1/1 236/1/1
f 245/1/1 237/1/1 244/1/1
f 246/3/1 241/3/1 240/3/1
f 247/3/1 241/3/1 246/3/1
f 250/3/1 243/3/1 242/3/1
f 251/3/1 243/3/1 250/3/1
f 252/3/1 249/3/1 248/3/1
f 253/3/1 249/3/1 252/3/1
f 258/3/1 255/3/1 254/3/1
f 259/3/1 255/3/1 258/3/1
f 263/3/1 257/3/1 256/3/1
f 264/3/1 257/3/1 263/3/1
f 265/3/1 261/3/1 260/3/1
f 266/3/1 261/3/1 265/3/1
f 269/3/1 263/3/1 262/3/1
f 270/3/1 263/3/1 269/3/1
f 271/3/1 267/3/1 266/3/1
f 272/3/1 267/3/1 271/3/1
f 274/3/1 269/3/1 268/3/1
f 275/3/1 269/3/1 274/3/1
f 276/3/1 273/3/1 272/3/1
f 277/3/1 273/3/1 276/3/1
f 282/3/1 279/3/1 278/3/1
f 283/3/1 279/3/1 282/3/1
f 284/3/1 281/3/1 280/3/1
f 285/3/1 281/3/1 284/3/1
f 290/3/1 287/3/1 286/3/1
f 291/3/1 287/3/1 290/3/1
f 292/3/1 289/3/1 288/3/1
f 293/3/1 289/3/1 292/3/1
f 298/1/1 295/1/1 294/1/1
f 299/1/1 295/1/1 298/1/1
f 304/1/1 297/1/1 296/1/1
f 305/1/1 297/1/1 304/1/1
f 306/3/1 301/3/1 300/3/1
f 307/3/1 301/3/1 306/3/1
f 312/3/1 303/3/1 302/3/1
f 313/3/1 303/3/1 312/3/1
f 314/3/1 309/3/1 308/3/1
f 315/3/1 309/3/1 314/3/1
f 316/3/1 311/3/1 310/3/1
f 317/3/1 311/3/1 316/3/1
f 324/3/1 319/3/1 318/3/1
f 325/3/1 319/3/1 324/3/1
f 326/3/1 321/3/1 320/3/1
f 327/3/1 321/3/1 326/3/1
f 330/3/1 323/3/1 322/3/1
f 331/3/1 323/3/1 330/3/1
f 332/3/1 329/3/1 328/3/1
f 333/3/1 329/3/1 332/3/1
f 338/3/1 335/3/1 334/3/1
f 339/3/1 335/3/1 338/3/1
f 340/3/1 337/3/1 336/3/1
f 341/3/1 337/3/1 340/3/1
f 346/3/1 343/3/1 342/3/1
f 347/3/1 343/3/1 346/3/1
f 348/3/1 345/3/1 344/3/1
f 349/3/1 345/3/1 348/3/1
f 354/1/1 351/1/1 350/1/1
f 355/1/1 351/1/1 354/1/1
f 356/1/1 353/1/1 352/1/1
f 357/1/1 353/1/1 356/1/1
f 362/3/1 359/3/1 358/3/1
f 363/3/1 359/3/1 362/3/1
f 366/3/1 361/3/1 360/3/1
f 367/3/1 361/3/1 366/3/1
f 370/3/1 365/3/1 364/3/1
f 371/3/1 365/3/1 370/3/1
f 376/3/1 369/3/1 368/3/1
f 377/3/1 369/3/1 376/3/1
f 378/3/1 373/3/1 372/3/1
f 379/3/1 373/3/1 378/3/1
f 383/3/1 375/3/1 374/3/1
f 384/3/1 375/3/1 383/3/1
f 385/3/1 381/3/1 380/3/1
f 386/3/1 381/3/1 385/3/1
f 388/3/1 383/3/1 382/3/1
f 389/3/1 383/3/1 388/3/1
f 390/3/1 387/3/1 386/3/1
f 391/3/1 387/3/1 390/3/1
f 396/3/1 393/3/1 392/3/1
f 397/3/1 393/3/1 396/3/1
f 398/3/1 395/3/1 394/3/1
f 399/3/1 395/3/1 398/3/1
f 404/3/1 403/3/1 402/3/1
f 405/3/1 403/3/1 404/3/1
f 406/3/1 401/3/1 400/3/1
f 407/3/1 401/3/1 406/3/1
f 412/1/1 409/1/1 408/1/1
f 413/1/1 409/1/1 412/1/1
f 418/1/1 411/1/1 410/1/1
f 419/1/1 411/1/1 418/1/1
f 420/3/1 415/3/1 414/3/1
f 421/3/1 415/3/1 420/3/1
f 422/3/1 417/3/1 416/3/1
f 423/3/1 417/3/1 422/3/1
f 428/3/1 425/3/1 424/3/1
f 429/3/1 425/3/1 428/3/1
f 430/3/1 427/3/1 426/3/1
f 431/3/1 427/3/1 430/3/1
f 436/3/1 433/3/1 432/3/1
f 437/3/1 433/3/1 436/3/1
f 438/3/1 435/3/1 434/3/1
f 439/3/1 435/3/1 438/3/1
f 444/3/1 441/3/1 440/3/1
f 445/3/1 441/3/1 444/3/1
f 446/3/1 443/3/1 442/3/1
f 447/3/1 443/3/1 446/3/1
f 450/3/1 449/3/1 448/3/1
f 451/3/1 449/3/1 450/3/1
f 454/3/1 453/3/1 452/3/1
f 455/3/1 453/3/1 454/3/1
f 460/1/1 457/1/1 456/1/1
f 461/1/1 457/1/1 460/1/1
f 462/1/1 459/1/1 458/1/1
f 463/1/1 459/1/1 462/1/1
f 468/1/1 465/1/1 464/1/1
f 469/1/1 465/1/1 468/1/1
f 470/1/1 467/1/1 466/1/1
f 471/1/1 467/1/1 470/1/1
f 476/1/1 473/1/1 472/1/1
f 477/1/1 473/1/1 476/1/1
f 478/1/1 475/1/1 474/1/1
f 479/1/1 475/1/1 478/1/1
f 482/3/1 481/3/1 480/3/1
f 483/3/1 481/3/1 482/3/1
f 488/1/1 485/1/1 484/1/1
f 489/1/1 485/1/1 488/1/1
f 490/1/1 487/1/1 486/1/1
f 491/1/1 487/1/1 490/1/1
f 495/3/1 493/3/1 492/3/1
f 496/3/1 493/3/1 495/3/1
f 498/3/1 495/3/1 494/3/1
f 498/3/1 497/3/1 496/3/1
f 498/3/1 496/3/1 495/3/1
f 499/3/1 497/3/1 498/3/1
f 503/3/1 501/3/1 500/3/1
f 504/3/1 501/3/1 503/3/1
f 507/3/1 503/3/1 502/3/1
f 507/3/1 505/3/1 504/3/1
f 507/3/1 504/3/1 503/3/1
f 508/3/1 505/3/1 507/3/1
f 510/3/1 507/3/1 506/3/1
f 510/3/1 509/3/1 508/3/1
f 510/3/1 508/3/1 507/3/1
f 511/3/1 509/3/1 510/3/1
f 512/3/1 510/3/1 506/3/1
f 513/3/1 510/3/1 512/3/1
f 514/3/1 509/3/1 511/3/1
f 515/3/1 509/3/1 514/3/1
f 520/3/1 517/3/1 516/3/1
f 521/3/1 517/3/1 520/3/1
f 522/3/1 519/3/1 518/3/1
f 523/3/1 519/3/1 522/3/1
f 524/3/1 512/3/1 506/3/1
f 525/3/1 512/3/1 524/3/1
f 526/3/1 509/3/1 515/3/1
f 527/3/1 509/3/1 526/3/1
f 532/1/1 529/1/1 528/1/1
f 533/1/1 529/1/1 532/1/1
f 534/1/1 531/1/1 530/1/1
f 535/1/1 531/1/1 534/1/1
f 539/3/1 537/3/1 536/3/1
f 540/3/1 537/3/1 539/3/1
f 543/3/1 539/3/1 538/3/1
f 543/3/1 541/3/1 540/3/1
f 543/3/1 540/3/1 539/3/1
f 544/3/1 541/3/1 543/3/1
f 545/3/1 541/3/1 544/3/1
f 546/3/1 541/3/1 545/3/1
f 549/3/1 543/3/1 542/3/1
f 549/3/1 544/3/1 543/3/1
f 550/3/1 544/3/1 549/3/1
f 551/3/1 544/3/1 550/3/1
f 552/3/1 546/3/1 545/3/1
f 552/3/1 547/3/1 546/3/1
f 553/3/1 547/3/1 552/3/1
f 554/3/1 547/3/1 553/3/1
f 556/3/1 550/3/1 549/3/1
f 556/3/1 549/3/1 548/3/1
f 557/3/1 550/3/1 556/3/1
f 558/3/1 555/3/1 554/3/1
f 558/3/1 554/3/1 553/3/1
f 559/3/1 555/3/1 558/3/1
f 564/3/1 561/3/1 560/3/1
f 565/3/1 561/3/1 564/3/1
f 566/3/1 563/3/1 562/3/1
f 567/3/1 563/3/1 566/3/1
f 568/3/1 556/3/1 548/3/1
f 569/3/1 556/3/1 568/3/1
f 570/3/1 555/3/1 559/3/1
f 571/3/1 555/3/1 570/3/1
f 575/3/1 573/3/1 572/3/1
f 576/3/1 573/3/1 575/3/1
f 577/3/1 573/3/1 576/3/1
f 578/3/1 573/3/1 577/3/1
f 581/3/1 575/3/1 574/3/1
f 581/3/1 576/3/1 575/3/1
f 582/3/1 576/3/1 581/3/1
f 583/3/1 576/3/1 582/3/1
f 584/3/1 578/3/1 577/3/1
f 584/3/1 579/3/1 578/3/1
f 585/3/1 579/3/1 584/3/1
f 586/3/1 579/3/1 585/3/1
f 588/3/1 582/3/1 581/3/1
f 588/3/1 581/3/1 580/3/1
f 589/3/1 582/3/1 588/3/1
f 590/3/1 587/3/1 586/3/1
f 590/3/1 586/3/1 585/3/1
f 591/3/1 587/3/1 590/3/1
f 593/3/1 588/3/1 580/3/1
f 594/3/1 588/3/1 593/3/1
f 595/3/1 587/3/1 591/3/1
f 596/3/1 587/3/1 595/3/1
f 602/3/1 599/3/1 598/3/1
f 603/3/1 599/3/1 602/3/1
f 604/3/1 601/3/1 600/3/1
f 605/3/1 601/3/1 604/3/1
f 606/3/1 593/3/1 592/3/1
f 607/3/1 593/3/1 606/3/1
f 608/3/1 597/3/1 596/3/1
f 609/3/1 597/3/1 608/3/1
f 614/1/1 611/1/1 610/1/1
f 615/1/1 611/1/1 614/1/1
f 618/1/1 613/1/1 612/1/1
f 619/1/1 613/1/1 618/1/1
f 620/3/1 617/3/1 616/3/1
f 621/3/1 617/3/1 620/3/1
f 625/3/1 623/3/1 622/3/1
f 626/3/1 623/3/1 625/3/1
f 629/3/1 625/3/1 624/3/1
f 630/3/1 625/3/1 629/3/1
f 631/3/1 627/3/1 626/3/1
f 632/3/1 627/3/1 631/3/1
f 635/3/1 629/3/1 628/3/1
f 636/3/1 629/3/1 635/3/1
f 637/3/1 633/3/1 632/3/1
f 638/3/1 633/3/1 637/3/1
f 641/3/1 635/3/1 634/3/1
f 642/3/1 635/3/1 641/3/1
f 643/3/1 639/3/1 638/3/1
f 644/3/1 639/3/1 643/3/1
f 650/3/1 647/3/1 646/3/1
f 651/3/1 647/3/1 650/3/1
f 652/3/1 649/3/1 648/3/1
f 653/3/1 649/3/1 652/3/1
f 654/3/1 641/3/1 640/3/1
f 655/3/1 641/3/1 654/3/1
f 656/3/1 645/3/1 644/3/1
f 657/3/1 645/3/1 656/3/1
f 662/3/1 659/3/1 658/3/1
f 663/3/1 659/3/1 662/3/1
f 664/3/1 661/3/1 660/3/1
f 665/3/1 661/3/1 664/3/1
f 670/3/1 667/3/1 666/3/1
f 671/3/1 667/3/1 670/3/1
f 672/3/1 669/3/1 668/3/1
f 673/3/1 669/3/1 672/3/1
f 678/3/1 675/3/1 674/3/1
f 679/3/1 675/3/1 678/3/1
f 680/3/1 677/3/1 676/3/1
f 681/3/1 677/3/1 680/3/1
f 690/3/1 687/3/1 686/3/1
f 691/3/1 687/3/1 690/3/1
f 692/3/1 689/3/1 688/3/1
f 693/3/1 689/3/1 692/3/1
f 694/3/1 683/3/1 682/3/1
f 695/3/1 683/3/1 694/3/1
f 696/3/1 685/3/1 684/3/1
f 697/3/1 685/3/1 696/3/1
f 702/1/1 699/1/1 698/1/1
f 703/1/1 699/1/1 702/1/1
f 708/1/1 701/1/1 700/1/1
f 709/1/1 701/1/1 708/1/1
f 710/3/1 705/3/1 704/3/1
f 711/3/1 705/3/1 710/3/1
f 712/3/1 707/3/1 706/3/1
f 713/3/1 707/3/1 712/3/1
f 718/3/1 715/3/1 714/3/1
f 719/3/1 715/3/1 718/3/1
f 723/3/1 717/3/1 716/3/1
f 724/3/1 717/3/1 723/3/1
f 725/3/1 721/3/1 720/3/1
f 726/3/1 721/3/1 725/3/1
f 729/3/1 723/3/1 722/3/1
f 730/3/1 723/3/1 729/3/1
f 731/3/1 727/3/1 726/3/1
f 732/3/1 727/3/1 731/3/1
f 735/3/1 729/3/1 728/3/1
f 736/3/1 729/3/1 735/3/1
f 737/3/1 733/3/1 732/3/1
f 738/3/1 733/3/1 737/3/1
f 740/3/1 735/3/1 734/3/1
f 741/3/1 735/3/1 740/3/1
f 742/3/1 739/3/1 738/3/1
f 743/3/1 739/3/1 742/3/1
f 748/3/1 745/3/1 744/3/1
f 749/3/1 745/3/1 748/3/1
f 750/3/1 747/3/1 746/3/1
f 751/3/1 747/3/1 750/3/1
f 754/3/1 753/3/1 752/3/1
f 755/3/1 753/3/1 754/3/1
f 760/3/1 757/3/1 756/3/1
f 761/3/1 757/3/1 760/3/1
f 764/3/1 759/3/1 758/3/1
f 765/3/1 759/3/1 764/3/1
f 766/3/1 763/3/1 762/3/1
f 767/3/1 763/3/1 766/3/1
f 774/3/1 769/3/1 768/3/1
f 775/3/1 769/3/1 774/3/1
f 776/3/1 771/3/1 770/3/1
f 777/3/1 771/3/1 776/3/1
f 781/3/1 773/3/1 772/3/1
f 782/3/1 773/3/1 781/3/1
f 783/3/1 779/3/1 778/3/1
f 784/3/1 779/3/1 783/3/1
f 786/3/1 781/3/1 780/3/1
f 787/3/1 781/3/1 786/3/1
f 788/3/1 785/3/1 784/3/1
f 789/3/1 785/3/1 788/3/1
f 794/3/1 791/3/1 790/3/1
f 795/3/1 791/3/1 794/3/1
f 796/3/1 793/3/1 792/3/1
f 797/3/1 793/3/1 796/3/1
f 802/1/1 799/1/1 798/1/1
f 803/1/1 799/1/1 802/1/1
f 804/1/1 801/1/1 800/1/1
f 805/1/1 801/1/1 804/1/1
f 810/3/1 807/3/1 806/3/1
f 811/3/1 807/3/1 810/3/1
f 814/3/1 809/3/1 808/3/1
f 815/3/1 809/3/1 814/3/1
f 818/3/1 813/3/1 812/3/1
f 819/3/1 813/3/1 818/3/1
f 822/3/1 817/3/1 816/3/1
f 823/3/1 817/3/1 822/3/1
f 824/3/1 821/3/1 820/3/1
f 825/3/1 821/3/1 824/3/1
f 830/3/1 827/3/1 826/3/1
f 831/3/1 827/3/1 830/3/1
f 832/3/1 829/3/1 828/3/1
f 833/3/1 829/3/1 832/3/1
f 838/3/1 835/3/1 834/3/1
f 839/3/1 835/3/1 838/3/1
f 840/3/1 837/3/1 836/3/1
f 841/3/1 837/3/1 840/3/1
f 846/3/1 843/3/1 842/3/1
f 847/3/1 843/3/1 846/3/1
f 848/3/1 845/3/1 844/3/1
f 849/3/1 845/3/1 848/3/1
f 854/3/1 851/3/1 850/3/1
f 855/3/1 851/3/1 854/3/1
f 856/3/1 853/3/1 852/3/1
f 857/3/1 853/3/1 856/3/1
f 862/3/1 859/3/1 858/3/1
f 863/3/1 859/3/1 862/3/1
f 864/3/1 861/3/1 860/3/1
f 865/3/1 861/3/1 864/3/1
f 871/3/1 867/3/1 866/3/1
f 872/3/1 867/3/1 871/3/1
f 873/3/1 867/3/1 872/3/1
f 875/3/1 869/3/1 868/3/1
f 876/3/1 869/3/1 875/3/1
f 877/3/1 871/3/1 870/3/1
f 878/3/1 871/3/1 877/3/1
f 879/3/1 874/3/1 873/3/1
f 879/3/1 873/3/1 872/3/1
f 880/3/1 874/3/1 879/3/1
f 881/3/1 874/3/1 880/3/1
f 883/3/1 882/3/1 881/3/1
f 883/3/1 881/3/1 880/3/1
f 884/3/1 882/3/1 883/3/1
f 885/3/1 882/3/1 884/3/1
f 887/3/1 885/3/1 884/3/1
f 887/3/1 886/3/1 885/3/1
f 888/3/1 886/3/1 887/3/1
f 892/3/1 886/3/1 888/3/1
f 893/3/1 890/3/1 889/3/1
f 894/3/1 890/3/1 893/3/1
f 896/3/1 892/3/1 891/3/1
f 897/3/1 886/3/1 892/3/1
f 897/3/1 892/3/1 896/3/1
f 898/3/1 886/3/1 897/3/1
f 899/3/1 890/3/1 894/3/1
f 900/3/1 896/3/1 895/3/1
f 900/3/1 897/3/1 896/3/1
f 901/3/1 899/3/1 894/3/1
f 901/3/1 900/3/1 899/3/1
f 902/3/1 897/3/1 900/3/1
f 902/3/1 900/3/1 901/3/1
f 907/3/1 904/3/1 903/3/1
f 908/3/1 904/3/1 907/3/1
f 909/3/1 906/3/1 905/3/1
f 910/3/1 906/3/1 909/3/1
f 915/1/1 912/1/1 911/1/1
f 916/1/1 912/1/1 915/1/1
f 917/1/1 914/1/1 913/1/1
f 918/1/1 914/1/1 917/1/1
f 923/3/1 920/3/1 919/3/1
f 924/3/1 920/3/1 923/3/1
f 925/3/1 922/3/1 921/3/1
f 926/3/1 922/3/1 925/3/1
f 931/3/1 928/3/1 927/3/1
f 932/3/1 928/3/1 931/3/1
f 933/3/1 930/3/1 929/3/1
f 934/3/1 930/3/1 933/3/1
f 939/3/1 936/3/1 935/3/1
f 940/3/1 936/3/1 939/3/1
f 941/3/1 938/3/1 937/3/1
f 942/3/1 938/3/1 941/3/1
f 947/1/1 944/1/1 943/1/1
f 948/1/1 944/1/1 947/1/1
f 949/1/1 946/1/1 945/1/1
f 950/1/1 946/1/1 949/1/1
f 955/3/1 952/3/1 951/3/1
f 956/3/1 952/3/1 955/3/1
f 957/3/1 954/3/1 953/3/1
f 958/3/1 954/3/1 957/3/1
f 962/3/1 960/3/1 959/3/1
f 963/3/1 960/3/1 962/3/1
f 965/3/1 962/3/1 961/3/1
f 965/3/1 964/3/1 963/3/1
f 965/3/1 963/3/1 962/3/1
f 966/3/1 964/3/1 965/3/1
f 967/3/1 964/3/1 966/3/1
f 968/3/1 964/3/1 967/3/1
f 969/3/1 967/3/1 966/3/1
f 970/3/1 967/3/1 969/3/1
f 971/3/1 967/3/1 970/3/1
f 972/3/1 967/3/1 971/3/1
f 977/3/1 971/3/1 970/3/1
f 978/3/1 971/3/1 977/3/1
f 979/3/1 974/3/1 973/3/1
f 980/3/1 974/3/1 979/3/1
f 981/3/1 976/3/1 975/3/1
f 982/3/1 976/3/1 981/3/1
f 986/3/1 984/3/1 983/3/1
f 987/3/1 984/3/1 986/3/1
f 990/3/1 986/3/1 985/3/1
f 990/3/1 988/3/1 987/3/1
f 990/3/1 987/3/1 986/3/1
f 991/3/1 988/3/1 990/3/1
f 993/3/1 990/3/1 989/3/1
f 993/3/1 992/3/1 991/3/1
f 993/3/1 991/3/1 990/3/1
f 994/3/1 992/3/1 993/3/1
f 995/3/1 993/3/1 989/3/1
f 996/3/1 993/3/1 995/3/1
f 997/3/1 992/3/1 994/3/1
f 998/3/1 992/3/1 997/3/1
f 999/3/1 995/3/1 989/3/1
f 1002/3/1 992/3/1 998/3/1
f 1003/3/1 1000/3/1 999/3/1
f 1006/3/1 1002/3/1 1001/3/1
f 1011/3/1 1004/3/1 1003/3/1
f 1011/3/1 999/3/1 989/3/1
f 1011/3/1 1003/3/1 999/3/1
f 1012/3/1 1004/3/1 1011/3/1
f 1013/3/1 1006/3/1 1005/3/1
f 1014/3/1 992/3/1 1002/3/1
f 1014/3/1 1006/3/1 1013/3/1
f 1014/3/1 1002/3/1 1006/3/1
f 1015/3/1 1008/3/1 1007/3/1
f 1016/3/1 1008/3/1 1015/3/1
f 1017/3/1 1010/3/1 1009/3/1
f 1018/3/1 1010/3/1 1017/3/1
f 1022/3/1 1020/3/1 1019/3/1
f 1023/3/1 1020/3/1 1022/3/1
f 1026/3/1 1022/3/1 1021/3/1
f 1026/3/1 1024/3/1 1023/3/1
f 1026/3/1 1023/3/1 1022/3/1
f 1027/3/1 1024/3/1 1026/3/1
f 1028/3/1 1024/3/1 1027/3/1
f 1029/3/1 1024/3/1 1028/3/1
f 1032/3/1 1026/3/1 1025/3/1
f 1032/3/1 1027/3/1 1026/3/1
f 1033/3/1 1027/3/1 1032/3/1
f 1034/3/1 1027/3/1 1033/3/1
f 1035/3/1 1029/3/1 1028/3/1
f 1035/3/1 1030/3/1 1029/3/1
f 1036/3/1 1030/3/1 1035/3/1
f 1037/3/1 1030/3/1 1036/3/1
f 1039/3/1 1033/3/1 1032/3/1
f 1039/3/1 1032/3/1 1031/3/1
f 1040/3/1 1033/3/1 1039/3/1
f 1041/3/1 1038/3/1 1037/3/1
f 1041/3/1 1037/3/1 1036/3/1
f 1042/3/1 1038/3/1 1041/3/1
f 1047/3/1 1039/3/1 1031/3/1
f 1048/3/1 1039/3/1 1047/3/1
f 1049/3/1 1038/3/1 1042/3/1
f 1050/3/1 1038/3/1 1049/3/1
f 1051/3/1 1044/3/1 1043/3/1
f 1052/3/1 1044/3/1 1051/3/1
f 1053/3/1 1046/3/1 1045/3/1
f 1054/3/1 1046/3/1 1053/3/1
f 1058/3/1 1056/3/1 1055/3/1
f 1059/3/1 1056/3/1 1058/3/1
f 1060/3/1 1056/3/1 1059/3/1
f 1061/3/1 1056/3/1 1060/3/1
f 1064/3/1 1058/3/1 1057/3/1
f 1064/3/1 1059/3/1 1058/3/1
f 1065/3/1 1059/3/1 1064/3/1
f 1066/3/1 1059/3/1 1065/3/1
f 1067/3/1 1061/3/1 1060/3/1
f 1067/3/1 1062/3/1 1061/3/1
f 1068/3/1 1062/3/1 1067/3/1
f 1069/3/1 1062/3/1 1068/3/1
f 1071/3/1 1065/3/1 1064/3/1
f 1071/3/1 1064/3/1 1063/3/1
f 1072/3/1 1065/3/1 1071/3/1
f 1073/3/1 1070/3/1 1069/3/1
f 1073/3/1 1069/3/1 1068/3/1
f 1074/3/1 1070/3/1 1073/3/1
f 1076/3/1 1071/3/1 1063/3/1
f 1077/3/1 1071/3/1 1076/3/1
f 1078/3/1 1070/3/1 1074/3/1
f 1079/3/1 1070/3/1 1078/3/1
f 1083/3/1 1076/3/1 1075/3/1
f 1084/3/1 1076/3/1 1083/3/1
f 1085/3/1 1080/3/1 1079/3/1
f 1086/3/1 1080/3/1 1085/3/1
f 1087/3/1 1082/3/1 1081/3/1
f 1088/3/1 1082/3/1 1087/3/1
f 1091/3/1 1090/3/1 1089/3/1
f 1092/3/1 1090/3/1 1091/3/1
f 1096/3/1 1094/3/1 1093/3/1
f 1097/3/1 1094/3/1 1096/3/1
f 1100/3/1 1096/3/1 1095/3/1
f 1101/3/1 1096/3/1 1100/3/1
f 1102/3/1 1098/3/1 1097/3/1
f 1103/3/1 1098/3/1 1102/3/1
f 1106/3/1 1100/3/1 1099/3/1
f 1107/3/1 1100/3/1 1106/3/1
f 1108/3/1 1104/3/1 1103/3/1
f 1109/3/1 1104/3/1 1108/3/1
f 1112/3/1 1106/3/1 1105/3/1
f 1113/3/1 1106/3/1 1112/3/1
f 1114/3/1 1110/3/1 1109/3/1
f 1115/3/1 1110/3/1 1114/3/1
f 1117/3/1 1112/3/1 1111/3/1
f 1118/3/1 1112/3/1 1117/3/1
f 1119/3/1 1116/3/1 1115/3/1
f 1120/3/1 1116/3/1 1119/3/1
f 1125/3/1 1122/3/1 1121/3/1
f 1126/3/1 1122/3/1 1125/3/1
f 1127/3/1 1124/3/1 1123/3/1
f 1128/3/1 1124/3/1 1127/3/1
f 1133/3/1 1130/3/1 1129/3/1
f 1134/3/1 1130/3/1 1133/3/1
f 1135/3/1 1132/3/1 1131/3/1
f 1136/3/1 1132/3/1 1135/3/1
f 1141/3/1 1138/3/1 1137/3/1
f 1142/3/1 1138/3/1 1141/3/1
f 1143/3/1 1140/3/1 1139/3/1
f 1144/3/1 1140/3/1 1143/3/1
f 1149/3/1 1146/3/1 1145/3/1
f 1150/3/1 1146/3/1 1149/3/1
f 1151/3/1 1148/3/1 1147/3/1
f 1152/3/1 1148/3/1 1151/3/1
f 1157/3/1 1154/3/1 1153/3/1
f 1158/3/1 1154/3/1 1157/3/1
f 1159/3/1 1156/3/1 1155/3/1
f 1160/3/1 1156/3/1 1159/3/1
f 1165/3/1 1162/3/1 1161/3/1
f 1166/3/1 1162/3/1 1165/3/1
f 1170/3/1 1164/3/1 1163/3/1
f 1171/3/1 1164/3/1 1170/3/1
f 1172/3/1 1168/3/1 1167/3/1
f 1173/3/1 1168/3/1 1172/3/1
f 1176/3/1 1170/3/1 1169/3/1
f 1177/3/1 1170/3/1 1176/3/1
f 1178/3/1 1174/3/1 1173/3/1
f 1179/3/1 1174/3/1 1178/3/1
f 1182/3/1 1176/3/1 1175/3/1
f 1183/3/1 1176/3/1 1182/3/1
f 1184/3/1 1180/3/1 1179/3/1
f 1185/3/1 1180/3/1 1184/3/1
f 1187/3/1 1182/3/1 1181/3/1
f 1188/3/1 1182/3/1 1187/3/1
f 1189/3/1 1186/3/1 1185/3/1
f 1190/3/1 1186/3/1 1189/3/1
f 1195/3/1 1192/3/1 1191/3/1
f 1196/3/1 1192/3/1 1195/3/1
f 1197/3/1 1194/3/1 1193/3/1
f 1198/3/1 1194/3/1 1197/3/1
f 1203/3/1 1200/3/1 1199/3/1
f 1204/3/1 1200/3/1 1203/3/1
f 1207/3/1 1202/3/1 1201/3/1
f 1208/3/1 1202/3/1 1207/3/1
f 1209/3/1 1206/3/1 1205/3/1
f 1210/3/1 1206/3/1 1209/3/1
f 1217/3/1 1212/3/1 1211/3/1
f 1218/3/1 1212/3/1 1217/3/1
f 1219/3/1 1214/3/1 1213/3/1
f 1220/3/1 1214/3/1 1219/3/1
f 1224/3/1 1216/3/1 1215/3/1
f 1225/3/1 1216/3/1 1224/3/1
f 1226/3/1 1222/3/1 1221/3/1
f 1227/3/1 1222/3/1 1226/3/1
f 1229/3/1 1224/3/1 1223/3/1
f 1230/3/1 1224/3/1 1229/3/1
f 1231/3/1 1228/3/1 1227/3/1
f 1232/3/1 1228/3/1 1231/3/1
f 1237/3/1 1234/3/1 1233/3/1
f 1238/3/1 1234/3/1 1237/3/1
f 1239/3/1 1236/3/1 1235/3/1
f 1240/3/1 1236/3/1 1239/3/1
f 1245/3/1 1242/3/1 1241/3/1
f 1246/3/1 1242/3/1 1245/3/1
f 1249/3/1 1244/3/1 1243/3/1
f 1250/3/1 1244/3/1 1249/3/1
f 1253/3/1 1248/3/1 1247/3/1
f 1254/3/1 1248/3/1 1253/3/1
f 1257/3/1 1252/3/1 1251/3/1
f 1258/3/1 1252/3/1 1257/3/1
f 1259/3/1 1256/3/1 1255/3/1
f 1260/3/1 1256/3/1 1259/3/1
f 1265/3/1 1262/3/1 1261/3/1
f 1266/3/1 1262/3/1 1265/3/1
f 1267/3/1 1264/3/1 1263/3/1
f 1268/3/1 1264/3/1 1267/3/1
f 1273/3/1 1270/3/1 1269/3/1
f 1274/3/1 1270/3/1 1273/3/1
f 1275/3/1 1272/3/1 1271/3/1
f 1276/3/1 1272/3/1 1275/3/1
f 1281/3/1 1278/3/1 1277/3/1
f 1282/3/1 1278/3/1 1281/3/1
f 1283/3/1 1280/3/1 1279/3/1
f 1284/3/1 1280/3/1 1283/3/1
f 1289/3/1 1286/3/1 1285/3/1
f 1290/3/1 1286/3/1 1289/3/1
f 1291/3/1 1288/3/1 1287/3/1
f 1292/3/1 1288/3/1 1291/3/1
f 1297/3/1 1294/3/1 1293/3/1
f 1298/3/1 1294/3/1 1297/3/1
f 1299/3/1 1296/3/1 1295/3/1
f 1300/3/1 1296/3/1 1299/3/1
f 1305/3/1 1302/3/1 1301/3/1
f 1306/3/1 1302/3/1 1305/3/1
f 1307/3/1 1304/3/1 1303/3/1
f 1308/3/1 1304/3/1 1307/3/1
f 1311/3/1 1310/3/1 1309/3/1
f 1312/3/1 1310/3/1 1311/3/1
f 1313/3/1 1311/3/1 1309/3/1
f 1317/3/1 1314/3/1 1313/3/1
f 1317/3/1 1313/3/1 1309/3/1
f 1318/3/1 1314/3/1 1317/3/1
f 1319/3/1 1316/3/1 1315/3/1
f 1320/3/1 1316/3/1 1319/3/1
f 1321/3/1 1314/3/1 1318/3/1
f 1322/3/1 1319/3/1 1315/3/1
f 1323/3/1 1321/3/1 1318/3/1
f 1323/3/1 1322/3/1 1321/3/1
f 1324/3/1 1319/3/1 1322/3/1
f 1324/3/1 1322/3/1 1323/3/1
f 1329/3/1 1326/3/1 1325/3/1
f 1330/3/1 1326/3/1 1329/3/1
f 1331/3/1 1328/3/1 1327/3/1
f 1332/3/1 1328/3/1 1331/3/1
f 1336/3/1 1334/3/1 1333/3/1
f 1337/3/1 1334/3/1 1336/3/1
f 1338/3/1 1334/3/1 1337/3/1
f 1340/3/1 1336/3/1 1335/3/1
f 1340/3/1 1337/3/1 1336/3/1
f 1341/3/1 1337/3/1 1340/3/1
f 1342/3/1 1337/3/1 1341/3/1
f 1343/3/1 1340/3/1 1339/3/1
f 1343/3/1 1341/3/1 1340/3/1
f 1344/3/1 1341/3/1 1343/3/1
f 1345/3/1 1343/3/1 1339/3/1
f 1346/3/1 1343/3/1 1345/3/1
f 1351/3/1 1348/3/1 1347/3/1
f 1352/3/1 1348/3/1 1351/3/1
f 1353/3/1 1350/3/1 1349/3/1
f 1354/3/1 1350/3/1 1353/3/1
f 1359/3/1 1356/3/1 1355/3/1
f 1360/3/1 1356/3/1 1359/3/1
f 1361/3/1 1358/3/1 1357/3/1
f 1362/3/1 1358/3/1 1361/3/1
f 1365/3/1 1364/3/1 1363/3/1
f 1366/3/1 1364/3/1 1365/3/1
f 1369/3/1 1368/3/1 1367/3/1
f 1370/3/1 1368/3/1 1369/3/1
f 1373/3/1 1372/3/1 1371/3/1
f 1374/3/1 1372/3/1 1373/3/1
f 1378/3/1 1376/3/1 1375/3/1
f 1379/3/1 1376/3/1 1378/3/1
f 1382/3/1 1378/3/1 1377/3/1
f 1382/3/1 1380/3/1 1379/3/1
f 1382/3/1 1379/3/1 1378/3/1
f 1383/3/1 1380/3/1 1382/3/1
f 1389/3/1 1386/3/1 1385/3/1
f 1390/3/1 1386/3/1 1389/3/1
f 1391/3/1 1388/3/1 1387/3/1
f 1392/3/1 1388/3/1 1391/3/1
f 1393/3/1 1382/3/1 1381/3/1
f 1393/3/1 1383/3/1 1382/3/1
f 1393/3/1 1384/3/1 1383/3/1
f 1394/3/1 1384/3/1 1393/3/1
f 1398/3/1 1396/3/1 1395/3/1
f 1399/3/1 1396/3/1 1398/3/1
f 1401/3/1 1398/3/1 1397/3/1
f 1401/3/1 1400/3/1 1399/3/1
f 1401/3/1 1399/3/1 1398/3/1
f 1402/3/1 1400/3/1 1401/3/1
f 1404/3/1 1401/3/1 1397/3/1
f 1405/3/1 1401/3/1 1404/3/1
f 1406/3/1 1401/3/1 1405/3/1
f 1407/3/1 1400/3/1 1402/3/1
f 1408/3/1 1400/3/1 1407/3/1
f 1409/3/1 1400/3/1 1408/3/1
f 1411/3/1 1404/3/1 1403/3/1
f 1411/3/1 1405/3/1 1404/3/1
f 1412/3/1 1405/3/1 1411/3/1
f 1413/3/1 1410/3/1 1409/3/1
f 1413/3/1 1409/3/1 1408/3/1
f 1414/3/1 1410/3/1 1413/3/1
f 1416/3/1 1411/3/1 1403/3/1
f 1417/3/1 1410/3/1 1414/3/1
f 1423/3/1 1420/3/1 1419/3/1
f 1424/3/1 1420/3/1 1423/3/1
f 1425/3/1 1422/3/1 1421/3/1
f 1426/3/1 1422/3/1 1425/3/1
f 1427/3/1 1416/3/1 1415/3/1
f 1428/3/1 1411/3/1 1416/3/1
f 1428/3/1 1416/3/1 1427/3/1
f 1429/3/1 1417/3/1 1414/3/1
f 1429/3/1 1418/3/1 1417/3/1
f 1430/3/1 1418/3/1 1429/3/1
f 1433/3/1 1432/3/1 1431/3/1
f 1434/3/1 1432/3/1 1433/3/1
f 1438/3/1 1436/3/1 1435/3/1
f 1439/3/1 1436/3/1 1438/3/1
f 1440/3/1 1436/3/1 1439/3/1
f 1441/3/1 1436/3/1 1440/3/1
f 1444/3/1 1438/3/1 1437/3/1
f 1444/3/1 1439/3/1 1438/3/1
f 1445/3/1 1439/3/1 1444/3/1
f 1446/3/1 1439/3/1 1445/3/1
f 1447/3/1 1441/3/1 1440/3/1
f 1447/3/1 1442/3/1 1441/3/1
f 1448/3/1 1442/3/1 1447/3/1
f 1449/3/1 1442/3/1 1448/3/1
f 1452/3/1 1445/3/1 1444/3/1
f 1452/3/1 1444/3/1 1443/3/1
f 1453/3/1 1450/3/1 1449/3/1
f 1453/3/1 1449/3/1 1448/3/1
f 1455/3/1 1452/3/1 1451/3/1
f 1455/3/1 1445/3/1 1452/3/1
f 1456/3/1 1445/3/1 1455/3/1
f 1457/3/1 1454/3/1 1453/3/1
f 1457/3/1 1453/3/1 1448/3/1
f 1458/3/1 1454/3/1 1457/3/1
f 1459/3/1 1455/3/1 1451/3/1
f 1460/3/1 1455/3/1 1459/3/1
f 1461/3/1 1454/3/1 1458/3/1
f 1462/3/1 1454/3/1 1461/3/1
f 1467/3/1 1464/3/1 1463/3/1
f 1468/3/1 1464/3/1 1467/3/1
f 1469/3/1 1466/3/1 1465/3/1
f 1470/3/1 1466/3/1 1469/3/1
f 1471/3/1 1459/3/1 1451/3/1
f 1472/3/1 1459/3/1 1471/3/1
f 1473/3/1 1454/3/1 1462/3/1
f 1474/3/1 1454/3/1 1473/3/1
f 1479/3/1 1476/3/1 1475/3/1
f 1480/3/1 1476/3/1 1479/3/1
f 1481/3/1 1478/3/1 1477/3/1
f 1482/3/1 1478/3/1 1481/3/1
f 1486/3/1 1484/3/1 1483/3/1
f 1487/3/1 1484/3/1 1486/3/1
f 1490/3/1 1486/3/1 1485/3/1
f 1490/3/1 1488/3/1 1487/3/1
f 1490/3/1 1487/3/1 1486/3/1
f 1491/3/1 1488/3/1 1490/3/1
f 1492/3/1 1488/3/1 1491/3/1
f 1493/3/1 1488/3/1 1492/3/1
f 1496/3/1 1490/3/1 1489/3/1
f 1496/3/1 1491/3/1 1490/3/1
f 1497/3/1 1491/3/1 1496/3/1
f 1498/3/1 1493/3/1 1492/3/1
f 1498/3/1 1494/3/1 1493/3/1
f 1499/3/1 1494/3/1 1498/3/1
f 1501/3/1 1496/3/1 1495/3/1
f 1502/3/1 1496/3/1 1501/3/1
f 1503/3/1 1500/3/1 1499/3/1
f 1504/3/1 1500/3/1 1503/3/1
f 1506/3/1 1501/3/1 1495/3/1
f 1507/3/1 1501/3/1 1506/3/1
f 1508/3/1 1500/3/1 1504/3/1
f 1509/3/1 1500/3/1 1508/3/1
f 1515/3/1 1512/3/1 1511/3/1
f 1516/3/1 1512/3/1 1515/3/1
f 1517/3/1 1514/3/1 1513/3/1
f 1518/3/1 1514/3/1 1517/3/1
f 1519/3/1 1506/3/1 1505/3/1
f 1520/3/1 1506/3/1 1519/3/1
f 1521/3/1 1510/3/1 1509/3/1
f 1522/3/1 1510/3/1 1521/3/1
f 1527/3/1 1524/3/1 1523/3/1
f 1528/3/1 1524/3/1 1527/3/1
f 1531/3/1 1526/3/1 1525/3/1
f 1532/3/1 1526/3/1 1531/3/1
f 1533/3/1 1530/3/1 1529/3/1
f 1534/3/1 1530/3/1 1533/3/1
f 1540/3/1 1536/3/1 1535/3/1
f 1541/3/1 1536/3/1 1540/3/1
f 1542/3/1 1538/3/1 1537/3/1
f 1543/3/1 1538/3/1 1542/3/1
f 1546/3/1 1540/3/1 1539/3/1
f 1547/3/1 1540/3/1 1546/3/1
f 1548/3/1 1544/3/1 1543/3/1
f 1549/3/1 1544/3/1 1548/3/1
f 1552/3/1 1546/3/1 1545/3/1
f 1553/3/1 1546/3/1 1552/3/1
f 1554/3/1 1550/3/1 1549/3/1
f 1555/3/1 1550/3/1 1554/3/1
f 1558/3/1 1552/3/1 1551/3/1
f 1559/3/1 1552/3/1 1558/3/1
f 1560/3/1 1556/3/1 1555/3/1
f 1561/3/1 1556/3/1 1560/3/1
f 1567/3/1 1564/3/1 1563/3/1
f 1568/3/1 1564/3/1 1567/3/1
f 1569/3/1 1566/3/1 1565/3/1
f 1570/3/1 1566/3/1 1569/3/1
f 1571/3/1 1558/3/1 1557/3/1
f 1572/3/1 1558/3/1 1571/3/1
f 1573/3/1 1562/3/1 1561/3/1
f 1574/3/1 1562/3/1 1573/3/1
f 1577/3/1 1576/3/1 1575/3/1
f 1578/3/1 1576/3/1 1577/3/1
f 1583/3/1 1580/3/1 1579/3/1
f 1584/3/1 1580/3/1 1583/3/1
f 1589/3/1 1582/3/1 1581/3/1
f 1590/3/1 1582/3/1 1589/3/1
f 1591/3/1 1586/3/1 1585/3/1
f 1592/3/1 1586/3/1 1591/3/1
f 1593/3/1 1588/3/1 1587/3/1
f 1594/3/1 1588/3/1 1593/3/1
f 1599/3/1 1596/3/1 1595/3/1
f 1600/3/1 1596/3/1 1599/3/1
f 1604/3/1 1598/3/1 1597/3/1
f 1605/3/1 1598/3/1 1604/3/1
f 1606/3/1 1602/3/1 1601/3/1
f 1607/3/1 1602/3/1 1606/3/1
f 1610/3/1 1604/3/1 1603/3/1
f 1611/3/1 1604/3/1 1610/3/1
f 1612/3/1 1608/3/1 1607/3/1
f 1613/3/1 1608/3/1 1612/3/1
f 1615/3/1 1610/3/1 1609/3/1
f 1616/3/1 1610/3/1 1615/3/1
f 1617/3/1 1614/3/1 1613/3/1
f 1618/3/1 1614/3/1 1617/3/1
f 1623/3/1 1620/3/1 1619/3/1
f 1624/3/1 1620/3/1 1623/3/1
f 1625/3/1 1622/3/1 1621/3/1
f 1626/3/1 1622/3/1 1625/3/1
f 1631/3/1 1628/3/1 1627/3/1
f 1632/3/1 1628/3/1 1631/3/1
f 1633/3/1 1630/3/1 1629/3/1
f 1634/3/1 1630/3/1 1633/3/1
f 1639/3/1 1636/3/1 1635/3/1
f 1640/3/1 1636/3/1 1639/3/1
f 1641/3/1 1638/3/1 1637/3/1
f 1642/3/1 1638/3/1 1641/3/1
f 1649/3/1 1644/3/1 1643/3/1
f 1650/3/1 1644/3/1 1649/3/1
f 1651/3/1 1646/3/1 1645/3/1
f 1652/3/1 1646/3/1 1651/3/1
f 1655/3/1 1648/3/1 1647/3/1
f 1656/3/1 1648/3/1 1655/3/1
f 1657/3/1 1654/3/1 1653/3/1
f 1658/3/1 1654/3/1 1657/3/1
f 1663/3/1 1660/3/1 1659/3/1
f 1664/3/1 1660/3/1 1663/3/1
f 1665/3/1 1662/3/1 1661/3/1
f 1666/3/1 1662/3/1 1665/3/1
f 1671/3/1 1668/3/1 1667/3/1
f 1672/3/1 1668/3/1 1671/3/1
f 1673/3/1 1670/3/1 1669/3/1
f 1674/3/1 1670/3/1 1673/3/1
f 1679/3/1 1676/3/1 1675/3/1
f 1680/3/1 1676/3/1 1679/3/1
f 1681/3/1 1678/3/1 1677/3/1
f 1682/3/1 1678/3/1 1681/3/1
f 1687/3/1 1684/3/1 1683/3/1
f 1688/3/1 1684/3/1 1687/3/1
f 1693/3/1 1686/3/1 1685/3/1
f 1694/3/1 1686/3/1 1693/3/1
f 1695/3/1 1690/3/1 1689/3/1
f 1696/3/1 1690/3/1 1695/3/1
f 1700/3/1 1692/3/1 1691/3/1
f 1701/3/1 1692/3/1 1700/3/1
f 1702/3/1 1698/3/1 1697/3/1
f 1703/3/1 1698/3/1 1702/3/1
f 1705/3/1 1700/3/1 1699/3/1
f 1706/3/1 1700/3/1 1705/3/1
f 1707/3/1 1704/3/1 1703/3/1
f 1708/3/1 1704/3/1 1707/3/1
f 1713/3/1 1710/3/1 1709/3/1
f 1714/3/1 1710/3/1 1713/3/1
f 1715/3/1 1712/3/1 1711/3/1
f 1716/3/1 1712/3/1 1715/3/1
f 1721/3/1 1718/3/1 1717/3/1
f 1722/3/1 1718/3/1 1721/3/1
f 1723/3/1 1720/3/1 1719/3/1
f 1724/3/1 1720/3/1 1723/3/1
f 1729/3/1 1726/3/1 1725/3/1
f 1730/3/1 1726/3/1 1729/3/1
f 1731/3/1 1728/3/1 1727/3/1
f 1732/3/1 1728/3/1 1731/3/1
f 1737/3/1 1734/3/1 1733/3/1
f 1738/3/1 1734/3/1 1737/3/1
f 1739/3/1 1736/3/1 1735/3/1
f 1740/3/1 1736/3/1 1739/3/1
f 1745/3/1 1742/3/1 1741/3/1
f 1746/3/1 1742/3/1 1745/3/1
f 1747/3/1 1744/3/1 1743/3/1
f 1748/3/1 1744/3/1 1747/3/1
f 1751/3/1 1750/3/1 1749/3/1
f 1752/3/1 1750/3/1 1751/3/1
f 1755/3/1 1754/3/1 1753/3/1
f 1756/3/1 1754/3/1 1755/3/1
f 1759/3/1 1758/3/1 1757/3/1
f 1760/3/1 1758/3/1 1759/3/1
f 1765/3/1 1762/3/1 1761/3/1
f 1766/3/1 1762/3/1 1765/3/1
f 1767/3/1 1764/3/1 1763/3/1
f 1768/3/1 1764/3/1 1767/3/1
f 1773/3/1 1770/3/1 1769/3/1
f 1774/3/1 1770/3/1 1773/3/1
f 1775/3/1 1772/3/1 1771/3/1
f 1776/3/1 1772/3/1 1775/3/1
f 1781/3/1 1778/3/1 1777/3/1
f 1782/3/1 1778/3/1 1781/3/1
f 1783/3/1 1780/3/1 1779/3/1
f 1784/3/1 1780/3/1 1783/3/1
f 1789/3/1 1786/3/1 1785/3/1
f 1790/3/1 1786/3/1 1789/3/1
f 1791/3/1 1788/3/1 1787/3/1
f 1792/3/1 1788/3/1 1791/3/1
f 1797/3/1 1794/3/1 1793/3/1
f 1798/3/1 1794/3/1 1797/3/1
f 1799/3/1 1796/3/1 1795/3/1
f 1800/3/1 1796/3/1 1799/3/1
f 1803/3/1 1802/3/1 1801/3/1
f 1804/3/1 1802/3/1 1803/3/1
f 1809/3/1 1806/3/1 1805/3/1
f 1810/3/1 1806/3/1 1809/3/1
f 1811/3/1 1808/3/1 1807/3/1
f 1812/3/1 1808/3/1 1811/3/1
f 1815/3/1 1814/3/1 1813/3/1
f 1816/3/1 1814/3/1 1815/3/1
f 1819/3/1 1818/3/1 1817/3/1
f 1820/3/1 1818/3/1 1819/3/1
f 1823/3/1 1822/3/1 1821/3/1
f 1824/3/1 1822/3/1 1823/3/1
f 1827/3/1 1826/3/1 1825/3/1
f 1828/3/1 1826/3/1 1827/3/1
f 1832/3/1 1830/3/1 1829/3/1
f 1833/3/1 1832/3/1 1831/3/1
f 1834/3/1 1830/3/1 1832/3/1
f 1834/3/1 1832/3/1 1833/3/1
f 1837/3/1 1836/3/1 1835/3/1
f 1838/3/1 1836/3/1 1837/3/1
f 1839/3/1 1837/3/1 1835/3/1
f 1840/3/1 1837/3/1 1839/3/1
f 1843/3/1 1842/3/1 1841/3/1
f 1844/3/1 1842/3/1 1843/3/1
f 1845/3/2 1846/3/2 1847/3/2
f 1847/3/2 1846/3/2 1848/3/2
f 1849/3/2 1850/3/2 1851/3/2
f 1849/3/2 1851/3/2 1853/3/2
f 1851/3/2 1852/3/2 1853/3/2
f 1853/3/2 1852/3/2 1854/3/2
f 1855/3/2 1856/3/2 1857/3/2
f 1857/3/2 1856/3/2 1858/3/2
f 1858/3/2 1856/3/2 1859/3/2
f 1859/3/2 1856/3/2 1860/3/2
f 1861/3/2 1862/3/2 1863/3/2
f 1863/3/2 1862/3/2 1864/3/2
f 1865/3/2 1866/3/2 1867/3/2
f 1867/3/2 1866/3/2 1868/3/2
f 1869/3/2 1870/3/2 1871/3/2
f 1871/3/2 1870/3/2 1872/3/2
f 1873/3/2 1874/3/2 1875/3/2
f 1875/3/2 1874/3/2 1876/3/2
f 1877/3/2 1878/3/2 1881/3/2
f 1881/3/2 1878/3/2 1882/3/2
f 1879/3/2 1880/3/2 1883/3/2
f 1883/3/2 1880/3/2 1884/3/2
f 1885/3/2 1886/3/2 1887/3/2
f 1887/3/2 1886/3/2 1888/3/2
f 1889/3/2 1890/3/2 1893/3/2
f 1893/3/2 1890/3/2 1894/3/2
f 1891/3/2 1892/3/2 1895/3/2
f 1895/3/2 1892/3/2 1896/3/2
f 1897/3/2 1898/3/2 1901/3/2
f 1901/3/2 1898/3/2 1902/3/2
f 1899/3/2 1900/3/2 1903/3/2
f 1903/3/2 1900/3/2 1904/3/2
f 1905/3/2 1906/3/2 1909/3/2
f 1909/3/2 1906/3/2 1910/3/2
f 1907/3/2 1908/3/2 1911/3/2
f 1911/3/2 1908/3/2 1912/3/2
f 1913/3/2 1914/3/2 1917/3/2
f 1917/3/2 1914/3/2 1918/3/2
f 1915/3/2 1916/3/2 1919/3/2
f 1919/3/2 1916/3/2 1920/3/2
f 1921/3/2 1922/3/2 1925/3/2
f 1925/3/2 1922/3/2 1926/3/2
f 1923/3/2 1924/3/2 1927/3/2
f 1927/3/2 1924/3/2 1928/3/2
f 1929/3/2 1930/3/2 1931/3/2
f 1931/3/2 1930/3/2 1932/3/2
f 1933/3/2 1934/3/2 1935/3/2
f 1935/3/2 1934/3/2 1936/3/2
f 1937/3/2 1938/3/2 1941/3/2
f 1941/3/2 1938/3/2 1942/3/2
f 1939/3/2 1940/3/2 1943/3/2
f 1943/3/2 1940/3/2 1944/3/2
f 1945/3/2 1946/3/2 1949/3/2
f 1949/3/2 1946/3/2 1950/3/2
f 1947/3/2 1948/3/2 1951/3/2
f 1951/3/2 1948/3/2 1952/3/2
f 1953/3/2 1954/3/2 1957/3/2
f 1957/3/2 1954/3/2 1958/3/2
f 1955/3/2 1956/3/2 1959/3/2
f 1959/3/2 1956/3/2 1960/3/2
f 1961/3/2 1962/3/2 1963/3/2
f 1963/3/2 1962/3/2 1964/3/2
f 1965/3/2 1966/3/2 1969/3/2
f 1969/3/2 1966/3/2 1970/3/2
f 1967/3/2 1968/3/2 1971/3/2
f 1971/3/2 1968/3/2 1972/3/2
f 1973/3/2 1974/3/2 1977/3/2
f 1977/3/2 1974/3/2 1978/3/2
f 1975/3/2 1976/3/2 1983/3/2
f 1983/3/2 1976/3/2 1984/3/2
f 1979/3/2 1980/3/2 1985/3/2
f 1985/3/2 1980/3/2 1986/3/2
f 1981/3/2 1982/3/2 1990/3/2
f 1990/3/2 1982/3/2 1991/3/2
f 1987/3/2 1988/3/2 1992/3/2
f 1992/3/2 1988/3/2 1993/3/2
f 1989/3/2 1990/3/2 1995/3/2
f 1995/3/2 1990/3/2 1996/3/2
f 1993/3/2 1994/3/2 1997/3/2
f 1997/3/2 1994/3/2 1998/3/2
f 1999/3/2 2000/3/2 2003/3/2
f 2003/3/2 2000/3/2 2004/3/2
f 2001/3/2 2002/3/2 2005/3/2
f 2005/3/2 2002/3/2 2006/3/2
f 2009/3/2 2010/3/2 2011/3/2
f 2011/3/2 2010/3/2 2012/3/2
f 2007/3/2 2008/3/2 2013/3/2
f 2013/3/2 2008/3/2 2014/3/2
f 2015/3/2 2016/3/2 2019/3/2
f 2019/3/2 2016/3/2 2020/3/2
f 2017/3/2 2018/3/2 2021/3/2
f 2021/3/2 2018/3/2 2022/3/2
f 2023/3/2 2024/3/2 2029/3/2
f 2029/3/2 2024/3/2 2030/3/2
f 2025/3/2 2026/3/2 2031/3/2
f 2031/3/2 2026/3/2 2032/3/2
f 2027/3/2 2028/3/2 2035/3/2
f 2035/3/2 2028/3/2 2036/3/2
f 2033/3/2 2034/3/2 2037/3/2
f 2037/3/2 2034/3/2 2038/3/2
f 2039/3/2 2040/3/2 2043/3/2
f 2043/3/2 2040/3/2 2044/3/2
f 2041/3/2 2042/3/2 2045/3/2
f 2045/3/2 2042/3/2 2046/3/2
f 2047/3/2 2048/3/2 2051/3/2
f 2051/3/2 2048/3/2 2052/3/2
f 2049/3/2 2050/3/2 2053/3/2
f 2053/3/2 2050/3/2 2054/3/2
f 2055/3/2 2056/3/2 2057/3/2
f 2057/3/2 2056/3/2 2058/3/2
f 2059/3/2 2060/3/2 2063/3/2
f 2063/3/2 2060/3/2 2064/3/2
f 2061/3/2 2062/3/2 2069/3/2
f 2069/3/2 2062/3/2 2070/3/2
f 2065/3/2 2066/3/2 2071/3/2
f 2071/3/2 2066/3/2 2072/3/2
f 2067/3/2 2068/3/2 2073/3/2
f 2073/3/2 2068/3/2 2074/3/2
f 2075/3/2 2076/3/2 2079/3/2
f 2079/3/2 2076/3/2 2080/3/2
f 2077/3/2 2078/3/2 2084/3/2
f 2084/3/2 2078/3/2 2085/3/2
f 2081/3/2 2082/3/2 2086/3/2
f 2086/3/2 2082/3/2 2087/3/2
f 2083/3/2 2084/3/2 2090/3/2
f 2090/3/2 2084/3/2 2091/3/2
f 2087/3/2 2088/3/2 2092/3/2
f 2092/3/2 2088/3/2 2093/3/2
f 2089/3/2 2090/3/2 2095/3/2
f 2095/3/2 2090/3/2 2096/3/2
f 2093/3/2 2094/3/2 2097/3/2
f 2097/3/2 2094/3/2 2098/3/2
f 2099/3/2 2100/3/2 2103/3/2
f 2103/3/2 2100/3/2 2104/3/2
f 2101/3/2 2102/3/2 2105/3/2
f 2105/3/2 2102/3/2 2106/3/2
f 2107/3/2 2108/3/2 2115/3/2
f 2115/3/2 2108/3/2 2116/3/2
f 2109/3/2 2110/3/2 2117/3/2
f 2117/3/2 2110/3/2 2118/3/2
f 2111/3/2 2112/3/2 2119/3/2
f 2119/3/2 2112/3/2 2120/3/2
f 2113/3/2 2114/3/2 2121/3/2
f 2121/3/2 2114/3/2 2122/3/2
f 2123/3/2 2124/3/2 2127/3/2
f 2127/3/2 2124/3/2 2128/3/2
f 2125/3/2 2126/3/2 2131/3/2
f 2131/3/2 2126/3/2 2132/3/2
f 2129/3/2 2130/3/2 2133/3/2
f 2133/3/2 2130/3/2 2134/3/2
f 2135/3/2 2136/3/2 2140/3/2
f 2140/3/2 2136/3/2 2141/3/2
f 2137/3/2 2138/3/2 2142/3/2
f 2142/3/2 2138/3/2 2143/3/2
f 2139/3/2 2140/3/2 2146/3/2
f 2146/3/2 2140/3/2 2147/3/2
f 2143/3/2 2144/3/2 2148/3/2
f 2148/3/2 2144/3/2 2149/3/2
f 2145/3/2 2146/3/2 2152/3/2
f 2152/3/2 2146/3/2 2153/3/2
f 2149/3/2 2150/3/2 2154/3/2
f 2154/3/2 2150/3/2 2155/3/2
f 2151/3/2 2152/3/2 2158/3/2
f 2158/3/2 2152/3/2 2159/3/2
f 2155/3/2 2156/3/2 2160/3/2
f 2160/3/2 2156/3/2 2161/3/2
f 2157/3/2 2158/3/2 2167/3/2
f 2167/3/2 2158/3/2 2168/3/2
f 2161/3/2 2162/3/2 2169/3/2
f 2169/3/2 2162/3/2 2170/3/2
f 2163/3/2 2164/3/2 2171/3/2
f 2171/3/2 2164/3/2 2172/3/2
f 2165/3/2 2166/3/2 2173/3/2
f 2173/3/2 2166/3/2 2174/3/2
f 2175/3/2 2176/3/2 2179/3/2
f 2179/3/2 2176/3/2 2180/3/2
f 2177/3/2 2178/3/2 2181/3/2
f 2181/3/2 2178/3/2 2182/3/2
f 2183/3/2 2184/3/2 2186/3/2
f 2186/3/2 2184/3/2 2187/3/2
f 2185/3/2 2186/3/2 2190/3/2
f 2187/3/2 2188/3/2 2190/3/2
f 2186/3/2 2187/3/2 2190/3/2
f 2190/3/2 2188/3/2 2191/3/2
f 2191/3/2 2188/3/2 2192/3/2
f 2192/3/2 2188/3/2 2193/3/2
f 2189/3/2 2190/3/2 2196/3/2
f 2190/3/2 2191/3/2 2196/3/2
f 2196/3/2 2191/3/2 2197/3/2
f 2192/3/2 2193/3/2 2198/3/2
f 2193/3/2 2194/3/2 2198/3/2
f 2198/3/2 2194/3/2 2199/3/2
f 2195/3/2 2196/3/2 2201/3/2
f 2201/3/2 2196/3/2 2202/3/2
f 2199/3/2 2200/3/2 2203/3/2
f 2203/3/2 2200/3/2 2204/3/2
f 2195/3/2 2201/3/2 2206/3/2
f 2206/3/2 2201/3/2 2207/3/2
f 2204/3/2 2200/3/2 2208/3/2
f 2208/3/2 2200/3/2 2209/3/2
f 2205/3/2 2206/3/2 2215/3/2
f 2215/3/2 2206/3/2 2216/3/2
f 2209/3/2 2210/3/2 2217/3/2
f 2217/3/2 2210/3/2 2218/3/2
f 2211/3/2 2212/3/2 2219/3/2
f 2219/3/2 2212/3/2 2220/3/2
f 2213/3/2 2214/3/2 2221/3/2
f 2221/3/2 2214/3/2 2222/3/2
f 2223/3/2 2224/3/2 2225/3/2
f 2225/3/2 2224/3/2 2226/3/2
f 2227/3/2 2228/3/2 2230/3/2
f 2230/3/2 2228/3/2 2231/3/2
f 2231/3/2 2228/3/2 2232/3/2
f 2232/3/2 2228/3/2 2233/3/2
f 2229/3/2 2230/3/2 2236/3/2
f 2230/3/2 2231/3/2 2236/3/2
f 2236/3/2 2231/3/2 2237/3/2
f 2237/3/2 2231/3/2 2238/3/2
f 2232/3/2 2233/3/2 2239/3/2
f 2233/3/2 2234/3/2 2239/3/2
f 2239/3/2 2234/3/2 2240/3/2
f 2240/3/2 2234/3/2 2241/3/2
f 2236/3/2 2237/3/2 2244/3/2
f 2235/3/2 2236/3/2 2244/3/2
f 2241/3/2 2242/3/2 2245/3/2
f 2240/3/2 2241/3/2 2245/3/2
f 2243/3/2 2244/3/2 2247/3/2
f 2244/3/2 2237/3/2 2247/3/2
f 2247/3/2 2237/3/2 2248/3/2
f 2245/3/2 2246/3/2 2249/3/2
f 2240/3/2 2245/3/2 2249/3/2
f 2249/3/2 2246/3/2 2250/3/2
f 2243/3/2 2247/3/2 2251/3/2
f 2251/3/2 2247/3/2 2252/3/2
f 2250/3/2 2246/3/2 2253/3/2
f 2253/3/2 2246/3/2 2254/3/2
f 2243/3/2 2251/3/2 2259/3/2
f 2259/3/2 2251/3/2 2260/3/2
f 2254/3/2 2246/3/2 2261/3/2
f 2261/3/2 2246/3/2 2262/3/2
f 2255/3/2 2256/3/2 2263/3/2
f 2263/3/2 2256/3/2 2264/3/2
f 2257/3/2 2258/3/2 2265/3/2
f 2265/3/2 2258/3/2 2266/3/2
f 2267/3/2 2268/3/2 2270/3/2
f 2270/3/2 2268/3/2 2271/3/2
f 2269/3/2 2270/3/2 2273/3/2
f 2271/3/2 2272/3/2 2273/3/2
f 2270/3/2 2271/3/2 2273/3/2
f 2273/3/2 2272/3/2 2274/3/2
f 2269/3/2 2273/3/2 2276/3/2
f 2276/3/2 2273/3/2 2277/3/2
f 2277/3/2 2273/3/2 2278/3/2
f 2274/3/2 2272/3/2 2279/3/2
f 2279/3/2 2272/3/2 2280/3/2
f 2280/3/2 2272/3/2 2281/3/2
f 2275/3/2 2276/3/2 2283/3/2
f 2276/3/2 2277/3/2 2283/3/2
f 2283/3/2 2277/3/2 2284/3/2
f 2281/3/2 2282/3/2 2285/3/2
f 2280/3/2 2281/3/2 2285/3/2
f 2285/3/2 2282/3/2 2286/3/2
f 2275/3/2 2283/3/2 2288/3/2
f 2286/3/2 2282/3/2 2289/3/2
f 2287/3/2 2288/3/2 2295/3/2
f 2288/3/2 2283/3/2 2296/3/2
f 2295/3/2 2288/3/2 2296/3/2
f 2286/3/2 2289/3/2 2297/3/2
f 2289/3/2 2290/3/2 2297/3/2
f 2297/3/2 2290/3/2 2298/3/2
f 2291/3/2 2292/3/2 2299/3/2
f 2299/3/2 2292/3/2 2300/3/2
f 2293/3/2 2294/3/2 2301/3/2
f 2301/3/2 2294/3/2 2302/3/2
f 2303/3/2 2304/3/2 2306/3/2
f 2306/3/2 2304/3/2 2307/3/2
f 2305/3/2 2306/3/2 2310/3/2
f 2307/3/2 2308/3/2 2310/3/2
f 2306/3/2 2307/3/2 2310/3/2
f 2310/3/2 2308/3/2 2311/3/2
f 2309/3/2 2310/3/2 2313/3/2
f 2311/3/2 2312/3/2 2313/3/2
f 2310/3/2 2311/3/2 2313/3/2
f 2313/3/2 2312/3/2 2314/3/2
f 2315/3/2 2316/3/2 2317/3/2
f 2317/3/2 2316/3/2 2318/3/2
f 2319/3/2 2320/3/2 2321/3/2
f 2321/3/2 2320/3/2 2322/3/2
f 2323/3/2 2324/3/2 2325/3/2
f 2325/3/2 2324/3/2 2326/3/2
f 2327/3/2 2328/3/2 2331/3/2
f 2331/3/2 2328/3/2 2332/3/2
f 2329/3/2 2330/3/2 2333/3/2
f 2333/3/2 2330/3/2 2334/3/2
f 2335/3/2 2336/3/2 2339/3/2
f 2339/3/2 2336/3/2 2340/3/2
f 2337/3/2 2338/3/2 2341/3/2
f 2341/3/2 2338/3/2 2342/3/2
f 2343/3/2 2344/3/2 2347/3/2
f 2347/3/2 2344/3/2 2348/3/2
f 2345/3/2 2346/3/2 2349/3/2
f 2349/3/2 2346/3/2 2350/3/2
f 2351/3/2 2352/3/2 2353/3/2
f 2353/3/2 2352/3/2 2354/3/2
f 2354/3/2 2352/3/2 2355/3/2
f 2355/3/2 2356/3/2 2357/3/2
f 2354/3/2 2355/3/2 2357/3/2
f 2357/3/2 2356/3/2 2358/3/2
f 2358/3/2 2356/3/2 2359/3/2
f 2359/3/2 2360/3/2 2361/3/2
f 2358/3/2 2359/3/2 2361/3/2
f 2361/3/2 2360/3/2 2362/3/2
f 2362/3/2 2360/3/2 2363/3/2
f 2363/3/2 2360/3/2 2364/3/2
f 2365/3/2 2366/3/2 2369/3/2
f 2369/3/2 2366/3/2 2370/3/2
f 2367/3/2 2368/3/2 2371/3/2
f 2371/3/2 2368/3/2 2372/3/2
f 2373/3/2 2374/3/2 2377/3/2
f 2377/3/2 2374/3/2 2378/3/2
f 2375/3/2 2376/3/2 2379/3/2
f 2379/3/2 2376/3/2 2380/3/2
f 2381/3/2 2382/3/2 2385/3/2
f 2385/3/2 2382/3/2 2386/3/2
f 2383/3/2 2384/3/2 2387/3/2
f 2387/3/2 2384/3/2 2388/3/2
f 2389/3/2 2390/3/2 2393/3/2
f 2393/3/2 2390/3/2 2394/3/2
f 2391/3/2 2392/3/2 2395/3/2
f 2395/3/2 2392/3/2 2396/3/2
f 2397/3/2 2398/3/2 2399/3/2
f 2399/3/2 2398/3/2 2400/3/2
f 2400/3/2 2398/3/2 2404/3/2
f 2401/3/2 2402/3/2 2405/3/2
f 2405/3/2 2402/3/2 2406/3/2
f 2403/3/2 2404/3/2 2407/3/2
f 2404/3/2 2398/3/2 2407/3/2
f 2407/3/2 2398/3/2 2408/3/2
f 2406/3/2 2402/3/2 2409/3/2
f 2403/3/2 2407/3/2 2410/3/2
f 2406/3/2 2409/3/2 2411/3/2
f 2409/3/2 2410/3/2 2411/3/2
f 2410/3/2 2407/3/2 2412/3/2
f 2411/3/2 2410/3/2 2412/3/2
f 2413/3/2 2414/3/2 2417/3/2
f 2417/3/2 2414/3/2 2418/3/2
f 2415/3/2 2416/3/2 2421/3/2
f 2421/3/2 2416/3/2 2422/3/2
f 2419/3/2 2420/3/2 2425/3/2
f 2425/3/2 2420/3/2 2426/3/2
f 2423/3/2 2424/3/2 2429/3/2
f 2429/3/2 2424/3/2 2430/3/2
f 2427/3/2 2428/3/2 2431/3/2
f 2431/3/2 2428/3/2 2432/3/2
f 2433/3/2 2434/3/2 2437/3/2
f 2437/3/2 2434/3/2 2438/3/2
f 2435/3/2 2436/3/2 2439/3/2
f 2439/3/2 2436/3/2 2440/3/2
f 2441/3/2 2442/3/2 2445/3/2
f 2445/3/2 2442/3/2 2446/3/2
f 2443/3/2 2444/3/2 2447/3/2
f 2447/3/2 2444/3/2 2448/3/2
f 2449/3/2 2450/3/2 2453/3/2
f 2453/3/2 2450/3/2 2454/3/2
f 2451/3/2 2452/3/2 2457/3/2
f 2457/3/2 2452/3/2 2458/3/2
f 2455/3/2 2456/3/2 2459/3/2
f 2459/3/2 2456/3/2 2460/3/2
f 2461/3/2 2462/3/2 2467/3/2
f 2467/3/2 2462/3/2 2468/3/2
f 2463/3/2 2464/3/2 2469/3/2
f 2469/3/2 2464/3/2 2470/3/2
f 2465/3/2 2466/3/2 2474/3/2
f 2474/3/2 2466/3/2 2475/3/2
f 2471/3/2 2472/3/2 2476/3/2
f 2476/3/2 2472/3/2 2477/3/2
f 2473/3/2 2474/3/2 2479/3/2
f 2479/3/2 2474/3/2 2480/3/2
f 2477/3/2 2478/3/2 2481/3/2
f 2481/3/2 2478/3/2 2482/3/2
f 2483/3/2 2484/3/2 2487/3/2
f 2487/3/2 2484/3/2 2488/3/2
f 2485/3/2 2486/3/2 2489/3/2
f 2489/3/2 2486/3/2 2490/3/2
f 2491/3/2 2492/3/2 2495/3/2
f 2495/3/2 2492/3/2 2496/3/2
f 2493/3/2 2494/3/2 2497/3/2
f 2497/3/2 2494/3/2 2498/3/2
f 2499/3/2 2500/3/2 2503/3/2
f 2503/3/2 2500/3/2 2504/3/2
f 2501/3/2 2502/3/2 2508/3/2
f 2508/3/2 2502/3/2 2509/3/2
f 2505/3/2 2506/3/2 2510/3/2
f 2510/3/2 2506/3/2 2511/3/2
f 2507/3/2 2508/3/2 2514/3/2
f 2514/3/2 2508/3/2 2515/3/2
f 2511/3/2 2512/3/2 2516/3/2
f 2516/3/2 2512/3/2 2517/3/2
f 2513/3/2 2514/3/2 2520/3/2
f 2520/3/2 2514/3/2 2521/3/2
f 2517/3/2 2518/3/2 2522/3/2
f 2522/3/2 2518/3/2 2523/3/2
f 2519/3/2 2520/3/2 2525/3/2
f 2525/3/2 2520/3/2 2526/3/2
f 2523/3/2 2524/3/2 2527/3/2
f 2527/3/2 2524/3/2 2528/3/2
f 2529/3/2 2530/3/2 2533/3/2
f 2533/3/2 2530/3/2 2534/3/2
f 2531/3/2 2532/3/2 2535/3/2
f 2535/3/2 2532/3/2 2536/3/2
f 2537/3/2 2538/3/2 2541/3/2
f 2541/3/2 2538/3/2 2542/3/2
f 2539/3/2 2540/3/2 2543/3/2
f 2543/3/2 2540/3/2 2544/3/2
f 2545/3/2 2546/3/2 2549/3/2
f 2549/3/2 2546/3/2 2550/3/2
f 2547/3/2 2548/3/2 2551/3/2
f 2551/3/2 2548/3/2 2552/3/2
f 2553/3/2 2554/3/2 2557/3/2
f 2557/3/2 2554/3/2 2558/3/2
f 2555/3/2 2556/3/2 2559/3/2
f 2559/3/2 2556/3/2 2560/3/2
f 2561/3/2 2562/3/2 2565/3/2
f 2565/3/2 2562/3/2 2566/3/2
f 2563/3/2 2564/3/2 2567/3/2
f 2567/3/2 2564/3/2 2568/3/2
f 2569/3/2 2570/3/2 2571/3/2
f 2571/3/2 2570/3/2 2572/3/2
f 2573/3/2 2574/3/2 2576/3/2
f 2576/3/2 2574/3/2 2577/3/2
f 2575/3/2 2576/3/2 2580/3/2
f 2580/3/2 2576/3/2 2581/3/2
f 2577/3/2 2578/3/2 2582/3/2
f 2582/3/2 2578/3/2 2583/3/2
f 2579/3/2 2580/3/2 2586/3/2
f 2586/3/2 2580/3/2 2587/3/2
f 2583/3/2 2584/3/2 2588/3/2
f 2588/3/2 2584/3/2 2589/3/2
f 2585/3/2 2586/3/2 2592/3/2
f 2592/3/2 2586/3/2 2593/3/2
f 2589/3/2 2590/3/2 2594/3/2
f 2594/3/2 2590/3/2 2595/3/2
f 2591/3/2 2592/3/2 2597/3/2
f 2597/3/2 2592/3/2 2598/3/2
f 2595/3/2 2596/3/2 2599/3/2
f 2599/3/2 2596/3/2 2600/3/2
f 2601/3/2 2602/3/2 2604/3/2
f 2604/3/2 2602/3/2 2605/3/2
f 2605/3/2 2602/3/2 2606/3/2
f 2606/3/2 2602/3/2 2607/3/2
f 2603/3/2 2604/3/2 2610/3/2
f 2604/3/2 2605/3/2 2610/3/2
f 2610/3/2 2605/3/2 2611/3/2
f 2611/3/2 2605/3/2 2612/3/2
f 2606/3/2 2607/3/2 2613/3/2
f 2607/3/2 2608/3/2 2613/3/2
f 2613/3/2 2608/3/2 2614/3/2
f 2614/3/2 2608/3/2 2615/3/2
f 2610/3/2 2611/3/2 2617/3/2
f 2609/3/2 2610/3/2 2617/3/2
f 2617/3/2 2611/3/2 2618/3/2
f 2615/3/2 2616/3/2 2619/3/2
f 2614/3/2 2615/3/2 2619/3/2
f 2619/3/2 2616/3/2 2620/3/2
f 2609/3/2 2617/3/2 2622/3/2
f 2622/3/2 2617/3/2 2623/3/2
f 2620/3/2 2616/3/2 2624/3/2
f 2624/3/2 2616/3/2 2625/3/2
f 2627/3/2 2628/3/2 2629/3/2
f 2629/3/2 2628/3/2 2630/3/2
f 2621/3/2 2622/3/2 2631/3/2
f 2631/3/2 2622/3/2 2632/3/2
f 2625/3/2 2626/3/2 2633/3/2
f 2633/3/2 2626/3/2 2634/3/2
f 2635/3/2 2636/3/2 2638/3/2
f 2638/3/2 2636/3/2 2639/3/2
f 2637/3/2 2638/3/2 2642/3/2
f 2639/3/2 2640/3/2 2642/3/2
f 2638/3/2 2639/3/2 2642/3/2
f 2642/3/2 2640/3/2 2643/3/2
f 2643/3/2 2640/3/2 2644/3/2
f 2644/3/2 2640/3/2 2645/3/2
f 2641/3/2 2642/3/2 2648/3/2
f 2642/3/2 2643/3/2 2648/3/2
f 2648/3/2 2643/3/2 2649/3/2
f 2649/3/2 2643/3/2 2650/3/2
f 2644/3/2 2645/3/2 2651/3/2
f 2645/3/2 2646/3/2 2651/3/2
f 2651/3/2 2646/3/2 2652/3/2
f 2652/3/2 2646/3/2 2653/3/2
f 2648/3/2 2649/3/2 2655/3/2
f 2647/3/2 2648/3/2 2655/3/2
f 2655/3/2 2649/3/2 2656/3/2
f 2653/3/2 2654/3/2 2657/3/2
f 2652/3/2 2653/3/2 2657/3/2
f 2657/3/2 2654/3/2 2658/3/2
f 2659/3/2 2660/3/2 2663/3/2
f 2663/3/2 2660/3/2 2664/3/2
f 2661/3/2 2662/3/2 2665/3/2
f 2665/3/2 2662/3/2 2666/3/2
f 2647/3/2 2655/3/2 2667/3/2
f 2667/3/2 2655/3/2 2668/3/2
f 2658/3/2 2654/3/2 2669/3/2
f 2669/3/2 2654/3/2 2670/3/2
f 2671/3/2 2672/3/2 2674/3/2
f 2674/3/2 2672/3/2 2675/3/2
f 2673/3/2 2674/3/2 2678/3/2
f 2675/3/2 2676/3/2 2678/3/2
f 2674/3/2 2675/3/2 2678/3/2
f 2678/3/2 2676/3/2 2679/3/2
f 2677/3/2 2678/3/2 2681/3/2
f 2679/3/2 2680/3/2 2681/3/2
f 2678/3/2 2679/3/2 2681/3/2
f 2681/3/2 2680/3/2 2682/3/2
f 2677/3/2 2681/3/2 2683/3/2
f 2683/3/2 2681/3/2 2684/3/2
f 2682/3/2 2680/3/2 2685/3/2
f 2685/3/2 2680/3/2 2686/3/2
f 2677/3/2 2683/3/2 2687/3/2
f 2686/3/2 2680/3/2 2690/3/2
f 2687/3/2 2688/3/2 2695/3/2
f 2689/3/2 2690/3/2 2698/3/2
f 2691/3/2 2692/3/2 2699/3/2
f 2699/3/2 2692/3/2 2700/3/2
f 2693/3/2 2694/3/2 2701/3/2
f 2701/3/2 2694/3/2 2702/3/2
f 2677/3/2 2687/3/2 2703/3/2
f 2695/3/2 2696/3/2 2703/3/2
f 2687/3/2 2695/3/2 2703/3/2
f 2703/3/2 2696/3/2 2704/3/2
f 2697/3/2 2698/3/2 2705/3/2
f 2690/3/2 2680/3/2 2706/3/2
f 2705/3/2 2698/3/2 2706/3/2
f 2698/3/2 2690/3/2 2706/3/2
f 2707/3/2 2708/3/2 2710/3/2
f 2710/3/2 2708/3/2 2711/3/2
f 2709/3/2 2710/3/2 2713/3/2
f 2711/3/2 2712/3/2 2713/3/2
f 2710/3/2 2711/3/2 2713/3/2
f 2713/3/2 2712/3/2 2714/3/2
f 2714/3/2 2712/3/2 2715/3/2
f 2715/3/2 2712/3/2 2716/3/2
f 2714/3/2 2715/3/2 2721/3/2
f 2721/3/2 2715/3/2 2722/3/2
f 2722/3/2 2715/3/2 2723/3/2
f 2723/3/2 2715/3/2 2724/3/2
f 2717/3/2 2718/3/2 2725/3/2
f 2725/3/2 2718/3/2 2726/3/2
f 2719/3/2 2720/3/2 2727/3/2
f 2727/3/2 2720/3/2 2728/3/2
f 2722/3/2 2723/3/2 2729/3/2
f 2729/3/2 2723/3/2 2730/3/2
f 2731/3/2 2732/3/2 2735/3/2
f 2735/3/2 2732/3/2 2736/3/2
f 2733/3/2 2734/3/2 2737/3/2
f 2737/3/2 2734/3/2 2738/3/2
f 2739/3/2 2740/3/2 2743/3/2
f 2743/3/2 2740/3/2 2744/3/2
f 2741/3/2 2742/3/2 2745/3/2
f 2745/3/2 2742/3/2 2746/3/2
f 2747/1/2 2748/1/2 2751/1/2
f 2751/1/2 2748/1/2 2752/1/2
f 2749/1/2 2750/1/2 2753/1/2
f 2753/1/2 2750/1/2 2754/1/2
f 2755/3/2 2756/3/2 2759/3/2
f 2759/3/2 2756/3/2 2760/3/2
f 2757/3/2 2758/3/2 2761/3/2
f 2761/3/2 2758/3/2 2762/3/2
f 2763/3/2 2764/3/2 2767/3/2
f 2767/3/2 2764/3/2 2768/3/2
f 2765/3/2 2766/3/2 2769/3/2
f 2769/3/2 2766/3/2 2770/3/2
f 2771/3/2 2772/3/2 2775/3/2
f 2775/3/2 2772/3/2 2776/3/2
f 2773/3/2 2774/3/2 2777/3/2
f 2777/3/2 2774/3/2 2778/3/2
f 2779/3/2 2780/3/2 2783/3/2
f 2783/3/2 2780/3/2 2784/3/2
f 2781/3/2 2782/3/2 2785/3/2
f 2785/3/2 2782/3/2 2786/3/2
f 2787/3/2 2788/3/2 2791/3/2
f 2791/3/2 2788/3/2 2792/3/2
f 2789/3/2 2790/3/2 2793/3/2
f 2793/3/2 2790/3/2 2794/3/2
f 2795/3/2 2796/3/2 2799/3/2
f 2799/3/2 2796/3/2 2800/3/2
f 2797/3/2 2798/3/2 2801/3/2
f 2801/3/2 2798/3/2 2802/3/2
f 2803/3/2 2804/3/2 2806/3/2
f 2806/3/2 2804/3/2 2807/3/2
f 2807/3/2 2804/3/2 2808/3/2
f 2805/3/2 2806/3/2 2813/3/2
f 2806/3/2 2807/3/2 2813/3/2
f 2813/3/2 2807/3/2 2814/3/2
f 2814/3/2 2807/3/2 2815/3/2
f 2808/3/2 2809/3/2 2816/3/2
f 2816/3/2 2809/3/2 2817/3/2
f 2810/3/2 2811/3/2 2818/3/2
f 2818/3/2 2811/3/2 2819/3/2
f 2812/3/2 2813/3/2 2820/3/2
f 2813/3/2 2814/3/2 2820/3/2
f 2820/3/2 2814/3/2 2821/3/2
f 2812/3/2 2820/3/2 2823/3/2
f 2823/3/2 2820/3/2 2824/3/2
f 2822/3/2 2823/3/2 2824/3/2
f 2824/3/2 2820/3/2 2825/3/2
f 2822/3/2 2824/3/2 2826/3/2
f 2826/3/2 2827/3/2 2830/3/2
f 2822/3/2 2826/3/2 2830/3/2
f 2830/3/2 2827/3/2 2831/3/2
f 2831/3/2 2827/3/2 2832/3/2
f 2828/3/2 2829/3/2 2834/3/2
f 2834/3/2 2829/3/2 2835/3/2
f 2832/3/2 2833/3/2 2836/3/2
f 2831/3/2 2832/3/2 2836/3/2
f 2828/3/2 2834/3/2 2837/3/2
f 2831/3/2 2836/3/2 2838/3/2
f 2836/3/2 2837/3/2 2838/3/2
f 2837/3/2 2834/3/2 2839/3/2
f 2838/3/2 2837/3/2 2839/3/2
f 2840/1/2 2841/1/2 2844/1/2
f 2844/1/2 2841/1/2 2845/1/2
f 2842/1/2 2843/1/2 2846/1/2
f 2846/1/2 2843/1/2 2847/1/2
f 2848/3/2 2849/3/2 2852/3/2
f 2852/3/2 2849/3/2 2853/3/2
f 2850/3/2 2851/3/2 2856/3/2
f 2856/3/2 2851/3/2 2857/3/2
f 2854/3/2 2855/3/2 2860/3/2
f 2860/3/2 2855/3/2 2861/3/2
f 2858/3/2 2859/3/2 2864/3/2
f 2864/3/2 2859/3/2 2865/3/2
f 2862/3/2 2863/3/2 2866/3/2
f 2866/3/2 2863/3/2 2867/3/2
f 2868/3/2 2869/3/2 2872/3/2
f 2872/3/2 2869/3/2 2873/3/2
f 2870/3/2 2871/3/2 2874/3/2
f 2874/3/2 2871/3/2 2875/3/2
f 2876/3/2 2877/3/2 2880/3/2
f 2880/3/2 2877/3/2 2881/3/2
f 2878/3/2 2879/3/2 2882/3/2
f 2882/3/2 2879/3/2 2883/3/2
f 2884/3/2 2885/3/2 2888/3/2
f 2888/3/2 2885/3/2 2889/3/2
f 2886/3/2 2887/3/2 2892/3/2
f 2892/3/2 2887/3/2 2893/3/2
f 2890/3/2 2891/3/2 2894/3/2
f 2894/3/2 2891/3/2 2895/3/2
f 2896/3/2 2897/3/2 2902/3/2
f 2902/3/2 2897/3/2 2903/3/2
f 2898/3/2 2899/3/2 2904/3/2
f 2904/3/2 2899/3/2 2905/3/2
f 2900/3/2 2901/3/2 2909/3/2
f 2909/3/2 2901/3/2 2910/3/2
f 2906/3/2 2907/3/2 2911/3/2
f 2911/3/2 2907/3/2 2912/3/2
f 2908/3/2 2909/3/2 2914/3/2
f 2914/3/2 2909/3/2 2915/3/2
f 2912/3/2 2913/3/2 2916/3/2
f 2916/3/2 2913/3/2 2917/3/2
f 2918/3/2 2919/3/2 2922/3/2
f 2922/3/2 2919/3/2 2923/3/2
f 2920/3/2 2921/3/2 2924/3/2
f 2924/3/2 2921/3/2 2925/3/2
f 2926/3/2 2927/3/2 2930/3/2
f 2930/3/2 2927/3/2 2931/3/2
f 2928/3/2 2929/3/2 2932/3/2
f 2932/3/2 2929/3/2 2933/3/2
f 2934/3/2 2935/3/2 2938/3/2
f 2938/3/2 2935/3/2 2939/3/2
f 2936/3/2 2937/3/2 2943/3/2
f 2943/3/2 2937/3/2 2944/3/2
f 2940/3/2 2941/3/2 2945/3/2
f 2945/3/2 2941/3/2 2946/3/2
f 2942/3/2 2943/3/2 2949/3/2
f 2949/3/2 2943/3/2 2950/3/2
f 2946/3/2 2947/3/2 2951/3/2
f 2951/3/2 2947/3/2 2952/3/2
f 2948/3/2 2949/3/2 2955/3/2
f 2955/3/2 2949/3/2 2956/3/2
f 2952/3/2 2953/3/2 2957/3/2
f 2957/3/2 2953/3/2 2958/3/2
f 2954/3/2 2955/3/2 2960/3/2
f 2960/3/2 2955/3/2 2961/3/2
f 2958/3/2 2959/3/2 2962/3/2
f 2962/3/2 2959/3/2 2963/3/2
f 2964/3/2 2965/3/2 2968/3/2
f 2968/3/2 2965/3/2 2969/3/2
f 2966/3/2 2967/3/2 2970/3/2
f 2970/3/2 2967/3/2 2971/3/2
f 2972/1/2 2973/1/2 2976/1/2
f 2976/1/2 2973/1/2 2977/1/2
f 2974/1/2 2975/1/2 2982/1/2
f 2982/1/2 2975/1/2 2983/1/2
f 2978/3/2 2979/3/2 2984/3/2
f 2984/3/2 2979/3/2 2985/3/2
f 2980/3/2 2981/3/2 2986/3/2
f 2986/3/2 2981/3/2 2987/3/2
f 2988/3/2 2989/3/2 2992/3/2
f 2992/3/2 2989/3/2 2993/3/2
f 2990/3/2 2991/3/2 2994/3/2
f 2994/3/2 2991/3/2 2995/3/2
f 2996/3/2 2997/3/2 3000/3/2
f 3000/3/2 2997/3/2 3001/3/2
f 2998/3/2 2999/3/2 3002/3/2
f 3002/3/2 2999/3/2 3003/3/2
f 3004/3/2 3005/3/2 3010/3/2
f 3010/3/2 3005/3/2 3011/3/2
f 3006/3/2 3007/3/2 3012/3/2
f 3012/3/2 3007/3/2 3013/3/2
f 3008/3/2 3009/3/2 3014/3/2
f 3014/3/2 3009/3/2 3015/3/2
f 3016/3/2 3017/3/2 3018/3/2
f 3018/3/2 3017/3/2 3019/3/2
f 3020/3/2 3021/3/2 3023/3/2
f 3023/3/2 3021/3/2 3024/3/2
f 3022/3/2 3023/3/2 3027/3/2
f 3027/3/2 3023/3/2 3028/3/2
f 3024/3/2 3025/3/2 3029/3/2
f 3029/3/2 3025/3/2 3030/3/2
f 3026/3/2 3027/3/2 3033/3/2
f 3033/3/2 3027/3/2 3034/3/2
f 3030/3/2 3031/3/2 3035/3/2
f 3035/3/2 3031/3/2 3036/3/2
f 3032/3/2 3033/3/2 3039/3/2
f 3039/3/2 3033/3/2 3040/3/2
f 3036/3/2 3037/3/2 3041/3/2
f 3041/3/2 3037/3/2 3042/3/2
f 3038/3/2 3039/3/2 3048/3/2
f 3048/3/2 3039/3/2 3049/3/2
f 3042/3/2 3043/3/2 3050/3/2
f 3050/3/2 3043/3/2 3051/3/2
f 3044/3/2 3045/3/2 3052/3/2
f 3052/3/2 3045/3/2 3053/3/2
f 3046/3/2 3047/3/2 3054/3/2
f 3054/3/2 3047/3/2 3055/3/2
f 3056/1/2 3057/1/2 3060/1/2
f 3060/1/2 3057/1/2 3061/1/2
f 3058/1/2 3059/1/2 3062/1/2
f 3062/1/2 3059/1/2 3063/1/2
f 3064/3/2 3065/3/2 3067/3/2
f 3067/3/2 3065/3/2 3068/3/2
f 3068/3/2 3065/3/2 3069/3/2
f 3069/3/2 3065/3/2 3070/3/2
f 3066/3/2 3067/3/2 3073/3/2
f 3067/3/2 3068/3/2 3073/3/2
f 3073/3/2 3068/3/2 3074/3/2
f 3074/3/2 3068/3/2 3075/3/2
f 3069/3/2 3070/3/2 3076/3/2
f 3070/3/2 3071/3/2 3076/3/2
f 3076/3/2 3071/3/2 3077/3/2
f 3077/3/2 3071/3/2 3078/3/2
f 3073/3/2 3074/3/2 3080/3/2
f 3072/3/2 3073/3/2 3080/3/2
f 3080/3/2 3074/3/2 3081/3/2
f 3078/3/2 3079/3/2 3082/3/2
f 3077/3/2 3078/3/2 3082/3/2
f 3082/3/2 3079/3/2 3083/3/2
f 3072/3/2 3080/3/2 3085/3/2
f 3085/3/2 3080/3/2 3086/3/2
f 3083/3/2 3079/3/2 3087/3/2
f 3087/3/2 3079/3/2 3088/3/2
f 3084/3/2 3085/3/2 3094/3/2
f 3094/3/2 3085/3/2 3095/3/2
f 3088/3/2 3089/3/2 3096/3/2
f 3096/3/2 3089/3/2 3097/3/2
f 3090/3/2 3091/3/2 3098/3/2
f 3098/3/2 3091/3/2 3099/3/2
f 3092/3/2 3093/3/2 3100/3/2
f 3100/3/2 3093/3/2 3101/3/2
f 3102/3/2 3103/3/2 3105/3/2
f 3105/3/2 3103/3/2 3106/3/2
f 3104/3/2 3105/3/2 3109/3/2
f 3106/3/2 3107/3/2 3109/3/2
f 3105/3/2 3106/3/2 3109/3/2
f 3109/3/2 3107/3/2 3110/3/2
f 3110/3/2 3107/3/2 3111/3/2
f 3111/3/2 3107/3/2 3112/3/2
f 3108/3/2 3109/3/2 3115/3/2
f 3109/3/2 3110/3/2 3115/3/2
f 3115/3/2 3110/3/2 3116/3/2
f 3116/3/2 3110/3/2 3117/3/2
f 3111/3/2 3112/3/2 3118/3/2
f 3112/3/2 3113/3/2 3118/3/2
f 3118/3/2 3113/3/2 3119/3/2
f 3119/3/2 3113/3/2 3120/3/2
f 3115/3/2 3116/3/2 3122/3/2
f 3114/3/2 3115/3/2 3122/3/2
f 3122/3/2 3116/3/2 3123/3/2
f 3120/3/2 3121/3/2 3124/3/2
f 3119/3/2 3120/3/2 3124/3/2
f 3124/3/2 3121/3/2 3125/3/2
f 3114/3/2 3122/3/2 3130/3/2
f 3130/3/2 3122/3/2 3131/3/2
f 3125/3/2 3121/3/2 3132/3/2
f 3132/3/2 3121/3/2 3133/3/2
f 3126/3/2 3127/3/2 3134/3/2
f 3134/3/2 3127/3/2 3135/3/2
f 3128/3/2 3129/3/2 3136/3/2
f 3136/3/2 3129/3/2 3137/3/2
f 3138/1/2 3139/1/2 3142/1/2
f 3142/1/2 3139/1/2 3143/1/2
f 3140/1/2 3141/1/2 3144/1/2
f 3144/1/2 3141/1/2 3145/1/2
f 3146/3/2 3147/3/2 3149/3/2
f 3149/3/2 3147/3/2 3150/3/2
f 3148/3/2 3149/3/2 3153/3/2
f 3150/3/2 3151/3/2 3153/3/2
f 3149/3/2 3150/3/2 3153/3/2
f 3153/3/2 3151/3/2 3154/3/2
f 3152/3/2 3153/3/2 3156/3/2
f 3154/3/2 3155/3/2 3156/3/2
f 3153/3/2 3154/3/2 3156/3/2
f 3156/3/2 3155/3/2 3157/3/2
f 3152/3/2 3156/3/2 3158/3/2
f 3158/3/2 3156/3/2 3159/3/2
f 3157/3/2 3155/3/2 3160/3/2
f 3160/3/2 3155/3/2 3161/3/2
f 3152/3/2 3158/3/2 3162/3/2
f 3162/3/2 3158/3/2 3163/3/2
f 3161/3/2 3155/3/2 3164/3/2
f 3164/3/2 3155/3/2 3165/3/2
f 3166/3/2 3167/3/2 3169/3/2
f 3169/3/2 3167/3/2 3170/3/2
f 3168/3/2 3169/3/2 3176/3/2
f 3169/3/2 3170/3/2 3176/3/2
f 3170/3/2 3171/3/2 3176/3/2
f 3176/3/2 3171/3/2 3177/3/2
f 3172/3/2 3173/3/2 3178/3/2
f 3178/3/2 3173/3/2 3179/3/2
f 3174/3/2 3175/3/2 3180/3/2
f 3180/3/2 3175/3/2 3181/3/2
f 3182/1/2 3183/1/2 3186/1/2
f 3186/1/2 3183/1/2 3187/1/2
f 3184/1/2 3185/1/2 3188/1/2
f 3188/1/2 3185/1/2 3189/1/2
f 3190/3/2 3191/3/2 3194/3/2
f 3194/3/2 3191/3/2 3195/3/2
f 3192/3/2 3193/3/2 3196/3/2
f 3196/3/2 3193/3/2 3197/3/2
f 3198/1/2 3199/1/2 3202/1/2
f 3202/1/2 3199/1/2 3203/1/2
f 3200/1/2 3201/1/2 3204/1/2
f 3204/1/2 3201/1/2 3205/1/2
f 3206/3/2 3207/3/2 3208/3/2
f 3208/3/2 3207/3/2 3209/3/2
f 3210/1/2 3211/1/2 3214/1/2
f 3214/1/2 3211/1/2 3215/1/2
f 3212/1/2 3213/1/2 3216/1/2
f 3216/1/2 3213/1/2 3217/1/2
f 3218/1/2 3219/1/2 3222/1/2
f 3222/1/2 3219/1/2 3223/1/2
f 3220/1/2 3221/1/2 3224/1/2
f 3224/1/2 3221/1/2 3225/1/2
f 3226/1/2 3227/1/2 3230/1/2
f 3230/1/2 3227/1/2 3231/1/2
f 3228/1/2 3229/1/2 3232/1/2
f 3232/1/2 3229/1/2 3233/1/2
f 3234/3/2 3235/3/2 3236/3/2
f 3236/3/2 3235/3/2 3237/3/2
f 3238/3/2 3239/3/2 3242/3/2
f 3242/3/2 3239/3/2 3243/3/2
f 3240/3/2 3241/3/2 3244/3/2
f 3244/3/2 3241/3/2 3245/3/2
f 3246/3/2 3247/3/2 3250/3/2
f 3250/3/2 3247/3/2 3251/3/2
f 3248/3/2 3249/3/2 3252/3/2
f 3252/3/2 3249/3/2 3253/3/2
f 3254/3/2 3255/3/2 3258/3/2
f 3258/3/2 3255/3/2 3259/3/2
f 3256/3/2 3257/3/2 3260/3/2
f 3260/3/2 3257/3/2 3261/3/2
f 3262/3/2 3263/3/2 3266/3/2
f 3266/3/2 3263/3/2 3267/3/2
f 3264/3/2 3265/3/2 3268/3/2
f 3268/3/2 3265/3/2 3269/3/2
f 3270/3/2 3271/3/2 3272/3/2
f 3272/3/2 3271/3/2 3273/3/2
f 3274/1/2 3275/1/2 3278/1/2
f 3278/1/2 3275/1/2 3279/1/2
f 3276/1/2 3277/1/2 3280/1/2
f 3280/1/2 3277/1/2 3281/1/2
f 3282/3/2 3283/3/2 3286/3/2
f 3286/3/2 3283/3/2 3287/3/2
f 3284/3/2 3285/3/2 3290/3/2
f 3290/3/2 3285/3/2 3291/3/2
f 3288/3/2 3289/3/2 3294/3/2
f 3294/3/2 3289/3/2 3295/3/2
f 3292/3/2 3293/3/2 3300/3/2
f 3300/3/2 3293/3/2 3301/3/2
f 3296/3/2 3297/3/2 3302/3/2
f 3302/3/2 3297/3/2 3303/3/2
f 3298/3/2 3299/3/2 3307/3/2
f 3307/3/2 3299/3/2 3308/3/2
f 3304/3/2 3305/3/2 3309/3/2
f 3309/3/2 3305/3/2 3310/3/2
f 3306/3/2 3307/3/2 3312/3/2
f 3312/3/2 3307/3/2 3313/3/2
f 3310/3/2 3311/3/2 3314/3/2
f 3314/3/2 3311/3/2 3315/3/2
f 3316/3/2 3317/3/2 3320/3/2
f 3320/3/2 3317/3/2 3321/3/2
f 3318/3/2 3319/3/2 3322/3/2
f 3322/3/2 3319/3/2 3323/3/2
f 3324/3/2 3325/3/2 3328/3/2
f 3328/3/2 3325/3/2 3329/3/2
f 3326/3/2 3327/3/2 3330/3/2
f 3330/3/2 3327/3/2 3331/3/2
f 3332/1/2 3333/1/2 3336/1/2
f 3336/1/2 3333/1/2 3337/1/2
f 3334/1/2 3335/1/2 3338/1/2
f 3338/1/2 3335/1/2 3339/1/2
f 3340/1/2 3341/1/2 3344/1/2
f 3344/1/2 3341/1/2 3345/1/2
f 3342/1/2 3343/1/2 3350/1/2
f 3350/1/2 3343/1/2 3351/1/2
f 3346/3/2 3347/3/2 3352/3/2
f 3352/3/2 3347/3/2 3353/3/2
f 3348/3/2 3349/3/2 3358/3/2
f 3358/3/2 3349/3/2 3359/3/2
f 3354/3/2 3355/3/2 3360/3/2
f 3360/3/2 3355/3/2 3361/3/2
f 3356/3/2 3357/3/2 3362/3/2
f 3362/3/2 3357/3/2 3363/3/2
f 3364/3/2 3365/3/2 3370/3/2
f 3370/3/2 3365/3/2 3371/3/2
f 3366/3/2 3367/3/2 3372/3/2
f 3372/3/2 3367/3/2 3373/3/2
f 3368/3/2 3369/3/2 3376/3/2
f 3376/3/2 3369/3/2 3377/3/2
f 3374/3/2 3375/3/2 3378/3/2
f 3378/3/2 3375/3/2 3379/3/2
f 3380/3/2 3381/3/2 3384/3/2
f 3384/3/2 3381/3/2 3385/3/2
f 3382/3/2 3383/3/2 3386/3/2
f 3386/3/2 3383/3/2 3387/3/2
f 3388/3/2 3389/3/2 3392/3/2
f 3392/3/2 3389/3/2 3393/3/2
f 3390/3/2 3391/3/2 3394/3/2
f 3394/3/2 3391/3/2 3395/3/2
f 3396/1/2 3397/1/2 3400/1/2
f 3400/1/2 3397/1/2 3401/1/2
f 3398/1/2 3399/1/2 3406/1/2
f 3406/1/2 3399/1/2 3407/1/2
f 3402/3/2 3403/3/2 3408/3/2
f 3408/3/2 3403/3/2 3409/3/2
f 3404/3/2 3405/3/2 3412/3/2
f 3412/3/2 3405/3/2 3413/3/2
f 3410/3/2 3411/3/2 3414/3/2
f 3414/3/2 3411/3/2 3415/3/2
f 3416/3/2 3417/3/2 3420/3/2
f 3420/3/2 3417/3/2 3421/3/2
f 3418/3/2 3419/3/2 3425/3/2
f 3425/3/2 3419/3/2 3426/3/2
f 3422/3/2 3423/3/2 3427/3/2
f 3427/3/2 3423/3/2 3428/3/2
f 3424/3/2 3425/3/2 3431/3/2
f 3431/3/2 3425/3/2 3432/3/2
f 3428/3/2 3429/3/2 3433/3/2
f 3433/3/2 3429/3/2 3434/3/2
f 3430/3/2 3431/3/2 3436/3/2
f 3436/3/2 3431/3/2 3437/3/2
f 3434/3/2 3435/3/2 3438/3/2
f 3438/3/2 3435/3/2 3439/3/2
f 3440/3/2 3441/3/2 3444/3/2
f 3444/3/2 3441/3/2 3445/3/2
f 3442/3/2 3443/3/2 3446/3/2
f 3446/3/2 3443/3/2 3447/3/2
f 3448/3/2 3449/3/2 3452/3/2
f 3452/3/2 3449/3/2 3453/3/2
f 3450/3/2 3451/3/2 3454/3/2
f 3454/3/2 3451/3/2 3455/3/2
f 3456/1/2 3457/1/2 3460/1/2
f 3460/1/2 3457/1/2 3461/1/2
f 3458/1/2 3459/1/2 3466/1/2
f 3466/1/2 3459/1/2 3467/1/2
f 3462/3/2 3463/3/2 3468/3/2
f 3468/3/2 3463/3/2 3469/3/2
f 3464/3/2 3465/3/2 3470/3/2
f 3470/3/2 3465/3/2 3471/3/2
f 3472/3/2 3473/3/2 3477/3/2
f 3477/3/2 3473/3/2 3478/3/2
f 3474/3/2 3475/3/2 3479/3/2
f 3479/3/2 3475/3/2 3480/3/2
f 3476/3/2 3477/3/2 3483/3/2
f 3483/3/2 3477/3/2 3484/3/2
f 3480/3/2 3481/3/2 3485/3/2
f 3485/3/2 3481/3/2 3486/3/2
f 3482/3/2 3483/3/2 3489/3/2
f 3489/3/2 3483/3/2 3490/3/2
f 3486/3/2 3487/3/2 3491/3/2
f 3491/3/2 3487/3/2 3492/3/2
f 3488/3/2 3489/3/2 3495/3/2
f 3495/3/2 3489/3/2 3496/3/2
f 3492/3/2 3493/3/2 3497/3/2
f 3497/3/2 3493/3/2 3498/3/2
f 3494/3/2 3495/3/2 3500/3/2
f 3500/3/2 3495/3/2 3501/3/2
f 3498/3/2 3499/3/2 3502/3/2
f 3502/3/2 3499/3/2 3503/3/2
f 3504/1/2 3505/1/2 3508/1/2
f 3508/1/2 3505/1/2 3509/1/2
f 3506/1/2 3507/1/2 3512/1/2
f 3512/1/2 3507/1/2 3513/1/2
f 3510/3/2 3511/3/2 3514/3/2
f 3514/3/2 3511/3/2 3515/3/2
f 3516/3/2 3517/3/2 3519/3/2
f 3519/3/2 3517/3/2 3520/3/2
f 3519/3/2 3520/3/2 3523/3/2
f 3520/3/2 3521/3/2 3523/3/2
f 3518/3/2 3519/3/2 3523/3/2
f 3523/3/2 3521/3/2 3524/3/2
f 3524/3/2 3521/3/2 3525/3/2
f 3525/3/2 3521/3/2 3526/3/2
f 3522/3/2 3523/3/2 3529/3/2
f 3523/3/2 3524/3/2 3529/3/2
f 3529/3/2 3524/3/2 3530/3/2
f 3525/3/2 3526/3/2 3531/3/2
f 3526/3/2 3527/3/2 3531/3/2
f 3531/3/2 3527/3/2 3532/3/2
f 3528/3/2 3529/3/2 3534/3/2
f 3534/3/2 3529/3/2 3535/3/2
f 3532/3/2 3533/3/2 3536/3/2
f 3536/3/2 3533/3/2 3537/3/2
f 3528/3/2 3534/3/2 3539/3/2
f 3539/3/2 3534/3/2 3540/3/2
f 3537/3/2 3533/3/2 3541/3/2
f 3541/3/2 3533/3/2 3542/3/2
f 3538/3/2 3539/3/2 3544/3/2
f 3544/3/2 3539/3/2 3545/3/2
f 3542/3/2 3543/3/2 3546/3/2
f 3546/3/2 3543/3/2 3547/3/2
f 3548/1/2 3549/1/2 3552/1/2
f 3552/1/2 3549/1/2 3553/1/2
f 3550/1/2 3551/1/2 3554/1/2
f 3554/1/2 3551/1/2 3555/1/2
f 3556/3/2 3557/3/2 3559/3/2
f 3559/3/2 3557/3/2 3560/3/2
f 3560/3/2 3557/3/2 3561/3/2
f 3561/3/2 3557/3/2 3562/3/2
f 3558/3/2 3559/3/2 3565/3/2
f 3559/3/2 3560/3/2 3565/3/2
f 3565/3/2 3560/3/2 3566/3/2
f 3566/3/2 3560/3/2 3567/3/2
f 3561/3/2 3562/3/2 3568/3/2
f 3562/3/2 3563/3/2 3568/3/2
f 3568/3/2 3563/3/2 3569/3/2
f 3569/3/2 3563/3/2 3570/3/2
f 3565/3/2 3566/3/2 3573/3/2
f 3564/3/2 3565/3/2 3573/3/2
f 3570/3/2 3571/3/2 3574/3/2
f 3569/3/2 3570/3/2 3574/3/2
f 3572/3/2 3573/3/2 3576/3/2
f 3573/3/2 3566/3/2 3576/3/2
f 3576/3/2 3566/3/2 3577/3/2
f 3574/3/2 3575/3/2 3578/3/2
f 3569/3/2 3574/3/2 3578/3/2
f 3578/3/2 3575/3/2 3579/3/2
f 3572/3/2 3576/3/2 3580/3/2
f 3580/3/2 3576/3/2 3581/3/2
f 3579/3/2 3575/3/2 3582/3/2
f 3582/3/2 3575/3/2 3583/3/2
f 3572/3/2 3580/3/2 3584/3/2
f 3584/3/2 3580/3/2 3585/3/2
f 3583/3/2 3575/3/2 3586/3/2
f 3586/3/2 3575/3/2 3587/3/2
f 3588/1/2 3589/1/2 3592/1/2
f 3592/1/2 3589/1/2 3593/1/2
f 3590/1/2 3591/1/2 3594/1/2
f 3594/1/2 3591/1/2 3595/1/2
f 3596/3/2 3597/3/2 3599/3/2
f 3599/3/2 3597/3/2 3600/3/2
f 3598/3/2 3599/3/2 3602/3/2
f 3600/3/2 3601/3/2 3602/3/2
f 3599/3/2 3600/3/2 3602/3/2
f 3602/3/2 3601/3/2 3603/3/2
f 3598/3/2 3602/3/2 3605/3/2
f 3605/3/2 3602/3/2 3606/3/2
f 3606/3/2 3602/3/2 3607/3/2
f 3603/3/2 3601/3/2 3608/3/2
f 3608/3/2 3601/3/2 3609/3/2
f 3609/3/2 3601/3/2 3610/3/2
f 3604/3/2 3605/3/2 3612/3/2
f 3605/3/2 3606/3/2 3612/3/2
f 3612/3/2 3606/3/2 3613/3/2
f 3610/3/2 3611/3/2 3614/3/2
f 3609/3/2 3610/3/2 3614/3/2
f 3614/3/2 3611/3/2 3615/3/2
f 3604/3/2 3612/3/2 3617/3/2
f 3615/3/2 3611/3/2 3618/3/2
f 3616/3/2 3617/3/2 3620/3/2
f 3617/3/2 3612/3/2 3621/3/2
f 3620/3/2 3617/3/2 3621/3/2
f 3618/3/2 3619/3/2 3622/3/2
f 3615/3/2 3618/3/2 3622/3/2
f 3622/3/2 3619/3/2 3623/3/2
f 3624/1/2 3625/1/2 3628/1/2
f 3628/1/2 3625/1/2 3629/1/2
f 3626/1/2 3627/1/2 3630/1/2
f 3630/1/2 3627/1/2 3631/1/2
f 3632/3/2 3633/3/2 3636/3/2
f 3633/3/2 3634/3/2 3636/3/2
f 3636/3/2 3634/3/2 3637/3/2
f 3635/3/2 3636/3/2 3639/3/2
f 3637/3/2 3638/3/2 3639/3/2
f 3636/3/2 3637/3/2 3639/3/2
f 3639/3/2 3638/3/2 3640/3/2
f 3635/3/2 3639/3/2 3641/3/2
f 3641/3/2 3639/3/2 3642/3/2
f 3640/3/2 3638/3/2 3643/3/2
f 3643/3/2 3638/3/2 3644/3/2
f 3645/1/2 3646/1/2 3649/1/2
f 3649/1/2 3646/1/2 3650/1/2
f 3647/1/2 3648/1/2 3651/1/2
f 3651/1/2 3648/1/2 3652/1/2
f 3653/1/2 3654/1/2 3657/1/2
f 3657/1/2 3654/1/2 3658/1/2
f 3655/1/2 3656/1/2 3659/1/2
f 3659/1/2 3656/1/2 3660/1/2
f 3661/1/2 3662/1/2 3663/1/2
f 3663/1/2 3662/1/2 3664/1/2
f 3665/3/2 3666/3/2 3667/3/2
f 3667/3/2 3666/3/2 3668/3/2
f 3669/3/2 3670/3/2 3671/3/2
f 3671/3/2 3670/3/2 3672/3/2
f 3673/3/2 3674/3/2 3675/3/2
f 3675/3/2 3674/3/2 3676/3/2
f 3677/3/2 3678/3/2 3679/3/2
f 3679/3/2 3678/3/2 3680/3/2
f 3681/3/2 3682/3/2 3683/3/2
f 3683/3/2 3682/3/2 3684/3/2
f 3685/3/2 3686/3/2 3687/3/2
f 3687/3/2 3686/3/2 3688/3/2
f 3691/3/3 3690/3/3 3689/3/3
f 3692/3/3 3690/3/3 3691/3/3
f 3697/3/3 3696/3/3 3695/3/3
f 3698/3/3 3696/3/3 3697/3/3
f 3699/3/3 3694/3/3 3693/3/3
f 3700/3/3 3694/3/3 3699/3/3
f 3703/3/3 3702/3/3 3701/3/3
f 3704/3/3 3702/3/3 3703/3/3
f 3707/3/3 3706/3/3 3705/3/3
f 3708/3/3 3706/3/3 3707/3/3
f 3711/3/3 3710/3/3 3709/3/3
f 3712/3/3 3710/3/3 3711/3/3
f 3716/3/3 3714/3/3 3713/3/3
f 3717/3/3 3714/3/3 3716/3/3
f 3718/3/3 3714/3/3 3717/3/3
f 3719/3/3 3716/3/3 3715/3/3
f 3719/3/3 3717/3/3 3716/3/3
f 3720/3/3 3717/3/3 3719/3/3
f 3721/3/3 3717/3/3 3720/3/3
f 3722/3/3 3717/3/3 3721/3/3
f 3724/3/3 3723/3/3 3722/3/3
f 3724/3/3 3722/3/3 3721/3/3
f 3725/3/3 3723/3/3 3724/3/3
f 3731/3/3 3729/3/3 3728/3/3
f 3733/3/3 3731/3/3 3730/3/3
f 3734/3/3 3731/3/3 3733/3/3
f 3734/3/3 3733/3/3 3732/3/3
f 3735/3/3 3729/3/3 3731/3/3
f 3735/3/3 3731/3/3 3734/3/3
f 3737/3/3 3734/3/3 3732/3/3
f 3738/3/3 3734/3/3 3737/3/3
f 3739/3/3 3734/3/3 3738/3/3
f 3740/1/3 3727/1/3 3726/1/3
f 3741/1/3 3727/1/3 3740/1/3
f 3742/3/3 3737/3/3 3736/3/3
f 3742/3/3 3738/3/3 3737/3/3
f 3743/3/3 3738/3/3 3742/3/3
f 3744/3/3 3742/3/3 3736/3/3
f 3746/3/3 3744/3/3 3736/3/3
f 3746/3/3 3745/3/3 3744/3/3
f 3747/3/3 3745/3/3 3746/3/3
f 3748/3/3 3745/3/3 3747/3/3
f 3750/3/3 3748/3/3 3747/3/3
f 3750/3/3 3749/3/3 3748/3/3
f 3752/3/3 3750/3/3 3747/3/3
f 3752/3/3 3751/3/3 3750/3/3
f 3753/3/3 3751/3/3 3752/3/3
f 3754/3/3 3751/3/3 3753/3/3
f 3755/3/3 3751/3/3 3754/3/3
f 3756/3/3 3751/3/3 3755/3/3
f 3757/3/3 3751/3/3 3756/3/3
f 3760/1/3 3759/1/3 3758/1/3
f 3761/1/3 3759/1/3 3760/1/3
f 3765/3/3 3763/3/3 3762/3/3
f 3766/3/3 3763/3/3 3765/3/3
f 3767/3/3 3763/3/3 3766/3/3
f 3769/3/3 3765/3/3 3764/3/3
f 3769/3/3 3766/3/3 3765/3/3
f 3770/3/3 3766/3/3 3769/3/3
f 3771/3/3 3766/3/3 3770/3/3
f 3772/3/3 3769/3/3 3768/3/3
f 3772/3/3 3770/3/3 3769/3/3
f 3773/3/3 3770/3/3 3772/3/3
f 3775/3/3 3772/3/3 3768/3/3
f 3776/3/3 3772/3/3 3775/3/3
f 3776/3/3 3775/3/3 3774/3/3
f 3777/3/3 3772/3/3 3776/3/3
f 3780/3/3 3776/3/3 3774/3/3
f 3782/1/3 3779/1/3 3778/1/3
f 3783/1/3 3779/1/3 3782/1/3
f 3784/3/3 3781/3/3 3780/3/3
f 3784/3/3 3780/3/3 3774/3/3
f 3785/3/3 3781/3/3 3784/3/3
f 3786/3/3 3781/3/3 3785/3/3
f 3788/3/3 3786/3/3 3785/3/3
f 3788/3/3 3787/3/3 3786/3/3
f 3789/3/3 3787/3/3 3788/3/3
f 3790/3/3 3787/3/3 3789/3/3
f 3792/3/3 3790/3/3 3789/3/3
f 3792/3/3 3791/3/3 3790/3/3
f 3793/3/3 3791/3/3 3792/3/3
f 3794/3/3 3791/3/3 3793/3/3
f 3796/3/3 3794/3/3 3793/3/3
f 3796/3/3 3795/3/3 3794/3/3
f 3797/3/3 3795/3/3 3796/3/3
f 3800/1/3 3799/1/3 3798/1/3
f 3801/1/3 3799/1/3 3800/1/3
f 3805/3/3 3803/3/3 3802/3/3
f 3806/3/3 3803/3/3 3805/3/3
f 3807/3/3 3805/3/3 3804/3/3
f 3808/3/3 3805/3/3 3807/3/3
f 3810/3/3 3807/3/3 3804/3/3
f 3811/3/3 3807/3/3 3810/3/3
f 3813/3/3 3810/3/3 3809/3/3
f 3814/3/3 3810/3/3 3813/3/3
f 3814/3/3 3813/3/3 3812/3/3
f 3815/3/3 3810/3/3 3814/3/3
f 3819/3/3 3814/3/3 3812/3/3
f 3820/3/3 3819/3/3 3818/3/3
f 3821/3/3 3814/3/3 3819/3/3
f 3821/3/3 3819/3/3 3820/3/3
f 3822/3/3 3817/3/3 3816/3/3
f 3823/3/3 3817/3/3 3822/3/3
f 3826/3/3 3814/3/3 3821/3/3
f 3828/3/3 3826/3/3 3821/3/3
f 3828/3/3 3827/3/3 3826/3/3
f 3829/3/3 3827/3/3 3828/3/3
f 3830/3/3 3827/3/3 3829/3/3
f 3831/3/3 3827/3/3 3830/3/3
f 3833/1/3 3825/1/3 3824/1/3
f 3834/1/3 3825/1/3 3833/1/3
f 3835/3/3 3832/3/3 3831/3/3
f 3837/3/3 3835/3/3 3831/3/3
f 3837/3/3 3836/3/3 3835/3/3
f 3838/3/3 3836/3/3 3837/3/3
f 3840/3/3 3839/3/3 3838/3/3
f 3841/3/3 3839/3/3 3840/3/3
f 3844/1/3 3843/1/3 3842/1/3
f 3845/1/3 3843/1/3 3844/1/3
f 3849/3/3 3847/3/3 3846/3/3
f 3850/3/3 3847/3/3 3849/3/3
f 3852/3/3 3849/3/3 3848/3/3
f 3853/3/3 3849/3/3 3852/3/3
f 3855/3/3 3852/3/3 3851/3/3
f 3856/3/3 3852/3/3 3855/3/3
f 3860/3/3 3855/3/3 3854/3/3
f 3861/3/3 3855/3/3 3860/3/3
f 3862/3/3 3858/3/3 3857/3/3
f 3863/3/3 3858/3/3 3862/3/3
f 3864/3/3 3860/3/3 3859/3/3
f 3865/3/3 3860/3/3 3864/3/3
f 3870/3/3 3869/3/3 3868/3/3
f 3871/3/3 3869/3/3 3870/3/3
f 3872/3/3 3867/3/3 3866/3/3
f 3873/3/3 3867/3/3 3872/3/3
f 3875/3/3 3874/3/3 3873/3/3
f 3876/3/3 3874/3/3 3875/3/3
f 3880/3/3 3877/3/3 3876/3/3
f 3881/3/3 3877/3/3 3880/3/3
f 3883/1/3 3879/1/3 3878/1/3
f 3884/1/3 3879/1/3 3883/1/3
f 3885/3/3 3882/3/3 3881/3/3
f 3886/3/3 3882/3/3 3885/3/3
f 3888/3/3 3887/3/3 3886/3/3
f 3889/3/3 3887/3/3 3888/3/3
f 3892/1/3 3891/1/3 3890/1/3
f 3893/1/3 3891/1/3 3892/1/3
f 3898/3/3 3895/3/3 3894/3/3
f 3899/3/3 3895/3/3 3898/3/3
f 3902/3/3 3897/3/3 3896/3/3
f 3903/3/3 3897/3/3 3902/3/3
f 3905/3/3 3901/3/3 3900/3/3
f 3906/3/3 3901/3/3 3905/3/3
f 3910/3/3 3905/3/3 3904/3/3
f 3911/3/3 3905/3/3 3910/3/3
f 3912/3/3 3908/3/3 3907/3/3
f 3913/3/3 3908/3/3 3912/3/3
f 3914/3/3 3910/3/3 3909/3/3
f 3915/3/3 3910/3/3 3914/3/3
f 3920/3/3 3919/3/3 3918/3/3
f 3921/3/3 3919/3/3 3920/3/3
f 3922/3/3 3917/3/3 3916/3/3
f 3923/3/3 3917/3/3 3922/3/3
f 3928/3/3 3925/3/3 3924/3/3
f 3929/3/3 3925/3/3 3928/3/3
f 3930/3/3 3927/3/3 3926/3/3
f 3931/3/3 3927/3/3 3930/3/3
f 3933/3/3 3932/3/3 3931/3/3
f 3934/3/3 3932/3/3 3933/3/3
f 3938/3/3 3935/3/3 3934/3/3
f 3939/3/3 3935/3/3 3938/3/3
f 3942/3/3 3941/3/3 3940/3/3
f 3943/3/3 3941/3/3 3942/3/3
f 3946/1/3 3937/1/3 3936/1/3
f 3947/1/3 3937/1/3 3946/1/3
f 3948/3/3 3945/3/3 3944/3/3
f 3949/3/3 3945/3/3 3948/3/3
f 3952/1/3 3951/1/3 3950/1/3
f 3953/1/3 3951/1/3 3952/1/3
f 3958/3/3 3955/3/3 3954/3/3
f 3959/3/3 3955/3/3 3958/3/3
f 3960/3/3 3957/3/3 3956/3/3
f 3961/3/3 3957/3/3 3960/3/3
f 3966/3/3 3963/3/3 3962/3/3
f 3967/3/3 3963/3/3 3966/3/3
f 3968/3/3 3965/3/3 3964/3/3
f 3969/3/3 3965/3/3 3968/3/3
f 3974/3/3 3971/3/3 3970/3/3
f 3975/3/3 3971/3/3 3974/3/3
f 3976/3/3 3973/3/3 3972/3/3
f 3977/3/3 3973/3/3 3976/3/3
f 3980/3/3 3979/3/3 3978/3/3
f 3981/3/3 3979/3/3 3980/3/3
f 3984/3/3 3983/3/3 3982/3/3
f 3985/3/3 3983/3/3 3984/3/3
f 3990/3/3 3987/3/3 3986/3/3
f 3991/3/3 3987/3/3 3990/3/3
f 3992/3/3 3989/3/3 3988/3/3
f 3993/3/3 3989/3/3 3992/3/3
f 3996/3/3 3995/3/3 3994/3/3
f 3997/3/3 3995/3/3 3996/3/3
f 4002/3/3 3999/3/3 3998/3/3
f 4003/3/3 3999/3/3 4002/3/3
f 4004/1/3 4001/1/3 4000/1/3
f 4005/1/3 4001/1/3 4004/1/3
f 4008/1/3 4007/1/3 4006/1/3
f 4009/1/3 4007/1/3 4008/1/3
f 4014/3/3 4011/3/3 4010/3/3
f 4015/3/3 4011/3/3 4014/3/3
f 4016/3/3 4013/3/3 4012/3/3
f 4017/3/3 4013/3/3 4016/3/3
f 4021/3/3 4019/3/3 4018/3/3
f 4022/3/3 4019/3/3 4021/3/3
f 4023/3/3 4021/3/3 4020/3/3
f 4024/3/3 4021/3/3 4023/3/3
f 4029/3/3 4026/3/3 4025/3/3
f 4030/3/3 4026/3/3 4029/3/3
f 4031/3/3 4028/3/3 4027/3/3
f 4032/3/3 4028/3/3 4031/3/3
f 4035/3/3 4034/3/3 4033/3/3
f 4036/3/3 4034/3/3 4035/3/3
f 4039/3/3 4038/3/3 4037/3/3
f 4040/3/3 4038/3/3 4039/3/3
f 4043/3/3 4042/3/3 4041/3/3
f 4044/3/3 4042/3/3 4043/3/3
f 4047/3/3 4046/3/3 4045/3/3
f 4048/3/3 4046/3/3 4047/3/3
f 4050/3/3 4049/3/3 4048/3/3
f 4051/3/3 4049/3/3 4050/3/3
f 4054/3/3 4053/3/3 4052/3/3
f 4055/3/3 4053/3/3 4054/3/3
f 4058/3/3 4057/3/3 4056/3/3
f 4059/3/3 4057/3/3 4058/3/3
f 4062/1/3 4061/1/3 4060/1/3
f 4063/1/3 4061/1/3 4062/1/3
f 4066/1/3 4065/1/3 4064/1/3
f 4067/1/3 4065/1/3 4066/1/3
f 4072/3/3 4069/3/3 4068/3/3
f 4073/3/3 4069/3/3 4072/3/3
f 4074/3/3 4071/3/3 4070/3/3
f 4075/3/3 4071/3/3 4074/3/3
f 4078/3/3 4077/3/3 4076/3/3
f 4079/3/3 4077/3/3 4078/3/3
f 4082/3/3 4081/3/3 4080/3/3
f 4083/3/3 4081/3/3 4082/3/3
f 4086/3/3 4085/3/3 4084/3/3
f 4087/3/3 4085/3/3 4086/3/3
f 4090/3/3 4089/3/3 4088/3/3
f 4091/3/3 4089/3/3 4090/3/3
f 4094/3/3 4093/3/3 4092/3/3
f 4095/3/3 4093/3/3 4094/3/3
f 4098/3/3 4097/3/3 4096/3/3
f 4099/3/3 4097/3/3 4098/3/3
f 4102/3/3 4101/3/3 4100/3/3
f 4103/3/3 4101/3/3 4102/3/3
f 4106/1/3 4105/1/3 4104/1/3
f 4107/1/3 4105/1/3 4106/1/3
f 4110/1/3 4109/1/3 4108/1/3
f 4111/1/3 4109/1/3 4110/1/3
f 4114/3/3 4113/3/3 4112/3/3
f 4115/3/3 4113/3/3 4114/3/3
f 4118/1/3 4117/1/3 4116/1/3
f 4119/1/3 4117/1/3 4118/1/3
f 4122/1/3 4121/1/3 4120/1/3
f 4123/1/3 4121/1/3 4122/1/3
f 4126/1/3 4125/1/3 4124/1/3
f 4127/1/3 4125/1/3 4126/1/3
f 4130/1/3 4129/1/3 4128/1/3
f 4131/1/3 4129/1/3 4130/1/3
f 4134/1/3 4133/1/3 4132/1/3
f 4135/1/3 4133/1/3 4134/1/3
f 4138/1/3 4137/1/3 4136/1/3
f 4139/1/3 4137/1/3 4138/1/3
f 4142/3/3 4141/3/3 4140/3/3
f 4143/3/3 4141/3/3 4142/3/3
f 4146/1/3 4145/1/3 4144/1/3
f 4147/1/3 4145/1/3 4146/1/3
f 4150/1/3 4149/1/3 4148/1/3
f 4151/1/3 4149/1/3 4150/1/3
f 4155/3/3 4153/3/3 4152/3/3
f 4156/3/3 4155/3/3 4154/3/3
f 4157/3/3 4153/3/3 4155/3/3
f 4157/3/3 4155/3/3 4156/3/3
f 4158/3/3 4153/3/3 4157/3/3
f 4159/3/3 4153/3/3 4158/3/3
f 4162/1/3 4161/1/3 4160/1/3
f 4163/1/3 4161/1/3 4162/1/3
f 4168/1/3 4165/1/3 4164/1/3
f 4169/1/3 4165/1/3 4168/1/3
f 4171/3/3 4167/3/3 4166/3/3
f 4173/3/3 4171/3/3 4170/3/3
f 4174/3/3 4167/3/3 4171/3/3
f 4174/3/3 4171/3/3 4173/3/3
f 4175/3/3 4167/3/3 4174/3/3
f 4176/3/3 4173/3/3 4172/3/3
f 4176/3/3 4174/3/3 4173/3/3
f 4177/3/3 4174/3/3 4176/3/3
f 4178/3/3 4176/3/3 4172/3/3
f 4180/3/3 4178/3/3 4172/3/3
f 4180/3/3 4179/3/3 4178/3/3
f 4181/3/3 4179/3/3 4180/3/3
f 4182/3/3 4179/3/3 4181/3/3
f 4184/3/3 4182/3/3 4181/3/3
f 4184/3/3 4183/3/3 4182/3/3
f 4185/3/3 4183/3/3 4184/3/3
f 4186/3/3 4183/3/3 4185/3/3
f 4187/3/3 4183/3/3 4186/3/3
f 4190/3/3 4189/3/3 4188/3/3
f 4191/3/3 4189/3/3 4190/3/3
f 4194/3/3 4193/3/3 4192/3/3
f 4195/3/3 4193/3/3 4194/3/3
f 4198/1/3 4197/1/3 4196/1/3
f 4199/1/3 4197/1/3 4198/1/3
f 4204/1/3 4201/1/3 4200/1/3
f 4205/1/3 4201/1/3 4204/1/3
f 4207/3/3 4203/3/3 4202/3/3
f 4208/3/3 4203/3/3 4207/3/3
f 4209/3/3 4203/3/3 4208/3/3
f 4211/3/3 4207/3/3 4206/3/3
f 4211/3/3 4208/3/3 4207/3/3
f 4212/3/3 4208/3/3 4211/3/3
f 4213/3/3 4208/3/3 4212/3/3
f 4214/3/3 4211/3/3 4210/3/3
f 4214/3/3 4212/3/3 4211/3/3
f 4215/3/3 4212/3/3 4214/3/3
f 4217/3/3 4214/3/3 4210/3/3
f 4218/3/3 4217/3/3 4216/3/3
f 4219/3/3 4214/3/3 4217/3/3
f 4219/3/3 4217/3/3 4218/3/3
f 4220/3/3 4214/3/3 4219/3/3
f 4222/3/3 4220/3/3 4219/3/3
f 4222/3/3 4221/3/3 4220/3/3
f 4223/3/3 4221/3/3 4222/3/3
f 4224/3/3 4221/3/3 4223/3/3
f 4226/3/3 4224/3/3 4223/3/3
f 4226/3/3 4225/3/3 4224/3/3
f 4227/3/3 4225/3/3 4226/3/3
f 4228/3/3 4225/3/3 4227/3/3
f 4230/3/3 4228/3/3 4227/3/3
f 4230/3/3 4229/3/3 4228/3/3
f 4231/3/3 4229/3/3 4230/3/3
f 4234/3/3 4233/3/3 4232/3/3
f 4235/3/3 4233/3/3 4234/3/3
f 4238/3/3 4237/3/3 4236/3/3
f 4239/3/3 4237/3/3 4238/3/3
f 4242/1/3 4241/1/3 4240/1/3
f 4243/1/3 4241/1/3 4242/1/3
f 4248/1/3 4245/1/3 4244/1/3
f 4249/1/3 4245/1/3 4248/1/3
f 4251/3/3 4247/3/3 4246/3/3
f 4252/3/3 4247/3/3 4251/3/3
f 4254/3/3 4251/3/3 4250/3/3
f 4255/3/3 4251/3/3 4254/3/3
f 4256/3/3 4251/3/3 4255/3/3
f 4257/3/3 4254/3/3 4253/3/3
f 4257/3/3 4255/3/3 4254/3/3
f 4258/3/3 4255/3/3 4257/3/3
f 4260/3/3 4257/3/3 4253/3/3
f 4261/3/3 4257/3/3 4260/3/3
f 4261/3/3 4260/3/3 4259/3/3
f 4262/3/3 4257/3/3 4261/3/3
f 4263/3/3 4261/3/3 4259/3/3
f 4265/3/3 4263/3/3 4259/3/3
f 4265/3/3 4264/3/3 4263/3/3
f 4266/3/3 4264/3/3 4265/3/3
f 4267/3/3 4264/3/3 4266/3/3
f 4269/3/3 4267/3/3 4266/3/3
f 4269/3/3 4268/3/3 4267/3/3
f 4270/3/3 4268/3/3 4269/3/3
f 4271/3/3 4268/3/3 4270/3/3
f 4273/3/3 4271/3/3 4270/3/3
f 4273/3/3 4272/3/3 4271/3/3
f 4274/3/3 4272/3/3 4273/3/3
f 4276/3/3 4275/3/3 4274/3/3
f 4277/3/3 4275/3/3 4276/3/3
f 4280/3/3 4279/3/3 4278/3/3
f 4281/3/3 4279/3/3 4280/3/3
f 4284/3/3 4283/3/3 4282/3/3
f 4285/3/3 4283/3/3 4284/3/3
f 4288/1/3 4287/1/3 4286/1/3
f 4289/1/3 4287/1/3 4288/1/3
f 4293/3/3 4291/3/3 4290/3/3
f 4294/3/3 4291/3/3 4293/3/3
f 4296/3/3 4293/3/3 4292/3/3
f 4297/3/3 4293/3/3 4296/3/3
f 4299/3/3 4296/3/3 4295/3/3
f 4300/3/3 4296/3/3 4299/3/3
f 4302/3/3 4299/3/3 4298/3/3
f 4303/3/3 4299/3/3 4302/3/3
f 4306/3/3 4305/3/3 4304/3/3
f 4307/3/3 4305/3/3 4306/3/3
f 4308/3/3 4302/3/3 4301/3/3
f 4309/3/3 4302/3/3 4308/3/3
f 4311/3/3 4310/3/3 4309/3/3
f 4312/3/3 4310/3/3 4311/3/3
f 4314/3/3 4313/3/3 4312/3/3
f 4315/3/3 4313/3/3 4314/3/3
f 4317/3/3 4316/3/3 4315/3/3
f 4318/3/3 4316/3/3 4317/3/3
f 4320/3/3 4319/3/3 4318/3/3
f 4321/3/3 4319/3/3 4320/3/3
f 4324/3/3 4323/3/3 4322/3/3
f 4325/3/3 4323/3/3 4324/3/3
f 4328/3/3 4327/3/3 4326/3/3
f 4329/3/3 4327/3/3 4328/3/3
f 4336/3/3 4331/3/3 4330/3/3
f 4337/3/3 4331/3/3 4336/3/3
f 4338/1/3 4333/1/3 4332/1/3
f 4339/1/3 4333/1/3 4338/1/3
f 4340/3/3 4335/3/3 4334/3/3
f 4341/3/3 4335/3/3 4340/3/3
f 4346/3/3 4345/3/3 4344/3/3
f 4347/3/3 4345/3/3 4346/3/3
f 4348/3/3 4343/3/3 4342/3/3
f 4349/3/3 4343/3/3 4348/3/3
f 4354/3/3 4353/3/3 4352/3/3
f 4355/3/3 4353/3/3 4354/3/3
f 4356/3/3 4351/3/3 4350/3/3
f 4357/3/3 4351/3/3 4356/3/3
f 4360/3/3 4359/3/3 4358/3/3
f 4361/3/3 4359/3/3 4360/3/3
f 4364/3/3 4363/3/3 4362/3/3
f 4365/3/3 4363/3/3 4364/3/3
f 4368/3/3 4367/3/3 4366/3/3
f 4369/3/3 4367/3/3 4368/3/3
f 4372/3/3 4371/3/3 4370/3/3
f 4373/3/3 4371/3/3 4372/3/3
f 4376/1/3 4375/1/3 4374/1/3
f 4377/1/3 4375/1/3 4376/1/3
f 4382/3/3 4379/3/3 4378/3/3
f 4383/3/3 4379/3/3 4382/3/3
f 4385/3/3 4381/3/3 4380/3/3
f 4386/3/3 4381/3/3 4385/3/3
f 4388/3/3 4385/3/3 4384/3/3
f 4389/3/3 4385/3/3 4388/3/3
f 4393/3/3 4388/3/3 4387/3/3
f 4394/3/3 4388/3/3 4393/3/3
f 4395/3/3 4391/3/3 4390/3/3
f 4396/3/3 4391/3/3 4395/3/3
f 4397/3/3 4393/3/3 4392/3/3
f 4398/3/3 4393/3/3 4397/3/3
f 4401/3/3 4400/3/3 4399/3/3
f 4402/3/3 4400/3/3 4401/3/3
f 4407/3/3 4404/3/3 4403/3/3
f 4408/3/3 4404/3/3 4407/3/3
f 4410/3/3 4406/3/3 4405/3/3
f 4411/3/3 4406/3/3 4410/3/3
f 4412/3/3 4409/3/3 4408/3/3
f 4413/3/3 4409/3/3 4412/3/3
f 4415/3/3 4414/3/3 4413/3/3
f 4416/3/3 4414/3/3 4415/3/3
f 4418/3/3 4417/3/3 4416/3/3
f 4419/3/3 4417/3/3 4418/3/3
f 4422/3/3 4421/3/3 4420/3/3
f 4423/3/3 4421/3/3 4422/3/3
f 4426/3/3 4425/3/3 4424/3/3
f 4427/3/3 4425/3/3 4426/3/3
f 4432/1/3 4429/1/3 4428/1/3
f 4433/1/3 4429/1/3 4432/1/3
f 4434/3/3 4431/3/3 4430/3/3
f 4435/3/3 4431/3/3 4434/3/3
f 4441/3/3 4437/3/3 4436/3/3
f 4442/3/3 4437/3/3 4441/3/3
f 4443/3/3 4439/3/3 4438/3/3
f 4444/3/3 4439/3/3 4443/3/3
f 4445/3/3 4441/3/3 4440/3/3
f 4446/3/3 4441/3/3 4445/3/3
f 4451/3/3 4448/3/3 4447/3/3
f 4452/3/3 4448/3/3 4451/3/3
f 4455/3/3 4450/3/3 4449/3/3
f 4456/3/3 4450/3/3 4455/3/3
f 4457/3/3 4454/3/3 4453/3/3
f 4458/3/3 4454/3/3 4457/3/3
f 4463/3/3 4460/3/3 4459/3/3
f 4464/3/3 4460/3/3 4463/3/3
f 4466/3/3 4462/3/3 4461/3/3
f 4467/3/3 4462/3/3 4466/3/3
f 4468/3/3 4465/3/3 4464/3/3
f 4469/3/3 4465/3/3 4468/3/3
f 4472/3/3 4471/3/3 4470/3/3
f 4473/3/3 4471/3/3 4472/3/3
f 4476/1/3 4475/1/3 4474/1/3
f 4477/1/3 4475/1/3 4476/1/3
f 4482/1/3 4479/1/3 4478/1/3
f 4483/1/3 4479/1/3 4482/1/3
f 4484/3/3 4481/3/3 4480/3/3
f 4485/3/3 4481/3/3 4484/3/3
f 4488/3/3 4487/3/3 4486/3/3
f 4489/3/3 4487/3/3 4488/3/3
f 4494/3/3 4491/3/3 4490/3/3
f 4495/3/3 4491/3/3 4494/3/3
f 4496/3/3 4493/3/3 4492/3/3
f 4497/3/3 4493/3/3 4496/3/3
f 4500/3/3 4499/3/3 4498/3/3
f 4501/3/3 4499/3/3 4500/3/3
f 4506/3/3 4503/3/3 4502/3/3
f 4507/3/3 4503/3/3 4506/3/3
f 4508/3/3 4505/3/3 4504/3/3
f 4509/3/3 4505/3/3 4508/3/3
f 4512/3/3 4511/3/3 4510/3/3
f 4513/3/3 4511/3/3 4512/3/3
f 4516/3/3 4515/3/3 4514/3/3
f 4517/3/3 4515/3/3 4516/3/3
f 4520/1/3 4519/1/3 4518/1/3
f 4521/1/3 4519/1/3 4520/1/3
f 4525/3/3 4523/3/3 4522/3/3
f 4526/3/3 4523/3/3 4525/3/3
f 4527/3/3 4523/3/3 4526/3/3
f 4528/3/3 4523/3/3 4527/3/3
f 4531/3/3 4525/3/3 4524/3/3
f 4531/3/3 4526/3/3 4525/3/3
f 4532/3/3 4526/3/3 4531/3/3
f 4533/3/3 4526/3/3 4532/3/3
f 4534/3/3 4528/3/3 4527/3/3
f 4534/3/3 4529/3/3 4528/3/3
f 4535/3/3 4529/3/3 4534/3/3
f 4537/3/3 4532/3/3 4531/3/3
f 4537/3/3 4531/3/3 4530/3/3
f 4538/3/3 4532/3/3 4537/3/3
f 4539/3/3 4532/3/3 4538/3/3
f 4540/3/3 4529/3/3 4535/3/3
f 4541/3/3 4529/3/3 4540/3/3
f 4542/3/3 4537/3/3 4536/3/3
f 4542/3/3 4538/3/3 4537/3/3
f 4543/3/3 4538/3/3 4542/3/3
f 4545/3/3 4529/3/3 4541/3/3
f 4546/3/3 4545/3/3 4544/3/3
f 4547/3/3 4529/3/3 4545/3/3
f 4547/3/3 4545/3/3 4546/3/3
f 4548/3/3 4542/3/3 4536/3/3
f 4549/3/3 4542/3/3 4548/3/3
f 4551/3/3 4546/3/3 4544/3/3
f 4552/3/3 4546/3/3 4551/3/3
f 4555/3/3 4550/3/3 4549/3/3
f 4556/3/3 4550/3/3 4555/3/3
f 4557/3/3 4554/3/3 4553/3/3
f 4558/3/3 4554/3/3 4557/3/3
f 4561/3/3 4560/3/3 4559/3/3
f 4562/3/3 4560/3/3 4561/3/3
f 4565/3/3 4564/3/3 4563/3/3
f 4566/3/3 4564/3/3 4565/3/3
f 4569/3/3 4568/3/3 4567/3/3
f 4570/3/3 4568/3/3 4569/3/3
f 4573/3/3 4572/3/3 4571/3/3
f 4574/3/3 4572/3/3 4573/3/3
f 4577/3/3 4576/3/3 4575/3/3
f 4578/3/3 4576/3/3 4577/3/3
f 4581/3/3 4580/3/3 4579/3/3
f 4582/3/3 4580/3/3 4581/3/3
f 4585/3/3 4584/3/3 4583/3/3
f 4586/3/3 4584/3/3 4585/3/3
f 4589/3/3 4588/3/3 4587/3/3
f 4590/3/3 4588/3/3 4589/3/3
f 4593/1/3 4592/1/3 4591/1/3
f 4594/1/3 4592/1/3 4593/1/3
f 4597/3/3 4596/3/3 4595/3/3
f 4598/3/3 4596/3/3 4597/3/3
f 4601/3/3 4600/3/3 4599/3/3
f 4602/3/3 4600/3/3 4601/3/3
f 4605/3/3 4604/3/3 4603/3/3
f 4606/3/3 4604/3/3 4605/3/3
f 4609/3/3 4608/3/3 4607/3/3
f 4610/3/3 4608/3/3 4609/3/3
f 4613/1/3 4612/1/3 4611/1/3
f 4614/1/3 4612/1/3 4613/1/3
f 4617/1/3 4616/1/3 4615/1/3
f 4618/1/3 4616/1/3 4617/1/3
f 4621/1/3 4620/1/3 4619/1/3
f 4622/1/3 4620/1/3 4621/1/3
f 4625/3/3 4624/3/3 4623/3/3
f 4626/3/3 4624/3/3 4625/3/3
f 4629/3/3 4628/3/3 4627/3/3
f 4630/3/3 4628/3/3 4629/3/3
f 4633/3/3 4632/3/3 4631/3/3
f 4634/3/3 4632/3/3 4633/3/3
f 4637/3/3 4636/3/3 4635/3/3
f 4638/3/3 4636/3/3 4637/3/3
f 4641/1/3 4640/1/3 4639/1/3
f 4642/1/3 4640/1/3 4641/1/3
f 4645/3/3 4644/3/3 4643/3/3
f 4646/3/3 4644/3/3 4645/3/3
f 4649/3/3 4648/3/3 4647/3/3
f 4650/3/3 4648/3/3 4649/3/3
f 4653/1/3 4652/1/3 4651/1/3
f 4654/1/3 4652/1/3 4653/1/3
f 4657/3/3 4656/3/3 4655/3/3
f 4658/3/3 4656/3/3 4657/3/3
f 4661/3/3 4660/3/3 4659/3/3
f 4662/3/3 4660/3/3 4661/3/3
f 4666/3/3 4664/3/3 4663/3/3
f 4667/3/3 4664/3/3 4666/3/3
f 4669/3/3 4666/3/3 4665/3/3
f 4669/3/3 4668/3/3 4667/3/3
f 4669/3/3 4667/3/3 4666/3/3
f 4671/3/3 4669/3/3 4665/3/3
f 4671/3/3 4670/3/3 4669/3/3
f 4672/3/3 4670/3/3 4671/3/3
f 4673/3/3 4671/3/3 4665/3/3
f 4674/3/3 4671/3/3 4673/3/3
f 4675/3/3 4671/3/3 4674/3/3
f 4676/3/3 4671/3/3 4675/3/3
f 4677/3/3 4675/3/3 4674/3/3
f 4678/3/3 4675/3/3 4677/3/3
f 4681/3/3 4680/3/3 4679/3/3
f 4682/3/3 4680/3/3 4681/3/3
f 4685/3/3 4684/3/3 4683/3/3
f 4686/3/3 4684/3/3 4685/3/3
f 4690/3/3 4688/3/3 4687/3/3
f 4692/3/3 4690/3/3 4689/3/3
f 4693/3/3 4688/3/3 4690/3/3
f 4693/3/3 4690/3/3 4692/3/3
f 4694/3/3 4688/3/3 4693/3/3
f 4695/3/3 4692/3/3 4691/3/3
f 4695/3/3 4693/3/3 4692/3/3
f 4696/3/3 4693/3/3 4695/3/3
f 4697/3/3 4688/3/3 4694/3/3
f 4698/3/3 4688/3/3 4697/3/3
f 4699/3/3 4688/3/3 4698/3/3
f 4700/3/3 4688/3/3 4699/3/3
f 4703/3/3 4695/3/3 4691/3/3
f 4706/3/3 4702/3/3 4701/3/3
f 4707/3/3 4704/3/3 4703/3/3
f 4707/3/3 4703/3/3 4691/3/3
f 4708/3/3 4704/3/3 4707/3/3
f 4709/3/3 4704/3/3 4708/3/3
f 4710/3/3 4706/3/3 4705/3/3
f 4711/3/3 4709/3/3 4708/3/3
f 4711/3/3 4710/3/3 4709/3/3
f 4712/3/3 4710/3/3 4711/3/3
f 4713/3/3 4710/3/3 4712/3/3
f 4714/3/3 4706/3/3 4710/3/3
f 4714/3/3 4710/3/3 4713/3/3
f 4714/3/3 4702/3/3 4706/3/3
f 4717/3/3 4716/3/3 4715/3/3
f 4718/3/3 4716/3/3 4717/3/3
f 4722/3/3 4720/3/3 4719/3/3
f 4723/3/3 4720/3/3 4722/3/3
f 4724/3/3 4720/3/3 4723/3/3
f 4726/3/3 4722/3/3 4721/3/3
f 4726/3/3 4723/3/3 4722/3/3
f 4727/3/3 4723/3/3 4726/3/3
f 4728/3/3 4723/3/3 4727/3/3
f 4729/3/3 4726/3/3 4725/3/3
f 4729/3/3 4727/3/3 4726/3/3
f 4730/3/3 4727/3/3 4729/3/3
f 4732/3/3 4729/3/3 4725/3/3
f 4733/3/3 4732/3/3 4731/3/3
f 4734/3/3 4729/3/3 4732/3/3
f 4734/3/3 4732/3/3 4733/3/3
f 4735/3/3 4729/3/3 4734/3/3
f 4737/3/3 4735/3/3 4734/3/3
f 4737/3/3 4736/3/3 4735/3/3
f 4738/3/3 4736/3/3 4737/3/3
f 4739/3/3 4736/3/3 4738/3/3
f 4741/3/3 4739/3/3 4738/3/3
f 4741/3/3 4740/3/3 4739/3/3
f 4742/3/3 4740/3/3 4741/3/3
f 4743/3/3 4740/3/3 4742/3/3
f 4745/3/3 4743/3/3 4742/3/3
f 4745/3/3 4744/3/3 4743/3/3
f 4746/3/3 4744/3/3 4745/3/3
f 4750/3/3 4748/3/3 4747/3/3
f 4751/3/3 4748/3/3 4750/3/3
f 4753/3/3 4750/3/3 4749/3/3
f 4754/3/3 4750/3/3 4753/3/3
f 4755/3/3 4750/3/3 4754/3/3
f 4756/3/3 4753/3/3 4752/3/3
f 4756/3/3 4754/3/3 4753/3/3
f 4757/3/3 4754/3/3 4756/3/3
f 4759/3/3 4756/3/3 4752/3/3
f 4760/3/3 4756/3/3 4759/3/3
f 4760/3/3 4759/3/3 4758/3/3
f 4761/3/3 4756/3/3 4760/3/3
f 4762/3/3 4760/3/3 4758/3/3
f 4764/3/3 4762/3/3 4758/3/3
f 4764/3/3 4763/3/3 4762/3/3
f 4765/3/3 4763/3/3 4764/3/3
f 4766/3/3 4763/3/3 4765/3/3
f 4768/3/3 4766/3/3 4765/3/3
f 4768/3/3 4767/3/3 4766/3/3
f 4769/3/3 4767/3/3 4768/3/3
f 4770/3/3 4767/3/3 4769/3/3
f 4772/3/3 4770/3/3 4769/3/3
f 4772/3/3 4771/3/3 4770/3/3
f 4773/3/3 4771/3/3 4772/3/3
f 4775/3/3 4774/3/3 4773/3/3
f 4776/3/3 4774/3/3 4775/3/3
f 4780/3/3 4778/3/3 4777/3/3
f 4781/3/3 4778/3/3 4780/3/3
f 4783/3/3 4780/3/3 4779/3/3
f 4784/3/3 4780/3/3 4783/3/3
f 4786/3/3 4783/3/3 4782/3/3
f 4787/3/3 4783/3/3 4786/3/3
f 4791/3/3 4786/3/3 4785/3/3
f 4792/3/3 4786/3/3 4791/3/3
f 4793/3/3 4789/3/3 4788/3/3
f 4794/3/3 4789/3/3 4793/3/3
f 4795/3/3 4791/3/3 4790/3/3
f 4796/3/3 4791/3/3 4795/3/3
f 4798/3/3 4797/3/3 4796/3/3
f 4799/3/3 4797/3/3 4798/3/3
f 4801/3/3 4800/3/3 4799/3/3
f 4802/3/3 4800/3/3 4801/3/3
f 4804/3/3 4803/3/3 4802/3/3
f 4805/3/3 4803/3/3 4804/3/3
f 4807/3/3 4806/3/3 4805/3/3
f 4808/3/3 4806/3/3 4807/3/3
f 4813/3/3 4810/3/3 4809/3/3
f 4814/3/3 4810/3/3 4813/3/3
f 4815/3/3 4812/3/3 4811/3/3
f 4816/3/3 4812/3/3 4815/3/3
f 4821/3/3 4818/3/3 4817/3/3
f 4822/3/3 4818/3/3 4821/3/3
f 4823/3/3 4820/3/3 4819/3/3
f 4824/3/3 4820/3/3 4823/3/3
f 4829/3/3 4826/3/3 4825/3/3
f 4830/3/3 4826/3/3 4829/3/3
f 4831/3/3 4828/3/3 4827/3/3
f 4832/3/3 4828/3/3 4831/3/3
f 4835/3/3 4834/3/3 4833/3/3
f 4836/3/3 4834/3/3 4835/3/3
f 4839/3/3 4838/3/3 4837/3/3
f 4840/3/3 4838/3/3 4839/3/3
f 4845/3/3 4842/3/3 4841/3/3
f 4846/3/3 4842/3/3 4845/3/3
f 4848/3/3 4844/3/3 4843/3/3
f 4849/3/3 4844/3/3 4848/3/3
f 4853/3/3 4848/3/3 4847/3/3
f 4854/3/3 4848/3/3 4853/3/3
f 4855/3/3 4851/3/3 4850/3/3
f 4856/3/3 4851/3/3 4855/3/3
f 4858/3/3 4853/3/3 4852/3/3
f 4859/3/3 4853/3/3 4858/3/3
f 4860/3/3 4858/3/3 4857/3/3
f 4861/3/3 4858/3/3 4860/3/3
f 4864/3/3 4863/3/3 4862/3/3
f 4865/3/3 4863/3/3 4864/3/3
f 4870/3/3 4867/3/3 4866/3/3
f 4871/3/3 4867/3/3 4870/3/3
f 4872/3/3 4869/3/3 4868/3/3
f 4873/3/3 4869/3/3 4872/3/3
f 4875/3/3 4874/3/3 4873/3/3
f 4876/3/3 4874/3/3 4875/3/3
f 4878/3/3 4877/3/3 4876/3/3
f 4879/3/3 4877/3/3 4878/3/3
f 4881/3/3 4880/3/3 4879/3/3
f 4882/3/3 4880/3/3 4881/3/3
f 4885/3/3 4884/3/3 4883/3/3
f 4886/3/3 4884/3/3 4885/3/3
f 4889/3/3 4888/3/3 4887/3/3
f 4890/3/3 4888/3/3 4889/3/3
f 4895/3/3 4892/3/3 4891/3/3
f 4896/3/3 4892/3/3 4895/3/3
f 4898/3/3 4894/3/3 4893/3/3
f 4899/3/3 4894/3/3 4898/3/3
f 4900/3/3 4898/3/3 4897/3/3
f 4901/3/3 4898/3/3 4900/3/3
f 4906/3/3 4905/3/3 4904/3/3
f 4907/3/3 4905/3/3 4906/3/3
f 4908/3/3 4903/3/3 4902/3/3
f 4909/3/3 4903/3/3 4908/3/3
f 4912/3/3 4911/3/3 4910/3/3
f 4913/3/3 4911/3/3 4912/3/3
f 4918/3/3 4915/3/3 4914/3/3
f 4919/3/3 4915/3/3 4918/3/3
f 4920/3/3 4917/3/3 4916/3/3
f 4921/3/3 4917/3/3 4920/3/3
f 4923/3/3 4922/3/3 4921/3/3
f 4924/3/3 4922/3/3 4923/3/3
f 4927/3/3 4926/3/3 4925/3/3
f 4928/3/3 4926/3/3 4927/3/3
f 4931/3/3 4930/3/3 4929/3/3
f 4932/3/3 4930/3/3 4931/3/3
f 4935/3/3 4934/3/3 4933/3/3
f 4936/3/3 4934/3/3 4935/3/3
f 4941/3/3 4938/3/3 4937/3/3
f 4942/3/3 4938/3/3 4941/3/3
f 4943/3/3 4940/3/3 4939/3/3
f 4944/3/3 4940/3/3 4943/3/3
f 4947/3/3 4946/3/3 4945/3/3
f 4948/3/3 4946/3/3 4947/3/3
f 4951/3/3 4950/3/3 4949/3/3
f 4952/3/3 4950/3/3 4951/3/3
f 4955/3/3 4954/3/3 4953/3/3
f 4956/3/3 4954/3/3 4955/3/3
f 4959/3/3 4958/3/3 4957/3/3
f 4960/3/3 4958/3/3 4959/3/3
f 4963/3/3 4962/3/3 4961/3/3
f 4964/3/3 4962/3/3 4963/3/3
f 4969/3/3 4966/3/3 4965/3/3
f 4970/3/3 4966/3/3 4969/3/3
f 4973/3/3 4968/3/3 4967/3/3
f 4974/3/3 4968/3/3 4973/3/3
f 4975/3/3 4972/3/3 4971/3/3
f 4976/3/3 4972/3/3 4975/3/3
f 4979/3/3 4978/3/3 4977/3/3
f 4980/3/3 4978/3/3 4979/3/3
f 4983/3/3 4982/3/3 4981/3/3
f 4984/3/3 4982/3/3 4983/3/3
f 4987/3/3 4986/3/3 4985/3/3
f 4988/3/3 4986/3/3 4987/3/3
f 4991/3/3 4990/3/3 4989/3/3
f 4992/3/3 4990/3/3 4991/3/3
f 4995/3/3 4994/3/3 4993/3/3
f 4996/3/3 4994/3/3 4995/3/3
f 4999/3/3 4998/3/3 4997/3/3
f 5001/3/3 4999/3/3 4997/3/3
f 5001/3/3 5000/3/3 4999/3/3
f 5002/3/3 5000/3/3 5001/3/3
f 5006/3/3 5000/3/3 5002/3/3
f 5007/3/3 5004/3/3 5003/3/3
f 5008/3/3 5006/3/3 5005/3/3
f 5009/3/3 5006/3/3 5008/3/3
f 5010/3/3 5000/3/3 5006/3/3
f 5010/3/3 5006/3/3 5009/3/3
f 5011/3/3 5007/3/3 5003/3/3
f 5011/3/3 5009/3/3 5008/3/3
f 5011/3/3 5008/3/3 5007/3/3
f 5012/3/3 5009/3/3 5011/3/3
f 5015/3/3 5014/3/3 5013/3/3
f 5016/3/3 5014/3/3 5015/3/3
f 5019/3/3 5018/3/3 5017/3/3
f 5020/3/3 5018/3/3 5019/3/3
f 5023/3/3 5022/3/3 5021/3/3
f 5025/3/3 5023/3/3 5021/3/3
f 5025/3/3 5024/3/3 5023/3/3
f 5026/3/3 5024/3/3 5025/3/3
f 5027/3/3 5024/3/3 5026/3/3
f 5029/3/3 5028/3/3 5027/3/3
f 5029/3/3 5027/3/3 5026/3/3
f 5030/3/3 5028/3/3 5029/3/3
f 5031/3/3 5028/3/3 5030/3/3
f 5033/3/3 5032/3/3 5031/3/3
f 5033/3/3 5031/3/3 5030/3/3
f 5034/3/3 5032/3/3 5033/3/3
f 5037/3/3 5036/3/3 5035/3/3
f 5038/3/3 5036/3/3 5037/3/3
f 5041/3/3 5040/3/3 5039/3/3
f 5042/3/3 5040/3/3 5041/3/3
f 5045/3/3 5044/3/3 5043/3/3
f 5046/3/3 5044/3/3 5045/3/3
f 5049/3/3 5048/3/3 5047/3/3
f 5050/3/3 5048/3/3 5049/3/3
f 5053/3/3 5052/3/3 5051/3/3
f 5054/3/3 5052/3/3 5053/3/3
f 5057/3/3 5056/3/3 5055/3/3
f 5058/3/3 5056/3/3 5057/3/3
f 5062/3/3 5060/3/3 5059/3/3
f 5064/3/3 5062/3/3 5061/3/3
f 5065/3/3 5064/3/3 5063/3/3
f 5066/3/3 5062/3/3 5064/3/3
f 5066/3/3 5064/3/3 5065/3/3
f 5067/3/3 5062/3/3 5066/3/3
f 5068/3/3 5060/3/3 5062/3/3
f 5068/3/3 5062/3/3 5067/3/3
f 5069/3/3 5060/3/3 5068/3/3
f 5070/3/3 5060/3/3 5069/3/3
f 5073/3/3 5072/3/3 5071/3/3
f 5074/3/3 5072/3/3 5073/3/3
f 5078/3/3 5076/3/3 5075/3/3
f 5080/3/3 5078/3/3 5077/3/3
f 5081/3/3 5078/3/3 5080/3/3
f 5081/3/3 5080/3/3 5079/3/3
f 5082/3/3 5076/3/3 5078/3/3
f 5082/3/3 5078/3/3 5081/3/3
f 5084/3/3 5081/3/3 5079/3/3
f 5085/3/3 5081/3/3 5084/3/3
f 5086/3/3 5081/3/3 5085/3/3
f 5087/3/3 5084/3/3 5083/3/3
f 5087/3/3 5085/3/3 5084/3/3
f 5088/3/3 5085/3/3 5087/3/3
f 5089/3/3 5087/3/3 5083/3/3
f 5091/3/3 5089/3/3 5083/3/3
f 5091/3/3 5090/3/3 5089/3/3
f 5092/3/3 5090/3/3 5091/3/3
f 5093/3/3 5090/3/3 5092/3/3
f 5095/3/3 5093/3/3 5092/3/3
f 5095/3/3 5094/3/3 5093/3/3
f 5097/3/3 5095/3/3 5092/3/3
f 5097/3/3 5096/3/3 5095/3/3
f 5098/3/3 5096/3/3 5097/3/3
f 5099/3/3 5096/3/3 5098/3/3
f 5100/3/3 5096/3/3 5099/3/3
f 5101/3/3 5096/3/3 5100/3/3
f 5102/3/3 5096/3/3 5101/3/3
f 5106/3/3 5104/3/3 5103/3/3
f 5107/3/3 5104/3/3 5106/3/3
f 5108/3/3 5104/3/3 5107/3/3
f 5110/3/3 5106/3/3 5105/3/3
f 5110/3/3 5107/3/3 5106/3/3
f 5111/3/3 5107/3/3 5110/3/3
f 5112/3/3 5107/3/3 5111/3/3
f 5113/3/3 5110/3/3 5109/3/3
f 5113/3/3 5111/3/3 5110/3/3
f 5114/3/3 5111/3/3 5113/3/3
f 5116/3/3 5113/3/3 5109/3/3
f 5119/3/3 5113/3/3 5116/3/3
f 5119/3/3 5116/3/3 5115/3/3
f 5120/3/3 5113/3/3 5119/3/3
f 5121/3/3 5118/3/3 5117/3/3
f 5122/3/3 5118/3/3 5121/3/3
f 5123/3/3 5119/3/3 5115/3/3
f 5125/3/3 5124/3/3 5123/3/3
f 5125/3/3 5123/3/3 5115/3/3
f 5126/3/3 5124/3/3 5125/3/3
f 5127/3/3 5124/3/3 5126/3/3
f 5129/3/3 5127/3/3 5126/3/3
f 5129/3/3 5128/3/3 5127/3/3
f 5130/3/3 5128/3/3 5129/3/3
f 5131/3/3 5128/3/3 5130/3/3
f 5133/3/3 5131/3/3 5130/3/3
f 5133/3/3 5132/3/3 5131/3/3
f 5134/3/3 5132/3/3 5133/3/3
f 5135/3/3 5132/3/3 5134/3/3
f 5137/3/3 5135/3/3 5134/3/3
f 5137/3/3 5136/3/3 5135/3/3
f 5138/3/3 5136/3/3 5137/3/3
f 5141/3/3 5140/3/3 5139/3/3
f 5142/3/3 5140/3/3 5141/3/3
f 5145/3/3 5144/3/3 5143/3/3
f 5146/3/3 5144/3/3 5145/3/3
f 5150/3/3 5148/3/3 5147/3/3
f 5151/3/3 5148/3/3 5150/3/3
f 5152/3/3 5150/3/3 5149/3/3
f 5153/3/3 5150/3/3 5152/3/3
f 5155/3/3 5152/3/3 5149/3/3
f 5156/3/3 5152/3/3 5155/3/3
f 5160/3/3 5155/3/3 5154/3/3
f 5161/3/3 5155/3/3 5160/3/3
f 5161/3/3 5160/3/3 5159/3/3
f 5162/3/3 5155/3/3 5161/3/3
f 5163/3/3 5158/3/3 5157/3/3
f 5164/3/3 5158/3/3 5163/3/3
f 5166/3/3 5161/3/3 5159/3/3
f 5167/3/3 5166/3/3 5165/3/3
f 5168/3/3 5161/3/3 5166/3/3
f 5168/3/3 5166/3/3 5167/3/3
f 5171/3/3 5161/3/3 5168/3/3
f 5173/3/3 5170/3/3 5169/3/3
f 5174/3/3 5170/3/3 5173/3/3
f 5175/3/3 5172/3/3 5171/3/3
f 5175/3/3 5171/3/3 5168/3/3
f 5176/3/3 5172/3/3 5175/3/3
f 5177/3/3 5172/3/3 5176/3/3
f 5178/3/3 5172/3/3 5177/3/3
f 5180/3/3 5179/3/3 5178/3/3
f 5182/3/3 5180/3/3 5178/3/3
f 5182/3/3 5181/3/3 5180/3/3
f 5183/3/3 5181/3/3 5182/3/3
f 5185/3/3 5184/3/3 5183/3/3
f 5186/3/3 5184/3/3 5185/3/3
f 5189/3/3 5188/3/3 5187/3/3
f 5190/3/3 5188/3/3 5189/3/3
f 5193/3/3 5192/3/3 5191/3/3
f 5194/3/3 5192/3/3 5193/3/3
f 5198/3/3 5196/3/3 5195/3/3
f 5199/3/3 5196/3/3 5198/3/3
f 5201/3/3 5198/3/3 5197/3/3
f 5202/3/3 5198/3/3 5201/3/3
f 5206/3/3 5201/3/3 5200/3/3
f 5207/3/3 5201/3/3 5206/3/3
f 5208/3/3 5204/3/3 5203/3/3
f 5209/3/3 5204/3/3 5208/3/3
f 5211/3/3 5206/3/3 5205/3/3
f 5212/3/3 5206/3/3 5211/3/3
f 5215/3/3 5211/3/3 5210/3/3
f 5216/3/3 5211/3/3 5215/3/3
f 5219/3/3 5214/3/3 5213/3/3
f 5220/3/3 5214/3/3 5219/3/3
f 5223/3/3 5218/3/3 5217/3/3
f 5224/3/3 5218/3/3 5223/3/3
f 5226/3/3 5222/3/3 5221/3/3
f 5227/3/3 5222/3/3 5226/3/3
f 5228/3/3 5225/3/3 5224/3/3
f 5229/3/3 5225/3/3 5228/3/3
f 5231/3/3 5230/3/3 5229/3/3
f 5232/3/3 5230/3/3 5231/3/3
f 5234/3/3 5233/3/3 5232/3/3
f 5235/3/3 5233/3/3 5234/3/3
f 5237/3/3 5236/3/3 5235/3/3
f 5238/3/3 5236/3/3 5237/3/3
f 5241/3/3 5240/3/3 5239/3/3
f 5242/3/3 5240/3/3 5241/3/3
f 5245/3/3 5244/3/3 5243/3/3
f 5246/3/3 5244/3/3 5245/3/3
f 5249/3/3 5248/3/3 5247/3/3
f 5250/3/3 5248/3/3 5249/3/3
f 5253/3/3 5252/3/3 5251/3/3
f 5254/3/3 5252/3/3 5253/3/3
f 5259/3/3 5256/3/3 5255/3/3
f 5260/3/3 5256/3/3 5259/3/3
f 5263/3/3 5258/3/3 5257/3/3
f 5264/3/3 5258/3/3 5263/3/3
f 5266/3/3 5262/3/3 5261/3/3
f 5267/3/3 5262/3/3 5266/3/3
f 5270/3/3 5269/3/3 5268/3/3
f 5271/3/3 5269/3/3 5270/3/3
f 5273/3/3 5266/3/3 5265/3/3
f 5274/3/3 5266/3/3 5273/3/3
f 5275/3/3 5273/3/3 5272/3/3
f 5276/3/3 5273/3/3 5275/3/3
f 5281/3/3 5278/3/3 5277/3/3
f 5282/3/3 5278/3/3 5281/3/3
f 5285/3/3 5284/3/3 5283/3/3
f 5286/3/3 5284/3/3 5285/3/3
f 5287/3/3 5280/3/3 5279/3/3
f 5288/3/3 5280/3/3 5287/3/3
f 5293/3/3 5290/3/3 5289/3/3
f 5294/3/3 5290/3/3 5293/3/3
f 5296/3/3 5292/3/3 5291/3/3
f 5297/3/3 5292/3/3 5296/3/3
f 5298/3/3 5295/3/3 5294/3/3
f 5299/3/3 5295/3/3 5298/3/3
f 5301/3/3 5300/3/3 5299/3/3
f 5302/3/3 5300/3/3 5301/3/3
f 5305/3/3 5304/3/3 5303/3/3
f 5306/3/3 5304/3/3 5305/3/3
f 5309/3/3 5308/3/3 5307/3/3
f 5310/3/3 5308/3/3 5309/3/3
f 5313/3/3 5312/3/3 5311/3/3
f 5314/3/3 5312/3/3 5313/3/3
f 5317/3/3 5316/3/3 5315/3/3
f 5318/3/3 5316/3/3 5317/3/3
f 5323/3/3 5320/3/3 5319/3/3
f 5324/3/3 5320/3/3 5323/3/3
f 5325/3/3 5322/3/3 5321/3/3
f 5326/3/3 5322/3/3 5325/3/3
f 5329/3/3 5328/3/3 5327/3/3
f 5330/3/3 5328/3/3 5329/3/3
f 5335/3/3 5332/3/3 5331/3/3
f 5336/3/3 5332/3/3 5335/3/3
f 5337/3/3 5334/3/3 5333/3/3
f 5338/3/3 5334/3/3 5337/3/3
f 5343/3/3 5340/3/3 5339/3/3
f 5344/3/3 5340/3/3 5343/3/3
f 5345/3/3 5342/3/3 5341/3/3
f 5346/3/3 5342/3/3 5345/3/3
f 5349/3/3 5348/3/3 5347/3/3
f 5350/3/3 5348/3/3 5349/3/3
f 5353/3/3 5352/3/3 5351/3/3
f 5354/3/3 5352/3/3 5353/3/3
f 5357/3/3 5356/3/3 5355/3/3
f 5358/3/3 5356/3/3 5357/3/3
f 5361/3/3 5360/3/3 5359/3/3
f 5362/3/3 5360/3/3 5361/3/3
f 5367/3/3 5364/3/3 5363/3/3
f 5368/3/3 5364/3/3 5367/3/3
f 5369/3/3 5366/3/3 5365/3/3
f 5370/3/3 5366/3/3 5369/3/3
f 5376/3/3 5372/3/3 5371/3/3
f 5377/3/3 5372/3/3 5376/3/3
f 5378/3/3 5374/3/3 5373/3/3
f 5379/3/3 5374/3/3 5378/3/3
f 5380/3/3 5376/3/3 5375/3/3
f 5381/3/3 5376/3/3 5380/3/3
f 5384/3/3 5383/3/3 5382/3/3
f 5385/3/3 5383/3/3 5384/3/3
f 5388/3/3 5387/3/3 5386/3/3
f 5389/3/3 5387/3/3 5388/3/3
f 5392/3/3 5391/3/3 5390/3/3
f 5393/3/3 5391/3/3 5392/3/3
f 5398/3/3 5395/3/3 5394/3/3
f 5399/3/3 5395/3/3 5398/3/3
f 5400/3/3 5397/3/3 5396/3/3
f 5401/3/3 5397/3/3 5400/3/3
f 5403/3/3 5402/3/3 5401/3/3
f 5404/3/3 5402/3/3 5403/3/3
f 5407/3/3 5406/3/3 5405/3/3
f 5408/3/3 5406/3/3 5407/3/3
f 5411/3/3 5410/3/3 5409/3/3
f 5412/3/3 5410/3/3 5411/3/3
f 5415/3/3 5414/3/3 5413/3/3
f 5416/3/3 5414/3/3 5415/3/3
f 5419/3/3 5418/3/3 5417/3/3
f 5420/3/3 5418/3/3 5419/3/3
f 5423/3/3 5422/3/3 5421/3/3
f 5424/3/3 5422/3/3 5423/3/3
f 5427/3/3 5426/3/3 5425/3/3
f 5428/3/3 5426/3/3 5427/3/3
f 5431/3/3 5430/3/3 5429/3/3
f 5432/3/3 5430/3/3 5431/3/3
f 5437/3/3 5434/3/3 5433/3/3
f 5438/3/3 5434/3/3 5437/3/3
f 5439/3/3 5436/3/3 5435/3/3
f 5440/3/3 5436/3/3 5439/3/3
f 5443/3/3 5442/3/3 5441/3/3
f 5444/3/3 5442/3/3 5443/3/3
f 5447/3/3 5446/3/3 5445/3/3
f 5448/3/3 5446/3/3 5447/3/3
f 5451/3/3 5450/3/3 5449/3/3
f 5452/3/3 5450/3/3 5451/3/3
f 5455/3/3 5454/3/3 5453/3/3
f 5456/3/3 5454/3/3 5455/3/3
f 5459/3/3 5458/3/3 5457/3/3
f 5460/3/3 5458/3/3 5459/3/3
f 5463/3/3 5462/3/3 5461/3/3
f 5464/3/3 5462/3/3 5463/3/3
f 5467/3/3 5466/3/3 5465/3/3
f 5468/3/3 5466/3/3 5467/3/3
f 5471/3/3 5470/3/3 5469/3/3
f 5472/3/3 5470/3/3 5471/3/3
f 5475/3/3 5474/3/3 5473/3/3
f 5476/3/3 5474/3/3 5475/3/3
f 5479/3/3 5478/3/3 5477/3/3
f 5480/3/3 5478/3/3 5479/3/3
f 5483/3/3 5482/3/3 5481/3/3
f 5484/3/3 5482/3/3 5483/3/3
f 5487/3/3 5486/3/3 5485/3/3
f 5488/3/3 5486/3/3 5487/3/3
f 5491/3/3 5490/3/3 5489/3/3
f 5492/3/3 5490/3/3 5491/3/3
f 5495/3/3 5494/3/3 5493/3/3
f 5496/3/3 5494/3/3 5495/3/3
f 5499/3/3 5498/3/3 5497/3/3
f 5500/3/3 5498/3/3 5499/3/3
f 5503/3/3 5502/3/3 5501/3/3
f 5504/3/3 5502/3/3 5503/3/3
f 5507/3/3 5506/3/3 5505/3/3
f 5508/3/3 5506/3/3 5507/3/3
f 5513/3/3 5512/3/3 5511/3/3
f 5514/3/3 5512/3/3 5513/3/3
f 5515/3/3 5510/3/3 5509/3/3
f 5516/3/3 5510/3/3 5515/3/3
f 5521/3/3 5520/3/3 5519/3/3
f 5523/3/3 5518/3/3 5517/3/3
f 5524/3/3 5518/3/3 5523/3/3
f 5525/3/3 5518/3/3 5524/3/3
f 5526/3/3 5518/3/3 5525/3/3
f 5527/3/3 5522/3/3 5521/3/3
f 5527/3/3 5521/3/3 5519/3/3
f 5528/3/3 5522/3/3 5527/3/3
f 5531/3/3 5530/3/3 5529/3/3
f 5532/3/3 5530/3/3 5531/3/3
f 5533/3/4 5534/3/4 5535/3/4
f 5535/3/4 5534/3/4 5536/3/4
f 5537/3/4 5538/3/4 5542/3/4
f 5539/3/4 5540/3/4 5543/3/4
f 5543/3/4 5540/3/4 5544/3/4
f 5541/3/4 5542/3/4 5545/3/4
f 5542/3/4 5538/3/4 5546/3/4
f 5545/3/4 5542/3/4 5546/3/4
f 5539/3/4 5543/3/4 5547/3/4
f 5547/3/4 5543/3/4 5548/3/4
f 5549/3/4 5550/3/4 5553/3/4
f 5553/3/4 5550/3/4 5554/3/4
f 5551/3/4 5552/3/4 5555/3/4
f 5555/3/4 5552/3/4 5556/3/4
f 5557/3/4 5558/3/4 5559/3/4
f 5559/3/4 5558/3/4 5560/3/4
f 5561/3/4 5562/3/4 5563/3/4
f 5563/3/4 5562/3/4 5564/3/4
f 5565/3/4 5566/3/4 5567/3/4
f 5567/3/4 5566/3/4 5568/3/4
f 5569/3/4 5570/3/4 5571/3/4
f 5571/3/4 5570/3/4 5572/3/4
f 5573/3/4 5574/3/4 5575/3/4
f 5575/3/4 5574/3/4 5576/3/4
f 5577/3/4 5578/3/4 5579/3/4
f 5579/3/4 5578/3/4 5580/3/4
f 5581/3/4 5582/3/4 5583/3/4
f 5583/3/4 5582/3/4 5584/3/4
f 5585/3/4 5586/3/4 5587/3/4
f 5587/3/4 5586/3/4 5588/3/4
f 5589/3/4 5590/3/4 5591/3/4
f 5591/3/4 5590/3/4 5592/3/4
f 5593/3/4 5594/3/4 5595/3/4
f 5595/3/4 5594/3/4 5596/3/4
f 5597/3/4 5598/3/4 5599/3/4
f 5599/3/4 5598/3/4 5600/3/4
f 5601/3/4 5602/3/4 5603/3/4
f 5603/3/4 5602/3/4 5604/3/4
f 5605/3/4 5606/3/4 5607/3/4
f 5607/3/4 5606/3/4 5608/3/4
f 5609/3/4 5610/3/4 5611/3/4
f 5611/3/4 5610/3/4 5612/3/4
f 5613/3/4 5614/3/4 5615/3/4
f 5615/3/4 5614/3/4 5616/3/4
f 5617/3/4 5618/3/4 5619/3/4
f 5619/3/4 5618/3/4 5620/3/4
f 5621/3/4 5622/3/4 5623/3/4
f 5623/3/4 5622/3/4 5624/3/4
f 5625/3/4 5626/3/4 5629/3/4
f 5629/3/4 5626/3/4 5630/3/4
f 5627/3/4 5628/3/4 5631/3/4
f 5631/3/4 5628/3/4 5632/3/4
f 5633/3/4 5634/3/4 5635/3/4
f 5635/3/4 5634/3/4 5636/3/4
f 5637/3/4 5638/3/4 5639/3/4
f 5639/3/4 5638/3/4 5640/3/4
f 5641/3/4 5642/3/4 5643/3/4
f 5643/3/4 5642/3/4 5644/3/4
f 5645/3/4 5646/3/4 5647/3/4
f 5647/3/4 5646/3/4 5648/3/4
f 5649/3/4 5650/3/4 5651/3/4
f 5651/3/4 5650/3/4 5652/3/4
f 5653/3/4 5654/3/4 5657/3/4
f 5657/3/4 5654/3/4 5658/3/4
f 5655/3/4 5656/3/4 5659/3/4
f 5659/3/4 5656/3/4 5660/3/4
f 5661/3/4 5662/3/4 5666/3/4
f 5666/3/4 5662/3/4 5667/3/4
f 5663/3/4 5664/3/4 5668/3/4
f 5668/3/4 5664/3/4 5669/3/4
f 5665/3/4 5666/3/4 5670/3/4
f 5670/3/4 5666/3/4 5671/3/4
f 5672/3/4 5673/3/4 5674/3/4
f 5674/3/4 5673/3/4 5675/3/4
f 5676/3/4 5677/3/4 5678/3/4
f 5678/3/4 5677/3/4 5679/3/4
f 5680/3/4 5681/3/4 5682/3/4
f 5682/3/4 5681/3/4 5683/3/4
f 5684/3/4 5685/3/4 5688/3/4
f 5688/3/4 5685/3/4 5689/3/4
f 5686/3/4 5687/3/4 5690/3/4
f 5690/3/4 5687/3/4 5691/3/4
f 5691/3/4 5692/3/4 5693/3/4
f 5693/3/4 5692/3/4 5694/3/4
f 5695/3/4 5696/3/4 5697/3/4
f 5697/3/4 5696/3/4 5698/3/4
f 5699/3/4 5700/3/4 5701/3/4
f 5701/3/4 5700/3/4 5702/3/4
f 5703/3/4 5704/3/4 5705/3/4
f 5705/3/4 5704/3/4 5706/3/4
f 5707/3/4 5708/3/4 5711/3/4
f 5711/3/4 5708/3/4 5712/3/4
f 5709/3/4 5710/3/4 5713/3/4
f 5713/3/4 5710/3/4 5714/3/4
f 5715/3/4 5716/3/4 5717/3/4
f 5717/3/4 5716/3/4 5718/3/4
f 5719/3/4 5720/3/4 5723/3/4
f 5723/3/4 5720/3/4 5724/3/4
f 5721/3/4 5722/3/4 5725/3/4
f 5725/3/4 5722/3/4 5726/3/4
f 5727/3/4 5728/3/4 5731/3/4
f 5731/3/4 5728/3/4 5732/3/4
f 5729/3/4 5730/3/4 5733/3/4
f 5733/3/4 5730/3/4 5734/3/4
f 5735/3/4 5736/3/4 5737/3/4
f 5737/3/4 5736/3/4 5738/3/4
f 5739/3/4 5740/3/4 5741/3/4
f 5741/3/4 5740/3/4 5742/3/4
f 5743/3/4 5744/3/4 5745/3/4
f 5745/3/4 5744/3/4 5746/3/4
f 5747/3/4 5748/3/4 5749/3/4
f 5749/3/4 5748/3/4 5750/3/4
f 5751/3/4 5752/3/4 5753/3/4
f 5753/3/4 5752/3/4 5754/3/4
f 5755/3/4 5756/3/4 5759/3/4
f 5759/3/4 5756/3/4 5760/3/4
f 5757/3/4 5758/3/4 5763/3/4
f 5763/3/4 5758/3/4 5764/3/4
f 5761/3/4 5762/3/4 5766/3/4
f 5766/3/4 5762/3/4 5767/3/4
f 5768/3/4 5769/3/4 5770/3/4
f 5770/3/4 5769/3/4 5771/3/4
f 5765/3/4 5766/3/4 5773/3/4
f 5773/3/4 5766/3/4 5774/3/4
f 5772/3/4 5773/3/4 5775/3/4
f 5775/3/4 5773/3/4 5776/3/4
f 5777/3/4 5778/3/4 5781/3/4
f 5781/3/4 5778/3/4 5782/3/4
f 5783/3/4 5784/3/4 5785/3/4
f 5785/3/4 5784/3/4 5786/3/4
f 5779/3/4 5780/3/4 5787/3/4
f 5787/3/4 5780/3/4 5788/3/4
f 5789/3/4 5790/3/4 5793/3/4
f 5793/3/4 5790/3/4 5794/3/4
f 5791/3/4 5792/3/4 5796/3/4
f 5796/3/4 5792/3/4 5797/3/4
f 5794/3/4 5795/3/4 5798/3/4
f 5798/3/4 5795/3/4 5799/3/4
f 5799/3/4 5800/3/4 5801/3/4
f 5801/3/4 5800/3/4 5802/3/4
f 5803/3/4 5804/3/4 5805/3/4
f 5805/3/4 5804/3/4 5806/3/4
f 5807/3/4 5808/3/4 5809/3/4
f 5809/3/4 5808/3/4 5810/3/4
f 5811/3/4 5812/3/4 5813/3/4
f 5813/3/4 5812/3/4 5814/3/4
f 5815/3/4 5816/3/4 5817/3/4
f 5817/3/4 5816/3/4 5818/3/4
f 5819/3/4 5820/3/4 5822/3/4
f 5822/3/4 5820/3/4 5823/3/4
f 5821/3/4 5822/3/4 5825/3/4
f 5825/3/4 5822/3/4 5826/3/4
f 5824/3/4 5825/3/4 5830/3/4
f 5830/3/4 5825/3/4 5831/3/4
f 5827/3/4 5828/3/4 5832/3/4
f 5832/3/4 5828/3/4 5833/3/4
f 5829/3/4 5830/3/4 5835/3/4
f 5835/3/4 5830/3/4 5836/3/4
f 5834/3/4 5835/3/4 5839/3/4
f 5839/3/4 5835/3/4 5840/3/4
f 5837/3/4 5838/3/4 5843/3/4
f 5843/3/4 5838/3/4 5844/3/4
f 5841/3/4 5842/3/4 5847/3/4
f 5847/3/4 5842/3/4 5848/3/4
f 5845/3/4 5846/3/4 5850/3/4
f 5850/3/4 5846/3/4 5851/3/4
f 5848/3/4 5849/3/4 5852/3/4
f 5852/3/4 5849/3/4 5853/3/4
f 5853/3/4 5854/3/4 5855/3/4
f 5855/3/4 5854/3/4 5856/3/4
f 5856/3/4 5857/3/4 5858/3/4
f 5858/3/4 5857/3/4 5859/3/4
f 5859/3/4 5860/3/4 5861/3/4
f 5861/3/4 5860/3/4 5862/3/4
f 5863/3/4 5864/3/4 5865/3/4
f 5865/3/4 5864/3/4 5866/3/4
f 5867/3/4 5868/3/4 5869/3/4
f 5869/3/4 5868/3/4 5870/3/4
f 5871/3/4 5872/3/4 5874/3/4
f 5874/3/4 5872/3/4 5875/3/4
f 5873/3/4 5874/3/4 5876/3/4
f 5876/3/4 5874/3/4 5877/3/4
f 5873/3/4 5876/3/4 5879/3/4
f 5879/3/4 5876/3/4 5880/3/4
f 5878/3/4 5879/3/4 5884/3/4
f 5884/3/4 5879/3/4 5885/3/4
f 5883/3/4 5884/3/4 5885/3/4
f 5885/3/4 5879/3/4 5886/3/4
f 5881/3/4 5882/3/4 5887/3/4
f 5887/3/4 5882/3/4 5888/3/4
f 5883/3/4 5885/3/4 5890/3/4
f 5889/3/4 5890/3/4 5891/3/4
f 5890/3/4 5885/3/4 5892/3/4
f 5891/3/4 5890/3/4 5892/3/4
f 5892/3/4 5885/3/4 5895/3/4
f 5893/3/4 5894/3/4 5897/3/4
f 5897/3/4 5894/3/4 5898/3/4
f 5895/3/4 5896/3/4 5899/3/4
f 5892/3/4 5895/3/4 5899/3/4
f 5899/3/4 5896/3/4 5900/3/4
f 5900/3/4 5896/3/4 5901/3/4
f 5901/3/4 5896/3/4 5902/3/4
f 5902/3/4 5903/3/4 5904/3/4
f 5902/3/4 5904/3/4 5906/3/4
f 5904/3/4 5905/3/4 5906/3/4
f 5906/3/4 5905/3/4 5907/3/4
f 5907/3/4 5908/3/4 5909/3/4
f 5909/3/4 5908/3/4 5910/3/4
f 5911/3/4 5912/3/4 5913/3/4
f 5913/3/4 5912/3/4 5914/3/4
f 5915/3/4 5916/3/4 5917/3/4
f 5917/3/4 5916/3/4 5918/3/4
f 5919/3/4 5920/3/4 5922/3/4
f 5922/3/4 5920/3/4 5923/3/4
f 5923/3/4 5920/3/4 5924/3/4
f 5921/3/4 5922/3/4 5926/3/4
f 5922/3/4 5923/3/4 5926/3/4
f 5926/3/4 5923/3/4 5927/3/4
f 5927/3/4 5923/3/4 5928/3/4
f 5925/3/4 5926/3/4 5929/3/4
f 5926/3/4 5927/3/4 5929/3/4
f 5929/3/4 5927/3/4 5930/3/4
f 5925/3/4 5929/3/4 5932/3/4
f 5932/3/4 5929/3/4 5935/3/4
f 5931/3/4 5932/3/4 5935/3/4
f 5935/3/4 5929/3/4 5936/3/4
f 5933/3/4 5934/3/4 5937/3/4
f 5937/3/4 5934/3/4 5938/3/4
f 5931/3/4 5935/3/4 5939/3/4
f 5939/3/4 5940/3/4 5941/3/4
f 5931/3/4 5939/3/4 5941/3/4
f 5941/3/4 5940/3/4 5942/3/4
f 5942/3/4 5940/3/4 5943/3/4
f 5942/3/4 5943/3/4 5945/3/4
f 5943/3/4 5944/3/4 5945/3/4
f 5945/3/4 5944/3/4 5946/3/4
f 5946/3/4 5944/3/4 5947/3/4
f 5946/3/4 5947/3/4 5949/3/4
f 5947/3/4 5948/3/4 5949/3/4
f 5949/3/4 5948/3/4 5950/3/4
f 5950/3/4 5948/3/4 5951/3/4
f 5950/3/4 5951/3/4 5953/3/4
f 5951/3/4 5952/3/4 5953/3/4
f 5953/3/4 5952/3/4 5954/3/4
f 5955/3/4 5956/3/4 5957/3/4
f 5957/3/4 5956/3/4 5958/3/4
f 5959/3/4 5960/3/4 5961/3/4
f 5961/3/4 5960/3/4 5962/3/4
f 5963/3/4 5964/3/4 5966/3/4
f 5965/3/4 5966/3/4 5968/3/4
f 5968/3/4 5966/3/4 5969/3/4
f 5967/3/4 5968/3/4 5969/3/4
f 5966/3/4 5964/3/4 5970/3/4
f 5969/3/4 5966/3/4 5970/3/4
f 5967/3/4 5969/3/4 5972/3/4
f 5972/3/4 5969/3/4 5973/3/4
f 5973/3/4 5969/3/4 5974/3/4
f 5971/3/4 5972/3/4 5975/3/4
f 5972/3/4 5973/3/4 5975/3/4
f 5975/3/4 5973/3/4 5976/3/4
f 5971/3/4 5975/3/4 5977/3/4
f 5971/3/4 5977/3/4 5979/3/4
f 5977/3/4 5978/3/4 5979/3/4
f 5979/3/4 5978/3/4 5980/3/4
f 5980/3/4 5978/3/4 5981/3/4
f 5980/3/4 5981/3/4 5983/3/4
f 5981/3/4 5982/3/4 5983/3/4
f 5980/3/4 5983/3/4 5985/3/4
f 5983/3/4 5984/3/4 5985/3/4
f 5985/3/4 5984/3/4 5986/3/4
f 5986/3/4 5984/3/4 5987/3/4
f 5987/3/4 5984/3/4 5988/3/4
f 5988/3/4 5984/3/4 5989/3/4
f 5989/3/4 5984/3/4 5990/3/4
f 5991/3/4 5992/3/4 5994/3/4
f 5993/3/4 5994/3/4 5996/3/4
f 5995/3/4 5996/3/4 5997/3/4
f 5996/3/4 5994/3/4 5998/3/4
f 5997/3/4 5996/3/4 5998/3/4
f 5998/3/4 5994/3/4 5999/3/4
f 5994/3/4 5992/3/4 6000/3/4
f 5999/3/4 5994/3/4 6000/3/4
f 6000/3/4 5992/3/4 6001/3/4
f 6001/3/4 5992/3/4 6002/3/4
f 6003/3/4 6004/3/4 6005/3/4
f 6005/3/4 6004/3/4 6006/3/4
f 6007/3/4 6008/3/4 6009/3/4
f 6009/3/4 6008/3/4 6010/3/4
f 6011/3/4 6012/3/4 6013/3/4
f 6013/3/4 6012/3/4 6014/3/4
f 6015/3/4 6016/3/4 6017/3/4
f 6017/3/4 6016/3/4 6018/3/4
f 6019/3/4 6020/3/4 6021/3/4
f 6021/3/4 6020/3/4 6022/3/4
f 6023/3/4 6024/3/4 6025/3/4
f 6025/3/4 6024/3/4 6026/3/4
f 6027/3/4 6028/3/4 6029/3/4
f 6029/3/4 6028/3/4 6030/3/4
f 6031/3/4 6032/3/4 6034/3/4
f 6034/3/4 6032/3/4 6035/3/4
f 6035/3/4 6032/3/4 6036/3/4
f 6033/3/4 6034/3/4 6038/3/4
f 6034/3/4 6035/3/4 6038/3/4
f 6038/3/4 6035/3/4 6039/3/4
f 6039/3/4 6035/3/4 6040/3/4
f 6037/3/4 6038/3/4 6041/3/4
f 6038/3/4 6039/3/4 6041/3/4
f 6041/3/4 6039/3/4 6042/3/4
f 6037/3/4 6041/3/4 6043/3/4
f 6043/3/4 6041/3/4 6044/3/4
f 6045/3/4 6046/3/4 6047/3/4
f 6047/3/4 6046/3/4 6048/3/4
f 6049/3/4 6050/3/4 6051/3/4
f 6051/3/4 6050/3/4 6052/3/4
f 6053/3/4 6054/3/4 6055/3/4
f 6055/3/4 6054/3/4 6056/3/4
f 6056/3/4 6054/3/4 6057/3/4
f 6053/3/4 6055/3/4 6059/3/4
f 6059/3/4 6055/3/4 6060/3/4
f 6057/3/4 6058/3/4 6061/3/4
f 6056/3/4 6057/3/4 6061/3/4
f 6061/3/4 6058/3/4 6062/3/4
f 6062/3/4 6058/3/4 6064/3/4
f 6063/3/4 6064/3/4 6065/3/4
f 6064/3/4 6058/3/4 6066/3/4
f 6065/3/4 6064/3/4 6066/3/4
f 6063/3/4 6065/3/4 6069/3/4
f 6069/3/4 6065/3/4 6070/3/4
f 6067/3/4 6068/3/4 6073/3/4
f 6073/3/4 6068/3/4 6074/3/4
f 6071/3/4 6072/3/4 6075/3/4
f 6075/3/4 6072/3/4 6076/3/4
f 6077/3/4 6078/3/4 6079/3/4
f 6079/3/4 6078/3/4 6080/3/4
f 6081/3/4 6082/3/4 6083/3/4
f 6083/3/4 6082/3/4 6084/3/4
f 6085/3/4 6086/3/4 6087/3/4
f 6087/3/4 6086/3/4 6088/3/4
f 6089/3/4 6090/3/4 6091/3/4
f 6091/3/4 6090/3/4 6092/3/4
f 6093/3/4 6094/3/4 6095/3/4
f 6095/3/4 6094/3/4 6096/3/4
f 6097/3/4 6098/3/4 6099/3/4
f 6099/3/4 6098/3/4 6100/3/4
f 6101/3/4 6102/3/4 6103/3/4
f 6103/3/4 6102/3/4 6104/3/4
f 6105/3/4 6106/3/4 6107/3/4
f 6107/3/4 6106/3/4 6108/3/4
f 6109/3/4 6110/3/4 6113/3/4
f 6113/3/4 6110/3/4 6114/3/4
f 6111/3/4 6112/3/4 6115/3/4
f 6115/3/4 6112/3/4 6116/3/4
f 6117/3/4 6118/3/4 6119/3/4
f 6119/3/4 6118/3/4 6120/3/4
f 6121/3/4 6122/3/4 6125/3/4
f 6125/3/4 6122/3/4 6126/3/4
f 6123/3/4 6124/3/4 6127/3/4
f 6127/3/4 6124/3/4 6128/3/4
f 6129/3/4 6130/3/4 6131/3/4
f 6131/3/4 6130/3/4 6132/3/4
f 6133/3/4 6134/3/4 6135/3/4
f 6135/3/4 6134/3/4 6136/3/4
f 6137/3/4 6138/3/4 6139/3/4
f 6139/3/4 6138/3/4 6140/3/4
f 6141/3/4 6142/3/4 6146/3/4
f 6146/3/4 6142/3/4 6147/3/4
f 6143/3/4 6144/3/4 6148/3/4
f 6148/3/4 6144/3/4 6149/3/4
f 6145/3/4 6146/3/4 6150/3/4
f 6150/3/4 6146/3/4 6151/3/4
f 6152/3/4 6153/3/4 6156/3/4
f 6156/3/4 6153/3/4 6157/3/4
f 6154/3/4 6155/3/4 6160/3/4
f 6160/3/4 6155/3/4 6161/3/4
f 6158/3/4 6159/3/4 6162/3/4
f 6162/3/4 6159/3/4 6163/3/4
f 6164/3/4 6165/3/4 6168/3/4
f 6168/3/4 6165/3/4 6169/3/4
f 6166/3/4 6167/3/4 6171/3/4
f 6171/3/4 6167/3/4 6172/3/4
f 6169/3/4 6170/3/4 6173/3/4
f 6173/3/4 6170/3/4 6174/3/4
f 6175/3/4 6176/3/4 6177/3/4
f 6177/3/4 6176/3/4 6178/3/4
f 6179/3/4 6180/3/4 6183/3/4
f 6183/3/4 6180/3/4 6184/3/4
f 6181/3/4 6182/3/4 6186/3/4
f 6186/3/4 6182/3/4 6187/3/4
f 6185/3/4 6186/3/4 6189/3/4
f 6189/3/4 6186/3/4 6190/3/4
f 6188/3/4 6189/3/4 6194/3/4
f 6194/3/4 6189/3/4 6195/3/4
f 6191/3/4 6192/3/4 6196/3/4
f 6196/3/4 6192/3/4 6197/3/4
f 6193/3/4 6194/3/4 6198/3/4
f 6198/3/4 6194/3/4 6199/3/4
f 6200/3/4 6201/3/4 6202/3/4
f 6202/3/4 6201/3/4 6203/3/4
f 6204/3/4 6205/3/4 6208/3/4
f 6208/3/4 6205/3/4 6209/3/4
f 6206/3/4 6207/3/4 6211/3/4
f 6211/3/4 6207/3/4 6212/3/4
f 6209/3/4 6210/3/4 6213/3/4
f 6213/3/4 6210/3/4 6214/3/4
f 6214/3/4 6215/3/4 6216/3/4
f 6216/3/4 6215/3/4 6217/3/4
f 6217/3/4 6218/3/4 6219/3/4
f 6219/3/4 6218/3/4 6220/3/4
f 6221/3/4 6222/3/4 6223/3/4
f 6223/3/4 6222/3/4 6224/3/4
f 6225/3/4 6226/3/4 6229/3/4
f 6229/3/4 6226/3/4 6230/3/4
f 6227/3/4 6228/3/4 6231/3/4
f 6231/3/4 6228/3/4 6232/3/4
f 6235/3/4 6236/3/4 6237/3/4
f 6237/3/4 6236/3/4 6238/3/4
f 6233/3/4 6234/3/4 6239/3/4
f 6239/3/4 6234/3/4 6240/3/4
f 6243/3/4 6244/3/4 6245/3/4
f 6245/3/4 6244/3/4 6246/3/4
f 6241/3/4 6242/3/4 6247/3/4
f 6247/3/4 6242/3/4 6248/3/4
f 6249/3/4 6250/3/4 6251/3/4
f 6251/3/4 6250/3/4 6252/3/4
f 6253/3/4 6254/3/4 6255/3/4
f 6255/3/4 6254/3/4 6256/3/4
f 6257/3/4 6258/3/4 6260/3/4
f 6260/3/4 6258/3/4 6261/3/4
f 6259/3/4 6260/3/4 6263/3/4
f 6263/3/4 6260/3/4 6264/3/4
f 6262/3/4 6263/3/4 6266/3/4
f 6266/3/4 6263/3/4 6267/3/4
f 6265/3/4 6266/3/4 6269/3/4
f 6269/3/4 6266/3/4 6270/3/4
f 6271/3/4 6272/3/4 6273/3/4
f 6273/3/4 6272/3/4 6274/3/4
f 6268/3/4 6269/3/4 6275/3/4
f 6275/3/4 6269/3/4 6276/3/4
f 6276/3/4 6277/3/4 6278/3/4
f 6278/3/4 6277/3/4 6279/3/4
f 6279/3/4 6280/3/4 6281/3/4
f 6281/3/4 6280/3/4 6282/3/4
f 6282/3/4 6283/3/4 6284/3/4
f 6284/3/4 6283/3/4 6285/3/4
f 6285/3/4 6286/3/4 6287/3/4
f 6287/3/4 6286/3/4 6288/3/4
f 6289/3/4 6290/3/4 6292/3/4
f 6292/3/4 6290/3/4 6293/3/4
f 6291/3/4 6292/3/4 6295/3/4
f 6295/3/4 6292/3/4 6296/3/4
f 6296/3/4 6292/3/4 6297/3/4
f 6294/3/4 6295/3/4 6298/3/4
f 6295/3/4 6296/3/4 6298/3/4
f 6298/3/4 6296/3/4 6299/3/4
f 6294/3/4 6298/3/4 6301/3/4
f 6301/3/4 6298/3/4 6302/3/4
f 6300/3/4 6301/3/4 6302/3/4
f 6302/3/4 6298/3/4 6303/3/4
f 6300/3/4 6302/3/4 6304/3/4
f 6300/3/4 6304/3/4 6306/3/4
f 6304/3/4 6305/3/4 6306/3/4
f 6306/3/4 6305/3/4 6307/3/4
f 6307/3/4 6305/3/4 6308/3/4
f 6307/3/4 6308/3/4 6310/3/4
f 6308/3/4 6309/3/4 6310/3/4
f 6310/3/4 6309/3/4 6311/3/4
f 6311/3/4 6309/3/4 6312/3/4
f 6311/3/4 6312/3/4 6314/3/4
f 6312/3/4 6313/3/4 6314/3/4
f 6314/3/4 6313/3/4 6315/3/4
f 6315/3/4 6316/3/4 6317/3/4
f 6317/3/4 6316/3/4 6318/3/4
f 6319/3/4 6320/3/4 6322/3/4
f 6322/3/4 6320/3/4 6323/3/4
f 6323/3/4 6320/3/4 6324/3/4
f 6321/3/4 6322/3/4 6326/3/4
f 6322/3/4 6323/3/4 6326/3/4
f 6326/3/4 6323/3/4 6327/3/4
f 6327/3/4 6323/3/4 6328/3/4
f 6325/3/4 6326/3/4 6329/3/4
f 6326/3/4 6327/3/4 6329/3/4
f 6329/3/4 6327/3/4 6330/3/4
f 6325/3/4 6329/3/4 6332/3/4
f 6331/3/4 6332/3/4 6333/3/4
f 6332/3/4 6329/3/4 6334/3/4
f 6333/3/4 6332/3/4 6334/3/4
f 6334/3/4 6329/3/4 6335/3/4
f 6334/3/4 6335/3/4 6337/3/4
f 6335/3/4 6336/3/4 6337/3/4
f 6337/3/4 6336/3/4 6338/3/4
f 6338/3/4 6336/3/4 6339/3/4
f 6338/3/4 6339/3/4 6341/3/4
f 6339/3/4 6340/3/4 6341/3/4
f 6341/3/4 6340/3/4 6342/3/4
f 6342/3/4 6340/3/4 6343/3/4
f 6342/3/4 6343/3/4 6345/3/4
f 6343/3/4 6344/3/4 6345/3/4
f 6345/3/4 6344/3/4 6346/3/4
f 6347/3/4 6348/3/4 6349/3/4
f 6349/3/4 6348/3/4 6350/3/4
f 6351/3/4 6352/3/4 6354/3/4
f 6353/3/4 6354/3/4 6356/3/4
f 6354/3/4 6352/3/4 6357/3/4
f 6356/3/4 6354/3/4 6357/3/4
f 6357/3/4 6352/3/4 6358/3/4
f 6355/3/4 6356/3/4 6359/3/4
f 6356/3/4 6357/3/4 6359/3/4
f 6359/3/4 6357/3/4 6360/3/4
f 6358/3/4 6352/3/4 6361/3/4
f 6361/3/4 6352/3/4 6362/3/4
f 6362/3/4 6352/3/4 6363/3/4
f 6363/3/4 6352/3/4 6364/3/4
f 6355/3/4 6359/3/4 6367/3/4
f 6365/3/4 6366/3/4 6370/3/4
f 6367/3/4 6368/3/4 6371/3/4
f 6355/3/4 6367/3/4 6371/3/4
f 6371/3/4 6368/3/4 6372/3/4
f 6372/3/4 6368/3/4 6373/3/4
f 6369/3/4 6370/3/4 6374/3/4
f 6372/3/4 6373/3/4 6375/3/4
f 6373/3/4 6374/3/4 6375/3/4
f 6375/3/4 6374/3/4 6376/3/4
f 6376/3/4 6374/3/4 6377/3/4
f 6374/3/4 6370/3/4 6378/3/4
f 6377/3/4 6374/3/4 6378/3/4
f 6370/3/4 6366/3/4 6378/3/4
f 6379/3/4 6380/3/4 6381/3/4
f 6381/3/4 6380/3/4 6382/3/4
f 6383/3/4 6384/3/4 6385/3/4
f 6385/3/4 6384/3/4 6386/3/4
f 6387/3/4 6388/3/4 6390/3/4
f 6390/3/4 6388/3/4 6391/3/4
f 6389/3/4 6390/3/4 6393/3/4
f 6391/3/4 6392/3/4 6393/3/4
f 6390/3/4 6391/3/4 6393/3/4
f 6389/3/4 6393/3/4 6395/3/4
f 6393/3/4 6394/3/4 6395/3/4
f 6395/3/4 6394/3/4 6396/3/4
f 6389/3/4 6395/3/4 6397/3/4
f 6397/3/4 6395/3/4 6398/3/4
f 6398/3/4 6395/3/4 6399/3/4
f 6399/3/4 6395/3/4 6400/3/4
f 6398/3/4 6399/3/4 6401/3/4
f 6401/3/4 6399/3/4 6402/3/4
f 6403/3/4 6404/3/4 6405/3/4
f 6405/3/4 6404/3/4 6406/3/4
f 6407/3/4 6408/3/4 6409/3/4
f 6409/3/4 6408/3/4 6410/3/4
f 6411/3/4 6412/3/4 6413/3/4
f 6413/3/4 6412/3/4 6414/3/4
f 6415/3/4 6416/3/4 6417/3/4
f 6417/3/4 6416/3/4 6418/3/4
f 6419/3/4 6420/3/4 6421/3/4
f 6421/3/4 6420/3/4 6422/3/4
f 6423/3/4 6424/3/4 6425/3/4
f 6425/3/4 6424/3/4 6426/3/4
f 6427/3/4 6428/3/4 6429/3/4
f 6429/3/4 6428/3/4 6430/3/4
f 6431/3/4 6432/3/4 6433/3/4
f 6433/3/4 6432/3/4 6434/3/4
f 6435/1/4 6436/1/4 6437/1/4
f 6437/1/4 6436/1/4 6438/1/4
f 6439/1/4 6440/1/4 6441/1/4
f 6441/1/4 6440/1/4 6442/1/4
f 6443/3/4 6444/3/4 6445/3/4
f 6445/3/4 6444/3/4 6446/3/4
f 6447/3/4 6448/3/4 6449/3/4
f 6449/3/4 6448/3/4 6450/3/4
f 6451/3/4 6452/3/4 6453/3/4
f 6453/3/4 6452/3/4 6454/3/4
f 6455/3/4 6456/3/4 6457/3/4
f 6457/3/4 6456/3/4 6458/3/4
f 6459/3/4 6460/3/4 6461/3/4
f 6461/3/4 6460/3/4 6462/3/4
f 6463/3/4 6464/3/4 6465/3/4
f 6465/3/4 6464/3/4 6466/3/4
f 6467/3/4 6468/3/4 6471/3/4
f 6471/3/4 6468/3/4 6472/3/4
f 6469/3/4 6470/3/4 6475/3/4
f 6475/3/4 6470/3/4 6476/3/4
f 6473/3/4 6474/3/4 6477/3/4
f 6477/3/4 6474/3/4 6478/3/4
f 6479/3/4 6480/3/4 6481/3/4
f 6481/3/4 6480/3/4 6482/3/4
f 6483/3/4 6484/3/4 6485/3/4
f 6485/3/4 6484/3/4 6486/3/4
f 6487/3/4 6488/3/4 6489/3/4
f 6489/3/4 6488/3/4 6490/3/4
f 6491/3/4 6492/3/4 6493/3/4
f 6493/3/4 6492/3/4 6494/3/4
f 6495/3/4 6496/3/4 6498/3/4
f 6498/3/4 6496/3/4 6499/3/4
f 6500/3/4 6501/3/4 6502/3/4
f 6497/3/4 6498/3/4 6504/3/4
f 6502/3/4 6503/3/4 6506/3/4
f 6500/3/4 6502/3/4 6506/3/4
f 6506/3/4 6503/3/4 6507/3/4
f 6504/3/4 6505/3/4 6508/3/4
f 6497/3/4 6504/3/4 6508/3/4
f 6508/3/4 6505/3/4 6509/3/4
f 6509/3/4 6505/3/4 6510/3/4
f 6507/3/4 6503/3/4 6513/3/4
f 6510/3/4 6511/3/4 6514/3/4
f 6509/3/4 6510/3/4 6514/3/4
f 6514/3/4 6511/3/4 6515/3/4
f 6515/3/4 6511/3/4 6516/3/4
f 6512/3/4 6513/3/4 6519/3/4
f 6516/3/4 6517/3/4 6520/3/4
f 6515/3/4 6516/3/4 6520/3/4
f 6520/3/4 6517/3/4 6521/3/4
f 6521/3/4 6517/3/4 6522/3/4
f 6518/3/4 6519/3/4 6523/3/4
f 6519/3/4 6513/3/4 6524/3/4
f 6523/3/4 6519/3/4 6524/3/4
f 6513/3/4 6503/3/4 6525/3/4
f 6524/3/4 6513/3/4 6525/3/4
f 6521/3/4 6522/3/4 6526/3/4
f 6523/3/4 6524/3/4 6526/3/4
f 6522/3/4 6523/3/4 6526/3/4
f 6526/3/4 6524/3/4 6527/3/4
f 6528/1/4 6529/1/4 6530/1/4
f 6530/1/4 6529/1/4 6531/1/4
f 6532/3/4 6533/3/4 6534/3/4
f 6534/3/4 6533/3/4 6535/3/4
f 6536/3/4 6537/3/4 6538/3/4
f 6538/3/4 6537/3/4 6539/3/4
f 6540/3/4 6541/3/4 6544/3/4
f 6544/3/4 6541/3/4 6545/3/4
f 6542/3/4 6543/3/4 6546/3/4
f 6546/3/4 6543/3/4 6547/3/4
f 6548/3/4 6549/3/4 6550/3/4
f 6550/3/4 6549/3/4 6551/3/4
f 6552/3/4 6553/3/4 6554/3/4
f 6554/3/4 6553/3/4 6555/3/4
f 6556/3/4 6557/3/4 6558/3/4
f 6558/3/4 6557/3/4 6559/3/4
f 6560/3/4 6561/3/4 6562/3/4
f 6562/3/4 6561/3/4 6563/3/4
f 6564/3/4 6565/3/4 6566/3/4
f 6566/3/4 6565/3/4 6567/3/4
f 6568/1/4 6569/1/4 6570/1/4
f 6570/1/4 6569/1/4 6571/1/4
f 6572/3/4 6573/3/4 6574/3/4
f 6574/3/4 6573/3/4 6575/3/4
f 6576/3/4 6577/3/4 6578/3/4
f 6578/3/4 6577/3/4 6579/3/4
f 6580/3/4 6581/3/4 6584/3/4
f 6584/3/4 6581/3/4 6585/3/4
f 6582/3/4 6583/3/4 6587/3/4
f 6587/3/4 6583/3/4 6588/3/4
f 6586/3/4 6587/3/4 6589/3/4
f 6589/3/4 6587/3/4 6590/3/4
f 6593/3/4 6594/3/4 6595/3/4
f 6595/3/4 6594/3/4 6596/3/4
f 6591/3/4 6592/3/4 6597/3/4
f 6597/3/4 6592/3/4 6598/3/4
f 6599/3/4 6600/3/4 6601/3/4
f 6601/3/4 6600/3/4 6602/3/4
f 6603/3/4 6604/3/4 6607/3/4
f 6607/3/4 6604/3/4 6608/3/4
f 6605/3/4 6606/3/4 6609/3/4
f 6609/3/4 6606/3/4 6610/3/4
f 6610/3/4 6611/3/4 6612/3/4
f 6612/3/4 6611/3/4 6613/3/4
f 6614/3/4 6615/3/4 6616/3/4
f 6616/3/4 6615/3/4 6617/3/4
f 6618/3/4 6619/3/4 6620/3/4
f 6620/3/4 6619/3/4 6621/3/4
f 6622/3/4 6623/3/4 6624/3/4
f 6624/3/4 6623/3/4 6625/3/4
f 6626/3/4 6627/3/4 6630/3/4
f 6630/3/4 6627/3/4 6631/3/4
f 6628/3/4 6629/3/4 6633/3/4
f 6633/3/4 6629/3/4 6634/3/4
f 6632/3/4 6633/3/4 6638/3/4
f 6638/3/4 6633/3/4 6639/3/4
f 6635/3/4 6636/3/4 6640/3/4
f 6640/3/4 6636/3/4 6641/3/4
f 6637/3/4 6638/3/4 6643/3/4
f 6643/3/4 6638/3/4 6644/3/4
f 6642/3/4 6643/3/4 6645/3/4
f 6645/3/4 6643/3/4 6646/3/4
f 6647/3/4 6648/3/4 6649/3/4
f 6649/3/4 6648/3/4 6650/3/4
f 6651/3/4 6652/3/4 6655/3/4
f 6655/3/4 6652/3/4 6656/3/4
f 6653/3/4 6654/3/4 6657/3/4
f 6657/3/4 6654/3/4 6658/3/4
f 6658/3/4 6659/3/4 6660/3/4
f 6660/3/4 6659/3/4 6661/3/4
f 6661/3/4 6662/3/4 6663/3/4
f 6663/3/4 6662/3/4 6664/3/4
f 6664/3/4 6665/3/4 6666/3/4
f 6666/3/4 6665/3/4 6667/3/4
f 6668/3/4 6669/3/4 6670/3/4
f 6670/3/4 6669/3/4 6671/3/4
f 6672/1/4 6673/1/4 6674/1/4
f 6674/1/4 6673/1/4 6675/1/4
f 6676/3/4 6677/3/4 6678/3/4
f 6678/3/4 6677/3/4 6679/3/4
f 6680/3/4 6681/3/4 6682/3/4
f 6682/3/4 6681/3/4 6683/3/4
f 6684/3/4 6685/3/4 6688/3/4
f 6688/3/4 6685/3/4 6689/3/4
f 6686/3/4 6687/3/4 6690/3/4
f 6690/3/4 6687/3/4 6691/3/4
f 6692/3/4 6693/3/4 6696/3/4
f 6696/3/4 6693/3/4 6697/3/4
f 6694/3/4 6695/3/4 6698/3/4
f 6698/3/4 6695/3/4 6699/3/4
f 6700/3/4 6701/3/4 6704/3/4
f 6704/3/4 6701/3/4 6705/3/4
f 6702/3/4 6703/3/4 6706/3/4
f 6706/3/4 6703/3/4 6707/3/4
f 6708/3/4 6709/3/4 6710/3/4
f 6710/3/4 6709/3/4 6711/3/4
f 6712/3/4 6713/3/4 6714/3/4
f 6714/3/4 6713/3/4 6715/3/4
f 6716/1/4 6717/1/4 6718/1/4
f 6718/1/4 6717/1/4 6719/1/4
f 6720/3/4 6721/3/4 6722/3/4
f 6722/3/4 6721/3/4 6723/3/4
f 6724/3/4 6725/3/4 6726/3/4
f 6726/3/4 6725/3/4 6727/3/4
f 6728/3/4 6729/3/4 6731/3/4
f 6731/3/4 6729/3/4 6732/3/4
f 6730/3/4 6731/3/4 6734/3/4
f 6734/3/4 6731/3/4 6735/3/4
f 6733/3/4 6734/3/4 6737/3/4
f 6737/3/4 6734/3/4 6738/3/4
f 6736/3/4 6737/3/4 6742/3/4
f 6742/3/4 6737/3/4 6743/3/4
f 6739/3/4 6740/3/4 6744/3/4
f 6744/3/4 6740/3/4 6745/3/4
f 6741/3/4 6742/3/4 6746/3/4
f 6746/3/4 6742/3/4 6747/3/4
f 6747/3/4 6748/3/4 6749/3/4
f 6749/3/4 6748/3/4 6750/3/4
f 6750/3/4 6751/3/4 6752/3/4
f 6752/3/4 6751/3/4 6753/3/4
f 6753/3/4 6754/3/4 6755/3/4
f 6755/3/4 6754/3/4 6756/3/4
f 6756/3/4 6757/3/4 6758/3/4
f 6758/3/4 6757/3/4 6759/3/4
f 6760/3/4 6761/3/4 6763/3/4
f 6763/3/4 6761/3/4 6764/3/4
f 6762/3/4 6763/3/4 6766/3/4
f 6766/3/4 6763/3/4 6767/3/4
f 6767/3/4 6763/3/4 6768/3/4
f 6765/3/4 6766/3/4 6769/3/4
f 6766/3/4 6767/3/4 6769/3/4
f 6769/3/4 6767/3/4 6770/3/4
f 6765/3/4 6769/3/4 6772/3/4
f 6772/3/4 6769/3/4 6773/3/4
f 6771/3/4 6772/3/4 6773/3/4
f 6773/3/4 6769/3/4 6774/3/4
f 6771/3/4 6773/3/4 6775/3/4
f 6771/3/4 6775/3/4 6777/3/4
f 6775/3/4 6776/3/4 6777/3/4
f 6777/3/4 6776/3/4 6778/3/4
f 6778/3/4 6776/3/4 6779/3/4
f 6778/3/4 6779/3/4 6781/3/4
f 6779/3/4 6780/3/4 6781/3/4
f 6781/3/4 6780/3/4 6782/3/4
f 6782/3/4 6780/3/4 6783/3/4
f 6782/3/4 6783/3/4 6785/3/4
f 6783/3/4 6784/3/4 6785/3/4
f 6785/3/4 6784/3/4 6786/3/4
f 6786/3/4 6787/3/4 6788/3/4
f 6788/3/4 6787/3/4 6789/3/4
f 6790/1/4 6791/1/4 6792/1/4
f 6792/1/4 6791/1/4 6793/1/4
f 6794/3/4 6795/3/4 6796/3/4
f 6796/3/4 6795/3/4 6797/3/4
f 6798/3/4 6799/3/4 6800/3/4
f 6800/3/4 6799/3/4 6801/3/4
f 6802/3/4 6803/3/4 6805/3/4
f 6805/3/4 6803/3/4 6806/3/4
f 6806/3/4 6803/3/4 6807/3/4
f 6804/3/4 6805/3/4 6809/3/4
f 6805/3/4 6806/3/4 6809/3/4
f 6809/3/4 6806/3/4 6810/3/4
f 6810/3/4 6806/3/4 6811/3/4
f 6808/3/4 6809/3/4 6812/3/4
f 6809/3/4 6810/3/4 6812/3/4
f 6812/3/4 6810/3/4 6813/3/4
f 6808/3/4 6812/3/4 6815/3/4
f 6814/3/4 6815/3/4 6816/3/4
f 6815/3/4 6812/3/4 6817/3/4
f 6816/3/4 6815/3/4 6817/3/4
f 6817/3/4 6812/3/4 6818/3/4
f 6817/3/4 6818/3/4 6820/3/4
f 6818/3/4 6819/3/4 6820/3/4
f 6820/3/4 6819/3/4 6821/3/4
f 6821/3/4 6819/3/4 6822/3/4
f 6821/3/4 6822/3/4 6824/3/4
f 6822/3/4 6823/3/4 6824/3/4
f 6824/3/4 6823/3/4 6825/3/4
f 6825/3/4 6823/3/4 6826/3/4
f 6825/3/4 6826/3/4 6828/3/4
f 6826/3/4 6827/3/4 6828/3/4
f 6828/3/4 6827/3/4 6829/3/4
f 6830/1/4 6831/1/4 6832/1/4
f 6832/1/4 6831/1/4 6833/1/4
f 6834/1/4 6835/1/4 6836/1/4
f 6836/1/4 6835/1/4 6837/1/4
f 6838/3/4 6839/3/4 6840/3/4
f 6840/3/4 6839/3/4 6841/3/4
f 6842/3/4 6843/3/4 6844/3/4
f 6844/3/4 6843/3/4 6845/3/4
f 6846/3/4 6847/3/4 6849/3/4
f 6848/3/4 6849/3/4 6851/3/4
f 6849/3/4 6847/3/4 6852/3/4
f 6851/3/4 6849/3/4 6852/3/4
f 6852/3/4 6847/3/4 6853/3/4
f 6850/3/4 6851/3/4 6854/3/4
f 6851/3/4 6852/3/4 6854/3/4
f 6854/3/4 6852/3/4 6855/3/4
f 6850/3/4 6854/3/4 6856/3/4
f 6850/3/4 6856/3/4 6858/3/4
f 6856/3/4 6857/3/4 6858/3/4
f 6858/3/4 6857/3/4 6859/3/4
f 6859/3/4 6857/3/4 6860/3/4
f 6859/3/4 6860/3/4 6862/3/4
f 6860/3/4 6861/3/4 6862/3/4
f 6862/3/4 6861/3/4 6863/3/4
f 6863/3/4 6861/3/4 6864/3/4
f 6864/3/4 6861/3/4 6865/3/4
f 6866/1/4 6867/1/4 6868/1/4
f 6868/1/4 6867/1/4 6869/1/4
f 6870/3/4 6871/3/4 6872/3/4
f 6872/3/4 6871/3/4 6873/3/4
f 6874/3/4 6875/3/4 6877/3/4
f 6876/3/4 6877/3/4 6878/3/4
f 6877/3/4 6875/3/4 6879/3/4
f 6878/3/4 6877/3/4 6879/3/4
f 6879/3/4 6875/3/4 6880/3/4
f 6880/3/4 6875/3/4 6881/3/4
f 6882/1/4 6883/1/4 6884/1/4
f 6884/1/4 6883/1/4 6885/1/4
f 6886/1/4 6887/1/4 6888/1/4
f 6888/1/4 6887/1/4 6889/1/4
f 6890/1/4 6891/1/4 6892/1/4
f 6892/1/4 6891/1/4 6893/1/4
f 6894/3/4 6895/3/4 6896/3/4
f 6896/3/4 6895/3/4 6897/3/4
f 6898/1/4 6899/1/4 6900/1/4
f 6900/1/4 6899/1/4 6901/1/4
f 6902/1/4 6903/1/4 6904/1/4
f 6904/1/4 6903/1/4 6905/1/4
f 6906/3/4 6907/3/4 6908/3/4
f 6908/3/4 6907/3/4 6909/3/4
f 6910/3/4 6911/3/4 6912/3/4
f 6912/3/4 6911/3/4 6913/3/4
f 6914/3/4 6915/3/4 6916/3/4
f 6916/3/4 6915/3/4 6917/3/4
f 6918/3/4 6919/3/4 6920/3/4
f 6920/3/4 6919/3/4 6921/3/4
f 6922/3/4 6923/3/4 6924/3/4
f 6924/3/4 6923/3/4 6925/3/4
f 6926/3/4 6927/3/4 6928/3/4
f 6928/3/4 6927/3/4 6929/3/4
f 6930/3/4 6931/3/4 6932/3/4
f 6932/3/4 6931/3/4 6933/3/4
f 6934/3/4 6935/3/4 6938/3/4
f 6938/3/4 6935/3/4 6939/3/4
f 6936/3/4 6937/3/4 6940/3/4
f 6940/3/4 6937/3/4 6941/3/4
f 6942/1/4 6943/1/4 6944/1/4
f 6944/1/4 6943/1/4 6945/1/4
f 6946/1/4 6947/1/4 6948/1/4
f 6948/1/4 6947/1/4 6949/1/4
f 6950/3/4 6951/3/4 6954/3/4
f 6954/3/4 6951/3/4 6955/3/4
f 6952/3/4 6953/3/4 6956/3/4
f 6956/3/4 6953/3/4 6957/3/4
f 6958/3/4 6959/3/4 6961/3/4
f 6961/3/4 6959/3/4 6962/3/4
f 6960/3/4 6961/3/4 6963/3/4
f 6963/3/4 6961/3/4 6964/3/4
f 6965/3/4 6966/3/4 6969/3/4
f 6969/3/4 6966/3/4 6970/3/4
f 6967/3/4 6968/3/4 6971/3/4
f 6971/3/4 6968/3/4 6972/3/4
f 6973/3/4 6974/3/4 6975/3/4
f 6975/3/4 6974/3/4 6976/3/4
f 6977/3/4 6978/3/4 6979/3/4
f 6979/3/4 6978/3/4 6980/3/4
f 6981/3/4 6982/3/4 6983/3/4
f 6983/3/4 6982/3/4 6984/3/4
f 6985/3/4 6986/3/4 6987/3/4
f 6987/3/4 6986/3/4 6988/3/4
f 6988/3/4 6989/3/4 6990/3/4
f 6990/3/4 6989/3/4 6991/3/4
f 6992/3/4 6993/3/4 6994/3/4
f 6994/3/4 6993/3/4 6995/3/4
f 6996/3/4 6997/3/4 6998/3/4
f 6998/3/4 6997/3/4 6999/3/4
f 7000/1/4 7001/1/4 7002/1/4
f 7002/1/4 7001/1/4 7003/1/4
f 7004/1/4 7005/1/4 7006/1/4
f 7006/1/4 7005/1/4 7007/1/4
f 7008/1/4 7009/1/4 7010/1/4
f 7010/1/4 7009/1/4 7011/1/4
f 7012/3/4 7013/3/4 7016/3/4
f 7016/3/4 7013/3/4 7017/3/4
f 7014/3/4 7015/3/4 7018/3/4
f 7018/3/4 7015/3/4 7019/3/4
f 7020/3/4 7021/3/4 7024/3/4
f 7024/3/4 7021/3/4 7025/3/4
f 7022/3/4 7023/3/4 7026/3/4
f 7026/3/4 7023/3/4 7027/3/4
f 7028/3/4 7029/3/4 7032/3/4
f 7032/3/4 7029/3/4 7033/3/4
f 7030/3/4 7031/3/4 7034/3/4
f 7034/3/4 7031/3/4 7035/3/4
f 7036/3/4 7037/3/4 7038/3/4
f 7038/3/4 7037/3/4 7039/3/4
f 7040/3/4 7041/3/4 7042/3/4
f 7042/3/4 7041/3/4 7043/3/4
f 7044/3/4 7045/3/4 7048/3/4
f 7048/3/4 7045/3/4 7049/3/4
f 7046/3/4 7047/3/4 7050/3/4
f 7050/3/4 7047/3/4 7051/3/4
f 7052/3/4 7053/3/4 7054/3/4
f 7054/3/4 7053/3/4 7055/3/4
f 7056/3/4 7057/3/4 7058/3/4
f 7058/3/4 7057/3/4 7059/3/4
f 7060/1/4 7061/1/4 7062/1/4
f 7062/1/4 7061/1/4 7063/1/4
f 7064/3/4 7065/3/4 7068/3/4
f 7068/3/4 7065/3/4 7069/3/4
f 7066/3/4 7067/3/4 7072/3/4
f 7072/3/4 7067/3/4 7073/3/4
f 7070/3/4 7071/3/4 7075/3/4
f 7075/3/4 7071/3/4 7076/3/4
f 7074/3/4 7075/3/4 7080/3/4
f 7080/3/4 7075/3/4 7081/3/4
f 7077/3/4 7078/3/4 7082/3/4
f 7082/3/4 7078/3/4 7083/3/4
f 7079/3/4 7080/3/4 7084/3/4
f 7084/3/4 7080/3/4 7085/3/4
f 7088/3/4 7089/3/4 7090/3/4
f 7090/3/4 7089/3/4 7091/3/4
f 7086/3/4 7087/3/4 7092/3/4
f 7092/3/4 7087/3/4 7093/3/4
f 7094/3/4 7095/3/4 7098/3/4
f 7098/3/4 7095/3/4 7099/3/4
f 7096/3/4 7097/3/4 7100/3/4
f 7100/3/4 7097/3/4 7101/3/4
f 7101/3/4 7102/3/4 7103/3/4
f 7103/3/4 7102/3/4 7104/3/4
f 7104/3/4 7105/3/4 7106/3/4
f 7106/3/4 7105/3/4 7107/3/4
f 7108/3/4 7109/3/4 7110/3/4
f 7110/3/4 7109/3/4 7111/3/4
f 7112/3/4 7113/3/4 7114/3/4
f 7114/3/4 7113/3/4 7115/3/4
f 7116/1/4 7117/1/4 7118/1/4
f 7118/1/4 7117/1/4 7119/1/4
f 7120/1/4 7121/1/4 7122/1/4
f 7122/1/4 7121/1/4 7123/1/4
f 7124/3/4 7125/3/4 7127/3/4
f 7127/3/4 7125/3/4 7128/3/4
f 7126/3/4 7127/3/4 7130/3/4
f 7130/3/4 7127/3/4 7131/3/4
f 7129/3/4 7130/3/4 7133/3/4
f 7133/3/4 7130/3/4 7134/3/4
f 7132/3/4 7133/3/4 7138/3/4
f 7138/3/4 7133/3/4 7139/3/4
f 7135/3/4 7136/3/4 7140/3/4
f 7140/3/4 7136/3/4 7141/3/4
f 7137/3/4 7138/3/4 7142/3/4
f 7142/3/4 7138/3/4 7143/3/4
f 7146/3/4 7147/3/4 7148/3/4
f 7148/3/4 7147/3/4 7149/3/4
f 7144/3/4 7145/3/4 7150/3/4
f 7150/3/4 7145/3/4 7151/3/4
f 7151/3/4 7152/3/4 7153/3/4
f 7153/3/4 7152/3/4 7154/3/4
f 7154/3/4 7155/3/4 7156/3/4
f 7156/3/4 7155/3/4 7157/3/4
f 7157/3/4 7158/3/4 7159/3/4
f 7159/3/4 7158/3/4 7160/3/4
f 7160/3/4 7161/3/4 7162/3/4
f 7162/3/4 7161/3/4 7163/3/4
f 7164/1/4 7165/1/4 7166/1/4
f 7166/1/4 7165/1/4 7167/1/4
f 7168/1/4 7169/1/4 7170/1/4
f 7170/1/4 7169/1/4 7171/1/4
f 7172/3/4 7173/3/4 7175/3/4
f 7175/3/4 7173/3/4 7176/3/4
f 7174/3/4 7175/3/4 7177/3/4
f 7177/3/4 7175/3/4 7178/3/4
f 7174/3/4 7177/3/4 7180/3/4
f 7180/3/4 7177/3/4 7181/3/4
f 7179/3/4 7180/3/4 7183/3/4
f 7183/3/4 7180/3/4 7184/3/4
f 7182/3/4 7183/3/4 7184/3/4
f 7184/3/4 7180/3/4 7185/3/4
f 7182/3/4 7184/3/4 7189/3/4
f 7188/3/4 7189/3/4 7190/3/4
f 7189/3/4 7184/3/4 7191/3/4
f 7190/3/4 7189/3/4 7191/3/4
f 7186/3/4 7187/3/4 7192/3/4
f 7192/3/4 7187/3/4 7193/3/4
f 7191/3/4 7184/3/4 7194/3/4
f 7191/3/4 7194/3/4 7196/3/4
f 7194/3/4 7195/3/4 7196/3/4
f 7196/3/4 7195/3/4 7197/3/4
f 7197/3/4 7195/3/4 7198/3/4
f 7198/3/4 7195/3/4 7199/3/4
f 7199/3/4 7200/3/4 7201/3/4
f 7199/3/4 7201/3/4 7203/3/4
f 7201/3/4 7202/3/4 7203/3/4
f 7203/3/4 7202/3/4 7204/3/4
f 7204/3/4 7205/3/4 7206/3/4
f 7206/3/4 7205/3/4 7207/3/4
f 7208/1/4 7209/1/4 7210/1/4
f 7210/1/4 7209/1/4 7211/1/4
f 7212/1/4 7213/1/4 7214/1/4
f 7214/1/4 7213/1/4 7215/1/4
f 7216/3/4 7217/3/4 7219/3/4
f 7219/3/4 7217/3/4 7220/3/4
f 7220/3/4 7217/3/4 7221/3/4
f 7218/3/4 7219/3/4 7223/3/4
f 7219/3/4 7220/3/4 7223/3/4
f 7223/3/4 7220/3/4 7224/3/4
f 7224/3/4 7220/3/4 7225/3/4
f 7222/3/4 7223/3/4 7226/3/4
f 7223/3/4 7224/3/4 7226/3/4
f 7226/3/4 7224/3/4 7227/3/4
f 7222/3/4 7226/3/4 7229/3/4
f 7229/3/4 7226/3/4 7230/3/4
f 7228/3/4 7229/3/4 7230/3/4
f 7230/3/4 7226/3/4 7231/3/4
f 7228/3/4 7230/3/4 7232/3/4
f 7228/3/4 7232/3/4 7234/3/4
f 7232/3/4 7233/3/4 7234/3/4
f 7234/3/4 7233/3/4 7235/3/4
f 7235/3/4 7233/3/4 7236/3/4
f 7235/3/4 7236/3/4 7238/3/4
f 7236/3/4 7237/3/4 7238/3/4
f 7238/3/4 7237/3/4 7239/3/4
f 7239/3/4 7237/3/4 7240/3/4
f 7239/3/4 7240/3/4 7242/3/4
f 7240/3/4 7241/3/4 7242/3/4
f 7242/3/4 7241/3/4 7243/3/4
f 7243/3/4 7241/3/4 7244/3/4
f 7243/3/4 7244/3/4 7246/3/4
f 7244/3/4 7245/3/4 7246/3/4
f 7246/3/4 7245/3/4 7247/3/4
f 7248/1/4 7249/1/4 7250/1/4
f 7250/1/4 7249/1/4 7251/1/4
f 7252/1/4 7253/1/4 7254/1/4
f 7254/1/4 7253/1/4 7255/1/4
f 7256/3/4 7257/3/4 7259/3/4
f 7258/3/4 7259/3/4 7261/3/4
f 7261/3/4 7259/3/4 7262/3/4
f 7260/3/4 7261/3/4 7262/3/4
f 7259/3/4 7257/3/4 7263/3/4
f 7262/3/4 7259/3/4 7263/3/4
f 7260/3/4 7262/3/4 7265/3/4
f 7265/3/4 7262/3/4 7266/3/4
f 7266/3/4 7262/3/4 7267/3/4
f 7264/3/4 7265/3/4 7268/3/4
f 7265/3/4 7266/3/4 7268/3/4
f 7268/3/4 7266/3/4 7269/3/4
f 7264/3/4 7268/3/4 7270/3/4
f 7264/3/4 7270/3/4 7272/3/4
f 7270/3/4 7271/3/4 7272/3/4
f 7272/3/4 7271/3/4 7273/3/4
f 7273/3/4 7271/3/4 7274/3/4
f 7273/3/4 7274/3/4 7276/3/4
f 7274/3/4 7275/3/4 7276/3/4
f 7273/3/4 7276/3/4 7278/3/4
f 7276/3/4 7277/3/4 7278/3/4
f 7278/3/4 7277/3/4 7279/3/4
f 7279/3/4 7277/3/4 7280/3/4
f 7280/3/4 7277/3/4 7281/3/4
f 7281/3/4 7277/3/4 7282/3/4
f 7282/3/4 7277/3/4 7283/3/4
f 7284/1/4 7285/1/4 7286/1/4
f 7286/1/4 7285/1/4 7287/1/4
f 7288/1/4 7289/1/4 7290/1/4
f 7290/1/4 7289/1/4 7291/1/4
f 7292/3/4 7293/3/4 7295/3/4
f 7295/3/4 7293/3/4 7296/3/4
f 7296/3/4 7293/3/4 7297/3/4
f 7294/3/4 7295/3/4 7298/3/4
f 7295/3/4 7296/3/4 7298/3/4
f 7298/3/4 7296/3/4 7299/3/4
f 7299/3/4 7296/3/4 7300/3/4
f 7300/3/4 7296/3/4 7301/3/4
f 7301/3/4 7302/3/4 7303/3/4
f 7300/3/4 7301/3/4 7303/3/4
f 7303/3/4 7302/3/4 7304/3/4
f 7305/1/4 7306/1/4 7307/1/4
f 7307/1/4 7306/1/4 7308/1/4
f 7309/1/4 7310/1/4 7311/1/4
f 7311/1/4 7310/1/4 7312/1/4
f 7313/1/4 7314/1/4 7315/1/4
f 7315/1/4 7314/1/4 7316/1/4
f 7317/1/4 7318/1/4 7319/1/4
f 7319/1/4 7318/1/4 7320/1/4
f 7321/1/4 7322/1/4 7323/1/4
f 7323/1/4 7322/1/4 7324/1/4
f 7325/1/4 7326/1/4 7327/1/4
f 7327/1/4 7326/1/4 7328/1/4
f 7329/1/4 7330/1/4 7331/1/4
f 7331/1/4 7330/1/4 7332/1/4
f 7333/1/4 7334/1/4 7337/1/4
f 7337/1/4 7334/1/4 7338/1/4
f 7335/3/4 7336/3/4 7339/3/4
f 7339/3/4 7336/3/4 7340/3/4
f 7341/1/4 7342/1/4 7343/1/4
f 7343/1/4 7342/1/4 7344/1/4
f 7345/3/4 7346/3/4 7349/3/4
f 7349/3/4 7346/3/4 7350/3/4
f 7347/1/4 7348/1/4 7351/1/4
f 7351/1/4 7348/1/4 7352/1/4
f 7353/1/4 7354/1/4 7355/1/4
f 7355/1/4 7354/1/4 7356/1/4
f 7357/3/4 7358/3/4 7359/3/4
f 7359/3/4 7358/3/4 7360/3/4
f 7361/1/4 7362/1/4 7363/1/4
f 7363/1/4 7362/1/4 7364/1/4
f 7365/3/4 7366/3/4 7369/3/4
f 7369/3/4 7366/3/4 7370/3/4
f 7367/3/4 7368/3/4 7371/3/4
f 7371/3/4 7368/3/4 7372/3/4
f 7373/3/4 7374/3/4 7375/3/4
f 7375/3/4 7374/3/4 7376/3/4
f 7380/1/5 7378/1/5 7377/1/5
f 7381/1/5 7378/1/5 7380/1/5
f 7384/1/5 7380/1/5 7379/1/5
f 7384/1/5 7382/1/5 7381/1/5
f 7384/1/5 7381/1/5 7380/1/5
f 7385/1/5 7382/1/5 7384/1/5
f 7388/1/5 7384/1/5 7383/1/5
f 7388/1/5 7386/1/5 7385/1/5
f 7388/1/5 7385/1/5 7384/1/5
f 7389/1/5 7386/1/5 7388/1/5
f 7392/1/5 7388/1/5 7387/1/5
f 7392/1/5 7390/1/5 7389/1/5
f 7392/1/5 7389/1/5 7388/1/5
f 7393/1/5 7390/1/5 7392/1/5
f 7396/1/5 7392/1/5 7391/1/5
f 7396/1/5 7394/1/5 7393/1/5
f 7396/1/5 7393/1/5 7392/1/5
f 7397/1/5 7394/1/5 7396/1/5
f 7400/1/5 7396/1/5 7395/1/5
f 7400/1/5 7398/1/5 7397/1/5
f 7400/1/5 7397/1/5 7396/1/5
f 7401/1/5 7398/1/5 7400/1/5
f 7404/1/5 7400/1/5 7399/1/5
f 7404/1/5 7402/1/5 7401/1/5
f 7404/1/5 7401/1/5 7400/1/5
f 7405/1/5 7402/1/5 7404/1/5
f 7408/1/5 7404/1/5 7403/1/5
f 7408/1/5 7406/1/5 7405/1/5
f 7408/1/5 7405/1/5 7404/1/5
f 7409/1/5 7406/1/5 7408/1/5
f 7412/1/5 7408/1/5 7407/1/5
f 7412/1/5 7410/1/5 7409/1/5
f 7412/1/5 7409/1/5 7408/1/5
f 7413/1/5 7410/1/5 7412/1/5
f 7416/1/5 7412/1/5 7411/1/5
f 7416/1/5 7414/1/5 7413/1/5
f 7416/1/5 7413/1/5 7412/1/5
f 7417/1/5 7414/1/5 7416/1/5
f 7420/1/5 7416/1/5 7415/1/5
f 7420/1/5 7418/1/5 7417/1/5
f 7420/1/5 7417/1/5 7416/1/5
f 7421/1/5 7418/1/5 7420/1/5
f 7424/1/5 7420/1/5 7419/1/5
f 7424/1/5 7422/1/5 7421/1/5
f 7424/1/5 7421/1/5 7420/1/5
f 7425/1/5 7422/1/5 7424/1/5
f 7428/1/5 7424/1/5 7423/1/5
f 7428/1/5 7426/1/5 7425/1/5
f 7428/1/5 7425/1/5 7424/1/5
f 7429/1/5 7426/1/5 7428/1/5
f 7432/1/5 7428/1/5 7427/1/5
f 7432/1/5 7430/1/5 7429/1/5
f 7432/1/5 7429/1/5 7428/1/5
f 7433/1/5 7430/1/5 7432/1/5
f 7436/1/5 7432/1/5 7431/1/5
f 7436/1/5 7434/1/5 7433/1/5
f 7436/1/5 7433/1/5 7432/1/5
f 7437/1/5 7434/1/5 7436/1/5
f 7440/1/5 7436/1/5 7435/1/5
f 7440/1/5 7438/1/5 7437/1/5
f 7440/1/5 7437/1/5 7436/1/5
f 7441/1/5 7438/1/5 7440/1/5
f 7444/1/5 7440/1/5 7439/1/5
f 7444/1/5 7442/1/5 7441/1/5
f 7444/1/5 7441/1/5 7440/1/5
f 7445/1/5 7442/1/5 7444/1/5
f 7448/1/5 7444/1/5 7443/1/5
f 7448/1/5 7446/1/5 7445/1/5
f 7448/1/5 7445/1/5 7444/1/5
f 7449/1/5 7446/1/5 7448/1/5
f 7452/1/5 7448/1/5 7447/1/5
f 7452/1/5 7450/1/5 7449/1/5
f 7452/1/5 7449/1/5 7448/1/5
f 7453/1/5 7450/1/5 7452/1/5
f 7456/1/5 7452/1/5 7451/1/5
f 7456/1/5 7454/1/5 7453/1/5
f 7456/1/5 7453/1/5 7452/1/5
f 7457/1/5 7454/1/5 7456/1/5
f 7460/1/5 7456/1/5 7455/1/5
f 7460/1/5 7458/1/5 7457/1/5
f 7460/1/5 7457/1/5 7456/1/5
f 7461/1/5 7458/1/5 7460/1/5
f 7463/1/5 7460/1/5 7459/1/5
f 7463/1/5 7462/1/5 7461/1/5
f 7463/1/5 7461/1/5 7460/1/5
f 7464/1/5 7462/1/5 7463/1/5
f 7465/1/5 7462/1/5 7464/1/5
f 7466/1/5 7462/1/5 7465/1/5
f 7467/1/5 7465/1/5 7464/1/5
f 7468/1/5 7465/1/5 7467/1/5
f 7469/1/5 7465/1/5 7468/1/5
f 7470/1/5 7465/1/5 7469/1/5
f 7471/1/5 7469/1/5 7468/1/5
f 7472/1/5 7469/1/5 7471/1/5
f 7473/1/5 7469/1/5 7472/1/5
f 7474/1/5 7469/1/5 7473/1/5
f 7475/1/5 7473/1/5 7472/1/5
f 7476/1/5 7473/1/5 7475/1/5
f 7477/1/5 7473/1/5 7476/1/5
f 7478/1/5 7473/1/5 7477/1/5
f 7479/1/5 7477/1/5 7476/1/5
f 7480/1/5 7477/1/5 7479/1/5
f 7481/1/5 7477/1/5 7480/1/5
f 7482/1/5 7477/1/5 7481/1/5
f 7483/1/5 7481/1/5 7480/1/5
f 7484/1/5 7481/1/5 7483/1/5
f 7485/1/5 7481/1/5 7484/1/5
f 7486/1/5 7481/1/5 7485/1/5
f 7487/1/5 7485/1/5 7484/1/5
f 7488/1/5 7485/1/5 7487/1/5
f 7489/1/5 7485/1/5 7488/1/5
f 7490/1/5 7485/1/5 7489/1/5
f 7491/1/5 7489/1/5 7488/1/5
f 7492/1/5 7489/1/5 7491/1/5
f 7493/1/5 7489/1/5 7492/1/5
f 7494/1/5 7489/1/5 7493/1/5
f 7495/1/5 7493/1/5 7492/1/5
f 7496/1/5 7493/1/5 7495/1/5
f 7497/1/5 7493/1/5 7496/1/5
f 7498/1/5 7493/1/5 7497/1/5
f 7499/1/5 7497/1/5 7496/1/5
f 7500/1/5 7497/1/5 7499/1/5
f 7501/1/5 7497/1/5 7500/1/5
f 7502/1/5 7497/1/5 7501/1/5
f 7503/1/5 7501/1/5 7500/1/5
f 7504/1/5 7501/1/5 7503/1/5
f 7505/1/5 7501/1/5 7504/1/5
f 7506/1/5 7501/1/5 7505/1/5
f 7507/1/5 7505/1/5 7504/1/5
f 7508/1/5 7505/1/5 7507/1/5
f 7509/1/5 7505/1/5 7508/1/5
f 7510/1/5 7505/1/5 7509/1/5
f 7511/1/5 7509/1/5 7508/1/5
f 7512/1/5 7509/1/5 7511/1/5
f 7513/1/5 7509/1/5 7512/1/5
f 7514/1/5 7509/1/5 7513/1/5
f 7515/1/5 7513/1/5 7512/1/5
f 7516/1/5 7513/1/5 7515/1/5
f 7517/1/5 7513/1/5 7516/1/5
f 7518/1/5 7513/1/5 7517/1/5
f 7519/1/5 7517/1/5 7516/1/5
f 7520/1/5 7517/1/5 7519/1/5
f 7521/1/5 7517/1/5 7520/1/5
f 7522/1/5 7517/1/5 7521/1/5
f 7523/1/5 7521/1/5 7520/1/5
f 7524/1/5 7521/1/5 7523/1/5
f 7525/1/5 7521/1/5 7524/1/5
f 7526/1/5 7521/1/5 7525/1/5
f 7527/1/5 7525/1/5 7524/1/5
f 7528/1/5 7525/1/5 7527/1/5
f 7529/1/5 7525/1/5 7528/1/5
f 7530/1/5 7525/1/5 7529/1/5
f 7531/1/5 7529/1/5 7528/1/5
f 7532/1/5 7529/1/5 7531/1/5
f 7533/1/5 7529/1/5 7532/1/5
f 7534/1/5 7529/1/5 7533/1/5
f 7535/1/5 7533/1/5 7532/1/5
f 7536/1/5 7533/1/5 7535/1/5
f 7537/1/5 7533/1/5 7536/1/5
f 7538/1/5 7533/1/5 7537/1/5
f 7539/1/5 7537/1/5 7536/1/5
f 7540/1/5 7537/1/5 7539/1/5
f 7541/1/5 7537/1/5 7540/1/5
f 7542/1/5 7537/1/5 7541/1/5
f 7543/1/5 7541/1/5 7540/1/5
f 7544/1/5 7541/1/5 7543/1/5
f 7545/1/5 7541/1/5 7544/1/5
f 7546/1/5 7541/1/5 7545/1/5
f 7547/1/5 7545/1/5 7544/1/5
f 7548/1/5 7545/1/5 7547/1/5
f 7552/3/5 7550/3/5 7549/3/5
f 7553/3/5 7550/3/5 7552/3/5
f 7556/3/5 7552/3/5 7551/3/5
f 7556/3/5 7554/3/5 7553/3/5
f 7556/3/5 7553/3/5 7552/3/5
f 7557/3/5 7554/3/5 7556/3/5
f 7558/3/5 7554/3/5 7557/3/5
f 7559/3/5 7554/3/5 7558/3/5
f 7561/3/5 7556/3/5 7555/3/5
f 7561/3/5 7557/3/5 7556/3/5
f 7562/3/5 7557/3/5 7561/3/5
f 7563/3/5 7560/3/5 7559/3/5
f 7563/3/5 7559/3/5 7558/3/5
f 7564/3/5 7560/3/5 7563/3/5
f 7565/3/5 7561/3/5 7555/3/5
f 7568/3/5 7560/3/5 7564/3/5
f 7569/3/5 7566/3/5 7565/3/5
f 7569/3/5 7565/3/5 7555/3/5
f 7570/3/5 7566/3/5 7569/3/5
f 7571/3/5 7566/3/5 7570/3/5
f 7572/3/5 7568/3/5 7567/3/5
f 7573/3/5 7560/3/5 7568/3/5
f 7573/3/5 7568/3/5 7572/3/5
f 7574/3/5 7560/3/5 7573/3/5
f 7575/3/5 7571/3/5 7570/3/5
f 7575/3/5 7572/3/5 7571/3/5
f 7575/3/5 7573/3/5 7572/3/5
f 7576/3/5 7573/3/5 7575/3/5
f 7577/3/5 7573/3/5 7576/3/5
f 7578/3/5 7573/3/5 7577/3/5
f 7579/3/5 7577/3/5 7576/3/5
f 7580/3/5 7577/3/5 7579/3/5
f 7584/3/5 7582/3/5 7581/3/5
f 7585/3/5 7582/3/5 7584/3/5
f 7588/3/5 7584/3/5 7583/3/5
f 7588/3/5 7586/3/5 7585/3/5
f 7588/3/5 7585/3/5 7584/3/5
f 7589/3/5 7586/3/5 7588/3/5
f 7590/3/5 7586/3/5 7589/3/5
f 7591/3/5 7586/3/5 7590/3/5
f 7593/3/5 7588/3/5 7587/3/5
f 7593/3/5 7589/3/5 7588/3/5
f 7594/3/5 7589/3/5 7593/3/5
f 7595/3/5 7592/3/5 7591/3/5
f 7595/3/5 7591/3/5 7590/3/5
f 7596/3/5 7592/3/5 7595/3/5
f 7597/3/5 7593/3/5 7587/3/5
f 7600/3/5 7592/3/5 7596/3/5
f 7601/3/5 7598/3/5 7597/3/5
f 7601/3/5 7597/3/5 7587/3/5
f 7602/3/5 7598/3/5 7601/3/5
f 7603/3/5 7598/3/5 7602/3/5
f 7604/3/5 7600/3/5 7599/3/5
f 7605/3/5 7592/3/5 7600/3/5
f 7605/3/5 7600/3/5 7604/3/5
f 7606/3/5 7592/3/5 7605/3/5
f 7607/3/5 7603/3/5 7602/3/5
f 7607/3/5 7604/3/5 7603/3/5
f 7607/3/5 7605/3/5 7604/3/5
f 7608/3/5 7605/3/5 7607/3/5
f 7609/3/5 7605/3/5 7608/3/5
f 7610/3/5 7605/3/5 7609/3/5
f 7611/3/5 7609/3/5 7608/3/5
f 7612/3/5 7609/3/5 7611/3/5
f 7616/3/5 7614/3/5 7613/3/5
f 7617/3/5 7614/3/5 7616/3/5
f 7620/3/5 7616/3/5 7615/3/5
f 7620/3/5 7618/3/5 7617/3/5
f 7620/3/5 7617/3/5 7616/3/5
f 7621/3/5 7618/3/5 7620/3/5
f 7622/3/5 7618/3/5 7621/3/5
f 7623/3/5 7618/3/5 7622/3/5
f 7625/3/5 7620/3/5 7619/3/5
f 7625/3/5 7621/3/5 7620/3/5
f 7626/3/5 7621/3/5 7625/3/5
f 7627/3/5 7624/3/5 7623/3/5
f 7627/3/5 7623/3/5 7622/3/5
f 7628/3/5 7624/3/5 7627/3/5
f 7629/3/5 7625/3/5 7619/3/5
f 7632/3/5 7624/3/5 7628/3/5
f 7633/3/5 7630/3/5 7629/3/5
f 7633/3/5 7629/3/5 7619/3/5
f 7634/3/5 7630/3/5 7633/3/5
f 7635/3/5 7630/3/5 7634/3/5
f 7636/3/5 7632/3/5 7631/3/5
f 7637/3/5 7624/3/5 7632/3/5
f 7637/3/5 7632/3/5 7636/3/5
f 7638/3/5 7624/3/5 7637/3/5
f 7639/3/5 7635/3/5 7634/3/5
f 7639/3/5 7636/3/5 7635/3/5
f 7639/3/5 7637/3/5 7636/3/5
f 7640/3/5 7637/3/5 7639/3/5
f 7641/3/5 7637/3/5 7640/3/5
f 7642/3/5 7637/3/5 7641/3/5
f 7643/3/5 7641/3/5 7640/3/5
f 7644/3/5 7641/3/5 7643/3/5
f 7648/3/5 7646/3/5 7645/3/5
f 7649/3/5 7646/3/5 7648/3/5
f 7652/3/5 7648/3/5 7647/3/5
f 7652/3/5 7650/3/5 7649/3/5
f 7652/3/5 7649/3/5 7648/3/5
f 7653/3/5 7650/3/5 7652/3/5
f 7654/3/5 7650/3/5 7653/3/5
f 7655/3/5 7650/3/5 7654/3/5
f 7657/3/5 7652/3/5 7651/3/5
f 7657/3/5 7653/3/5 7652/3/5
f 7658/3/5 7653/3/5 7657/3/5
f 7659/3/5 7656/3/5 7655/3/5
f 7659/3/5 7655/3/5 7654/3/5
f 7660/3/5 7656/3/5 7659/3/5
f 7661/3/5 7657/3/5 7651/3/5
f 7664/3/5 7656/3/5 7660/3/5
f 7665/3/5 7662/3/5 7661/3/5
f 7665/3/5 7661/3/5 7651/3/5
f 7666/3/5 7662/3/5 7665/3/5
f 7667/3/5 7662/3/5 7666/3/5
f 7668/3/5 7664/3/5 7663/3/5
f 7669/3/5 7656/3/5 7664/3/5
f 7669/3/5 7664/3/5 7668/3/5
f 7670/3/5 7656/3/5 7669/3/5
f 7671/3/5 7667/3/5 7666/3/5
f 7671/3/5 7668/3/5 7667/3/5
f 7671/3/5 7669/3/5 7668/3/5
f 7672/3/5 7669/3/5 7671/3/5
f 7673/3/5 7669/3/5 7672/3/5
f 7674/3/5 7669/3/5 7673/3/5
f 7675/3/5 7673/3/5 7672/3/5
f 7676/3/5 7673/3/5 7675/3/5
f 7680/3/5 7678/3/5 7677/3/5
f 7681/3/5 7678/3/5 7680/3/5
f 7684/3/5 7680/3/5 7679/3/5
f 7684/3/5 7682/3/5 7681/3/5
f 7684/3/5 7681/3/5 7680/3/5
f 7685/3/5 7682/3/5 7684/3/5
f 7686/3/5 7682/3/5 7685/3/5
f 7687/3/5 7682/3/5 7686/3/5
f 7690/3/5 7684/3/5 7683/3/5
f 7690/3/5 7685/3/5 7684/3/5
f 7691/3/5 7685/3/5 7690/3/5
f 7692/3/5 7685/3/5 7691/3/5
f 7693/3/5 7687/3/5 7686/3/5
f 7693/3/5 7688/3/5 7687/3/5
f 7694/3/5 7688/3/5 7693/3/5
f 7695/3/5 7688/3/5 7694/3/5
f 7698/3/5 7691/3/5 7690/3/5
f 7698/3/5 7690/3/5 7689/3/5
f 7699/3/5 7691/3/5 7698/3/5
f 7700/3/5 7691/3/5 7699/3/5
f 7701/3/5 7696/3/5 7695/3/5
f 7701/3/5 7695/3/5 7694/3/5
f 7702/3/5 7696/3/5 7701/3/5
f 7703/3/5 7696/3/5 7702/3/5
f 7705/3/5 7699/3/5 7698/3/5
f 7705/3/5 7698/3/5 7697/3/5
f 7706/3/5 7699/3/5 7705/3/5
f 7707/3/5 7699/3/5 7706/3/5
f 7710/3/5 7704/3/5 7703/3/5
f 7710/3/5 7703/3/5 7702/3/5
f 7711/3/5 7704/3/5 7710/3/5
f 7712/3/5 7704/3/5 7711/3/5
f 7713/3/5 7708/3/5 7707/3/5
f 7713/3/5 7707/3/5 7706/3/5
f 7714/3/5 7708/3/5 7713/3/5
f 7715/3/5 7708/3/5 7714/3/5
f 7718/3/5 7711/3/5 7710/3/5
f 7718/3/5 7710/3/5 7709/3/5
f 7719/3/5 7711/3/5 7718/3/5
f 7720/3/5 7711/3/5 7719/3/5
f 7721/3/5 7716/3/5 7715/3/5
f 7721/3/5 7715/3/5 7714/3/5
f 7722/3/5 7716/3/5 7721/3/5
f 7723/3/5 7716/3/5 7722/3/5
f 7724/3/5 7719/3/5 7718/3/5
f 7724/3/5 7718/3/5 7717/3/5
f 7725/3/5 7719/3/5 7724/3/5
f 7726/3/5 7719/3/5 7725/3/5
f 7727/3/5 7723/3/5 7722/3/5
f 7727/3/5 7725/3/5 7724/3/5
f 7727/3/5 7724/3/5 7723/3/5
f 7728/3/5 7725/3/5 7727/3/5
f 7729/3/5 7725/3/5 7728/3/5
f 7730/3/5 7725/3/5 7729/3/5
f 7733/3/5 7729/3/5 7728/3/5
f 7734/3/5 7729/3/5 7733/3/5
f 7736/3/5 7732/3/5 7731/3/5
f 7737/3/5 7732/3/5 7736/3/5
f 7740/3/5 7736/3/5 7735/3/5
f 7740/3/5 7738/3/5 7737/3/5
f 7740/3/5 7737/3/5 7736/3/5
f 7741/3/5 7738/3/5 7740/3/5
f 7742/3/5 7738/3/5 7741/3/5
f 7743/3/5 7738/3/5 7742/3/5
f 7746/3/5 7740/3/5 7739/3/5
f 7746/3/5 7741/3/5 7740/3/5
f 7747/3/5 7741/3/5 7746/3/5
f 7748/3/5 7741/3/5 7747/3/5
f 7749/3/5 7743/3/5 7742/3/5
f 7749/3/5 7744/3/5 7743/3/5
f 7750/3/5 7744/3/5 7749/3/5
f 7751/3/5 7744/3/5 7750/3/5
f 7753/3/5 7747/3/5 7746/3/5
f 7753/3/5 7746/3/5 7745/3/5
f 7754/3/5 7747/3/5 7753/3/5
f 7755/3/5 7752/3/5 7751/3/5
f 7755/3/5 7751/3/5 7750/3/5
f 7756/3/5 7752/3/5 7755/3/5
f 7758/3/5 7753/3/5 7745/3/5
f 7759/3/5 7752/3/5 7756/3/5
f 7761/3/5 7758/3/5 7757/3/5
f 7762/3/5 7753/3/5 7758/3/5
f 7762/3/5 7758/3/5 7761/3/5
f 7763/3/5 7760/3/5 7759/3/5
f 7763/3/5 7759/3/5 7756/3/5
f 7764/3/5 7760/3/5 7763/3/5
f 7765/3/5 7753/3/5 7762/3/5
f 7768/3/5 7763/3/5 7756/3/5
f 7769/3/5 7766/3/5 7765/3/5
f 7769/3/5 7765/3/5 7762/3/5
f 7770/3/5 7766/3/5 7769/3/5
f 7771/3/5 7766/3/5 7770/3/5
f 7774/3/5 7768/3/5 7767/3/5
f 7775/3/5 7763/3/5 7768/3/5
f 7775/3/5 7768/3/5 7774/3/5
f 7776/3/5 7763/3/5 7775/3/5
f 7777/3/5 7772/3/5 7771/3/5
f 7777/3/5 7771/3/5 7770/3/5
f 7778/3/5 7772/3/5 7777/3/5
f 7779/3/5 7772/3/5 7778/3/5
f 7780/3/5 7774/3/5 7773/3/5
f 7780/3/5 7775/3/5 7774/3/5
f 7781/3/5 7775/3/5 7780/3/5
f 7782/3/5 7775/3/5 7781/3/5
f 7783/3/5 7779/3/5 7778/3/5
f 7783/3/5 7781/3/5 7780/3/5
f 7783/3/5 7780/3/5 7779/3/5
f 7784/3/5 7781/3/5 7783/3/5
f 7785/3/5 7781/3/5 7784/3/5
f 7786/3/5 7781/3/5 7785/3/5
f 7787/3/5 7785/3/5 7784/3/5
f 7788/3/5 7785/3/5 7787/3/5
f 7792/3/5 7790/3/5 7789/3/5
f 7793/3/5 7790/3/5 7792/3/5
f 7796/3/5 7792/3/5 7791/3/5
f 7796/3/5 7794/3/5 7793/3/5
f 7796/3/5 7793/3/5 7792/3/5
f 7797/3/5 7794/3/5 7796/3/5
f 7798/3/5 7794/3/5 7797/3/5
f 7799/3/5 7794/3/5 7798/3/5
f 7802/3/5 7796/3/5 7795/3/5
f 7802/3/5 7797/3/5 7796/3/5
f 7803/3/5 7797/3/5 7802/3/5
f 7804/3/5 7797/3/5 7803/3/5
f 7805/3/5 7799/3/5 7798/3/5
f 7805/3/5 7800/3/5 7799/3/5
f 7806/3/5 7800/3/5 7805/3/5
f 7807/3/5 7800/3/5 7806/3/5
f 7809/3/5 7803/3/5 7802/3/5
f 7809/3/5 7802/3/5 7801/3/5
f 7810/3/5 7803/3/5 7809/3/5
f 7811/3/5 7808/3/5 7807/3/5
f 7811/3/5 7807/3/5 7806/3/5
f 7812/3/5 7808/3/5 7811/3/5
f 7814/3/5 7809/3/5 7801/3/5
f 7815/3/5 7808/3/5 7812/3/5
f 7817/3/5 7814/3/5 7813/3/5
f 7818/3/5 7809/3/5 7814/3/5
f 7818/3/5 7814/3/5 7817/3/5
f 7819/3/5 7816/3/5 7815/3/5
f 7819/3/5 7815/3/5 7812/3/5
f 7820/3/5 7816/3/5 7819/3/5
f 7821/3/5 7809/3/5 7818/3/5
f 7824/3/5 7819/3/5 7812/3/5
f 7825/3/5 7822/3/5 7821/3/5
f 7825/3/5 7821/3/5 7818/3/5
f 7826/3/5 7822/3/5 7825/3/5
f 7827/3/5 7822/3/5 7826/3/5
f 7830/3/5 7824/3/5 7823/3/5
f 7831/3/5 7819/3/5 7824/3/5
f 7831/3/5 7824/3/5 7830/3/5
f 7832/3/5 7819/3/5 7831/3/5
f 7833/3/5 7828/3/5 7827/3/5
f 7833/3/5 7827/3/5 7826/3/5
f 7834/3/5 7828/3/5 7833/3/5
f 7835/3/5 7828/3/5 7834/3/5
f 7836/3/5 7830/3/5 7829/3/5
f 7836/3/5 7831/3/5 7830/3/5
f 7837/3/5 7831/3/5 7836/3/5
f 7838/3/5 7831/3/5 7837/3/5
f 7841/3/5 7835/3/5 7834/3/5
f 7841/3/5 7836/3/5 7835/3/5
f 7841/3/5 7837/3/5 7836/3/5
f 7842/3/5 7837/3/5 7841/3/5
f 7843/3/5 7837/3/5 7842/3/5
f 7844/3/5 7837/3/5 7843/3/5
f 7846/3/5 7840/3/5 7839/3/5
f 7847/3/5 7840/3/5 7846/3/5
f 7849/3/5 7843/3/5 7842/3/5
f 7850/3/5 7843/3/5 7849/3/5
f 7852/3/5 7848/3/5 7847/3/5
f 7852/3/5 7846/3/5 7845/3/5
f 7852/3/5 7847/3/5 7846/3/5
f 7853/3/5 7848/3/5 7852/3/5
f 7854/3/5 7848/3/5 7853/3/5
f 7855/3/5 7848/3/5 7854/3/5
f 7858/3/5 7852/3/5 7851/3/5
f 7858/3/5 7853/3/5 7852/3/5
f 7859/3/5 7853/3/5 7858/3/5
f 7860/3/5 7853/3/5 7859/3/5
f 7861/3/5 7855/3/5 7854/3/5
f 7861/3/5 7856/3/5 7855/3/5
f 7862/3/5 7856/3/5 7861/3/5
f 7863/3/5 7856/3/5 7862/3/5
f 7866/3/5 7859/3/5 7858/3/5
f 7866/3/5 7858/3/5 7857/3/5
f 7867/3/5 7859/3/5 7866/3/5
f 7868/3/5 7859/3/5 7867/3/5
f 7869/3/5 7864/3/5 7863/3/5
f 7869/3/5 7863/3/5 7862/3/5
f 7870/3/5 7864/3/5 7869/3/5
f 7871/3/5 7864/3/5 7870/3/5
f 7873/3/5 7867/3/5 7866/3/5
f 7873/3/5 7866/3/5 7865/3/5
f 7874/3/5 7867/3/5 7873/3/5
f 7875/3/5 7867/3/5 7874/3/5
f 7878/3/5 7872/3/5 7871/3/5
f 7878/3/5 7871/3/5 7870/3/5
f 7879/3/5 7872/3/5 7878/3/5
f 7880/3/5 7872/3/5 7879/3/5
f 7881/3/5 7876/3/5 7875/3/5
f 7881/3/5 7875/3/5 7874/3/5
f 7882/3/5 7876/3/5 7881/3/5
f 7883/3/5 7876/3/5 7882/3/5
f 7886/3/5 7879/3/5 7878/3/5
f 7886/3/5 7878/3/5 7877/3/5
f 7887/3/5 7879/3/5 7886/3/5
f 7888/3/5 7879/3/5 7887/3/5
f 7889/3/5 7884/3/5 7883/3/5
f 7889/3/5 7883/3/5 7882/3/5
f 7890/3/5 7884/3/5 7889/3/5
f 7891/3/5 7884/3/5 7890/3/5
f 7892/3/5 7887/3/5 7886/3/5
f 7892/3/5 7886/3/5 7885/3/5
f 7893/3/5 7887/3/5 7892/3/5
f 7894/3/5 7887/3/5 7893/3/5
f 7895/3/5 7891/3/5 7890/3/5
f 7895/3/5 7893/3/5 7892/3/5
f 7895/3/5 7892/3/5 7891/3/5
f 7896/3/5 7893/3/5 7895/3/5
f 7897/3/5 7893/3/5 7896/3/5
f 7898/3/5 7893/3/5 7897/3/5
f 7899/3/5 7897/3/5 7896/3/5
f 7900/3/5 7897/3/5 7899/3/5
f 7906/3/5 7902/3/5 7901/3/5
f 7907/3/5 7902/3/5 7906/3/5
f 7908/3/5 7904/3/5 7903/3/5
f 7909/3/5 7904/3/5 7908/3/5
f 7912/3/5 7906/3/5 7905/3/5
f 7913/3/5 7906/3/5 7912/3/5
f 7914/3/5 7910/3/5 7909/3/5
f 7915/3/5 7910/3/5 7914/3/5
f 7917/3/5 7912/3/5 7911/3/5
f 7918/3/5 7912/3/5 7917/3/5
f 7919/3/5 7916/3/5 7915/3/5
f 7920/3/5 7916/3/5 7919/3/5
f 7922/3/5 7917/3/5 7911/3/5
f 7923/3/5 7917/3/5 7922/3/5
f 7924/3/5 7916/3/5 7920/3/5
f 7925/3/5 7916/3/5 7924/3/5
f 7927/3/5 7922/3/5 7921/3/5
f 7928/3/5 7922/3/5 7927/3/5
f 7931/3/5 7926/3/5 7925/3/5
f 7932/3/5 7926/3/5 7931/3/5
f 7933/3/5 7929/3/5 7928/3/5
f 7936/3/5 7931/3/5 7930/3/5
f 7937/3/5 7934/3/5 7933/3/5
f 7937/3/5 7933/3/5 7928/3/5
f 7938/3/5 7934/3/5 7937/3/5
f 7941/3/5 7936/3/5 7935/3/5
f 7942/3/5 7931/3/5 7936/3/5
f 7942/3/5 7936/3/5 7941/3/5
f 7945/3/5 7939/3/5 7938/3/5
f 7946/3/5 7939/3/5 7945/3/5
f 7949/3/5 7941/3/5 7940/3/5
f 7950/3/5 7941/3/5 7949/3/5
f 7952/3/5 7944/3/5 7943/3/5
f 7953/3/5 7944/3/5 7952/3/5
f 7955/3/5 7947/3/5 7946/3/5
f 7956/3/5 7947/3/5 7955/3/5
f 7957/3/5 7949/3/5 7948/3/5
f 7958/3/5 7949/3/5 7957/3/5
f 7959/3/5 7952/3/5 7951/3/5
f 7960/3/5 7952/3/5 7959/3/5
f 7961/3/5 7954/3/5 7953/3/5
f 7962/3/5 7954/3/5 7961/3/5
f 7964/3/5 7959/3/5 7951/3/5
f 7965/3/5 7959/3/5 7964/3/5
f 7966/3/5 7954/3/5 7962/3/5
f 7967/3/5 7954/3/5 7966/3/5
f 7970/3/5 7964/3/5 7963/3/5
f 7971/3/5 7964/3/5 7970/3/5
f 7972/3/5 7968/3/5 7967/3/5
f 7973/3/5 7968/3/5 7972/3/5
f 7975/3/5 7970/3/5 7969/3/5
f 7976/3/5 7970/3/5 7975/3/5
f 7977/3/5 7974/3/5 7973/3/5
f 7978/3/5 7974/3/5 7977/3/5
f 7983/3/5 7980/3/5 7979/3/5
f 7984/3/5 7980/3/5 7983/3/5
f 7987/3/5 7982/3/5 7981/3/5
f 7988/3/5 7982/3/5 7987/3/5
f 7989/3/5 7985/3/5 7984/3/5
f 7990/3/5 7985/3/5 7989/3/5
f 7993/3/5 7987/3/5 7986/3/5
f 7994/3/5 7987/3/5 7993/3/5
f 7995/3/5 7991/3/5 7990/3/5
f 7998/3/5 7993/3/5 7992/3/5
f 7999/3/5 7996/3/5 7995/3/5
f 7999/3/5 7995/3/5 7990/3/5
f 8000/3/5 7996/3/5 7999/3/5
f 8001/3/5 7998/3/5 7997/3/5
f 8002/3/5 7993/3/5 7998/3/5
f 8002/3/5 7998/3/5 8001/3/5
f 8003/3/5 8001/3/5 8000/3/5
f 8004/3/5 8001/3/5 8003/3/5
f 8008/3/5 8006/3/5 8005/3/5
f 8009/3/5 8006/3/5 8008/3/5
f 8011/3/5 8008/3/5 8007/3/5
f 8012/3/5 8008/3/5 8011/3/5
f 8013/3/5 8010/3/5 8009/3/5
f 8014/3/5 8010/3/5 8013/3/5
f 8016/3/5 8011/3/5 8007/3/5
f 8017/3/5 8011/3/5 8016/3/5
f 8018/3/5 8010/3/5 8014/3/5
f 8019/3/5 8010/3/5 8018/3/5
f 8022/3/5 8016/3/5 8015/3/5
f 8023/3/5 8016/3/5 8022/3/5
f 8024/3/5 8020/3/5 8019/3/5
f 8025/3/5 8020/3/5 8024/3/5
f 8027/3/5 8022/3/5 8021/3/5
f 8028/3/5 8022/3/5 8027/3/5
f 8029/3/5 8026/3/5 8025/3/5
f 8030/3/5 8026/3/5 8029/3/5
f 8035/3/5 8032/3/5 8031/3/5
f 8036/3/5 8032/3/5 8035/3/5
f 8039/3/5 8034/3/5 8033/3/5
f 8040/3/5 8034/3/5 8039/3/5
f 8041/3/5 8037/3/5 8036/3/5
f 8042/3/5 8037/3/5 8041/3/5
f 8045/3/5 8039/3/5 8038/3/5
f 8046/3/5 8039/3/5 8045/3/5
f 8051/3/5 8043/3/5 8042/3/5
f 8054/3/5 8045/3/5 8044/3/5
f 8056/3/5 8048/3/5 8047/3/5
f 8057/3/5 8048/3/5 8056/3/5
f 8058/3/5 8050/3/5 8049/3/5
f 8059/3/5 8050/3/5 8058/3/5
f 8061/3/5 8052/3/5 8051/3/5
f 8061/3/5 8051/3/5 8042/3/5
f 8062/3/5 8052/3/5 8061/3/5
f 8063/3/5 8054/3/5 8053/3/5
f 8064/3/5 8045/3/5 8054/3/5
f 8064/3/5 8054/3/5 8063/3/5
f 8065/3/5 8063/3/5 8062/3/5
f 8066/3/5 8063/3/5 8065/3/5
f 8068/3/5 8056/3/5 8055/3/5
f 8069/3/5 8056/3/5 8068/3/5
f 8070/3/5 8060/3/5 8059/3/5
f 8071/3/5 8060/3/5 8070/3/5
f 8073/3/5 8068/3/5 8067/3/5
f 8074/3/5 8068/3/5 8073/3/5
f 8075/3/5 8072/3/5 8071/3/5
f 8076/3/5 8072/3/5 8075/3/5
f 8078/3/5 8073/3/5 8067/3/5
f 8079/3/5 8073/3/5 8078/3/5
f 8080/3/5 8072/3/5 8076/3/5
f 8081/3/5 8072/3/5 8080/3/5
f 8083/3/5 8078/3/5 8077/3/5
f 8084/3/5 8078/3/5 8083/3/5
f 8087/3/5 8082/3/5 8081/3/5
f 8088/3/5 8082/3/5 8087/3/5
f 8089/3/5 8085/3/5 8084/3/5
f 8092/3/5 8087/3/5 8086/3/5
f 8093/3/5 8090/3/5 8089/3/5
f 8093/3/5 8089/3/5 8084/3/5
f 8094/3/5 8090/3/5 8093/3/5
f 8097/3/5 8092/3/5 8091/3/5
f 8098/3/5 8087/3/5 8092/3/5
f 8098/3/5 8092/3/5 8097/3/5
f 8099/3/5 8095/3/5 8094/3/5
f 8100/3/5 8095/3/5 8099/3/5
f 8103/3/5 8097/3/5 8096/3/5
f 8104/3/5 8097/3/5 8103/3/5
f 8105/3/5 8101/3/5 8100/3/5
f 8106/3/5 8101/3/5 8105/3/5
f 8107/3/5 8103/3/5 8102/3/5
f 8108/3/5 8103/3/5 8107/3/5
f 8113/3/5 8110/3/5 8109/3/5
f 8114/3/5 8110/3/5 8113/3/5
f 8118/3/5 8112/3/5 8111/3/5
f 8119/3/5 8112/3/5 8118/3/5
f 8120/3/5 8116/3/5 8115/3/5
f 8121/3/5 8116/3/5 8120/3/5
f 8124/3/5 8118/3/5 8117/3/5
f 8125/3/5 8118/3/5 8124/3/5
f 8126/3/5 8122/3/5 8121/3/5
f 8127/3/5 8122/3/5 8126/3/5
f 8129/3/5 8124/3/5 8123/3/5
f 8130/3/5 8124/3/5 8129/3/5
f 8131/3/5 8128/3/5 8127/3/5
f 8132/3/5 8128/3/5 8131/3/5
f 8137/3/5 8134/3/5 8133/3/5
f 8138/3/5 8134/3/5 8137/3/5
f 8139/3/5 8136/3/5 8135/3/5
f 8140/3/5 8136/3/5 8139/3/5
f 8147/3/5 8142/3/5 8141/3/5
f 8148/3/5 8142/3/5 8147/3/5
f 8151/3/5 8144/3/5 8143/3/5
f 8152/3/5 8144/3/5 8151/3/5
f 8155/3/5 8146/3/5 8145/3/5
f 8156/3/5 8146/3/5 8155/3/5
f 8159/3/5 8149/3/5 8148/3/5
f 8160/3/5 8149/3/5 8159/3/5
f 8163/3/5 8151/3/5 8150/3/5
f 8164/3/5 8151/3/5 8163/3/5
f 8166/3/5 8154/3/5 8153/3/5
f 8167/3/5 8154/3/5 8166/3/5
f 8168/3/5 8158/3/5 8157/3/5
f 8169/3/5 8158/3/5 8168/3/5
f 8171/3/5 8161/3/5 8160/3/5
f 8172/3/5 8161/3/5 8171/3/5
f 8175/3/5 8163/3/5 8162/3/5
f 8176/3/5 8163/3/5 8175/3/5
f 8177/3/5 8174/3/5 8173/3/5
f 8178/3/5 8174/3/5 8177/3/5
f 8180/3/5 8166/3/5 8165/3/5
f 8181/3/5 8166/3/5 8180/3/5
f 8182/3/5 8170/3/5 8169/3/5
f 8183/3/5 8170/3/5 8182/3/5
f 8185/3/5 8180/3/5 8179/3/5
f 8186/3/5 8180/3/5 8185/3/5
f 8187/3/5 8184/3/5 8183/3/5
f 8188/3/5 8184/3/5 8187/3/5
f 8193/3/5 8190/3/5 8189/3/5
f 8194/3/5 8190/3/5 8193/3/5
f 8195/3/5 8192/3/5 8191/3/5
f 8196/3/5 8192/3/5 8195/3/5
f 8201/3/5 8198/3/5 8197/3/5
f 8202/3/5 8198/3/5 8201/3/5
f 8205/3/5 8200/3/5 8199/3/5
f 8206/3/5 8200/3/5 8205/3/5
f 8207/3/5 8203/3/5 8202/3/5
f 8208/3/5 8203/3/5 8207/3/5
f 8211/3/5 8205/3/5 8204/3/5
f 8212/3/5 8205/3/5 8211/3/5
f 8213/3/5 8209/3/5 8208/3/5
f 8214/3/5 8209/3/5 8213/3/5
f 8217/3/5 8211/3/5 8210/3/5
f 8218/3/5 8211/3/5 8217/3/5
f 8219/3/5 8216/3/5 8215/3/5
f 8220/3/5 8216/3/5 8219/3/5
f 8225/3/5 8222/3/5 8221/3/5
f 8226/3/5 8222/3/5 8225/3/5
f 8230/3/5 8224/3/5 8223/3/5
f 8231/3/5 8224/3/5 8230/3/5
f 8232/3/5 8228/3/5 8227/3/5
f 8233/3/5 8228/3/5 8232/3/5
f 8236/3/5 8230/3/5 8229/3/5
f 8237/3/5 8230/3/5 8236/3/5
f 8238/3/5 8234/3/5 8233/3/5
f 8239/3/5 8234/3/5 8238/3/5
f 8241/3/5 8236/3/5 8235/3/5
f 8242/3/5 8236/3/5 8241/3/5
f 8243/3/5 8240/3/5 8239/3/5
f 8244/3/5 8240/3/5 8243/3/5
f 8249/3/5 8246/3/5 8245/3/5
f 8250/3/5 8246/3/5 8249/3/5
f 8251/3/5 8248/3/5 8247/3/5
f 8252/3/5 8248/3/5 8251/3/5
f 8259/3/5 8254/3/5 8253/3/5
f 8260/3/5 8254/3/5 8259/3/5
f 8263/3/5 8256/3/5 8255/3/5
f 8264/3/5 8256/3/5 8263/3/5
f 8267/3/5 8258/3/5 8257/3/5
f 8268/3/5 8258/3/5 8267/3/5
f 8272/3/5 8266/3/5 8265/3/5
f 8273/3/5 8266/3/5 8272/3/5
f 8274/3/5 8270/3/5 8269/3/5
f 8275/3/5 8270/3/5 8274/3/5
f 8277/3/5 8261/3/5 8260/3/5
f 8278/3/5 8261/3/5 8277/3/5
f 8281/3/5 8263/3/5 8262/3/5
f 8282/3/5 8263/3/5 8281/3/5
f 8283/3/5 8279/3/5 8278/3/5
f 8284/3/5 8279/3/5 8283/3/5
f 8287/3/5 8281/3/5 8280/3/5
f 8288/3/5 8281/3/5 8287/3/5
f 8290/3/5 8272/3/5 8271/3/5
f 8291/3/5 8272/3/5 8290/3/5
f 8292/3/5 8276/3/5 8275/3/5
f 8293/3/5 8276/3/5 8292/3/5
f 8295/3/5 8286/3/5 8285/3/5
f 8296/3/5 8286/3/5 8295/3/5
f 8297/3/5 8290/3/5 8289/3/5
f 8298/3/5 8290/3/5 8297/3/5
f 8299/3/5 8294/3/5 8293/3/5
f 8300/3/5 8294/3/5 8299/3/5
f 8305/3/5 8302/3/5 8301/3/5
f 8306/3/5 8302/3/5 8305/3/5
f 8307/3/5 8304/3/5 8303/3/5
f 8308/3/5 8304/3/5 8307/3/5
f 8313/3/5 8310/3/5 8309/3/5
f 8314/3/5 8310/3/5 8313/3/5
f 8317/3/5 8312/3/5 8311/3/5
f 8318/3/5 8312/3/5 8317/3/5
f 8319/3/5 8315/3/5 8314/3/5
f 8320/3/5 8315/3/5 8319/3/5
f 8323/3/5 8317/3/5 8316/3/5
f 8324/3/5 8317/3/5 8323/3/5
f 8325/3/5 8321/3/5 8320/3/5
f 8326/3/5 8321/3/5 8325/3/5
f 8329/3/5 8323/3/5 8322/3/5
f 8330/3/5 8323/3/5 8329/3/5
f 8331/3/5 8328/3/5 8327/3/5
f 8332/3/5 8328/3/5 8331/3/5
f 8337/3/5 8334/3/5 8333/3/5
f 8338/3/5 8334/3/5 8337/3/5
f 8342/3/5 8336/3/5 8335/3/5
f 8343/3/5 8336/3/5 8342/3/5
f 8344/3/5 8340/3/5 8339/3/5
f 8345/3/5 8340/3/5 8344/3/5
f 8348/3/5 8342/3/5 8341/3/5
f 8349/3/5 8342/3/5 8348/3/5
f 8350/3/5 8346/3/5 8345/3/5
f 8351/3/5 8346/3/5 8350/3/5
f 8353/3/5 8348/3/5 8347/3/5
f 8354/3/5 8348/3/5 8353/3/5
f 8355/3/5 8352/3/5 8351/3/5
f 8356/3/5 8352/3/5 8355/3/5
f 8361/3/5 8358/3/5 8357/3/5
f 8362/3/5 8358/3/5 8361/3/5
f 8363/3/5 8360/3/5 8359/3/5
f 8364/3/5 8360/3/5 8363/3/5
f 8369/3/5 8366/3/5 8365/3/5
f 8370/3/5 8366/3/5 8369/3/5
f 8371/3/5 8368/3/5 8367/3/5
f 8372/3/5 8368/3/5 8371/3/5
f 8383/3/5 8374/3/5 8373/3/5
f 8384/3/5 8374/3/5 8383/3/5
f 8385/3/5 8376/3/5 8375/3/5
f 8386/3/5 8376/3/5 8385/3/5
f 8389/3/5 8378/3/5 8377/3/5
f 8390/3/5 8378/3/5 8389/3/5
f 8393/3/5 8380/3/5 8379/3/5
f 8394/3/5 8380/3/5 8393/3/5
f 8396/3/5 8382/3/5 8381/3/5
f 8397/3/5 8382/3/5 8396/3/5
f 8398/3/5 8388/3/5 8387/3/5
f 8399/3/5 8388/3/5 8398/3/5
f 8401/3/5 8391/3/5 8390/3/5
f 8402/3/5 8391/3/5 8401/3/5
f 8405/3/5 8393/3/5 8392/3/5
f 8406/3/5 8393/3/5 8405/3/5
f 8407/3/5 8403/3/5 8402/3/5
f 8408/3/5 8403/3/5 8407/3/5
f 8411/3/5 8405/3/5 8404/3/5
f 8412/3/5 8405/3/5 8411/3/5
f 8414/3/5 8396/3/5 8395/3/5
f 8415/3/5 8396/3/5 8414/3/5
f 8416/3/5 8400/3/5 8399/3/5
f 8417/3/5 8400/3/5 8416/3/5
f 8419/3/5 8410/3/5 8409/3/5
f 8420/3/5 8410/3/5 8419/3/5
f 8421/3/5 8414/3/5 8413/3/5
f 8422/3/5 8414/3/5 8421/3/5
f 8423/3/5 8418/3/5 8417/3/5
f 8424/3/5 8418/3/5 8423/3/5
f 8429/3/5 8426/3/5 8425/3/5
f 8430/3/5 8426/3/5 8429/3/5
f 8431/3/5 8428/3/5 8427/3/5
f 8432/3/5 8428/3/5 8431/3/5
f 8437/3/5 8434/3/5 8433/3/5
f 8438/3/5 8434/3/5 8437/3/5
f 8441/3/5 8436/3/5 8435/3/5
f 8442/3/5 8436/3/5 8441/3/5
f 8443/3/5 8439/3/5 8438/3/5
f 8444/3/5 8439/3/5 8443/3/5
f 8447/3/5 8441/3/5 8440/3/5
f 8448/3/5 8441/3/5 8447/3/5
f 8449/3/5 8445/3/5 8444/3/5
f 8450/3/5 8445/3/5 8449/3/5
f 8455/3/5 8447/3/5 8446/3/5
f 8456/3/5 8447/3/5 8455/3/5
f 8457/3/5 8452/3/5 8451/3/5
f 8458/3/5 8452/3/5 8457/3/5
f 8459/3/5 8454/3/5 8453/3/5
f 8460/3/5 8454/3/5 8459/3/5
f 8467/3/5 8462/3/5 8461/3/5
f 8468/3/5 8462/3/5 8467/3/5
f 8469/3/5 8464/3/5 8463/3/5
f 8470/3/5 8464/3/5 8469/3/5
f 8474/3/5 8466/3/5 8465/3/5
f 8475/3/5 8466/3/5 8474/3/5
f 8476/3/5 8472/3/5 8471/3/5
f 8477/3/5 8472/3/5 8476/3/5
f 8480/3/5 8474/3/5 8473/3/5
f 8481/3/5 8474/3/5 8480/3/5
f 8482/3/5 8478/3/5 8477/3/5
f 8483/3/5 8478/3/5 8482/3/5
f 8485/3/5 8480/3/5 8479/3/5
f 8486/3/5 8480/3/5 8485/3/5
f 8487/3/5 8484/3/5 8483/3/5
f 8488/3/5 8484/3/5 8487/3/5
f 8493/3/5 8490/3/5 8489/3/5
f 8494/3/5 8490/3/5 8493/3/5
f 8495/3/5 8492/3/5 8491/3/5
f 8496/3/5 8492/3/5 8495/3/5
f 8505/3/5 8502/3/5 8501/3/5
f 8506/3/5 8502/3/5 8505/3/5
f 8509/3/5 8498/3/5 8497/3/5
f 8510/3/5 8498/3/5 8509/3/5
f 8513/3/5 8500/3/5 8499/3/5
f 8514/3/5 8500/3/5 8513/3/5
f 8516/3/5 8504/3/5 8503/3/5
f 8517/3/5 8504/3/5 8516/3/5
f 8518/3/5 8508/3/5 8507/3/5
f 8519/3/5 8508/3/5 8518/3/5
f 8522/3/5 8516/3/5 8515/3/5
f 8523/3/5 8516/3/5 8522/3/5
f 8524/3/5 8520/3/5 8519/3/5
f 8525/3/5 8520/3/5 8524/3/5
f 8527/3/5 8511/3/5 8510/3/5
f 8528/3/5 8511/3/5 8527/3/5
f 8531/3/5 8513/3/5 8512/3/5
f 8532/3/5 8513/3/5 8531/3/5
f 8533/3/5 8529/3/5 8528/3/5
f 8534/3/5 8529/3/5 8533/3/5
f 8539/3/5 8531/3/5 8530/3/5
f 8540/3/5 8531/3/5 8539/3/5
f 8541/3/5 8522/3/5 8521/3/5
f 8542/3/5 8522/3/5 8541/3/5
f 8543/3/5 8526/3/5 8525/3/5
f 8544/3/5 8526/3/5 8543/3/5
f 8545/3/5 8536/3/5 8535/3/5
f 8546/3/5 8536/3/5 8545/3/5
f 8547/3/5 8538/3/5 8537/3/5
f 8548/3/5 8538/3/5 8547/3/5
f 8553/3/5 8550/3/5 8549/3/5
f 8554/3/5 8550/3/5 8553/3/5
f 8555/3/5 8552/3/5 8551/3/5
f 8556/3/5 8552/3/5 8555/3/5
f 8561/3/5 8558/3/5 8557/3/5
f 8562/3/5 8558/3/5 8561/3/5
f 8563/3/5 8560/3/5 8559/3/5
f 8564/3/5 8560/3/5 8563/3/5
f 8569/3/5 8566/3/5 8565/3/5
f 8570/3/5 8566/3/5 8569/3/5
f 8573/3/5 8568/3/5 8567/3/5
f 8574/3/5 8568/3/5 8573/3/5
f 8575/3/5 8571/3/5 8570/3/5
f 8576/3/5 8571/3/5 8575/3/5
f 8579/3/5 8573/3/5 8572/3/5
f 8580/3/5 8573/3/5 8579/3/5
f 8581/3/5 8577/3/5 8576/3/5
f 8582/3/5 8577/3/5 8581/3/5
f 8585/3/5 8579/3/5 8578/3/5
f 8586/3/5 8579/3/5 8585/3/5
f 8587/3/5 8584/3/5 8583/3/5
f 8588/3/5 8584/3/5 8587/3/5
f 8595/3/5 8590/3/5 8589/3/5
f 8596/3/5 8590/3/5 8595/3/5
f 8597/3/5 8592/3/5 8591/3/5
f 8598/3/5 8592/3/5 8597/3/5
f 8601/3/5 8594/3/5 8593/3/5
f 8602/3/5 8594/3/5 8601/3/5
f 8603/3/5 8600/3/5 8599/3/5
f 8604/3/5 8600/3/5 8603/3/5
f 8609/3/5 8606/3/5 8605/3/5
f 8610/3/5 8606/3/5 8609/3/5
f 8611/3/5 8608/3/5 8607/3/5
f 8612/3/5 8608/3/5 8611/3/5
f 8617/3/5 8614/3/5 8613/3/5
f 8618/3/5 8614/3/5 8617/3/5
f 8619/3/5 8616/3/5 8615/3/5
f 8620/3/5 8616/3/5 8619/3/5
f 8629/3/5 8622/3/5 8621/3/5
f 8630/3/5 8622/3/5 8629/3/5
f 8633/3/5 8624/3/5 8623/3/5
f 8634/3/5 8624/3/5 8633/3/5
f 8635/3/5 8626/3/5 8625/3/5
f 8636/3/5 8626/3/5 8635/3/5
f 8637/3/5 8628/3/5 8627/3/5
f 8638/3/5 8628/3/5 8637/3/5
f 8639/3/5 8632/3/5 8631/3/5
f 8640/3/5 8632/3/5 8639/3/5
f 8649/3/5 8642/3/5 8641/3/5
f 8650/3/5 8642/3/5 8649/3/5
f 8655/3/5 8644/3/5 8643/3/5
f 8656/3/5 8644/3/5 8655/3/5
f 8657/3/5 8646/3/5 8645/3/5
f 8658/3/5 8646/3/5 8657/3/5
f 8659/3/5 8648/3/5 8647/3/5
f 8660/3/5 8648/3/5 8659/3/5
f 8661/3/5 8652/3/5 8651/3/5
f 8662/3/5 8652/3/5 8661/3/5
f 8663/3/5 8654/3/5 8653/3/5
f 8664/3/5 8654/3/5 8663/3/5
f 8669/3/5 8666/3/5 8665/3/5
f 8670/3/5 8666/3/5 8669/3/5
f 8671/3/5 8668/3/5 8667/3/5
f 8672/3/5 8668/3/5 8671/3/5
f 8677/3/5 8674/3/5 8673/3/5
f 8678/3/5 8674/3/5 8677/3/5
f 8679/3/5 8676/3/5 8675/3/5
f 8680/3/5 8676/3/5 8679/3/5
f 8685/3/5 8682/3/5 8681/3/5
f 8686/3/5 8682/3/5 8685/3/5
f 8687/3/5 8684/3/5 8683/3/5
f 8688/3/5 8684/3/5 8687/3/5
f 8695/3/5 8690/3/5 8689/3/5
f 8696/3/5 8690/3/5 8695/3/5
f 8699/3/5 8692/3/5 8691/3/5
f 8700/3/5 8692/3/5 8699/3/5
f 8703/3/5 8694/3/5 8693/3/5
f 8704/3/5 8694/3/5 8703/3/5
f 8707/3/5 8698/3/5 8697/3/5
f 8708/3/5 8698/3/5 8707/3/5
f 8709/3/5 8702/3/5 8701/3/5
f 8710/3/5 8702/3/5 8709/3/5
f 8711/3/5 8706/3/5 8705/3/5
f 8712/3/5 8706/3/5 8711/3/5
f 8717/3/5 8714/3/5 8713/3/5
f 8718/3/5 8714/3/5 8717/3/5
f 8719/3/5 8716/3/5 8715/3/5
f 8720/3/5 8716/3/5 8719/3/5
f 8725/3/5 8722/3/5 8721/3/5
f 8726/3/5 8722/3/5 8725/3/5
f 8727/3/5 8724/3/5 8723/3/5
f 8728/3/5 8724/3/5 8727/3/5
f 8737/3/5 8730/3/5 8729/3/5
f 8738/3/5 8730/3/5 8737/3/5
f 8739/3/5 8732/3/5 8731/3/5
f 8740/3/5 8732/3/5 8739/3/5
f 8743/3/5 8734/3/5 8733/3/5
f 8744/3/5 8734/3/5 8743/3/5
f 8745/3/5 8736/3/5 8735/3/5
f 8746/3/5 8736/3/5 8745/3/5
f 8753/3/5 8742/3/5 8741/3/5
f 8754/3/5 8742/3/5 8753/3/5
f 8755/3/5 8748/3/5 8747/3/5
f 8756/3/5 8748/3/5 8755/3/5
f 8757/3/5 8750/3/5 8749/3/5
f 8758/3/5 8750/3/5 8757/3/5
f 8759/3/5 8752/3/5 8751/3/5
f 8760/3/5 8752/3/5 8759/3/5
f 8769/3/5 8762/3/5 8761/3/5
f 8770/3/5 8762/3/5 8769/3/5
f 8773/3/5 8764/3/5 8763/3/5
f 8774/3/5 8764/3/5 8773/3/5
f 8775/3/5 8766/3/5 8765/3/5
f 8776/3/5 8766/3/5 8775/3/5
f 8777/3/5 8768/3/5 8767/3/5
f 8778/3/5 8768/3/5 8777/3/5
f 8779/3/5 8772/3/5 8771/3/5
f 8780/3/5 8772/3/5 8779/3/5
f 8785/3/5 8782/3/5 8781/3/5
f 8786/3/5 8782/3/5 8785/3/5
f 8787/3/5 8784/3/5 8783/3/5
f 8788/3/5 8784/3/5 8787/3/5
f 8793/3/5 8790/3/5 8789/3/5
f 8794/3/5 8790/3/5 8793/3/5
f 8795/3/5 8792/3/5 8791/3/5
f 8796/3/5 8792/3/5 8795/3/5
f 8801/3/5 8798/3/5 8797/3/5
f 8802/3/5 8798/3/5 8801/3/5
f 8807/3/5 8800/3/5 8799/3/5
f 8808/3/5 8800/3/5 8807/3/5
f 8809/3/5 8804/3/5 8803/3/5
f 8810/3/5 8804/3/5 8809/3/5
f 8811/3/5 8806/3/5 8805/3/5
f 8812/3/5 8806/3/5 8811/3/5
f 8815/3/5 8814/3/5 8813/3/5
f 8816/3/5 8814/3/5 8815/3/5
f 8817/3/5 8814/3/5 8816/3/5
f 8818/3/5 8814/3/5 8817/3/5
f 8819/3/5 8817/3/5 8816/3/5
f 8820/3/5 8817/3/5 8819/3/5
f 8826/3/5 8822/3/5 8821/3/5
f 8827/3/5 8822/3/5 8826/3/5
f 8828/3/5 8824/3/5 8823/3/5
f 8829/3/5 8824/3/5 8828/3/5
f 8832/3/5 8826/3/5 8825/3/5
f 8833/3/5 8826/3/5 8832/3/5
f 8834/3/5 8830/3/5 8829/3/5
f 8835/3/5 8830/3/5 8834/3/5
f 8837/3/5 8832/3/5 8831/3/5
f 8838/3/5 8832/3/5 8837/3/5
f 8839/3/5 8836/3/5 8835/3/5
f 8840/3/5 8836/3/5 8839/3/5
f 8845/3/5 8842/3/5 8841/3/5
f 8846/3/5 8842/3/5 8845/3/5
f 8847/3/5 8844/3/5 8843/3/5
f 8848/3/5 8844/3/5 8847/3/5
f 8857/3/5 8850/3/5 8849/3/5
f 8858/3/5 8850/3/5 8857/3/5
f 8859/3/5 8852/3/5 8851/3/5
f 8860/3/5 8852/3/5 8859/3/5
f 8863/3/5 8854/3/5 8853/3/5
f 8864/3/5 8854/3/5 8863/3/5
f 8865/3/5 8856/3/5 8855/3/5
f 8866/3/5 8856/3/5 8865/3/5
f 8874/3/5 8862/3/5 8861/3/5
f 8875/3/5 8862/3/5 8874/3/5
f 8876/3/5 8868/3/5 8867/3/5
f 8877/3/5 8868/3/5 8876/3/5
f 8879/3/5 8870/3/5 8869/3/5
f 8880/3/5 8870/3/5 8879/3/5
f 8883/3/5 8872/3/5 8871/3/5
f 8884/3/5 8872/3/5 8883/3/5
f 8886/3/5 8874/3/5 8873/3/5
f 8887/3/5 8874/3/5 8886/3/5
f 8888/3/5 8878/3/5 8877/3/5
f 8889/3/5 8878/3/5 8888/3/5
f 8891/3/5 8881/3/5 8880/3/5
f 8892/3/5 8881/3/5 8891/3/5
f 8895/3/5 8883/3/5 8882/3/5
f 8896/3/5 8883/3/5 8895/3/5
f 8897/3/5 8886/3/5 8885/3/5
f 8898/3/5 8886/3/5 8897/3/5
f 8899/3/5 8890/3/5 8889/3/5
f 8900/3/5 8890/3/5 8899/3/5
f 8901/3/5 8893/3/5 8892/3/5
f 8902/3/5 8893/3/5 8901/3/5
f 8903/3/5 8895/3/5 8894/3/5
f 8904/3/5 8895/3/5 8903/3/5
f 8907/3/5 8906/3/5 8905/3/5
f 8908/3/5 8906/3/5 8907/3/5
f 8911/3/5 8910/3/5 8909/3/5
f 8915/3/5 8911/3/5 8909/3/5
f 8915/3/5 8912/3/5 8911/3/5
f 8916/3/5 8912/3/5 8915/3/5
f 8917/3/5 8914/3/5 8913/3/5
f 8918/3/5 8914/3/5 8917/3/5
f 8919/3/5 8915/3/5 8909/3/5
f 8920/3/5 8915/3/5 8919/3/5
f 8925/3/5 8922/3/5 8921/3/5
f 8926/3/5 8922/3/5 8925/3/5
f 8929/3/5 8924/3/5 8923/3/5
f 8930/3/5 8924/3/5 8929/3/5
f 8931/3/5 8927/3/5 8926/3/5
f 8932/3/5 8927/3/5 8931/3/5
f 8935/3/5 8929/3/5 8928/3/5
f 8936/3/5 8929/3/5 8935/3/5
f 8941/3/5 8933/3/5 8932/3/5
f 8942/3/5 8933/3/5 8941/3/5
f 8947/3/5 8935/3/5 8934/3/5
f 8948/3/5 8935/3/5 8947/3/5
f 8951/3/5 8938/3/5 8937/3/5
f 8952/3/5 8938/3/5 8951/3/5
f 8953/3/5 8940/3/5 8939/3/5
f 8954/3/5 8940/3/5 8953/3/5
f 8957/3/5 8944/3/5 8943/3/5
f 8958/3/5 8944/3/5 8957/3/5
f 8959/3/5 8946/3/5 8945/3/5
f 8960/3/5 8946/3/5 8959/3/5
f 8962/3/5 8950/3/5 8949/3/5
f 8963/3/5 8950/3/5 8962/3/5
f 8964/3/5 8956/3/5 8955/3/5
f 8965/3/5 8956/3/5 8964/3/5
f 8968/3/5 8962/3/5 8961/3/5
f 8969/3/5 8962/3/5 8968/3/5
f 8970/3/5 8966/3/5 8965/3/5
f 8971/3/5 8966/3/5 8970/3/5
f 8973/3/5 8968/3/5 8967/3/5
f 8974/3/5 8968/3/5 8973/3/5
f 8975/3/5 8972/3/5 8971/3/5
f 8976/3/5 8972/3/5 8975/3/5
f 8982/3/5 8978/3/5 8977/3/5
f 8983/3/5 8980/3/5 8979/3/5
f 8984/3/5 8980/3/5 8983/3/5
f 8985/3/5 8982/3/5 8981/3/5
f 8986/3/5 8978/3/5 8982/3/5
f 8986/3/5 8982/3/5 8985/3/5
f 8987/3/5 8978/3/5 8986/3/5
f 8988/3/5 8978/3/5 8987/3/5
f 8991/3/5 8990/3/5 8989/3/5
f 8992/3/5 8990/3/5 8991/3/5
f 8998/3/5 8994/3/5 8993/3/5
f 8999/3/5 8994/3/5 8998/3/5
f 9000/3/5 8996/3/5 8995/3/5
f 9001/3/5 8996/3/5 9000/3/5
f 9008/3/5 8998/3/5 8997/3/5
f 9009/3/5 8998/3/5 9008/3/5
f 9010/3/5 9002/3/5 9001/3/5
f 9011/3/5 9002/3/5 9010/3/5
f 9013/3/5 9004/3/5 9003/3/5
f 9014/3/5 9004/3/5 9013/3/5
f 9017/3/5 9006/3/5 9005/3/5
f 9018/3/5 9006/3/5 9017/3/5
f 9019/3/5 9015/3/5 9014/3/5
f 9020/3/5 9015/3/5 9019/3/5
f 9023/3/5 9017/3/5 9016/3/5
f 9024/3/5 9017/3/5 9023/3/5
f 9025/3/5 9008/3/5 9007/3/5
f 9026/3/5 9008/3/5 9025/3/5
f 9027/3/5 9012/3/5 9011/3/5
f 9028/3/5 9012/3/5 9027/3/5
f 9029/3/5 9021/3/5 9020/3/5
f 9030/3/5 9021/3/5 9029/3/5
f 9035/3/5 9023/3/5 9022/3/5
f 9036/3/5 9023/3/5 9035/3/5
f 9041/3/5 9032/3/5 9031/3/5
f 9042/3/5 9032/3/5 9041/3/5
f 9043/3/5 9034/3/5 9033/3/5
f 9044/3/5 9034/3/5 9043/3/5
f 9045/3/5 9038/3/5 9037/3/5
f 9046/3/5 9038/3/5 9045/3/5
f 9047/3/5 9040/3/5 9039/3/5
f 9048/3/5 9040/3/5 9047/3/5
f 9053/3/5 9050/3/5 9049/3/5
f 9054/3/5 9050/3/5 9053/3/5
f 9055/3/5 9052/3/5 9051/3/5
f 9056/3/5 9052/3/5 9055/3/5
f 9061/3/5 9058/3/5 9057/3/5
f 9062/3/5 9058/3/5 9061/3/5
f 9065/3/5 9060/3/5 9059/3/5
f 9066/3/5 9060/3/5 9065/3/5
f 9067/3/5 9063/3/5 9062/3/5
f 9068/3/5 9063/3/5 9067/3/5
f 9071/3/5 9065/3/5 9064/3/5
f 9072/3/5 9065/3/5 9071/3/5
f 9073/3/5 9069/3/5 9068/3/5
f 9074/3/5 9069/3/5 9073/3/5
f 9075/3/5 9071/3/5 9070/3/5
f 9076/3/5 9071/3/5 9075/3/5
f 9080/3/5 9078/3/5 9077/3/5
f 9081/3/5 9078/3/5 9080/3/5
f 9083/3/5 9080/3/5 9079/3/5
f 9083/3/5 9082/3/5 9081/3/5
f 9083/3/5 9081/3/5 9080/3/5
f 9084/3/5 9082/3/5 9083/3/5
f 9087/3/5 9086/3/5 9085/3/5
f 9088/3/5 9086/3/5 9087/3/5
f 9096/3/5 9090/3/5 9089/3/5
f 9096/3/5 9091/3/5 9090/3/5
f 9097/3/5 9091/3/5 9096/3/5
f 9098/3/5 9093/3/5 9092/3/5
f 9099/3/5 9093/3/5 9098/3/5
f 9102/3/5 9095/3/5 9094/3/5
f 9103/3/5 9095/3/5 9102/3/5
f 9104/3/5 9101/3/5 9100/3/5
f 9105/3/5 9101/3/5 9104/3/5
f 9110/3/5 9107/3/5 9106/3/5
f 9111/3/5 9107/3/5 9110/3/5
f 9112/3/5 9109/3/5 9108/3/5
f 9113/3/5 9109/3/5 9112/3/5
f 9122/3/5 9115/3/5 9114/3/5
f 9123/3/5 9115/3/5 9122/3/5
f 9124/3/5 9117/3/5 9116/3/5
f 9125/3/5 9117/3/5 9124/3/5
f 9126/3/5 9119/3/5 9118/3/5
f 9127/3/5 9119/3/5 9126/3/5
f 9128/3/5 9121/3/5 9120/3/5
f 9129/3/5 9121/3/5 9128/3/5
f 9138/3/5 9131/3/5 9130/3/5
f 9139/3/5 9131/3/5 9138/3/5
f 9144/3/5 9133/3/5 9132/3/5
f 9145/3/5 9133/3/5 9144/3/5
f 9146/3/5 9135/3/5 9134/3/5
f 9147/3/5 9135/3/5 9146/3/5
f 9148/3/5 9137/3/5 9136/3/5
f 9149/3/5 9137/3/5 9148/3/5
f 9150/3/5 9141/3/5 9140/3/5
f 9151/3/5 9141/3/5 9150/3/5
f 9152/3/5 9143/3/5 9142/3/5
f 9153/3/5 9143/3/5 9152/3/5
f 9160/3/5 9157/3/5 9156/3/5
f 9161/3/5 9157/3/5 9160/3/5
f 9162/3/5 9159/3/5 9158/3/5
f 9163/3/5 9159/3/5 9162/3/5
f 9168/3/5 9155/3/5 9154/3/5
f 9169/3/5 9155/3/5 9168/3/5
f 9170/3/5 9165/3/5 9164/3/5
f 9171/3/5 9165/3/5 9170/3/5
f 9172/3/5 9165/3/5 9171/3/5
f 9173/3/5 9167/3/5 9166/3/5
f 9174/3/5 9167/3/5 9173/3/5
f 9179/3/5 9176/3/5 9175/3/5
f 9180/3/5 9176/3/5 9179/3/5
f 9181/3/5 9178/3/5 9177/3/5
f 9182/3/5 9178/3/5 9181/3/5
f 9191/3/5 9184/3/5 9183/3/5
f 9192/3/5 9184/3/5 9191/3/5
f 9193/3/5 9186/3/5 9185/3/5
f 9194/3/5 9186/3/5 9193/3/5
f 9195/3/5 9188/3/5 9187/3/5
f 9196/3/5 9188/3/5 9195/3/5
f 9197/3/5 9190/3/5 9189/3/5
f 9198/3/5 9190/3/5 9197/3/5
f 9203/3/5 9200/3/5 9199/3/5
f 9204/3/5 9200/3/5 9203/3/5
f 9205/3/5 9202/3/5 9201/3/5
f 9206/3/5 9202/3/5 9205/3/5
f 9211/3/5 9210/3/5 9209/3/5
f 9214/3/5 9208/3/5 9207/3/5
f 9215/3/5 9208/3/5 9214/3/5
f 9216/3/5 9211/3/5 9209/3/5
f 9217/3/5 9211/3/5 9216/3/5
f 9222/3/5 9219/3/5 9218/3/5
f 9223/3/5 9219/3/5 9222/3/5
f 9224/3/5 9221/3/5 9220/3/5
f 9225/3/5 9221/3/5 9224/3/5
f 9226/3/5 9213/3/5 9212/3/5
f 9227/3/5 9213/3/5 9226/3/5
f 9234/3/5 9229/3/5 9228/3/5
f 9235/3/5 9229/3/5 9234/3/5
f 9236/3/5 9231/3/5 9230/3/5
f 9237/3/5 9231/3/5 9236/3/5
f 9244/3/5 9233/3/5 9232/3/5
f 9245/3/5 9233/3/5 9244/3/5
f 9246/3/5 9239/3/5 9238/3/5
f 9247/3/5 9239/3/5 9246/3/5
f 9248/3/5 9241/3/5 9240/3/5
f 9249/3/5 9241/3/5 9248/3/5
f 9250/3/5 9243/3/5 9242/3/5
f 9251/3/5 9243/3/5 9250/3/5
f 9260/3/5 9253/3/5 9252/3/5
f 9261/3/5 9253/3/5 9260/3/5
f 9262/3/5 9255/3/5 9254/3/5
f 9263/3/5 9255/3/5 9262/3/5
f 9264/3/5 9257/3/5 9256/3/5
f 9265/3/5 9257/3/5 9264/3/5
f 9266/3/5 9259/3/5 9258/3/5
f 9267/3/5 9259/3/5 9266/3/5
f 9272/3/5 9269/3/5 9268/3/5
f 9273/3/5 9269/3/5 9272/3/5
f 9274/3/5 9271/3/5 9270/3/5
f 9275/3/5 9271/3/5 9274/3/5
f 9280/3/5 9277/3/5 9276/3/5
f 9281/3/5 9277/3/5 9280/3/5
f 9286/3/5 9279/3/5 9278/3/5
f 9287/3/5 9279/3/5 9286/3/5
f 9288/3/5 9283/3/5 9282/3/5
f 9289/3/5 9283/3/5 9288/3/5
f 9290/3/5 9285/3/5 9284/3/5
f 9291/3/5 9285/3/5 9290/3/5
f 9292/3/5 9285/3/5 9291/3/5
f 9295/3/5 9294/3/5 9293/3/5
f 9296/3/5 9294/3/5 9295/3/5
f 9299/3/5 9298/3/5 9297/3/5
f 9300/3/5 9298/3/5 9299/3/5
f 9305/3/5 9302/3/5 9301/3/5
f 9306/3/5 9302/3/5 9305/3/5
f 9307/3/5 9304/3/5 9303/3/5
f 9308/3/5 9304/3/5 9307/3/5
f 9313/3/5 9310/3/5 9309/3/5
f 9314/3/5 9310/3/5 9313/3/5
f 9315/3/5 9312/3/5 9311/3/5
f 9316/3/5 9312/3/5 9315/3/5
f 9319/3/5 9318/3/5 9317/3/5
f 9320/3/5 9318/3/5 9319/3/5
f 9325/3/5 9322/3/5 9321/3/5
f 9326/3/5 9322/3/5 9325/3/5
f 9327/3/5 9324/3/5 9323/3/5
f 9328/3/5 9324/3/5 9327/3/5
f 9335/3/5 9330/3/5 9329/3/5
f 9336/3/5 9330/3/5 9335/3/5
f 9337/3/5 9332/3/5 9331/3/5
f 9338/3/5 9332/3/5 9337/3/5
f 9339/3/5 9334/3/5 9333/3/5
f 9340/3/5 9334/3/5 9339/3/5
f 9345/3/5 9342/3/5 9341/3/5
f 9346/3/5 9342/3/5 9345/3/5
f 9347/3/5 9344/3/5 9343/3/5
f 9348/3/5 9344/3/5 9347/3/5
f 9351/3/5 9350/3/5 9349/3/5
f 9352/3/5 9350/3/5 9351/3/5
f 9355/3/5 9354/3/5 9353/3/5
f 9356/3/5 9354/3/5 9355/3/5
f 9361/3/5 9358/3/5 9357/3/5
f 9362/3/5 9358/3/5 9361/3/5
f 9363/3/5 9360/3/5 9359/3/5
f 9364/3/5 9360/3/5 9363/3/5
f 9371/3/5 9366/3/5 9365/3/5
f 9372/3/5 9366/3/5 9371/3/5
f 9377/3/5 9368/3/5 9367/3/5
f 9378/3/5 9368/3/5 9377/3/5
f 9379/3/5 9370/3/5 9369/3/5
f 9380/3/5 9370/3/5 9379/3/5
f 9381/3/5 9374/3/5 9373/3/5
f 9382/3/5 9374/3/5 9381/3/5
f 9383/3/5 9376/3/5 9375/3/5
f 9384/3/5 9376/3/5 9383/3/5
f 9387/3/5 9386/3/5 9385/3/5
f 9388/3/5 9386/3/5 9387/3/5
f 9393/3/5 9390/3/5 9389/3/5
f 9394/3/5 9390/3/5 9393/3/5
f 9395/3/5 9392/3/5 9391/3/5
f 9396/3/5 9392/3/5 9395/3/5
f 9401/3/5 9398/3/5 9397/3/5
f 9402/3/5 9398/3/5 9401/3/5
f 9403/3/5 9400/3/5 9399/3/5
f 9404/3/5 9400/3/5 9403/3/5
f 9407/3/5 9406/3/5 9405/3/5
f 9408/3/5 9406/3/5 9407/3/5
f 9413/3/5 9410/3/5 9409/3/5
f 9414/3/5 9410/3/5 9413/3/5
f 9415/3/5 9412/3/5 9411/3/5
f 9416/3/5 9412/3/5 9415/3/5
f 9421/3/5 9418/3/5 9417/3/5
f 9422/3/5 9418/3/5 9421/3/5
f 9423/3/5 9420/3/5 9419/3/5
f 9424/3/5 9420/3/5 9423/3/5
f 9429/3/5 9426/3/5 9425/3/5
f 9430/3/5 9426/3/5 9429/3/5
f 9431/3/5 9428/3/5 9427/3/5
f 9432/3/5 9428/3/5 9431/3/5
f 9437/3/5 9434/3/5 9433/3/5
f 9438/3/5 9434/3/5 9437/3/5
f 9439/3/5 9436/3/5 9435/3/5
f 9440/3/5 9436/3/5 9439/3/5
f 9449/3/5 9442/3/5 9441/3/5
f 9450/3/5 9442/3/5 9449/3/5
f 9451/3/5 9444/3/5 9443/3/5
f 9452/3/5 9444/3/5 9451/3/5
f 9453/3/5 9446/3/5 9445/3/5
f 9454/3/5 9446/3/5 9453/3/5
f 9455/3/5 9448/3/5 9447/3/5
f 9456/3/5 9448/3/5 9455/3/5
f 9461/3/5 9458/3/5 9457/3/5
f 9462/3/5 9458/3/5 9461/3/5
f 9463/3/5 9460/3/5 9459/3/5
f 9464/3/5 9460/3/5 9463/3/5
f 9469/3/5 9466/3/5 9465/3/5
f 9470/3/5 9466/3/5 9469/3/5
f 9471/3/5 9468/3/5 9467/3/5
f 9472/3/5 9468/3/5 9471/3/5
f 9477/3/5 9474/3/5 9473/3/5
f 9478/3/5 9474/3/5 9477/3/5
f 9479/3/5 9476/3/5 9475/3/5
f 9480/3/5 9476/3/5 9479/3/5
f 9485/3/5 9482/3/5 9481/3/5
f 9486/3/5 9482/3/5 9485/3/5
f 9487/3/5 9484/3/5 9483/3/5
f 9488/3/5 9484/3/5 9487/3/5
f 9493/3/5 9490/3/5 9489/3/5
f 9494/3/5 9490/3/5 9493/3/5
f 9495/3/5 9492/3/5 9491/3/5
f 9496/3/5 9492/3/5 9495/3/5
f 9501/3/5 9498/3/5 9497/3/5
f 9502/3/5 9498/3/5 9501/3/5
f 9503/3/5 9500/3/5 9499/3/5
f 9504/3/5 9500/3/5 9503/3/5
f 9513/3/5 9506/3/5 9505/3/5
f 9514/3/5 9506/3/5 9513/3/5
f 9515/3/5 9508/3/5 9507/3/5
f 9516/3/5 9508/3/5 9515/3/5
f 9517/3/5 9510/3/5 9509/3/5
f 9518/3/5 9510/3/5 9517/3/5
f 9519/3/5 9512/3/5 9511/3/5
f 9520/3/5 9512/3/5 9519/3/5
f 9525/3/5 9522/3/5 9521/3/5
f 9526/3/5 9522/3/5 9525/3/5
f 9527/3/5 9524/3/5 9523/3/5
f 9528/3/5 9524/3/5 9527/3/5
f 9533/3/5 9530/3/5 9529/3/5
f 9534/3/5 9530/3/5 9533/3/5
f 9535/3/5 9532/3/5 9531/3/5
f 9536/3/5 9532/3/5 9535/3/5
f 9539/3/5 9538/3/5 9537/3/5
f 9540/3/5 9538/3/5 9539/3/5
f 9541/3/5 9539/3/5 9537/3/5
f 9542/3/5 9539/3/5 9541/3/5
f 9545/3/5 9544/3/5 9543/3/5
f 9547/3/5 9545/3/5 9543/3/5
f 9547/3/5 9546/3/5 9545/3/5
f 9548/3/5 9546/3/5 9547/3/5
f 9551/3/5 9550/3/5 9549/3/5
f 9552/3/5 9550/3/5 9551/3/5
f 9553/3/5 9550/3/5 9552/3/5
f 9554/3/5 9550/3/5 9553/3/5
f 9558/3/5 9556/3/5 9555/3/5
f 9559/3/5 9558/3/5 9557/3/5
f 9560/3/5 9556/3/5 9558/3/5
f 9560/3/5 9558/3/5 9559/3/5
f 9563/3/5 9562/3/5 9561/3/5
f 9564/3/5 9562/3/5 9563/3/5
f 9567/3/5 9566/3/5 9565/3/5
f 9568/3/5 9566/3/5 9567/3/5
f 9573/3/5 9570/3/5 9569/3/5
f 9574/3/5 9570/3/5 9573/3/5
f 9575/3/5 9572/3/5 9571/3/5
f 9576/3/5 9572/3/5 9575/3/5
f 9581/3/5 9578/3/5 9577/3/5
f 9582/3/5 9578/3/5 9581/3/5
f 9583/3/5 9580/3/5 9579/3/5
f 9584/3/5 9580/3/5 9583/3/5
f 9587/3/5 9586/3/5 9585/3/5
f 9588/3/5 9586/3/5 9587/3/5
f 9591/3/5 9590/3/5 9589/3/5
f 9592/3/5 9590/3/5 9591/3/5
f 9595/3/5 9594/3/5 9593/3/5
f 9596/3/5 9594/3/5 9595/3/5
f 9599/3/5 9598/3/5 9597/3/5
f 9600/3/5 9598/3/5 9599/3/5
f 9603/3/5 9602/3/5 9601/3/5
f 9604/3/5 9602/3/5 9603/3/5
f 9607/3/5 9606/3/5 9605/3/5
f 9608/3/5 9606/3/5 9607/3/5
f 9611/3/5 9610/3/5 9609/3/5
f 9613/3/5 9611/3/5 9609/3/5
f 9613/3/5 9612/3/5 9611/3/5
f 9614/3/5 9612/3/5 9613/3/5
f 9618/3/5 9616/3/5 9615/3/5
f 9619/3/5 9618/3/5 9617/3/5
f 9620/3/5 9616/3/5 9618/3/5
f 9620/3/5 9618/3/5 9619/3/5
f 9623/3/5 9622/3/5 9621/3/5
f 9624/3/5 9622/3/5 9623/3/5
f 9625/3/5 9623/3/5 9621/3/5
f 9626/3/5 9623/3/5 9625/3/5
f 9629/3/5 9628/3/5 9627/3/5
f 9630/3/5 9628/3/5 9629/3/5
f 9631/3/5 9628/3/5 9630/3/5
f 9632/3/5 9628/3/5 9631/3/5
f 9633/1/6 9634/1/6 9636/1/6
f 9636/1/6 9634/1/6 9637/1/6
f 9635/1/6 9636/1/6 9640/1/6
f 9637/1/6 9638/1/6 9640/1/6
f 9636/1/6 9637/1/6 9640/1/6
f 9640/1/6 9638/1/6 9641/1/6
f 9641/1/6 9638/1/6 9642/1/6
f 9642/1/6 9638/1/6 9643/1/6
f 9639/1/6 9640/1/6 9646/1/6
f 9640/1/6 9641/1/6 9646/1/6
f 9646/1/6 9641/1/6 9647/1/6
f 9647/1/6 9641/1/6 9648/1/6
f 9642/1/6 9643/1/6 9649/1/6
f 9643/1/6 9644/1/6 9649/1/6
f 9649/1/6 9644/1/6 9650/1/6
f 9650/1/6 9644/1/6 9651/1/6
f 9646/1/6 9647/1/6 9654/1/6
f 9645/1/6 9646/1/6 9654/1/6
f 9654/1/6 9647/1/6 9655/1/6
f 9655/1/6 9647/1/6 9656/1/6
f 9651/1/6 9652/1/6 9657/1/6
f 9650/1/6 9651/1/6 9657/1/6
f 9657/1/6 9652/1/6 9658/1/6
f 9658/1/6 9652/1/6 9659/1/6
f 9654/1/6 9655/1/6 9662/1/6
f 9653/1/6 9654/1/6 9662/1/6
f 9662/1/6 9655/1/6 9663/1/6
f 9663/1/6 9655/1/6 9664/1/6
f 9659/1/6 9660/1/6 9665/1/6
f 9658/1/6 9659/1/6 9665/1/6
f 9665/1/6 9660/1/6 9666/1/6
f 9666/1/6 9660/1/6 9667/1/6
f 9662/1/6 9663/1/6 9670/1/6
f 9661/1/6 9662/1/6 9670/1/6
f 9667/1/6 9668/1/6 9671/1/6
f 9666/1/6 9667/1/6 9671/1/6
f 9669/1/6 9670/1/6 9674/1/6
f 9670/1/6 9663/1/6 9675/1/6
f 9674/1/6 9670/1/6 9675/1/6
f 9675/1/6 9663/1/6 9676/1/6
f 9671/1/6 9672/1/6 9677/1/6
f 9666/1/6 9671/1/6 9677/1/6
f 9677/1/6 9672/1/6 9678/1/6
f 9678/1/6 9672/1/6 9679/1/6
f 9673/1/6 9674/1/6 9682/1/6
f 9674/1/6 9675/1/6 9682/1/6
f 9679/1/6 9680/1/6 9683/1/6
f 9678/1/6 9679/1/6 9683/1/6
f 9681/1/6 9682/1/6 9686/1/6
f 9683/1/6 9684/1/6 9687/1/6
f 9685/1/6 9686/1/6 9690/1/6
f 9687/1/6 9688/1/6 9691/1/6
f 9689/1/6 9690/1/6 9694/1/6
f 9682/1/6 9675/1/6 9695/1/6
f 9686/1/6 9682/1/6 9695/1/6
f 9694/1/6 9690/1/6 9695/1/6
f 9690/1/6 9686/1/6 9695/1/6
f 9691/1/6 9692/1/6 9698/1/6
f 9678/1/6 9683/1/6 9698/1/6
f 9683/1/6 9687/1/6 9698/1/6
f 9687/1/6 9691/1/6 9698/1/6
f 9698/1/6 9692/1/6 9699/1/6
f 9695/1/6 9696/1/6 9702/1/6
f 9693/1/6 9694/1/6 9702/1/6
f 9694/1/6 9695/1/6 9702/1/6
f 9699/1/6 9700/1/6 9703/1/6
f 9698/1/6 9699/1/6 9703/1/6
f 9697/1/6 9698/1/6 9703/1/6
f 9701/1/6 9702/1/6 9706/1/6
f 9703/1/6 9704/1/6 9707/1/6
f 9705/1/6 9706/1/6 9710/1/6
f 9702/1/6 9696/1/6 9711/1/6
f 9706/1/6 9702/1/6 9711/1/6
f 9710/1/6 9706/1/6 9711/1/6
f 9707/1/6 9708/1/6 9714/1/6
f 9697/1/6 9703/1/6 9714/1/6
f 9703/1/6 9707/1/6 9714/1/6
f 9714/1/6 9708/1/6 9715/1/6
f 9711/1/6 9712/1/6 9718/1/6
f 9709/1/6 9710/1/6 9718/1/6
f 9710/1/6 9711/1/6 9718/1/6
f 9718/1/6 9712/1/6 9719/1/6
f 9715/1/6 9716/1/6 9722/1/6
f 9714/1/6 9715/1/6 9722/1/6
f 9713/1/6 9714/1/6 9722/1/6
f 9722/1/6 9716/1/6 9723/1/6
f 9719/1/6 9720/1/6 9725/1/6
f 9718/1/6 9719/1/6 9725/1/6
f 9717/1/6 9718/1/6 9725/1/6
f 9725/1/6 9720/1/6 9726/1/6
f 9726/1/6 9720/1/6 9727/1/6
f 9723/1/6 9724/1/6 9730/1/6
f 9722/1/6 9723/1/6 9730/1/6
f 9721/1/6 9722/1/6 9730/1/6
f 9717/1/6 9725/1/6 9732/1/6
f 9732/1/6 9725/1/6 9733/1/6
f 9733/1/6 9725/1/6 9734/1/6
f 9727/1/6 9728/1/6 9735/1/6
f 9726/1/6 9727/1/6 9735/1/6
f 9735/1/6 9728/1/6 9736/1/6
f 9736/1/6 9728/1/6 9737/1/6
f 9729/1/6 9730/1/6 9738/1/6
f 9730/1/6 9724/1/6 9739/1/6
f 9738/1/6 9730/1/6 9739/1/6
f 9732/1/6 9733/1/6 9741/1/6
f 9731/1/6 9732/1/6 9741/1/6
f 9741/1/6 9733/1/6 9742/1/6
f 9739/1/6 9740/1/6 9743/1/6
f 9738/1/6 9739/1/6 9743/1/6
f 9736/1/6 9737/1/6 9743/1/6
f 9737/1/6 9738/1/6 9743/1/6
f 9743/1/6 9740/1/6 9744/1/6
f 9731/1/6 9741/1/6 9746/1/6
f 9746/1/6 9741/1/6 9747/1/6
f 9747/1/6 9741/1/6 9748/1/6
f 9744/1/6 9740/1/6 9749/1/6
f 9749/1/6 9740/1/6 9750/1/6
f 9750/1/6 9740/1/6 9751/1/6
f 9745/1/6 9746/1/6 9754/1/6
f 9746/1/6 9747/1/6 9754/1/6
f 9751/1/6 9752/1/6 9755/1/6
f 9750/1/6 9751/1/6 9755/1/6
f 9753/1/6 9754/1/6 9757/1/6
f 9754/1/6 9747/1/6 9757/1/6
f 9757/1/6 9747/1/6 9758/1/6
f 9755/1/6 9756/1/6 9759/1/6
f 9750/1/6 9755/1/6 9759/1/6
f 9759/1/6 9756/1/6 9760/1/6
f 9753/1/6 9757/1/6 9762/1/6
f 9760/1/6 9756/1/6 9763/1/6
f 9761/1/6 9762/1/6 9766/1/6
f 9762/1/6 9757/1/6 9767/1/6
f 9766/1/6 9762/1/6 9767/1/6
f 9763/1/6 9764/1/6 9770/1/6
f 9760/1/6 9763/1/6 9770/1/6
f 9770/1/6 9764/1/6 9771/1/6
f 9767/1/6 9768/1/6 9773/1/6
f 9765/1/6 9766/1/6 9773/1/6
f 9766/1/6 9767/1/6 9773/1/6
f 9771/1/6 9772/1/6 9776/1/6
f 9770/1/6 9771/1/6 9776/1/6
f 9769/1/6 9770/1/6 9776/1/6
f 9773/1/6 9774/1/6 9777/1/6
f 9775/1/6 9776/1/6 9780/1/6
f 9777/1/6 9778/1/6 9782/1/6
f 9765/1/6 9773/1/6 9782/1/6
f 9773/1/6 9777/1/6 9782/1/6
f 9782/1/6 9778/1/6 9783/1/6
f 9779/1/6 9780/1/6 9786/1/6
f 9780/1/6 9776/1/6 9787/1/6
f 9776/1/6 9772/1/6 9787/1/6
f 9786/1/6 9780/1/6 9787/1/6
f 9783/1/6 9784/1/6 9789/1/6
f 9781/1/6 9782/1/6 9789/1/6
f 9782/1/6 9783/1/6 9789/1/6
f 9787/1/6 9788/1/6 9790/1/6
f 9785/1/6 9786/1/6 9790/1/6
f 9786/1/6 9787/1/6 9790/1/6
f 9790/1/6 9788/1/6 9791/1/6
f 9789/1/6 9790/1/6 9791/1/6
f 9791/1/6 9788/1/6 9792/1/6
f 9789/1/6 9791/1/6 9793/1/6
f 9793/1/6 9791/1/6 9794/1/6
f 9792/1/6 9788/1/6 9795/1/6
f 9795/1/6 9788/1/6 9796/1/6
f 9789/1/6 9793/1/6 9797/1/6
f 9797/1/6 9793/1/6 9798/1/6
f 9796/1/6 9788/1/6 9799/1/6
f 9799/1/6 9788/1/6 9800/1/6
f 9789/1/6 9797/1/6 9801/1/6
f 9801/1/6 9797/1/6 9802/1/6
f 9800/1/6 9788/1/6 9803/1/6
f 9803/1/6 9788/1/6 9804/1/6
f 9789/1/6 9801/1/6 9805/1/6
f 9805/1/6 9801/1/6 9806/1/6
f 9804/1/6 9788/1/6 9807/1/6
f 9807/1/6 9788/1/6 9808/1/6
f 9781/1/6 9789/1/6 9809/1/6
f 9789/1/6 9805/1/6 9809/1/6
f 9809/1/6 9805/1/6 9810/1/6
f 9808/1/6 9788/1/6 9811/1/6
f 9811/1/6 9788/1/6 9812/1/6
f 9810/1/6 9805/1/6 9813/1/6
f 9808/1/6 9811/1/6 9816/1/6
f 9813/1/6 9814/1/6 9817/1/6
f 9810/1/6 9813/1/6 9817/1/6
f 9817/1/6 9814/1/6 9818/1/6
f 9815/1/6 9816/1/6 9819/1/6
f 9816/1/6 9811/1/6 9819/1/6
f 9819/1/6 9811/1/6 9820/1/6
f 9818/1/6 9814/1/6 9821/1/6
f 9815/1/6 9819/1/6 9824/1/6
f 9821/1/6 9822/1/6 9825/1/6
f 9818/1/6 9821/1/6 9825/1/6
f 9825/1/6 9822/1/6 9826/1/6
f 9826/1/6 9822/1/6 9827/1/6
f 9823/1/6 9824/1/6 9830/1/6
f 9818/1/6 9825/1/6 9831/1/6
f 9831/1/6 9825/1/6 9832/1/6
f 9832/1/6 9825/1/6 9833/1/6
f 9833/1/6 9825/1/6 9834/1/6
f 9827/1/6 9828/1/6 9835/1/6
f 9826/1/6 9827/1/6 9835/1/6
f 9835/1/6 9828/1/6 9836/1/6
f 9836/1/6 9828/1/6 9837/1/6
f 9829/1/6 9830/1/6 9840/1/6
f 9824/1/6 9819/1/6 9841/1/6
f 9830/1/6 9824/1/6 9841/1/6
f 9840/1/6 9830/1/6 9841/1/6
f 9841/1/6 9819/1/6 9842/1/6
f 9832/1/6 9833/1/6 9843/1/6
f 9843/1/6 9833/1/6 9844/1/6
f 9837/1/6 9838/1/6 9845/1/6
f 9836/1/6 9837/1/6 9845/1/6
f 9845/1/6 9838/1/6 9846/1/6
f 9846/1/6 9838/1/6 9847/1/6
f 9839/1/6 9840/1/6 9848/1/6
f 9840/1/6 9841/1/6 9848/1/6
f 9832/1/6 9843/1/6 9849/1/6
f 9849/1/6 9843/1/6 9850/1/6
f 9850/1/6 9843/1/6 9851/1/6
f 9851/1/6 9843/1/6 9852/1/6
f 9846/1/6 9847/1/6 9853/1/6
f 9847/1/6 9848/1/6 9853/1/6
f 9853/1/6 9848/1/6 9854/1/6
f 9848/1/6 9841/1/6 9855/1/6
f 9854/1/6 9848/1/6 9855/1/6
f 9855/1/6 9841/1/6 9856/1/6
f 9850/1/6 9851/1/6 9857/1/6
f 9857/1/6 9851/1/6 9858/1/6
f 9854/1/6 9855/1/6 9859/1/6
f 9859/1/6 9855/1/6 9860/1/6
f 9858/1/6 9851/1/6 9861/1/6
f 9861/1/6 9851/1/6 9862/1/6
f 9854/1/6 9859/1/6 9863/1/6
f 9863/1/6 9859/1/6 9864/1/6
f 9858/1/6 9861/1/6 9865/1/6
f 9865/1/6 9861/1/6 9866/1/6
f 9864/1/6 9859/1/6 9867/1/6
f 9867/1/6 9859/1/6 9868/1/6
f 9866/1/6 9861/1/6 9869/1/6
f 9869/1/6 9861/1/6 9870/1/6
f 9864/1/6 9867/1/6 9871/1/6
f 9871/1/6 9867/1/6 9872/1/6
f 9870/1/6 9861/1/6 9873/1/6
f 9873/1/6 9861/1/6 9874/1/6
f 9874/1/6 9861/1/6 9875/1/6
f 9864/1/6 9871/1/6 9878/1/6
f 9878/1/6 9871/1/6 9879/1/6
f 9879/1/6 9871/1/6 9880/1/6
f 9875/1/6 9876/1/6 9881/1/6
f 9874/1/6 9875/1/6 9881/1/6
f 9881/1/6 9876/1/6 9882/1/6
f 9878/1/6 9879/1/6 9883/1/6
f 9877/1/6 9878/1/6 9883/1/6
f 9883/1/6 9879/1/6 9884/1/6
f 9882/1/6 9876/1/6 9885/1/6
f 9885/1/6 9876/1/6 9886/1/6
f 9877/1/6 9883/1/6 9887/1/6
f 9887/1/6 9883/1/6 9888/1/6
f 9886/1/6 9876/1/6 9889/1/6
f 9877/1/6 9887/1/6 9892/1/6
f 9889/1/6 9890/1/6 9893/1/6
f 9886/1/6 9889/1/6 9893/1/6
f 9893/1/6 9890/1/6 9894/1/6
f 9894/1/6 9890/1/6 9895/1/6
f 9891/1/6 9892/1/6 9898/1/6
f 9892/1/6 9887/1/6 9899/1/6
f 9898/1/6 9892/1/6 9899/1/6
f 9899/1/6 9887/1/6 9900/1/6
f 9895/1/6 9896/1/6 9901/1/6
f 9894/1/6 9895/1/6 9901/1/6
f 9901/1/6 9896/1/6 9902/1/6
f 9902/1/6 9896/1/6 9903/1/6
f 9897/1/6 9898/1/6 9906/1/6
f 9898/1/6 9899/1/6 9906/1/6
f 9906/1/6 9899/1/6 9907/1/6
f 9907/1/6 9899/1/6 9908/1/6
f 9903/1/6 9904/1/6 9909/1/6
f 9902/1/6 9903/1/6 9909/1/6
f 9909/1/6 9904/1/6 9910/1/6
f 9910/1/6 9904/1/6 9911/1/6
f 9906/1/6 9907/1/6 9912/1/6
f 9905/1/6 9906/1/6 9912/1/6
f 9912/1/6 9907/1/6 9913/1/6
f 9913/1/6 9907/1/6 9914/1/6
f 9910/1/6 9911/1/6 9915/1/6
f 9912/1/6 9913/1/6 9915/1/6
f 9911/1/6 9912/1/6 9915/1/6
f 9915/1/6 9913/1/6 9916/1/6
f 9916/1/6 9913/1/6 9917/1/6
f 9917/1/6 9913/1/6 9918/1/6
f 9916/1/6 9917/1/6 9919/1/6
f 9919/1/6 9917/1/6 9920/1/6
f 9920/1/6 9917/1/6 9921/1/6
f 9921/1/6 9917/1/6 9922/1/6
f 9920/1/6 9921/1/6 9923/1/6
f 9923/1/6 9921/1/6 9924/1/6
f 9924/1/6 9921/1/6 9925/1/6
f 9925/1/6 9921/1/6 9926/1/6
f 9924/1/6 9925/1/6 9927/1/6
f 9927/1/6 9925/1/6 9928/1/6
f 9928/1/6 9925/1/6 9929/1/6
f 9929/1/6 9925/1/6 9930/1/6
f 9928/1/6 9929/1/6 9931/1/6
f 9931/1/6 9929/1/6 9932/1/6
f 9932/1/6 9929/1/6 9933/1/6
f 9933/1/6 9929/1/6 9934/1/6
f 9932/1/6 9933/1/6 9935/1/6
f 9935/1/6 9933/1/6 9936/1/6
f 9936/1/6 9933/1/6 9937/1/6
f 9937/1/6 9933/1/6 9938/1/6
f 9936/1/6 9937/1/6 9939/1/6
f 9939/1/6 9937/1/6 9940/1/6
f 9940/1/6 9937/1/6 9941/1/6
f 9941/1/6 9937/1/6 9942/1/6
f 9940/1/6 9941/1/6 9943/1/6
f 9943/1/6 9941/1/6 9944/1/6
f 9944/1/6 9941/1/6 9945/1/6
f 9945/1/6 9941/1/6 9946/1/6
f 9944/1/6 9945/1/6 9947/1/6
f 9947/1/6 9945/1/6 9948/1/6
f 9949/3/6 9950/3/6 9952/3/6
f 9952/3/6 9950/3/6 9953/3/6
f 9951/3/6 9952/3/6 9956/3/6
f 9953/3/6 9954/3/6 9956/3/6
f 9952/3/6 9953/3/6 9956/3/6
f 9956/3/6 9954/3/6 9957/3/6
f 9957/3/6 9954/3/6 9958/3/6
f 9958/3/6 9954/3/6 9959/3/6
f 9955/3/6 9956/3/6 9962/3/6
f 9956/3/6 9957/3/6 9962/3/6
f 9962/3/6 9957/3/6 9963/3/6
f 9963/3/6 9957/3/6 9964/3/6
f 9958/3/6 9959/3/6 9965/3/6
f 9959/3/6 9960/3/6 9965/3/6
f 9965/3/6 9960/3/6 9966/3/6
f 9966/3/6 9960/3/6 9967/3/6
f 9962/3/6 9963/3/6 9969/3/6
f 9961/3/6 9962/3/6 9969/3/6
f 9969/3/6 9963/3/6 9970/3/6
f 9967/3/6 9968/3/6 9971/3/6
f 9966/3/6 9967/3/6 9971/3/6
f 9971/3/6 9968/3/6 9972/3/6
f 9961/3/6 9969/3/6 9974/3/6
f 9972/3/6 9968/3/6 9975/3/6
f 9973/3/6 9974/3/6 9977/3/6
f 9974/3/6 9969/3/6 9978/3/6
f 9977/3/6 9974/3/6 9978/3/6
f 9975/3/6 9976/3/6 9979/3/6
f 9972/3/6 9975/3/6 9979/3/6
f 9979/3/6 9976/3/6 9980/3/6
f 9978/3/6 9969/3/6 9981/3/6
f 9972/3/6 9979/3/6 9984/3/6
f 9981/3/6 9982/3/6 9985/3/6
f 9978/3/6 9981/3/6 9985/3/6
f 9985/3/6 9982/3/6 9986/3/6
f 9986/3/6 9982/3/6 9987/3/6
f 9983/3/6 9984/3/6 9990/3/6
f 9984/3/6 9979/3/6 9991/3/6
f 9990/3/6 9984/3/6 9991/3/6
f 9991/3/6 9979/3/6 9992/3/6
f 9987/3/6 9988/3/6 9993/3/6
f 9986/3/6 9987/3/6 9993/3/6
f 9993/3/6 9988/3/6 9994/3/6
f 9994/3/6 9988/3/6 9995/3/6
f 9989/3/6 9990/3/6 9996/3/6
f 9990/3/6 9991/3/6 9996/3/6
f 9996/3/6 9991/3/6 9997/3/6
f 9997/3/6 9991/3/6 9998/3/6
f 9994/3/6 9995/3/6 10001/3/6
f 9995/3/6 9996/3/6 10001/3/6
f 9996/3/6 9997/3/6 10001/3/6
f 10001/3/6 9997/3/6 10002/3/6
f 10002/3/6 9997/3/6 10003/3/6
f 10003/3/6 9997/3/6 10004/3/6
f 9999/3/6 10000/3/6 10006/3/6
f 10006/3/6 10000/3/6 10007/3/6
f 10002/3/6 10003/3/6 10009/3/6
f 10009/3/6 10003/3/6 10010/3/6
f 10007/3/6 10008/3/6 10012/3/6
f 10005/3/6 10006/3/6 10012/3/6
f 10006/3/6 10007/3/6 10012/3/6
f 10012/3/6 10008/3/6 10013/3/6
f 10011/3/6 10012/3/6 10016/3/6
f 10013/3/6 10014/3/6 10016/3/6
f 10012/3/6 10013/3/6 10016/3/6
f 10016/3/6 10014/3/6 10017/3/6
f 10017/3/6 10014/3/6 10018/3/6
f 10018/3/6 10014/3/6 10019/3/6
f 10015/3/6 10016/3/6 10021/3/6
f 10016/3/6 10017/3/6 10021/3/6
f 10021/3/6 10017/3/6 10022/3/6
f 10019/3/6 10020/3/6 10023/3/6
f 10018/3/6 10019/3/6 10023/3/6
f 10023/3/6 10020/3/6 10024/3/6
f 10015/3/6 10021/3/6 10026/3/6
f 10024/3/6 10020/3/6 10027/3/6
f 10025/3/6 10026/3/6 10029/3/6
f 10026/3/6 10021/3/6 10029/3/6
f 10029/3/6 10021/3/6 10030/3/6
f 10027/3/6 10028/3/6 10031/3/6
f 10024/3/6 10027/3/6 10031/3/6
f 10031/3/6 10028/3/6 10032/3/6
f 10025/3/6 10029/3/6 10033/3/6
f 10032/3/6 10028/3/6 10036/3/6
f 10033/3/6 10034/3/6 10037/3/6
f 10025/3/6 10033/3/6 10037/3/6
f 10037/3/6 10034/3/6 10038/3/6
f 10035/3/6 10036/3/6 10039/3/6
f 10036/3/6 10028/3/6 10039/3/6
f 10039/3/6 10028/3/6 10040/3/6
f 10038/3/6 10034/3/6 10041/3/6
f 10035/3/6 10039/3/6 10044/3/6
f 10041/3/6 10042/3/6 10045/3/6
f 10038/3/6 10041/3/6 10045/3/6
f 10045/3/6 10042/3/6 10046/3/6
f 10046/3/6 10042/3/6 10047/3/6
f 10043/3/6 10044/3/6 10048/3/6
f 10044/3/6 10039/3/6 10049/3/6
f 10048/3/6 10044/3/6 10049/3/6
f 10049/3/6 10039/3/6 10050/3/6
f 10046/3/6 10047/3/6 10051/3/6
f 10047/3/6 10048/3/6 10051/3/6
f 10048/3/6 10049/3/6 10051/3/6
f 10051/3/6 10049/3/6 10052/3/6
f 10052/3/6 10049/3/6 10053/3/6
f 10053/3/6 10049/3/6 10054/3/6
f 10052/3/6 10053/3/6 10055/3/6
f 10055/3/6 10053/3/6 10056/3/6
f 10056/3/6 10053/3/6 10057/3/6
f 10057/3/6 10053/3/6 10058/3/6
f 10056/3/6 10057/3/6 10059/3/6
f 10059/3/6 10057/3/6 10060/3/6
f 10061/3/6 10062/3/6 10064/3/6
f 10064/3/6 10062/3/6 10065/3/6
f 10063/3/6 10064/3/6 10068/3/6
f 10065/3/6 10066/3/6 10068/3/6
f 10064/3/6 10065/3/6 10068/3/6
f 10068/3/6 10066/3/6 10069/3/6
f 10067/3/6 10068/3/6 10072/3/6
f 10069/3/6 10070/3/6 10072/3/6
f 10068/3/6 10069/3/6 10072/3/6
f 10072/3/6 10070/3/6 10073/3/6
f 10073/3/6 10070/3/6 10074/3/6
f 10074/3/6 10070/3/6 10075/3/6
f 10071/3/6 10072/3/6 10077/3/6
f 10072/3/6 10073/3/6 10077/3/6
f 10077/3/6 10073/3/6 10078/3/6
f 10075/3/6 10076/3/6 10079/3/6
f 10074/3/6 10075/3/6 10079/3/6
f 10079/3/6 10076/3/6 10080/3/6
f 10071/3/6 10077/3/6 10082/3/6
f 10080/3/6 10076/3/6 10083/3/6
f 10081/3/6 10082/3/6 10085/3/6
f 10082/3/6 10077/3/6 10085/3/6
f 10085/3/6 10077/3/6 10086/3/6
f 10083/3/6 10084/3/6 10087/3/6
f 10080/3/6 10083/3/6 10087/3/6
f 10087/3/6 10084/3/6 10088/3/6
f 10081/3/6 10085/3/6 10089/3/6
f 10088/3/6 10084/3/6 10092/3/6
f 10089/3/6 10090/3/6 10093/3/6
f 10081/3/6 10089/3/6 10093/3/6
f 10093/3/6 10090/3/6 10094/3/6
f 10091/3/6 10092/3/6 10095/3/6
f 10092/3/6 10084/3/6 10095/3/6
f 10095/3/6 10084/3/6 10096/3/6
f 10094/3/6 10090/3/6 10097/3/6
f 10091/3/6 10095/3/6 10100/3/6
f 10097/3/6 10098/3/6 10101/3/6
f 10094/3/6 10097/3/6 10101/3/6
f 10101/3/6 10098/3/6 10102/3/6
f 10102/3/6 10098/3/6 10103/3/6
f 10099/3/6 10100/3/6 10104/3/6
f 10100/3/6 10095/3/6 10105/3/6
f 10104/3/6 10100/3/6 10105/3/6
f 10105/3/6 10095/3/6 10106/3/6
f 10102/3/6 10103/3/6 10109/3/6
f 10103/3/6 10104/3/6 10109/3/6
f 10104/3/6 10105/3/6 10109/3/6
f 10109/3/6 10105/3/6 10110/3/6
f 10110/3/6 10105/3/6 10111/3/6
f 10111/3/6 10105/3/6 10112/3/6
f 10107/3/6 10108/3/6 10114/3/6
f 10114/3/6 10108/3/6 10115/3/6
f 10110/3/6 10111/3/6 10117/3/6
f 10117/3/6 10111/3/6 10118/3/6
f 10118/3/6 10111/3/6 10119/3/6
f 10119/3/6 10111/3/6 10120/3/6
f 10115/3/6 10116/3/6 10122/3/6
f 10113/3/6 10114/3/6 10122/3/6
f 10114/3/6 10115/3/6 10122/3/6
f 10122/3/6 10116/3/6 10123/3/6
f 10123/3/6 10116/3/6 10124/3/6
f 10124/3/6 10116/3/6 10125/3/6
f 10118/3/6 10119/3/6 10127/3/6
f 10127/3/6 10119/3/6 10128/3/6
f 10121/3/6 10122/3/6 10130/3/6
f 10122/3/6 10123/3/6 10130/3/6
f 10130/3/6 10123/3/6 10131/3/6
f 10131/3/6 10123/3/6 10132/3/6
f 10125/3/6 10126/3/6 10133/3/6
f 10124/3/6 10125/3/6 10133/3/6
f 10133/3/6 10126/3/6 10134/3/6
f 10134/3/6 10126/3/6 10135/3/6
f 10130/3/6 10131/3/6 10137/3/6
f 10129/3/6 10130/3/6 10137/3/6
f 10137/3/6 10131/3/6 10138/3/6
f 10135/3/6 10136/3/6 10139/3/6
f 10134/3/6 10135/3/6 10139/3/6
f 10139/3/6 10136/3/6 10140/3/6
f 10129/3/6 10137/3/6 10142/3/6
f 10140/3/6 10136/3/6 10143/3/6
f 10141/3/6 10142/3/6 10145/3/6
f 10142/3/6 10137/3/6 10146/3/6
f 10145/3/6 10142/3/6 10146/3/6
f 10143/3/6 10144/3/6 10147/3/6
f 10140/3/6 10143/3/6 10147/3/6
f 10147/3/6 10144/3/6 10148/3/6
f 10146/3/6 10137/3/6 10149/3/6
f 10140/3/6 10147/3/6 10152/3/6
f 10149/3/6 10150/3/6 10153/3/6
f 10146/3/6 10149/3/6 10153/3/6
f 10153/3/6 10150/3/6 10154/3/6
f 10154/3/6 10150/3/6 10155/3/6
f 10151/3/6 10152/3/6 10158/3/6
f 10152/3/6 10147/3/6 10159/3/6
f 10158/3/6 10152/3/6 10159/3/6
f 10159/3/6 10147/3/6 10160/3/6
f 10155/3/6 10156/3/6 10161/3/6
f 10154/3/6 10155/3/6 10161/3/6
f 10161/3/6 10156/3/6 10162/3/6
f 10162/3/6 10156/3/6 10163/3/6
f 10157/3/6 10158/3/6 10164/3/6
f 10158/3/6 10159/3/6 10164/3/6
f 10164/3/6 10159/3/6 10165/3/6
f 10165/3/6 10159/3/6 10166/3/6
f 10162/3/6 10163/3/6 10167/3/6
f 10164/3/6 10165/3/6 10167/3/6
f 10163/3/6 10164/3/6 10167/3/6
f 10167/3/6 10165/3/6 10168/3/6
f 10168/3/6 10165/3/6 10169/3/6
f 10169/3/6 10165/3/6 10170/3/6
f 10168/3/6 10169/3/6 10171/3/6
f 10171/3/6 10169/3/6 10172/3/6
f 10173/3/6 10174/3/6 10176/3/6
f 10176/3/6 10174/3/6 10177/3/6
f 10175/3/6 10176/3/6 10180/3/6
f 10177/3/6 10178/3/6 10180/3/6
f 10176/3/6 10177/3/6 10180/3/6
f 10180/3/6 10178/3/6 10181/3/6
f 10181/3/6 10178/3/6 10182/3/6
f 10182/3/6 10178/3/6 10183/3/6
f 10179/3/6 10180/3/6 10185/3/6
f 10180/3/6 10181/3/6 10185/3/6
f 10185/3/6 10181/3/6 10186/3/6
f 10183/3/6 10184/3/6 10187/3/6
f 10182/3/6 10183/3/6 10187/3/6
f 10187/3/6 10184/3/6 10188/3/6
f 10179/3/6 10185/3/6 10189/3/6
f 10188/3/6 10184/3/6 10192/3/6
f 10189/3/6 10190/3/6 10193/3/6
f 10191/3/6 10192/3/6 10194/3/6
f 10189/3/6 10193/3/6 10195/3/6
f 10193/3/6 10194/3/6 10195/3/6
f 10179/3/6 10189/3/6 10195/3/6
f 10195/3/6 10194/3/6 10196/3/6
f 10194/3/6 10192/3/6 10197/3/6
f 10196/3/6 10194/3/6 10197/3/6
f 10192/3/6 10184/3/6 10197/3/6
f 10197/3/6 10184/3/6 10198/3/6
f 10196/3/6 10197/3/6 10199/3/6
f 10199/3/6 10197/3/6 10200/3/6
f 10200/3/6 10197/3/6 10201/3/6
f 10201/3/6 10197/3/6 10202/3/6
f 10200/3/6 10201/3/6 10203/3/6
f 10203/3/6 10201/3/6 10204/3/6
f 10205/3/6 10206/3/6 10208/3/6
f 10208/3/6 10206/3/6 10209/3/6
f 10209/3/6 10206/3/6 10210/3/6
f 10210/3/6 10206/3/6 10211/3/6
f 10207/3/6 10208/3/6 10213/3/6
f 10208/3/6 10209/3/6 10213/3/6
f 10213/3/6 10209/3/6 10214/3/6
f 10211/3/6 10212/3/6 10215/3/6
f 10210/3/6 10211/3/6 10215/3/6
f 10215/3/6 10212/3/6 10216/3/6
f 10207/3/6 10213/3/6 10218/3/6
f 10216/3/6 10212/3/6 10219/3/6
f 10217/3/6 10218/3/6 10221/3/6
f 10218/3/6 10213/3/6 10222/3/6
f 10221/3/6 10218/3/6 10222/3/6
f 10219/3/6 10220/3/6 10223/3/6
f 10216/3/6 10219/3/6 10223/3/6
f 10223/3/6 10220/3/6 10224/3/6
f 10222/3/6 10213/3/6 10225/3/6
f 10216/3/6 10223/3/6 10228/3/6
f 10225/3/6 10226/3/6 10229/3/6
f 10222/3/6 10225/3/6 10229/3/6
f 10229/3/6 10226/3/6 10230/3/6
f 10230/3/6 10226/3/6 10231/3/6
f 10227/3/6 10228/3/6 10232/3/6
f 10228/3/6 10223/3/6 10233/3/6
f 10232/3/6 10228/3/6 10233/3/6
f 10233/3/6 10223/3/6 10234/3/6
f 10230/3/6 10231/3/6 10235/3/6
f 10231/3/6 10232/3/6 10235/3/6
f 10232/3/6 10233/3/6 10235/3/6
f 10235/3/6 10233/3/6 10236/3/6
f 10237/3/6 10238/3/6 10240/3/6
f 10240/3/6 10238/3/6 10241/3/6
f 10241/3/6 10238/3/6 10242/3/6
f 10242/3/6 10238/3/6 10243/3/6
f 10239/3/6 10240/3/6 10245/3/6
f 10240/3/6 10241/3/6 10245/3/6
f 10245/3/6 10241/3/6 10246/3/6
f 10243/3/6 10244/3/6 10247/3/6
f 10242/3/6 10243/3/6 10247/3/6
f 10247/3/6 10244/3/6 10248/3/6
f 10239/3/6 10245/3/6 10250/3/6
f 10248/3/6 10244/3/6 10251/3/6
f 10249/3/6 10250/3/6 10253/3/6
f 10250/3/6 10245/3/6 10254/3/6
f 10253/3/6 10250/3/6 10254/3/6
f 10251/3/6 10252/3/6 10255/3/6
f 10248/3/6 10251/3/6 10255/3/6
f 10255/3/6 10252/3/6 10256/3/6
f 10254/3/6 10245/3/6 10257/3/6
f 10248/3/6 10255/3/6 10260/3/6
f 10257/3/6 10258/3/6 10261/3/6
f 10254/3/6 10257/3/6 10261/3/6
f 10261/3/6 10258/3/6 10262/3/6
f 10262/3/6 10258/3/6 10263/3/6
f 10259/3/6 10260/3/6 10264/3/6
f 10260/3/6 10255/3/6 10265/3/6
f 10264/3/6 10260/3/6 10265/3/6
f 10265/3/6 10255/3/6 10266/3/6
f 10262/3/6 10263/3/6 10267/3/6
f 10263/3/6 10264/3/6 10267/3/6
f 10264/3/6 10265/3/6 10267/3/6
f 10267/3/6 10265/3/6 10268/3/6
f 10269/3/6 10270/3/6 10272/3/6
f 10272/3/6 10270/3/6 10273/3/6
f 10271/3/6 10272/3/6 10276/3/6
f 10273/3/6 10274/3/6 10276/3/6
f 10272/3/6 10273/3/6 10276/3/6
f 10276/3/6 10274/3/6 10277/3/6
f 10275/3/6 10276/3/6 10279/3/6
f 10277/3/6 10278/3/6 10279/3/6
f 10276/3/6 10277/3/6 10279/3/6
f 10279/3/6 10278/3/6 10280/3/6
f 10275/3/6 10279/3/6 10281/3/6
f 10281/3/6 10279/3/6 10282/3/6
f 10280/3/6 10278/3/6 10283/3/6
f 10283/3/6 10278/3/6 10284/3/6
f 10275/3/6 10281/3/6 10285/3/6
f 10284/3/6 10278/3/6 10288/3/6
f 10285/3/6 10286/3/6 10289/3/6
f 10275/3/6 10285/3/6 10289/3/6
f 10289/3/6 10286/3/6 10290/3/6
f 10290/3/6 10286/3/6 10291/3/6
f 10287/3/6 10288/3/6 10292/3/6
f 10288/3/6 10278/3/6 10293/3/6
f 10292/3/6 10288/3/6 10293/3/6
f 10293/3/6 10278/3/6 10294/3/6
f 10290/3/6 10291/3/6 10295/3/6
f 10291/3/6 10292/3/6 10295/3/6
f 10292/3/6 10293/3/6 10295/3/6
f 10295/3/6 10293/3/6 10296/3/6
f 10296/3/6 10293/3/6 10297/3/6
f 10297/3/6 10293/3/6 10298/3/6
f 10296/3/6 10297/3/6 10299/3/6
f 10299/3/6 10297/3/6 10300/3/6
f 10301/3/6 10302/3/6 10303/3/6
f 10303/3/6 10302/3/6 10304/3/6
f 10305/3/6 10306/3/6 10307/3/6
f 10307/3/6 10306/3/6 10308/3/6
f 10309/3/6 10310/3/6 10311/3/6
f 10311/3/6 10310/3/6 10312/3/6
f 10313/3/6 10314/3/6 10315/3/6
f 10315/3/6 10314/3/6 10316/3/6
f 10317/3/6 10318/3/6 10319/3/6
f 10319/3/6 10318/3/6 10320/3/6
f 10321/3/6 10322/3/6 10323/3/6
f 10323/3/6 10322/3/6 10324/3/6
f 10325/3/6 10326/3/6 10327/3/6
f 10327/3/6 10326/3/6 10328/3/6
f 10329/3/6 10330/3/6 10331/3/6
f 10331/3/6 10330/3/6 10332/3/6
f 10333/3/6 10334/3/6 10335/3/6
f 10335/3/6 10334/3/6 10336/3/6
f 10337/3/6 10338/3/6 10339/3/6
f 10339/3/6 10338/3/6 10340/3/6
f 10341/3/6 10342/3/6 10343/3/6
f 10343/3/6 10342/3/6 10344/3/6
f 10345/3/6 10346/3/6 10347/3/6
f 10347/3/6 10346/3/6 10348/3/6
f 10349/3/6 10350/3/6 10351/3/6
f 10351/3/6 10350/3/6 10352/3/6
f 10353/3/6 10354/3/6 10355/3/6
f 10355/3/6 10354/3/6 10356/3/6
f 10357/3/6 10358/3/6 10359/3/6
f 10359/3/6 10358/3/6 10360/3/6
f 10361/3/6 10362/3/6 10363/3/6
f 10363/3/6 10362/3/6 10364/3/6
f 10365/3/6 10366/3/6 10369/3/6
f 10369/3/6 10366/3/6 10370/3/6
f 10367/3/6 10368/3/6 10371/3/6
f 10371/3/6 10368/3/6 10372/3/6
f 10373/3/6 10374/3/6 10377/3/6
f 10377/3/6 10374/3/6 10378/3/6
f 10375/3/6 10376/3/6 10379/3/6
f 10379/3/6 10376/3/6 10380/3/6
f 10381/3/6 10382/3/6 10383/3/6
f 10383/3/6 10382/3/6 10384/3/6
f 10385/3/6 10386/3/6 10387/3/6
f 10387/3/6 10386/3/6 10388/3/6
f 10389/3/6 10390/3/6 10391/3/6
f 10391/3/6 10390/3/6 10392/3/6
f 10393/3/6 10394/3/6 10395/3/6
f 10395/3/6 10394/3/6 10396/3/6
f 10397/2/6 10398/2/6 10400/2/6
f 10400/2/6 10398/2/6 10401/2/6
f 10399/2/6 10400/2/6 10404/2/6
f 10401/2/6 10402/2/6 10404/2/6
f 10400/2/6 10401/2/6 10404/2/6
f 10404/2/6 10402/2/6 10405/2/6
f 10403/2/6 10404/2/6 10408/2/6
f 10405/2/6 10406/2/6 10408/2/6
f 10404/2/6 10405/2/6 10408/2/6
f 10408/2/6 10406/2/6 10409/2/6
f 10407/2/6 10408/2/6 10412/2/6
f 10409/2/6 10410/2/6 10412/2/6
f 10408/2/6 10409/2/6 10412/2/6
f 10412/2/6 10410/2/6 10413/2/6
f 10411/2/6 10412/2/6 10416/2/6
f 10413/2/6 10414/2/6 10416/2/6
f 10412/2/6 10413/2/6 10416/2/6
f 10416/2/6 10414/2/6 10417/2/6
f 10415/2/6 10416/2/6 10419/2/6
f 10417/2/6 10418/2/6 10419/2/6
f 10416/2/6 10417/2/6 10419/2/6
f 10421/3/6 10422/3/6 10423/3/6
f 10423/3/6 10422/3/6 10424/3/6
f 10425/3/6 10426/3/6 10427/3/6
f 10427/3/6 10426/3/6 10428/3/6
f 10415/2/6 10419/2/6 10429/2/6
f 10419/2/6 10420/2/6 10429/2/6
f 10429/2/6 10420/2/6 10430/2/6
f 10415/2/6 10429/2/6 10433/2/6
f 10433/2/6 10429/2/6 10434/2/6
f 10434/2/6 10429/2/6 10435/2/6
f 10435/2/6 10429/2/6 10436/2/6
f 10431/2/6 10432/2/6 10438/2/6
f 10438/2/6 10432/2/6 10439/2/6
f 10434/2/6 10435/2/6 10441/2/6
f 10441/2/6 10435/2/6 10442/2/6
f 10442/2/6 10435/2/6 10443/2/6
f 10443/2/6 10435/2/6 10444/2/6
f 10439/2/6 10440/2/6 10446/2/6
f 10437/2/6 10438/2/6 10446/2/6
f 10438/2/6 10439/2/6 10446/2/6
f 10446/2/6 10440/2/6 10447/2/6
f 10442/2/6 10443/2/6 10449/2/6
f 10449/2/6 10443/2/6 10450/2/6
f 10450/2/6 10443/2/6 10451/2/6
f 10451/2/6 10443/2/6 10452/2/6
f 10447/2/6 10448/2/6 10454/2/6
f 10445/2/6 10446/2/6 10454/2/6
f 10446/2/6 10447/2/6 10454/2/6
f 10454/2/6 10448/2/6 10455/2/6
f 10450/2/6 10451/2/6 10457/2/6
f 10457/2/6 10451/2/6 10458/2/6
f 10458/2/6 10451/2/6 10459/2/6
f 10459/2/6 10451/2/6 10460/2/6
f 10455/2/6 10456/2/6 10462/2/6
f 10453/2/6 10454/2/6 10462/2/6
f 10454/2/6 10455/2/6 10462/2/6
f 10462/2/6 10456/2/6 10463/2/6
f 10458/2/6 10459/2/6 10465/2/6
f 10465/2/6 10459/2/6 10466/2/6
f 10466/2/6 10459/2/6 10467/2/6
f 10467/2/6 10459/2/6 10468/2/6
f 10463/2/6 10464/2/6 10470/2/6
f 10461/2/6 10462/2/6 10470/2/6
f 10462/2/6 10463/2/6 10470/2/6
f 10470/2/6 10464/2/6 10471/2/6
f 10466/2/6 10467/2/6 10473/2/6
f 10473/2/6 10467/2/6 10474/2/6
f 10471/2/6 10472/2/6 10475/2/6
f 10469/2/6 10470/2/6 10475/2/6
f 10470/2/6 10471/2/6 10475/2/6
f 10469/2/6 10475/2/6 10478/2/6
f 10475/2/6 10476/2/6 10478/2/6
f 10477/2/6 10478/2/6 10479/2/6
f 10478/2/6 10476/2/6 10480/2/6
f 10479/2/6 10478/2/6 10480/2/6
f 10480/2/6 10476/2/6 10481/2/6
f 10481/2/6 10476/2/6 10482/2/6
f 10480/2/6 10481/2/6 10483/2/6
f 10483/2/6 10481/2/6 10484/2/6
f 10484/2/6 10481/2/6 10485/2/6
f 10485/2/6 10481/2/6 10486/2/6
f 10484/2/6 10485/2/6 10487/2/6
f 10487/2/6 10485/2/6 10488/2/6
f 10488/2/6 10485/2/6 10489/2/6
f 10489/2/6 10485/2/6 10490/2/6
f 10488/2/6 10489/2/6 10491/2/6
f 10491/2/6 10489/2/6 10492/2/6
f 10492/2/6 10489/2/6 10493/2/6
f 10493/2/6 10489/2/6 10494/2/6
f 10492/2/6 10493/2/6 10499/2/6
f 10499/2/6 10493/2/6 10500/2/6
f 10500/2/6 10493/2/6 10501/2/6
f 10501/2/6 10493/2/6 10502/2/6
f 10495/3/6 10496/3/6 10503/3/6
f 10503/3/6 10496/3/6 10504/3/6
f 10497/3/6 10498/3/6 10505/3/6
f 10505/3/6 10498/3/6 10506/3/6
f 10500/2/6 10501/2/6 10507/2/6
f 10507/2/6 10501/2/6 10508/2/6
f 10509/2/6 10510/2/6 10516/2/6
f 10516/2/6 10510/2/6 10517/2/6
f 10511/3/6 10512/3/6 10519/3/6
f 10519/3/6 10512/3/6 10520/3/6
f 10513/3/6 10514/3/6 10521/3/6
f 10521/3/6 10514/3/6 10522/3/6
f 10517/2/6 10518/2/6 10524/2/6
f 10515/2/6 10516/2/6 10524/2/6
f 10516/2/6 10517/2/6 10524/2/6
f 10524/2/6 10518/2/6 10525/2/6
f 10525/2/6 10526/2/6 10528/2/6
f 10523/2/6 10524/2/6 10528/2/6
f 10524/2/6 10525/2/6 10528/2/6
f 10528/2/6 10526/2/6 10529/2/6
f 10527/2/6 10528/2/6 10532/2/6
f 10529/2/6 10530/2/6 10532/2/6
f 10528/2/6 10529/2/6 10532/2/6
f 10532/2/6 10530/2/6 10533/2/6
f 10531/2/6 10532/2/6 10536/2/6
f 10533/2/6 10534/2/6 10536/2/6
f 10532/2/6 10533/2/6 10536/2/6
f 10536/2/6 10534/2/6 10537/2/6
f 10535/2/6 10536/2/6 10539/2/6
f 10537/2/6 10538/2/6 10539/2/6
f 10536/2/6 10537/2/6 10539/2/6
f 10539/2/6 10538/2/6 10540/2/6
f 10535/2/6 10539/2/6 10541/2/6
f 10541/2/6 10539/2/6 10542/2/6
f 10543/2/6 10544/2/6 10546/2/6
f 10546/2/6 10544/2/6 10547/2/6
f 10542/2/6 10539/2/6 10549/2/6
f 10549/2/6 10539/2/6 10550/2/6
f 10550/2/6 10539/2/6 10551/2/6
f 10551/2/6 10539/2/6 10552/2/6
f 10547/2/6 10548/2/6 10554/2/6
f 10545/2/6 10546/2/6 10554/2/6
f 10546/2/6 10547/2/6 10554/2/6
f 10554/2/6 10548/2/6 10555/2/6
f 10550/2/6 10551/2/6 10557/2/6
f 10557/2/6 10551/2/6 10558/2/6
f 10558/2/6 10551/2/6 10559/2/6
f 10559/2/6 10551/2/6 10560/2/6
f 10555/2/6 10556/2/6 10562/2/6
f 10553/2/6 10554/2/6 10562/2/6
f 10554/2/6 10555/2/6 10562/2/6
f 10562/2/6 10556/2/6 10563/2/6
f 10558/2/6 10559/2/6 10565/2/6
f 10565/2/6 10559/2/6 10566/2/6
f 10566/2/6 10559/2/6 10567/2/6
f 10567/2/6 10559/2/6 10568/2/6
f 10566/2/6 10567/2/6 10569/2/6
f 10569/2/6 10567/2/6 10570/2/6
f 10570/2/6 10567/2/6 10571/2/6
f 10571/2/6 10567/2/6 10572/2/6
f 10563/2/6 10564/2/6 10574/2/6
f 10561/2/6 10562/2/6 10574/2/6
f 10562/2/6 10563/2/6 10574/2/6
f 10574/2/6 10564/2/6 10575/2/6
f 10570/2/6 10571/2/6 10577/2/6
f 10577/2/6 10571/2/6 10578/2/6
f 10578/2/6 10571/2/6 10579/2/6
f 10579/2/6 10571/2/6 10580/2/6
f 10575/2/6 10576/2/6 10582/2/6
f 10573/2/6 10574/2/6 10582/2/6
f 10574/2/6 10575/2/6 10582/2/6
f 10582/2/6 10576/2/6 10583/2/6
f 10578/2/6 10579/2/6 10585/2/6
f 10585/2/6 10579/2/6 10586/2/6
f 10583/2/6 10584/2/6 10588/2/6
f 10581/2/6 10582/2/6 10588/2/6
f 10582/2/6 10583/2/6 10588/2/6
f 10589/3/6 10590/3/6 10591/3/6
f 10591/3/6 10590/3/6 10592/3/6
f 10593/3/6 10594/3/6 10595/3/6
f 10595/3/6 10594/3/6 10596/3/6
f 10587/2/6 10588/2/6 10597/2/6
f 10588/2/6 10584/2/6 10598/2/6
f 10597/2/6 10588/2/6 10598/2/6
f 10598/2/6 10584/2/6 10599/2/6
f 10599/2/6 10584/2/6 10600/2/6
f 10600/2/6 10584/2/6 10601/2/6
f 10601/2/6 10584/2/6 10602/2/6
f 10600/2/6 10601/2/6 10603/2/6
f 10603/2/6 10601/2/6 10604/2/6
f 10604/2/6 10601/2/6 10605/2/6
f 10605/2/6 10601/2/6 10606/2/6
f 10604/2/6 10605/2/6 10607/2/6
f 10607/2/6 10605/2/6 10608/2/6
f 10608/2/6 10605/2/6 10609/2/6
f 10609/2/6 10605/2/6 10610/2/6
f 10608/2/6 10609/2/6 10611/2/6
f 10611/2/6 10609/2/6 10612/2/6
f 10612/2/6 10609/2/6 10613/2/6
f 10613/2/6 10609/2/6 10614/2/6
f 10612/2/6 10613/2/6 10615/2/6
f 10615/2/6 10613/2/6 10616/2/6
f 10616/2/6 10613/2/6 10617/2/6
f 10617/2/6 10613/2/6 10618/2/6
f 10616/2/6 10617/2/6 10619/2/6
f 10619/2/6 10617/2/6 10620/2/6
f 10621/3/6 10622/3/6 10623/3/6
f 10623/3/6 10622/3/6 10624/3/6
f 10625/3/6 10626/3/6 10628/3/6
f 10628/3/6 10626/3/6 10629/3/6
f 10628/3/6 10629/3/6 10632/3/6
f 10629/3/6 10630/3/6 10632/3/6
f 10627/3/6 10628/3/6 10632/3/6
f 10632/3/6 10630/3/6 10633/3/6
f 10633/3/6 10630/3/6 10634/3/6
f 10631/3/6 10632/3/6 10637/3/6
f 10637/3/6 10632/3/6 10638/3/6
f 10638/3/6 10632/3/6 10639/3/6
f 10633/3/6 10634/3/6 10640/3/6
f 10634/3/6 10635/3/6 10640/3/6
f 10640/3/6 10635/3/6 10641/3/6
f 10641/3/6 10635/3/6 10642/3/6
f 10637/3/6 10638/3/6 10645/3/6
f 10636/3/6 10637/3/6 10645/3/6
f 10645/3/6 10638/3/6 10646/3/6
f 10646/3/6 10638/3/6 10647/3/6
f 10642/3/6 10643/3/6 10648/3/6
f 10641/3/6 10642/3/6 10648/3/6
f 10648/3/6 10643/3/6 10649/3/6
f 10649/3/6 10643/3/6 10650/3/6
f 10645/3/6 10646/3/6 10653/3/6
f 10644/3/6 10645/3/6 10653/3/6
f 10653/3/6 10646/3/6 10654/3/6
f 10654/3/6 10646/3/6 10655/3/6
f 10650/3/6 10651/3/6 10656/3/6
f 10649/3/6 10650/3/6 10656/3/6
f 10656/3/6 10651/3/6 10657/3/6
f 10657/3/6 10651/3/6 10658/3/6
f 10653/3/6 10654/3/6 10661/3/6
f 10652/3/6 10653/3/6 10661/3/6
f 10661/3/6 10654/3/6 10662/3/6
f 10662/3/6 10654/3/6 10663/3/6
f 10658/3/6 10659/3/6 10664/3/6
f 10657/3/6 10658/3/6 10664/3/6
f 10664/3/6 10659/3/6 10665/3/6
f 10665/3/6 10659/3/6 10666/3/6
f 10661/3/6 10662/3/6 10668/3/6
f 10660/3/6 10661/3/6 10668/3/6
f 10668/3/6 10662/3/6 10669/3/6
f 10666/3/6 10667/3/6 10670/3/6
f 10665/3/6 10666/3/6 10670/3/6
f 10670/3/6 10667/3/6 10671/3/6
f 10671/3/6 10667/3/6 10672/3/6
f 10672/3/6 10667/3/6 10673/3/6
f 10660/3/6 10668/3/6 10676/3/6
f 10675/3/6 10676/3/6 10677/3/6
f 10676/3/6 10668/3/6 10678/3/6
f 10677/3/6 10676/3/6 10678/3/6
f 10673/3/6 10674/3/6 10680/3/6
f 10680/3/6 10674/3/6 10681/3/6
f 10682/3/6 10683/3/6 10685/3/6
f 10685/3/6 10683/3/6 10686/3/6
f 10678/3/6 10668/3/6 10688/3/6
f 10679/3/6 10680/3/6 10691/3/6
f 10684/3/6 10685/3/6 10693/3/6
f 10693/3/6 10685/3/6 10694/3/6
f 10694/3/6 10685/3/6 10695/3/6
f 10686/3/6 10687/3/6 10696/3/6
f 10696/3/6 10687/3/6 10697/3/6
f 10697/3/6 10687/3/6 10698/3/6
f 10688/3/6 10689/3/6 10700/3/6
f 10678/3/6 10688/3/6 10700/3/6
f 10700/3/6 10689/3/6 10701/3/6
f 10701/3/6 10689/3/6 10702/3/6
f 10690/3/6 10691/3/6 10705/3/6
f 10691/3/6 10680/3/6 10706/3/6
f 10705/3/6 10691/3/6 10706/3/6
f 10706/3/6 10680/3/6 10707/3/6
f 10692/3/6 10693/3/6 10709/3/6
f 10693/3/6 10694/3/6 10709/3/6
f 10709/3/6 10694/3/6 10710/3/6
f 10710/3/6 10694/3/6 10711/3/6
f 10698/3/6 10699/3/6 10712/3/6
f 10697/3/6 10698/3/6 10712/3/6
f 10712/3/6 10699/3/6 10713/3/6
f 10713/3/6 10699/3/6 10714/3/6
f 10702/3/6 10703/3/6 10716/3/6
f 10701/3/6 10702/3/6 10716/3/6
f 10716/3/6 10703/3/6 10717/3/6
f 10717/3/6 10703/3/6 10718/3/6
f 10704/3/6 10705/3/6 10721/3/6
f 10705/3/6 10706/3/6 10721/3/6
f 10721/3/6 10706/3/6 10722/3/6
f 10722/3/6 10706/3/6 10723/3/6
f 10709/3/6 10710/3/6 10725/3/6
f 10708/3/6 10709/3/6 10725/3/6
f 10725/3/6 10710/3/6 10726/3/6
f 10726/3/6 10710/3/6 10727/3/6
f 10714/3/6 10715/3/6 10728/3/6
f 10713/3/6 10714/3/6 10728/3/6
f 10728/3/6 10715/3/6 10729/3/6
f 10729/3/6 10715/3/6 10730/3/6
f 10718/3/6 10719/3/6 10732/3/6
f 10717/3/6 10718/3/6 10732/3/6
f 10732/3/6 10719/3/6 10733/3/6
f 10733/3/6 10719/3/6 10734/3/6
f 10720/3/6 10721/3/6 10737/3/6
f 10721/3/6 10722/3/6 10737/3/6
f 10737/3/6 10722/3/6 10738/3/6
f 10738/3/6 10722/3/6 10739/3/6
f 10725/3/6 10726/3/6 10741/3/6
f 10724/3/6 10725/3/6 10741/3/6
f 10741/3/6 10726/3/6 10742/3/6
f 10742/3/6 10726/3/6 10743/3/6
f 10730/3/6 10731/3/6 10744/3/6
f 10729/3/6 10730/3/6 10744/3/6
f 10744/3/6 10731/3/6 10745/3/6
f 10745/3/6 10731/3/6 10746/3/6
f 10734/3/6 10735/3/6 10748/3/6
f 10733/3/6 10734/3/6 10748/3/6
f 10748/3/6 10735/3/6 10749/3/6
f 10749/3/6 10735/3/6 10750/3/6
f 10736/3/6 10737/3/6 10753/3/6
f 10737/3/6 10738/3/6 10753/3/6
f 10753/3/6 10738/3/6 10754/3/6
f 10754/3/6 10738/3/6 10755/3/6
f 10741/3/6 10742/3/6 10756/3/6
f 10740/3/6 10741/3/6 10756/3/6
f 10756/3/6 10742/3/6 10757/3/6
f 10746/3/6 10747/3/6 10758/3/6
f 10745/3/6 10746/3/6 10758/3/6
f 10758/3/6 10747/3/6 10759/3/6
f 10750/3/6 10751/3/6 10760/3/6
f 10749/3/6 10750/3/6 10760/3/6
f 10760/3/6 10751/3/6 10761/3/6
f 10753/3/6 10754/3/6 10762/3/6
f 10752/3/6 10753/3/6 10762/3/6
f 10762/3/6 10754/3/6 10763/3/6
f 10761/3/6 10762/3/6 10764/3/6
f 10764/3/6 10762/3/6 10765/3/6
f 10740/3/6 10756/3/6 10767/3/6
f 10759/3/6 10747/3/6 10768/3/6
f 10768/3/6 10747/3/6 10769/3/6
f 10766/3/6 10767/3/6 10774/3/6
f 10767/3/6 10756/3/6 10775/3/6
f 10774/3/6 10767/3/6 10775/3/6
f 10775/3/6 10756/3/6 10776/3/6
f 10771/3/6 10772/3/6 10777/3/6
f 10777/3/6 10772/3/6 10778/3/6
f 10773/3/6 10774/3/6 10779/3/6
f 10774/3/6 10775/3/6 10779/3/6
f 10779/3/6 10775/3/6 10780/3/6
f 10780/3/6 10775/3/6 10781/3/6
f 10781/3/6 10775/3/6 10782/3/6
f 10769/3/6 10770/3/6 10785/3/6
f 10785/3/6 10770/3/6 10786/3/6
f 10782/3/6 10783/3/6 10787/3/6
f 10784/3/6 10785/3/6 10790/3/6
f 10787/3/6 10788/3/6 10791/3/6
f 10782/3/6 10787/3/6 10791/3/6
f 10791/3/6 10788/3/6 10792/3/6
f 10792/3/6 10788/3/6 10793/3/6
f 10789/3/6 10790/3/6 10796/3/6
f 10790/3/6 10785/3/6 10797/3/6
f 10796/3/6 10790/3/6 10797/3/6
f 10797/3/6 10785/3/6 10798/3/6
f 10793/3/6 10794/3/6 10799/3/6
f 10792/3/6 10793/3/6 10799/3/6
f 10799/3/6 10794/3/6 10800/3/6
f 10800/3/6 10794/3/6 10801/3/6
f 10795/3/6 10796/3/6 10804/3/6
f 10796/3/6 10797/3/6 10804/3/6
f 10804/3/6 10797/3/6 10805/3/6
f 10805/3/6 10797/3/6 10806/3/6
f 10800/3/6 10801/3/6 10809/3/6
f 10801/3/6 10802/3/6 10809/3/6
f 10809/3/6 10802/3/6 10810/3/6
f 10810/3/6 10802/3/6 10811/3/6
f 10804/3/6 10805/3/6 10814/3/6
f 10803/3/6 10804/3/6 10814/3/6
f 10814/3/6 10805/3/6 10815/3/6
f 10815/3/6 10805/3/6 10816/3/6
f 10807/3/6 10808/3/6 10818/3/6
f 10818/3/6 10808/3/6 10819/3/6
f 10811/3/6 10812/3/6 10821/3/6
f 10810/3/6 10811/3/6 10821/3/6
f 10821/3/6 10812/3/6 10822/3/6
f 10822/3/6 10812/3/6 10823/3/6
f 10813/3/6 10814/3/6 10824/3/6
f 10814/3/6 10815/3/6 10824/3/6
f 10824/3/6 10815/3/6 10825/3/6
f 10825/3/6 10815/3/6 10826/3/6
f 10819/3/6 10820/3/6 10828/3/6
f 10818/3/6 10819/3/6 10828/3/6
f 10817/3/6 10818/3/6 10828/3/6
f 10828/3/6 10820/3/6 10829/3/6
f 10829/3/6 10820/3/6 10830/3/6
f 10830/3/6 10820/3/6 10831/3/6
f 10824/3/6 10825/3/6 10833/3/6
f 10823/3/6 10824/3/6 10833/3/6
f 10822/3/6 10823/3/6 10833/3/6
f 10833/3/6 10825/3/6 10834/3/6
f 10834/3/6 10825/3/6 10835/3/6
f 10835/3/6 10825/3/6 10836/3/6
f 10828/3/6 10829/3/6 10838/3/6
f 10827/3/6 10828/3/6 10838/3/6
f 10838/3/6 10829/3/6 10839/3/6
f 10839/3/6 10829/3/6 10840/3/6
f 10831/3/6 10832/3/6 10841/3/6
f 10830/3/6 10831/3/6 10841/3/6
f 10841/3/6 10832/3/6 10842/3/6
f 10842/3/6 10832/3/6 10843/3/6
f 10834/3/6 10835/3/6 10845/3/6
f 10845/3/6 10835/3/6 10846/3/6
f 10838/3/6 10839/3/6 10848/3/6
f 10837/3/6 10838/3/6 10848/3/6
f 10848/3/6 10839/3/6 10849/3/6
f 10849/3/6 10839/3/6 10850/3/6
f 10843/3/6 10844/3/6 10851/3/6
f 10842/3/6 10843/3/6 10851/3/6
f 10851/3/6 10844/3/6 10852/3/6
f 10852/3/6 10844/3/6 10853/3/6
f 10848/3/6 10849/3/6 10856/3/6
f 10847/3/6 10848/3/6 10856/3/6
f 10856/3/6 10849/3/6 10857/3/6
f 10857/3/6 10849/3/6 10858/3/6
f 10853/3/6 10854/3/6 10859/3/6
f 10852/3/6 10853/3/6 10859/3/6
f 10859/3/6 10854/3/6 10860/3/6
f 10860/3/6 10854/3/6 10861/3/6
f 10856/3/6 10857/3/6 10863/3/6
f 10855/3/6 10856/3/6 10863/3/6
f 10863/3/6 10857/3/6 10864/3/6
f 10861/3/6 10862/3/6 10865/3/6
f 10860/3/6 10861/3/6 10865/3/6
f 10865/3/6 10862/3/6 10866/3/6
f 10855/3/6 10863/3/6 10868/3/6
f 10868/3/6 10863/3/6 10869/3/6
f 10866/3/6 10862/3/6 10870/3/6
f 10870/3/6 10862/3/6 10871/3/6
f 10871/3/6 10872/3/6 10873/3/6
f 10871/3/6 10873/3/6 10878/3/6
f 10873/3/6 10874/3/6 10878/3/6
f 10878/3/6 10874/3/6 10879/3/6
f 10879/3/6 10874/3/6 10880/3/6
f 10875/3/6 10876/3/6 10881/3/6
f 10881/3/6 10876/3/6 10882/3/6
f 10867/3/6 10868/3/6 10885/3/6
f 10885/3/6 10868/3/6 10886/3/6
f 10877/3/6 10878/3/6 10888/3/6
f 10878/3/6 10879/3/6 10888/3/6
f 10888/3/6 10879/3/6 10889/3/6
f 10883/3/6 10884/3/6 10891/3/6
f 10891/3/6 10884/3/6 10892/3/6
f 10890/3/6 10891/3/6 10895/3/6
f 10895/3/6 10891/3/6 10896/3/6
f 10896/3/6 10891/3/6 10897/3/6
f 10892/3/6 10893/3/6 10898/3/6
f 10898/3/6 10893/3/6 10899/3/6
f 10899/3/6 10893/3/6 10900/3/6
f 10886/3/6 10887/3/6 10902/3/6
f 10877/3/6 10888/3/6 10905/3/6
f 10894/3/6 10895/3/6 10907/3/6
f 10895/3/6 10896/3/6 10907/3/6
f 10907/3/6 10896/3/6 10908/3/6
f 10908/3/6 10896/3/6 10909/3/6
f 10900/3/6 10901/3/6 10910/3/6
f 10899/3/6 10900/3/6 10910/3/6
f 10910/3/6 10901/3/6 10911/3/6
f 10911/3/6 10901/3/6 10912/3/6
f 10902/3/6 10903/3/6 10914/3/6
f 10886/3/6 10902/3/6 10914/3/6
f 10914/3/6 10903/3/6 10915/3/6
f 10915/3/6 10903/3/6 10916/3/6
f 10904/3/6 10905/3/6 10919/3/6
f 10905/3/6 10888/3/6 10920/3/6
f 10919/3/6 10905/3/6 10920/3/6
f 10920/3/6 10888/3/6 10921/3/6
f 10907/3/6 10908/3/6 10923/3/6
f 10906/3/6 10907/3/6 10923/3/6
f 10923/3/6 10908/3/6 10924/3/6
f 10924/3/6 10908/3/6 10925/3/6
f 10912/3/6 10913/3/6 10926/3/6
f 10911/3/6 10912/3/6 10926/3/6
f 10926/3/6 10913/3/6 10927/3/6
f 10927/3/6 10913/3/6 10928/3/6
f 10916/3/6 10917/3/6 10930/3/6
f 10915/3/6 10916/3/6 10930/3/6
f 10930/3/6 10917/3/6 10931/3/6
f 10931/3/6 10917/3/6 10932/3/6
f 10918/3/6 10919/3/6 10935/3/6
f 10919/3/6 10920/3/6 10935/3/6
f 10935/3/6 10920/3/6 10936/3/6
f 10936/3/6 10920/3/6 10937/3/6
f 10932/3/6 10933/3/6 10938/3/6
f 10931/3/6 10932/3/6 10938/3/6
f 10938/3/6 10933/3/6 10939/3/6
f 10939/3/6 10933/3/6 10940/3/6
f 10935/3/6 10936/3/6 10943/3/6
f 10934/3/6 10935/3/6 10943/3/6
f 10943/3/6 10936/3/6 10944/3/6
f 10944/3/6 10936/3/6 10945/3/6
f 10923/3/6 10924/3/6 10947/3/6
f 10922/3/6 10923/3/6 10947/3/6
f 10947/3/6 10924/3/6 10948/3/6
f 10948/3/6 10924/3/6 10949/3/6
f 10928/3/6 10929/3/6 10950/3/6
f 10927/3/6 10928/3/6 10950/3/6
f 10950/3/6 10929/3/6 10951/3/6
f 10951/3/6 10929/3/6 10952/3/6
f 10940/3/6 10941/3/6 10954/3/6
f 10939/3/6 10940/3/6 10954/3/6
f 10954/3/6 10941/3/6 10955/3/6
f 10955/3/6 10941/3/6 10956/3/6
f 10943/3/6 10944/3/6 10959/3/6
f 10942/3/6 10943/3/6 10959/3/6
f 10959/3/6 10944/3/6 10960/3/6
f 10960/3/6 10944/3/6 10961/3/6
f 10947/3/6 10948/3/6 10962/3/6
f 10946/3/6 10947/3/6 10962/3/6
f 10962/3/6 10948/3/6 10963/3/6
f 10952/3/6 10953/3/6 10964/3/6
f 10951/3/6 10952/3/6 10964/3/6
f 10964/3/6 10953/3/6 10965/3/6
f 10956/3/6 10957/3/6 10966/3/6
f 10955/3/6 10956/3/6 10966/3/6
f 10966/3/6 10957/3/6 10967/3/6
f 10959/3/6 10960/3/6 10968/3/6
f 10958/3/6 10959/3/6 10968/3/6
f 10968/3/6 10960/3/6 10969/3/6
f 10946/3/6 10962/3/6 10971/3/6
f 10971/3/6 10962/3/6 10972/3/6
f 10967/3/6 10968/3/6 10973/3/6
f 10973/3/6 10968/3/6 10974/3/6
f 10965/3/6 10953/3/6 10975/3/6
f 10965/3/6 10975/3/6 10977/3/6
f 10975/3/6 10976/3/6 10977/3/6
f 10977/3/6 10976/3/6 10978/3/6
f 10970/3/6 10971/3/6 10979/3/6
f 10979/3/6 10971/3/6 10980/3/6
f 10980/3/6 10981/3/6 10982/3/6
f 10965/3/6 10977/3/6 10985/3/6
f 10982/3/6 10983/3/6 10986/3/6
f 10980/3/6 10982/3/6 10986/3/6
f 10986/3/6 10983/3/6 10987/3/6
f 10987/3/6 10983/3/6 10988/3/6
f 10984/3/6 10985/3/6 10991/3/6
f 10985/3/6 10977/3/6 10992/3/6
f 10991/3/6 10985/3/6 10992/3/6
f 10992/3/6 10977/3/6 10993/3/6
f 10988/3/6 10989/3/6 10994/3/6
f 10987/3/6 10988/3/6 10994/3/6
f 10994/3/6 10989/3/6 10995/3/6
f 10995/3/6 10989/3/6 10996/3/6
f 10990/3/6 10991/3/6 10999/3/6
f 10991/3/6 10992/3/6 10999/3/6
f 10999/3/6 10992/3/6 11000/3/6
f 11000/3/6 10992/3/6 11001/3/6
f 10996/3/6 10997/3/6 11002/3/6
f 10995/3/6 10996/3/6 11002/3/6
f 11002/3/6 10997/3/6 11003/3/6
f 11003/3/6 10997/3/6 11004/3/6
f 10999/3/6 11000/3/6 11007/3/6
f 10998/3/6 10999/3/6 11007/3/6
f 11007/3/6 11000/3/6 11008/3/6
f 11008/3/6 11000/3/6 11009/3/6
f 11004/3/6 11005/3/6 11010/3/6
f 11003/3/6 11004/3/6 11010/3/6
f 11010/3/6 11005/3/6 11011/3/6
f 11011/3/6 11005/3/6 11012/3/6
f 11007/3/6 11008/3/6 11015/3/6
f 11006/3/6 11007/3/6 11015/3/6
f 11015/3/6 11008/3/6 11016/3/6
f 11016/3/6 11008/3/6 11017/3/6
f 11012/3/6 11013/3/6 11018/3/6
f 11011/3/6 11012/3/6 11018/3/6
f 11018/3/6 11013/3/6 11019/3/6
f 11019/3/6 11013/3/6 11020/3/6
f 11015/3/6 11016/3/6 11021/3/6
f 11014/3/6 11015/3/6 11021/3/6
f 11021/3/6 11016/3/6 11022/3/6
f 11019/3/6 11020/3/6 11023/3/6
f 11020/3/6 11021/3/6 11023/3/6
f 11023/3/6 11021/3/6 11024/3/6
f 11024/3/6 11021/3/6 11025/3/6
f 11025/3/6 11021/3/6 11026/3/6
f 11024/3/6 11025/3/6 11027/3/6
f 11027/3/6 11025/3/6 11028/3/6
f 11029/3/6 11030/3/6 11031/3/6
f 11031/3/6 11030/3/6 11032/3/6
f 11033/3/6 11034/3/6 11035/3/6
f 11035/3/6 11034/3/6 11036/3/6
f 11037/3/6 11038/3/6 11039/3/6
f 11039/3/6 11038/3/6 11040/3/6
f 11041/3/6 11042/3/6 11043/3/6
f 11043/3/6 11042/3/6 11044/3/6
f 11045/3/6 11046/3/6 11047/3/6
f 11047/3/6 11046/3/6 11048/3/6
