# MagicaVoxel @ Ephtracy

# group
o 

# material
mtllib freefall.mtl
usemtl palette

# normals
vn -1 0 0
vn 1 0 0
vn 0 0 1
vn 0 0 -1
vn 0 -1 0
vn 0 1 0

# texcoords
vt 0.658203 0.5
vt 0.728516 0.5
vt 0.919922 0.5
vt 0.958984 0.5
vt 0.962891 0.5
vt 0.982422 0.5

# verts
v -3.6 9.4 0.3
v -3.6 9.4 -0.6
v -3.6 9.6 0.3
v -3.6 9.6 -0.6
v -3.5 9.3 0.2
v -3.5 9.3 -0.5
v -3.5 9.4 0.7
v -3.5 9.4 0.3
v -3.5 9.4 0.2
v -3.5 9.4 -0.5
v -3.5 9.4 -0.6
v -3.5 9.4 -1
v -3.5 9.6 0.7
v -3.5 9.6 0.3
v -3.5 9.6 0.2
v -3.5 9.6 -0.5
v -3.5 9.6 -0.6
v -3.5 9.6 -1
v -3.5 9.7 0.2
v -3.5 9.7 -0.5
v -3.4 9.3 0.6
v -3.4 9.3 0.2
v -3.4 9.3 -0.5
v -3.4 9.3 -0.9
v -3.4 9.4 0.9
v -3.4 9.4 0.7
v -3.4 9.4 0.6
v -3.4 9.4 0.2
v -3.4 9.4 -0.5
v -3.4 9.4 -0.9
v -3.4 9.4 -1
v -3.4 9.4 -1.2
v -3.4 9.6 0.9
v -3.4 9.6 0.7
v -3.4 9.6 0.6
v -3.4 9.6 0.2
v -3.4 9.6 -0.5
v -3.4 9.6 -0.9
v -3.4 9.6 -1
v -3.4 9.6 -1.2
v -3.4 9.7 0.6
v -3.4 9.7 0.2
v -3.4 9.7 -0.5
v -3.4 9.7 -0.9
v -3.3 9.3 0.9
v -3.3 9.3 0.6
v -3.3 9.3 -0.9
v -3.3 9.3 -1.2
v -3.3 9.4 1.1
v -3.3 9.4 0.9
v -3.3 9.4 0.6
v -3.3 9.4 -0.9
v -3.3 9.4 -1.2
v -3.3 9.4 -1.4
v -3.3 9.6 1.1
v -3.3 9.6 0.9
v -3.3 9.6 0.6
v -3.3 9.6 -0.9
v -3.3 9.6 -1.2
v -3.3 9.6 -1.4
v -3.3 9.7 0.9
v -3.3 9.7 0.6
v -3.3 9.7 -0.9
v -3.3 9.7 -1.2
v -3.2 9.2 0.5
v -3.2 9.2 -0.8
v -3.2 9.3 1
v -3.2 9.3 0.9
v -3.2 9.3 0.5
v -3.2 9.3 -0.8
v -3.2 9.3 -1.2
v -3.2 9.3 -1.3
v -3.2 9.4 1.2
v -3.2 9.4 1.1
v -3.2 9.4 1
v -3.2 9.4 0.9
v -3.2 9.4 -1.2
v -3.2 9.4 -1.3
v -3.2 9.4 -1.4
v -3.2 9.4 -1.5
v -3.2 9.6 1.2
v -3.2 9.6 1.1
v -3.2 9.6 1
v -3.2 9.6 0.9
v -3.2 9.6 -1.2
v -3.2 9.6 -1.3
v -3.2 9.6 -1.4
v -3.2 9.6 -1.5
v -3.2 9.7 1
v -3.2 9.7 0.9
v -3.2 9.7 0.5
v -3.2 9.7 -0.8
v -3.2 9.7 -1.2
v -3.2 9.7 -1.3
v -3.2 9.8 0.5
v -3.2 9.8 -0.8
v -3.1 9.2 0.7
v -3.1 9.2 0.5
v -3.1 9.2 -0.8
v -3.1 9.2 -1
v -3.1 9.3 1.2
v -3.1 9.3 1
v -3.1 9.3 0.7
v -3.1 9.3 0.5
v -3.1 9.3 -0.8
v -3.1 9.3 -1
v -3.1 9.3 -1.3
v -3.1 9.3 -1.5
v -3.1 9.4 1.4
v -3.1 9.4 1.2
v -3.1 9.4 1
v -3.1 9.4 -1.3
v -3.1 9.4 -1.5
v -3.1 9.4 -1.7
v -3.1 9.6 1.4
v -3.1 9.6 1.2
v -3.1 9.6 1
v -3.1 9.6 -1.3
v -3.1 9.6 -1.5
v -3.1 9.6 -1.7
v -3.1 9.7 1.2
v -3.1 9.7 1
v -3.1 9.7 0.7
v -3.1 9.7 0.5
v -3.1 9.7 -0.8
v -3.1 9.7 -1
v -3.1 9.7 -1.3
v -3.1 9.7 -1.5
v -3.1 9.8 0.7
v -3.1 9.8 0.5
v -3.1 9.8 -0.8
v -3.1 9.8 -1
v -3 5.4 1.3
v -3 5.4 -1.3
v -3 5.8 1.3
v -3 5.8 -1.3
v -3 9.2 0.9
v -3 9.2 0.7
v -3 9.2 -1
v -3 9.2 -1.2
v -3 9.3 1.3
v -3 9.3 1.2
v -3 9.3 0.9
v -3 9.3 0.7
v -3 9.3 -1
v -3 9.3 -1.2
v -3 9.3 -1.5
v -3 9.3 -1.6
v -3 9.4 1.5
v -3 9.4 1.4
v -3 9.4 1.3
v -3 9.4 1.2
v -3 9.4 -1.5
v -3 9.4 -1.6
v -3 9.4 -1.7
v -3 9.4 -1.8
v -3 9.6 1.5
v -3 9.6 1.4
v -3 9.6 1.3
v -3 9.6 1.2
v -3 9.6 -1.5
v -3 9.6 -1.6
v -3 9.6 -1.7
v -3 9.6 -1.8
v -3 9.7 1.3
v -3 9.7 1.2
v -3 9.7 0.9
v -3 9.7 0.7
v -3 9.7 -1
v -3 9.7 -1.2
v -3 9.7 -1.5
v -3 9.7 -1.6
v -3 9.8 0.9
v -3 9.8 0.7
v -3 9.8 -1
v -3 9.8 -1.2
v -2.9 9.2 1.1
v -2.9 9.2 0.9
v -2.9 9.2 -1.2
v -2.9 9.2 -1.4
v -2.9 9.3 1.5
v -2.9 9.3 1.3
v -2.9 9.3 1.1
v -2.9 9.3 0.9
v -2.9 9.3 -1.2
v -2.9 9.3 -1.4
v -2.9 9.3 -1.6
v -2.9 9.3 -1.8
v -2.9 9.4 1.6
v -2.9 9.4 1.5
v -2.9 9.4 1.3
v -2.9 9.4 -1.6
v -2.9 9.4 -1.8
v -2.9 9.4 -1.9
v -2.9 9.6 1.6
v -2.9 9.6 1.5
v -2.9 9.6 1.3
v -2.9 9.6 -1.6
v -2.9 9.6 -1.8
v -2.9 9.6 -1.9
v -2.9 9.7 1.5
v -2.9 9.7 1.3
v -2.9 9.7 1.1
v -2.9 9.7 0.9
v -2.9 9.7 -1.2
v -2.9 9.7 -1.4
v -2.9 9.7 -1.6
v -2.9 9.7 -1.8
v -2.9 9.8 1.1
v -2.9 9.8 0.9
v -2.9 9.8 -1.2
v -2.9 9.8 -1.4
v -2.8 9.1 0.4
v -2.8 9.1 -0.7
v -2.8 9.2 1.2
v -2.8 9.2 1.1
v -2.8 9.2 0.4
v -2.8 9.2 -0.7
v -2.8 9.2 -1.4
v -2.8 9.2 -1.5
v -2.8 9.3 1.6
v -2.8 9.3 1.5
v -2.8 9.3 1.2
v -2.8 9.3 1.1
v -2.8 9.3 -1.4
v -2.8 9.3 -1.5
v -2.8 9.3 -1.8
v -2.8 9.3 -1.9
v -2.8 9.4 1.7
v -2.8 9.4 1.6
v -2.8 9.4 1.5
v -2.8 9.4 -1.8
v -2.8 9.4 -1.9
v -2.8 9.4 -2
v -2.8 9.6 1.7
v -2.8 9.6 1.6
v -2.8 9.6 1.5
v -2.8 9.6 -1.8
v -2.8 9.6 -1.9
v -2.8 9.6 -2
v -2.8 9.7 1.6
v -2.8 9.7 1.5
v -2.8 9.7 1.2
v -2.8 9.7 1.1
v -2.8 9.7 -1.4
v -2.8 9.7 -1.5
v -2.8 9.7 -1.8
v -2.8 9.7 -1.9
v -2.8 9.8 1.2
v -2.8 9.8 1.1
v -2.8 9.8 0.4
v -2.8 9.8 -0.7
v -2.8 9.8 -1.4
v -2.8 9.8 -1.5
v -2.8 9.9 0.4
v -2.8 9.9 -0.7
v -2.7 5.4 1.7
v -2.7 5.4 1.3
v -2.7 5.4 -1.3
v -2.7 5.4 -1.7
v -2.7 5.8 1.3
v -2.7 5.8 -1.3
v -2.7 6.2 1.7
v -2.7 6.2 1.3
v -2.7 6.2 -1.3
v -2.7 6.2 -1.7
v -2.7 9.1 0.7
v -2.7 9.1 0.4
v -2.7 9.1 -0.7
v -2.7 9.1 -1
v -2.7 9.2 1.3
v -2.7 9.2 1.2
v -2.7 9.2 0.7
v -2.7 9.2 0.4
v -2.7 9.2 -0.7
v -2.7 9.2 -1
v -2.7 9.2 -1.5
v -2.7 9.2 -1.6
v -2.7 9.3 1.7
v -2.7 9.3 1.6
v -2.7 9.3 1.3
v -2.7 9.3 1.2
v -2.7 9.3 -1.5
v -2.7 9.3 -1.6
v -2.7 9.3 -1.9
v -2.7 9.3 -2
v -2.7 9.4 1.8
v -2.7 9.4 1.7
v -2.7 9.4 1.6
v -2.7 9.4 -1.9
v -2.7 9.4 -2
v -2.7 9.4 -2.1
v -2.7 9.6 1.8
v -2.7 9.6 1.7
v -2.7 9.6 1.6
v -2.7 9.6 -1.9
v -2.7 9.6 -2
v -2.7 9.6 -2.1
v -2.7 9.7 1.7
v -2.7 9.7 1.6
v -2.7 9.7 1.3
v -2.7 9.7 1.2
v -2.7 9.7 -1.5
v -2.7 9.7 -1.6
v -2.7 9.7 -1.9
v -2.7 9.7 -2
v -2.7 9.8 1.3
v -2.7 9.8 1.2
v -2.7 9.8 0.7
v -2.7 9.8 0.4
v -2.7 9.8 -0.7
v -2.7 9.8 -1
v -2.7 9.8 -1.5
v -2.7 9.8 -1.6
v -2.7 9.9 0.7
v -2.7 9.9 0.4
v -2.7 9.9 -0.7
v -2.7 9.9 -1
v -2.6 5.8 1.3
v -2.6 5.8 -1.3
v -2.6 6.2 1.3
v -2.6 6.2 -1.3
v -2.6 9.1 0.8
v -2.6 9.1 0.7
v -2.6 9.1 -1
v -2.6 9.1 -1.1
v -2.6 9.2 1.4
v -2.6 9.2 1.3
v -2.6 9.2 0.8
v -2.6 9.2 0.7
v -2.6 9.2 -1
v -2.6 9.2 -1.1
v -2.6 9.2 -1.6
v -2.6 9.2 -1.7
v -2.6 9.3 1.4
v -2.6 9.3 1.3
v -2.6 9.3 -1.6
v -2.6 9.3 -1.7
v -2.6 9.4 1.9
v -2.6 9.4 1.8
v -2.6 9.4 -2.1
v -2.6 9.4 -2.2
v -2.6 9.6 1.9
v -2.6 9.6 1.8
v -2.6 9.6 -2.1
v -2.6 9.6 -2.2
v -2.6 9.7 1.4
v -2.6 9.7 1.3
v -2.6 9.7 -1.6
v -2.6 9.7 -1.7
v -2.6 9.8 1.4
v -2.6 9.8 1.3
v -2.6 9.8 0.8
v -2.6 9.8 0.7
v -2.6 9.8 -1
v -2.6 9.8 -1.1
v -2.6 9.8 -1.6
v -2.6 9.8 -1.7
v -2.6 9.9 0.8
v -2.6 9.9 0.7
v -2.6 9.9 -1
v -2.6 9.9 -1.1
v -2.5 9.1 1
v -2.5 9.1 0.8
v -2.5 9.1 -1.1
v -2.5 9.1 -1.3
v -2.5 9.2 1.5
v -2.5 9.2 1.4
v -2.5 9.2 1
v -2.5 9.2 0.8
v -2.5 9.2 -1.1
v -2.5 9.2 -1.3
v -2.5 9.2 -1.7
v -2.5 9.2 -1.8
v -2.5 9.3 1.8
v -2.5 9.3 1.7
v -2.5 9.3 1.5
v -2.5 9.3 1.4
v -2.5 9.3 -1.7
v -2.5 9.3 -1.8
v -2.5 9.3 -2
v -2.5 9.3 -2.1
v -2.5 9.4 1.8
v -2.5 9.4 1.7
v -2.5 9.4 -2
v -2.5 9.4 -2.1
v -2.5 9.6 1.8
v -2.5 9.6 1.7
v -2.5 9.6 -2
v -2.5 9.6 -2.1
v -2.5 9.7 1.8
v -2.5 9.7 1.7
v -2.5 9.7 1.5
v -2.5 9.7 1.4
v -2.5 9.7 -1.7
v -2.5 9.7 -1.8
v -2.5 9.7 -2
v -2.5 9.7 -2.1
v -2.5 9.8 1.5
v -2.5 9.8 1.4
v -2.5 9.8 1
v -2.5 9.8 0.8
v -2.5 9.8 -1.1
v -2.5 9.8 -1.3
v -2.5 9.8 -1.7
v -2.5 9.8 -1.8
v -2.5 9.9 1
v -2.5 9.9 0.8
v -2.5 9.9 -1.1
v -2.5 9.9 -1.3
v -2.4 9.1 1.1
v -2.4 9.1 1
v -2.4 9.1 -1.3
v -2.4 9.1 -1.4
v -2.4 9.2 1.6
v -2.4 9.2 1.5
v -2.4 9.2 1.1
v -2.4 9.2 1
v -2.4 9.2 -1.3
v -2.4 9.2 -1.4
v -2.4 9.2 -1.8
v -2.4 9.2 -1.9
v -2.4 9.3 1.9
v -2.4 9.3 1.8
v -2.4 9.3 1.6
v -2.4 9.3 1.5
v -2.4 9.3 -1.8
v -2.4 9.3 -1.9
v -2.4 9.3 -2.1
v -2.4 9.3 -2.2
v -2.4 9.4 2
v -2.4 9.4 1.9
v -2.4 9.4 1.8
v -2.4 9.4 -2.1
v -2.4 9.4 -2.2
v -2.4 9.4 -2.3
v -2.4 9.6 2
v -2.4 9.6 1.9
v -2.4 9.6 1.8
v -2.4 9.6 -2.1
v -2.4 9.6 -2.2
v -2.4 9.6 -2.3
v -2.4 9.7 1.9
v -2.4 9.7 1.8
v -2.4 9.7 1.6
v -2.4 9.7 1.5
v -2.4 9.7 -1.8
v -2.4 9.7 -1.9
v -2.4 9.7 -2.1
v -2.4 9.7 -2.2
v -2.4 9.8 1.6
v -2.4 9.8 1.5
v -2.4 9.8 1.1
v -2.4 9.8 1
v -2.4 9.8 -1.3
v -2.4 9.8 -1.4
v -2.4 9.8 -1.8
v -2.4 9.8 -1.9
v -2.4 9.9 1.1
v -2.4 9.9 1
v -2.4 9.9 -1.3
v -2.4 9.9 -1.4
v -2.3 5.4 2
v -2.3 5.4 1.7
v -2.3 5.4 -1.7
v -2.3 5.4 -2
v -2.3 5.7 -1.7
v -2.3 5.7 -2
v -2.3 5.8 2
v -2.3 5.8 1.7
v -2.3 9.1 1.2
v -2.3 9.1 1.1
v -2.3 9.1 -1.4
v -2.3 9.1 -1.5
v -2.3 9.2 1.7
v -2.3 9.2 1.6
v -2.3 9.2 1.2
v -2.3 9.2 1.1
v -2.3 9.2 -1.4
v -2.3 9.2 -1.5
v -2.3 9.2 -1.9
v -2.3 9.2 -2
v -2.3 9.3 1.7
v -2.3 9.3 1.6
v -2.3 9.3 -1.9
v -2.3 9.3 -2
v -2.3 9.4 2.1
v -2.3 9.4 2
v -2.3 9.4 -2.3
v -2.3 9.4 -2.4
v -2.3 9.6 2.1
v -2.3 9.6 2
v -2.3 9.6 -2.3
v -2.3 9.6 -2.4
v -2.3 9.7 1.7
v -2.3 9.7 1.6
v -2.3 9.7 -1.9
v -2.3 9.7 -2
v -2.3 9.8 1.7
v -2.3 9.8 1.6
v -2.3 9.8 1.2
v -2.3 9.8 1.1
v -2.3 9.8 -1.4
v -2.3 9.8 -1.5
v -2.3 9.8 -1.9
v -2.3 9.8 -2
v -2.3 9.9 1.2
v -2.3 9.9 1.1
v -2.3 9.9 -1.4
v -2.3 9.9 -1.5
v -2.2 9.1 1.3
v -2.2 9.1 1.2
v -2.2 9.1 -1.5
v -2.2 9.1 -1.6
v -2.2 9.2 1.3
v -2.2 9.2 1.2
v -2.2 9.2 -1.5
v -2.2 9.2 -1.6
v -2.2 9.3 2
v -2.2 9.3 1.9
v -2.2 9.3 -2.2
v -2.2 9.3 -2.3
v -2.2 9.4 2
v -2.2 9.4 1.9
v -2.2 9.4 -2.2
v -2.2 9.4 -2.3
v -2.2 9.6 2
v -2.2 9.6 1.9
v -2.2 9.6 -2.2
v -2.2 9.6 -2.3
v -2.2 9.7 2
v -2.2 9.7 1.9
v -2.2 9.7 -2.2
v -2.2 9.7 -2.3
v -2.2 9.8 1.3
v -2.2 9.8 1.2
v -2.2 9.8 -1.5
v -2.2 9.8 -1.6
v -2.2 9.9 1.3
v -2.2 9.9 1.2
v -2.2 9.9 -1.5
v -2.2 9.9 -1.6
v -2.1 9 0.2
v -2.1 9 -0.5
v -2.1 9.1 0.2
v -2.1 9.1 -0.5
v -2.1 9.2 1.8
v -2.1 9.2 1.7
v -2.1 9.2 -2
v -2.1 9.2 -2.1
v -2.1 9.3 1.8
v -2.1 9.3 1.7
v -2.1 9.3 -2
v -2.1 9.3 -2.1
v -2.1 9.4 2.2
v -2.1 9.4 2.1
v -2.1 9.4 -2.4
v -2.1 9.4 -2.5
v -2.1 9.6 2.2
v -2.1 9.6 2.1
v -2.1 9.6 -2.4
v -2.1 9.6 -2.5
v -2.1 9.7 1.8
v -2.1 9.7 1.7
v -2.1 9.7 -2
v -2.1 9.7 -2.1
v -2.1 9.8 1.8
v -2.1 9.8 1.7
v -2.1 9.8 -2
v -2.1 9.8 -2.1
v -2.1 9.9 0.2
v -2.1 9.9 -0.5
v -2.1 10 0.2
v -2.1 10 -0.5
v -2 9 0.4
v -2 9 0.2
v -2 9 -0.5
v -2 9 -0.7
v -2 9.1 1.4
v -2 9.1 1.3
v -2 9.1 0.4
v -2 9.1 0.2
v -2 9.1 -0.5
v -2 9.1 -0.7
v -2 9.1 -1.6
v -2 9.1 -1.7
v -2 9.2 1.4
v -2 9.2 1.3
v -2 9.2 -1.6
v -2 9.2 -1.7
v -2 9.3 2.1
v -2 9.3 2
v -2 9.3 -2.3
v -2 9.3 -2.4
v -2 9.4 2.1
v -2 9.4 2
v -2 9.4 -2.3
v -2 9.4 -2.4
v -2 9.6 2.1
v -2 9.6 2
v -2 9.6 -2.3
v -2 9.6 -2.4
v -2 9.7 2.1
v -2 9.7 2
v -2 9.7 -2.3
v -2 9.7 -2.4
v -2 9.8 1.4
v -2 9.8 1.3
v -2 9.8 -1.6
v -2 9.8 -1.7
v -2 9.9 1.4
v -2 9.9 1.3
v -2 9.9 0.4
v -2 9.9 0.2
v -2 9.9 -0.5
v -2 9.9 -0.7
v -2 9.9 -1.6
v -2 9.9 -1.7
v -2 10 0.4
v -2 10 0.2
v -2 10 -0.5
v -2 10 -0.7
v -1.9 0 0.8
v -1.9 0 0.6
v -1.9 0 -0.7
v -1.9 0 -0.8
v -1.9 0.1 0.7
v -1.9 0.1 0.6
v -1.9 0.1 0.5
v -1.9 0.1 -0.5
v -1.9 0.1 -0.6
v -1.9 0.2 0.6
v -1.9 0.2 0.5
v -1.9 0.2 0.4
v -1.9 0.2 -0.4
v -1.9 0.2 -0.5
v -1.9 0.2 -0.6
v -1.9 0.3 0.5
v -1.9 0.3 0.4
v -1.9 0.3 0.3
v -1.9 0.3 -0.2
v -1.9 0.3 -0.4
v -1.9 0.3 -0.5
v -1.9 0.4 0.4
v -1.9 0.4 0.3
v -1.9 0.4 0.2
v -1.9 0.4 -0.1
v -1.9 0.4 -0.2
v -1.9 0.4 -0.4
v -1.9 0.5 0.3
v -1.9 0.5 0.2
v -1.9 0.5 0.0999999
v -1.9 0.5 0
v -1.9 0.5 -0.1
v -1.9 0.5 -0.2
v -1.9 0.6 0.0999999
v -1.9 0.6 0
v -1.9 0.6 -0.1
v -1.9 0.7 0.3
v -1.9 0.7 0.2
v -1.9 0.7 0
v -1.9 0.7 -0.1
v -1.9 0.8 0.4
v -1.9 0.8 0.3
v -1.9 0.8 0.2
v -1.9 0.8 0
v -1.9 0.8 -0.1
v -1.9 0.8 -0.2
v -1.9 0.9 0.6
v -1.9 0.9 0.4
v -1.9 0.9 0.3
v -1.9 0.9 -0.1
v -1.9 0.9 -0.2
v -1.9 0.9 -0.3
v -1.9 1 0.7
v -1.9 1 0.6
v -1.9 1 0.4
v -1.9 1 -0.2
v -1.9 1 -0.3
v -1.9 1 -0.4
v -1.9 1.1 0.7
v -1.9 1.1 0.6
v -1.9 1.1 0.5
v -1.9 1.1 -0.3
v -1.9 1.1 -0.4
v -1.9 1.1 -0.5
v -1.9 1.2 0.6
v -1.9 1.2 0.5
v -1.9 1.2 0.4
v -1.9 1.2 -0.4
v -1.9 1.2 -0.5
v -1.9 1.2 -0.6
v -1.9 1.3 0.5
v -1.9 1.3 0.4
v -1.9 1.3 0.3
v -1.9 1.3 -0.5
v -1.9 1.3 -0.6
v -1.9 1.3 -0.7
v -1.9 1.4 -0.4
v -1.9 1.4 -0.6
v -1.9 1.4 -0.7
v -1.9 1.5 0.4
v -1.9 1.5 0.3
v -1.9 1.5 0.2
v -1.9 1.5 -0.2
v -1.9 1.5 -0.4
v -1.9 1.5 -0.6
v -1.9 1.6 0.3
v -1.9 1.6 0.2
v -1.9 1.6 0.0999999
v -1.9 1.6 0
v -1.9 1.6 -0.2
v -1.9 1.6 -0.4
v -1.9 1.7 0.2
v -1.9 1.7 0.0999999
v -1.9 1.7 0
v -1.9 1.7 -0.2
v -1.9 1.8 0.3
v -1.9 1.8 0.0999999
v -1.9 1.8 0
v -1.9 1.8 -0.1
v -1.9 1.9 0.5
v -1.9 1.9 0.3
v -1.9 1.9 0.0999999
v -1.9 1.9 0
v -1.9 1.9 -0.1
v -1.9 1.9 -0.2
v -1.9 2 0.7
v -1.9 2 0.5
v -1.9 2 0.3
v -1.9 2 -0.1
v -1.9 2 -0.2
v -1.9 2 -0.3
v -1.9 2.1 0.7
v -1.9 2.1 0.5
v -1.9 2.1 -0.2
v -1.9 2.1 -0.3
v -1.9 2.1 -0.4
v -1.9 2.2 0.7
v -1.9 2.2 0.6
v -1.9 2.3 0.7
v -1.9 2.3 0.6
v -1.9 2.3 0.5
v -1.9 2.3 -0.3
v -1.9 2.3 -0.4
v -1.9 2.3 -0.5
v -1.9 2.4 0.6
v -1.9 2.4 0.5
v -1.9 2.4 0.4
v -1.9 2.4 -0.4
v -1.9 2.4 -0.5
v -1.9 2.4 -0.6
v -1.9 2.5 -0.6
v -1.9 2.5 -0.7
v -1.9 2.6 0.5
v -1.9 2.6 0.4
v -1.9 2.6 0.3
v -1.9 2.6 -0.4
v -1.9 2.6 -0.5
v -1.9 2.6 -0.7
v -1.9 2.7 0.4
v -1.9 2.7 0.3
v -1.9 2.7 0.2
v -1.9 2.7 -0.3
v -1.9 2.7 -0.4
v -1.9 2.7 -0.5
v -1.9 2.8 0.3
v -1.9 2.8 0.2
v -1.9 2.8 0.0999999
v -1.9 2.8 -0.1
v -1.9 2.8 -0.3
v -1.9 2.8 -0.4
v -1.9 2.9 0.2
v -1.9 2.9 0.0999999
v -1.9 2.9 -0.1
v -1.9 2.9 -0.3
v -1.9 3.1 0.2
v -1.9 3.1 0.0999999
v -1.9 3.1 -0.1
v -1.9 3.1 -0.2
v -1.9 3.2 0.3
v -1.9 3.2 0.2
v -1.9 3.2 0.0999999
v -1.9 3.2 -0.1
v -1.9 3.2 -0.2
v -1.9 3.2 -0.3
v -1.9 3.3 0.5
v -1.9 3.3 0.3
v -1.9 3.3 0.2
v -1.9 3.4 0.6
v -1.9 3.4 0.5
v -1.9 3.4 0.3
v -1.9 3.4 -0.2
v -1.9 3.4 -0.3
v -1.9 3.4 -0.4
v -1.9 3.5 0.7
v -1.9 3.5 0.6
v -1.9 3.5 0.5
v -1.9 3.5 -0.3
v -1.9 3.5 -0.4
v -1.9 3.5 -0.5
v -1.9 3.6 0.7
v -1.9 3.6 0.6
v -1.9 3.6 0.5
v -1.9 3.6 -0.4
v -1.9 3.6 -0.5
v -1.9 3.6 -0.7
v -1.9 3.7 0.6
v -1.9 3.7 0.5
v -1.9 3.7 0.4
v -1.9 3.7 -0.4
v -1.9 3.7 -0.5
v -1.9 3.7 -0.7
v -1.9 3.8 0.5
v -1.9 3.8 0.4
v -1.9 3.8 0.3
v -1.9 3.8 -0.2
v -1.9 3.8 -0.4
v -1.9 3.8 -0.5
v -1.9 3.9 0.4
v -1.9 3.9 0.3
v -1.9 3.9 0.2
v -1.9 3.9 -0.1
v -1.9 3.9 -0.2
v -1.9 3.9 -0.4
v -1.9 4 0.3
v -1.9 4 0.2
v -1.9 4 0.0999999
v -1.9 4 0
v -1.9 4 -0.1
v -1.9 4 -0.2
v -1.9 4.1 0.0999999
v -1.9 4.1 0
v -1.9 4.1 -0.1
v -1.9 4.2 0.3
v -1.9 4.2 0.2
v -1.9 4.2 0.0999999
v -1.9 4.3 0.4
v -1.9 4.3 0.3
v -1.9 4.3 0.2
v -1.9 4.3 0.0999999
v -1.9 4.3 0
v -1.9 4.3 -0.1
v -1.9 4.4 0.6
v -1.9 4.4 0.4
v -1.9 4.4 0.3
v -1.9 4.4 0
v -1.9 4.4 -0.1
v -1.9 4.4 -0.2
v -1.9 4.5 0.7
v -1.9 4.5 0.6
v -1.9 4.5 0.4
v -1.9 4.5 -0.1
v -1.9 4.5 -0.2
v -1.9 4.5 -0.3
v -1.9 4.5 -0.8
v -1.9 4.5 -0.9
v -1.9 4.6 0.7
v -1.9 4.6 0.6
v -1.9 4.6 -0.2
v -1.9 4.6 -0.3
v -1.9 4.6 -0.4
v -1.9 4.6 -0.8
v -1.9 4.6 -0.9
v -1.9 4.7 0.7
v -1.9 4.7 0.6
v -1.9 4.7 -0.3
v -1.9 4.7 -0.4
v -1.9 4.7 -0.5
v -1.9 4.8 0.7
v -1.9 4.8 0.6
v -1.9 4.8 0.5
v -1.9 4.8 -0.4
v -1.9 4.8 -0.5
v -1.9 4.8 -0.6
v -1.9 4.9 0.6
v -1.9 4.9 0.5
v -1.9 4.9 0.4
v -1.9 4.9 -0.5
v -1.9 4.9 -0.6
v -1.9 4.9 -0.7
v -1.9 5 0.5
v -1.9 5 0.4
v -1.9 5 0.3
v -1.9 5 -0.5
v -1.9 5 -0.6
v -1.9 5 -0.7
v -1.9 5.1 0.4
v -1.9 5.1 0.3
v -1.9 5.1 0.2
v -1.9 5.1 -0.3
v -1.9 5.1 -0.5
v -1.9 5.1 -0.6
v -1.9 5.2 0.3
v -1.9 5.2 0.2
v -1.9 5.2 0.0999999
v -1.9 5.2 -0.2
v -1.9 5.2 -0.3
v -1.9 5.2 -0.5
v -1.9 5.3 0.2
v -1.9 5.3 0.0999999
v -1.9 5.3 0
v -1.9 5.3 -0.1
v -1.9 5.3 -0.2
v -1.9 5.3 -0.3
v -1.9 5.4 0
v -1.9 5.4 -0.1
v -1.9 5.4 -0.2
v -1.9 5.5 0.2
v -1.9 5.5 0.0999999
v -1.9 5.5 -0.1
v -1.9 5.5 -0.2
v -1.9 5.6 0.3
v -1.9 5.6 0.2
v -1.9 5.6 0.0999999
v -1.9 5.6 -0.1
v -1.9 5.6 -0.2
v -1.9 5.6 -0.3
v -1.9 5.7 0.5
v -1.9 5.7 0.3
v -1.9 5.7 0.2
v -1.9 5.7 -0.2
v -1.9 5.7 -0.3
v -1.9 5.7 -0.4
v -1.9 5.8 0.6
v -1.9 5.8 0.5
v -1.9 5.8 0.3
v -1.9 5.8 -0.3
v -1.9 5.8 -0.4
v -1.9 5.8 -0.5
v -1.9 5.9 0.7
v -1.9 5.9 0.6
v -1.9 5.9 0.5
v -1.9 5.9 -0.4
v -1.9 5.9 -0.5
v -1.9 5.9 -0.6
v -1.9 6 0.7
v -1.9 6 0.6
v -1.9 6 0.5
v -1.9 6 -0.5
v -1.9 6 -0.6
v -1.9 6 -0.7
v -1.9 6.1 0.6
v -1.9 6.1 0.5
v -1.9 6.1 0.4
v -1.9 6.1 -0.4
v -1.9 6.1 -0.6
v -1.9 6.1 -0.7
v -1.9 6.2 0.5
v -1.9 6.2 0.4
v -1.9 6.2 0.3
v -1.9 6.2 -0.3
v -1.9 6.2 -0.4
v -1.9 6.2 -0.6
v -1.9 6.3 0.4
v -1.9 6.3 0.3
v -1.9 6.3 0.2
v -1.9 6.3 -0.2
v -1.9 6.3 -0.3
v -1.9 6.3 -0.4
v -1.9 6.4 0.3
v -1.9 6.4 0.2
v -1.9 6.4 -0.2
v -1.9 6.4 -0.3
v -1.9 6.5 0.2
v -1.9 6.5 0.0999999
v -1.9 6.5 -0.1
v -1.9 6.5 -0.2
v -1.9 6.6 0.3
v -1.9 6.6 0.0999999
v -1.9 6.6 -0.1
v -1.9 6.6 -0.2
v -1.9 6.7 0.4
v -1.9 6.7 0.3
v -1.9 6.7 0.0999999
v -1.9 6.7 -0.1
v -1.9 6.7 -0.2
v -1.9 6.7 -0.3
v -1.9 6.8 0.5
v -1.9 6.8 0.4
v -1.9 6.8 0.3
v -1.9 6.8 -0.2
v -1.9 6.8 -0.3
v -1.9 6.8 -0.4
v -1.9 6.9 0.7
v -1.9 6.9 0.5
v -1.9 6.9 0.4
v -1.9 6.9 -0.3
v -1.9 6.9 -0.4
v -1.9 6.9 -0.5
v -1.9 7 0.7
v -1.9 7 0.5
v -1.9 7 -0.4
v -1.9 7 -0.5
v -1.9 7 -0.7
v -1.9 7.1 0.7
v -1.9 7.1 0.6
v -1.9 7.1 -0.4
v -1.9 7.1 -0.5
v -1.9 7.1 -0.6
v -1.9 7.1 -0.7
v -1.9 7.2 0.7
v -1.9 7.2 0.6
v -1.9 7.2 0.4
v -1.9 7.2 -0.3
v -1.9 7.2 -0.4
v -1.9 7.2 -0.6
v -1.9 7.3 0.6
v -1.9 7.3 0.4
v -1.9 7.3 0.3
v -1.9 7.3 -0.1
v -1.9 7.3 -0.3
v -1.9 7.3 -0.4
v -1.9 7.4 0.4
v -1.9 7.4 0.3
v -1.9 7.4 0.2
v -1.9 7.4 0
v -1.9 7.4 -0.1
v -1.9 7.4 -0.3
v -1.9 7.5 0.3
v -1.9 7.5 0.2
v -1.9 7.5 0
v -1.9 7.5 -0.1
v -1.9 7.6 0.3
v -1.9 7.6 0.2
v -1.9 7.6 0.0999999
v -1.9 7.6 0
v -1.9 7.6 -0.1
v -1.9 7.7 0.4
v -1.9 7.7 0.3
v -1.9 7.7 0.0999999
v -1.9 7.7 0
v -1.9 7.7 -0.1
v -1.9 7.7 -0.2
v -1.9 7.8 0.6
v -1.9 7.8 0.4
v -1.9 7.8 0.3
v -1.9 7.8 -0.1
v -1.9 7.8 -0.2
v -1.9 7.8 -0.3
v -1.9 7.9 0.7
v -1.9 7.9 0.6
v -1.9 7.9 0.4
v -1.9 7.9 -0.2
v -1.9 7.9 -0.3
v -1.9 7.9 -0.5
v -1.9 8 0.6
v -1.9 8 0.5
v -1.9 8 -0.3
v -1.9 8 -0.5
v -1.9 8 -0.6
v -1.9 8.1 0.7
v -1.9 8.1 0.5
v -1.9 8.1 0.4
v -1.9 8.1 -0.5
v -1.9 8.1 -0.6
v -1.9 8.1 -0.7
v -1.9 8.2 0.5
v -1.9 8.2 0.4
v -1.9 8.2 0.3
v -1.9 8.2 -0.4
v -1.9 8.2 -0.6
v -1.9 8.2 -0.7
v -1.9 8.3 0.4
v -1.9 8.3 0.3
v -1.9 8.3 0.0999999
v -1.9 8.3 -0.3
v -1.9 8.3 -0.4
v -1.9 8.3 -0.6
v -1.9 8.4 0.3
v -1.9 8.4 0.0999999
v -1.9 8.4 0
v -1.9 8.4 -0.1
v -1.9 8.4 -0.3
v -1.9 8.4 -0.4
v -1.9 8.5 0.0999999
v -1.9 8.5 0
v -1.9 8.5 -0.1
v -1.9 8.5 -0.2
v -1.9 8.5 -0.3
v -1.9 8.6 0.0999999
v -1.9 8.6 0
v -1.9 8.6 -0.2
v -1.9 8.6 -0.3
v -1.9 8.7 0.3
v -1.9 8.7 0.0999999
v -1.9 8.7 0
v -1.9 8.7 -0.2
v -1.9 8.7 -0.3
v -1.9 8.7 -0.4
v -1.9 8.8 0.4
v -1.9 8.8 0.3
v -1.9 8.8 0.0999999
v -1.9 8.8 -0.3
v -1.9 8.8 -0.4
v -1.9 8.8 -0.6
v -1.9 8.9 0.6
v -1.9 8.9 0.4
v -1.9 8.9 0.3
v -1.9 8.9 -0.4
v -1.9 8.9 -0.6
v -1.9 8.9 -0.7
v -1.9 9 0.7
v -1.9 9 0.6
v -1.9 9 0.5
v -1.9 9 0.4
v -1.9 9 -0.6
v -1.9 9 -0.7
v -1.9 9.1 1.5
v -1.9 9.1 1.4
v -1.9 9.1 0.8
v -1.9 9.1 0.6
v -1.9 9.1 0.5
v -1.9 9.1 0.4
v -1.9 9.1 -0.7
v -1.9 9.1 -0.8
v -1.9 9.1 -1.7
v -1.9 9.1 -1.8
v -1.9 9.2 1.9
v -1.9 9.2 1.8
v -1.9 9.2 1.5
v -1.9 9.2 1.4
v -1.9 9.2 -1.7
v -1.9 9.2 -1.8
v -1.9 9.2 -2.1
v -1.9 9.2 -2.2
v -1.9 9.3 1.9
v -1.9 9.3 1.8
v -1.9 9.3 -2.1
v -1.9 9.3 -2.2
v -1.9 9.7 1.9
v -1.9 9.7 1.8
v -1.9 9.7 -2.1
v -1.9 9.7 -2.2
v -1.9 9.8 1.9
v -1.9 9.8 1.8
v -1.9 9.8 1.5
v -1.9 9.8 1.4
v -1.9 9.8 -1.7
v -1.9 9.8 -1.8
v -1.9 9.8 -2.1
v -1.9 9.8 -2.2
v -1.9 9.9 1.5
v -1.9 9.9 1.4
v -1.9 9.9 0.8
v -1.9 9.9 0.7
v -1.9 9.9 0.5
v -1.9 9.9 0.4
v -1.9 9.9 -0.7
v -1.9 9.9 -0.8
v -1.9 9.9 -1.7
v -1.9 9.9 -1.8
v -1.9 10 0.8
v -1.9 10 0.7
v -1.9 10 0.5
v -1.9 10 0.4
v -1.9 10 -0.7
v -1.9 10 -0.8
v -1.8 0 -0.8
v -1.8 0 -0.9
v -1.8 0.1 0.7
v -1.8 0.1 0.6
v -1.8 0.2 0.6
v -1.8 0.2 0.5
v -1.8 0.3 0.5
v -1.8 0.3 0.4
v -1.8 0.4 0.4
v -1.8 0.4 0.3
v -1.8 0.5 0.3
v -1.8 0.5 0.2
v -1.8 0.7 0.3
v -1.8 0.7 0.2
v -1.8 0.7 0
v -1.8 0.8 0.4
v -1.8 0.8 0.3
v -1.8 0.8 0.2
v -1.8 0.8 0
v -1.8 0.8 -0.1
v -1.8 0.9 0.6
v -1.8 0.9 0.4
v -1.8 0.9 0.3
v -1.8 0.9 -0.1
v -1.8 0.9 -0.2
v -1.8 1 0.7
v -1.8 1 0.6
v -1.8 1 0.4
v -1.8 1 -0.2
v -1.8 1 -0.3
v -1.8 1.1 0.7
v -1.8 1.1 0.6
v -1.8 1.1 0.5
v -1.8 1.1 -0.3
v -1.8 1.1 -0.4
v -1.8 1.2 0.6
v -1.8 1.2 0.5
v -1.8 1.2 0.4
v -1.8 1.2 -0.4
v -1.8 1.2 -0.5
v -1.8 1.3 0.5
v -1.8 1.3 0.4
v -1.8 1.3 0.3
v -1.8 1.3 -0.5
v -1.8 1.3 -0.6
v -1.8 1.4 -0.4
v -1.8 1.4 -0.6
v -1.8 1.4 -0.7
v -1.8 1.5 0.4
v -1.8 1.5 0.3
v -1.8 1.5 0.2
v -1.8 1.5 -0.2
v -1.8 1.5 -0.4
v -1.8 1.5 -0.6
v -1.8 1.6 0.3
v -1.8 1.6 0.2
v -1.8 1.6 0.0999999
v -1.8 1.6 0
v -1.8 1.6 -0.2
v -1.8 1.6 -0.4
v -1.8 1.7 0.2
v -1.8 1.7 0.0999999
v -1.8 1.7 0
v -1.8 1.7 -0.2
v -1.8 1.8 0.3
v -1.8 1.8 0.0999999
v -1.8 1.8 0
v -1.8 1.8 -0.1
v -1.8 1.9 0.5
v -1.8 1.9 0.3
v -1.8 1.9 0.0999999
v -1.8 1.9 0
v -1.8 1.9 -0.1
v -1.8 1.9 -0.2
v -1.8 2 0.7
v -1.8 2 0.5
v -1.8 2 0.3
v -1.8 2 -0.1
v -1.8 2 -0.2
v -1.8 2 -0.3
v -1.8 2.1 0.7
v -1.8 2.1 0.5
v -1.8 2.1 -0.2
v -1.8 2.1 -0.3
v -1.8 2.1 -0.4
v -1.8 2.2 0.7
v -1.8 2.2 0.6
v -1.8 2.3 0.7
v -1.8 2.3 0.6
v -1.8 2.3 0.5
v -1.8 2.3 -0.3
v -1.8 2.3 -0.4
v -1.8 2.3 -0.5
v -1.8 2.4 0.6
v -1.8 2.4 0.5
v -1.8 2.4 0.4
v -1.8 2.4 -0.4
v -1.8 2.4 -0.5
v -1.8 2.4 -0.6
v -1.8 2.5 -0.6
v -1.8 2.5 -0.7
v -1.8 2.6 0.5
v -1.8 2.6 0.4
v -1.8 2.6 0.3
v -1.8 2.6 -0.4
v -1.8 2.6 -0.5
v -1.8 2.6 -0.7
v -1.8 2.7 0.4
v -1.8 2.7 0.3
v -1.8 2.7 0.2
v -1.8 2.7 -0.3
v -1.8 2.7 -0.4
v -1.8 2.7 -0.5
v -1.8 2.8 0.3
v -1.8 2.8 0.2
v -1.8 2.8 0.0999999
v -1.8 2.8 -0.1
v -1.8 2.8 -0.3
v -1.8 2.8 -0.4
v -1.8 2.9 0.2
v -1.8 2.9 0.0999999
v -1.8 2.9 -0.1
v -1.8 2.9 -0.3
v -1.8 3.1 0.2
v -1.8 3.1 0.0999999
v -1.8 3.1 -0.1
v -1.8 3.1 -0.2
v -1.8 3.2 0.3
v -1.8 3.2 0.2
v -1.8 3.2 0.0999999
v -1.8 3.2 -0.1
v -1.8 3.2 -0.2
v -1.8 3.2 -0.3
v -1.8 3.3 0.5
v -1.8 3.3 0.3
v -1.8 3.3 0.2
v -1.8 3.4 0.6
v -1.8 3.4 0.5
v -1.8 3.4 0.3
v -1.8 3.4 -0.2
v -1.8 3.4 -0.3
v -1.8 3.4 -0.4
v -1.8 3.5 0.7
v -1.8 3.5 0.6
v -1.8 3.5 0.5
v -1.8 3.5 -0.3
v -1.8 3.5 -0.4
v -1.8 3.5 -0.5
v -1.8 3.6 0.7
v -1.8 3.6 0.6
v -1.8 3.6 0.5
v -1.8 3.6 -0.4
v -1.8 3.6 -0.5
v -1.8 3.6 -0.7
v -1.8 3.7 0.6
v -1.8 3.7 0.5
v -1.8 3.7 0.4
v -1.8 3.7 -0.4
v -1.8 3.7 -0.5
v -1.8 3.7 -0.7
v -1.8 3.8 0.5
v -1.8 3.8 0.4
v -1.8 3.8 0.3
v -1.8 3.8 -0.2
v -1.8 3.8 -0.4
v -1.8 3.8 -0.5
v -1.8 3.9 0.4
v -1.8 3.9 0.3
v -1.8 3.9 0.2
v -1.8 3.9 -0.1
v -1.8 3.9 -0.2
v -1.8 3.9 -0.4
v -1.8 4 0.3
v -1.8 4 0.2
v -1.8 4 0.0999999
v -1.8 4 0
v -1.8 4 -0.1
v -1.8 4 -0.2
v -1.8 4.1 0.0999999
v -1.8 4.1 0
v -1.8 4.1 -0.1
v -1.8 4.2 0.3
v -1.8 4.2 0.2
v -1.8 4.2 0.0999999
v -1.8 4.3 0.4
v -1.8 4.3 0.3
v -1.8 4.3 0.2
v -1.8 4.3 0.0999999
v -1.8 4.3 0
v -1.8 4.3 -0.1
v -1.8 4.4 0.6
v -1.8 4.4 0.4
v -1.8 4.4 0.3
v -1.8 4.4 0
v -1.8 4.4 -0.1
v -1.8 4.4 -0.2
v -1.8 4.5 0.7
v -1.8 4.5 0.6
v -1.8 4.5 0.4
v -1.8 4.5 -0.1
v -1.8 4.5 -0.2
v -1.8 4.5 -0.3
v -1.8 4.5 -0.8
v -1.8 4.5 -0.9
v -1.8 4.6 0.7
v -1.8 4.6 0.6
v -1.8 4.6 -0.2
v -1.8 4.6 -0.3
v -1.8 4.6 -0.4
v -1.8 4.6 -0.8
v -1.8 4.6 -0.9
v -1.8 4.7 0.7
v -1.8 4.7 0.6
v -1.8 4.7 -0.3
v -1.8 4.7 -0.4
v -1.8 4.7 -0.5
v -1.8 4.8 0.7
v -1.8 4.8 0.6
v -1.8 4.8 0.5
v -1.8 4.8 -0.4
v -1.8 4.8 -0.5
v -1.8 4.8 -0.6
v -1.8 4.9 0.6
v -1.8 4.9 0.5
v -1.8 4.9 0.4
v -1.8 4.9 -0.5
v -1.8 4.9 -0.6
v -1.8 4.9 -0.7
v -1.8 5 0.5
v -1.8 5 0.4
v -1.8 5 0.3
v -1.8 5 -0.5
v -1.8 5 -0.6
v -1.8 5 -0.7
v -1.8 5.1 0.4
v -1.8 5.1 0.3
v -1.8 5.1 0.2
v -1.8 5.1 -0.3
v -1.8 5.1 -0.5
v -1.8 5.1 -0.6
v -1.8 5.2 0.3
v -1.8 5.2 0.2
v -1.8 5.2 0.0999999
v -1.8 5.2 -0.2
v -1.8 5.2 -0.3
v -1.8 5.2 -0.5
v -1.8 5.3 0.2
v -1.8 5.3 0.0999999
v -1.8 5.3 0
v -1.8 5.3 -0.1
v -1.8 5.3 -0.2
v -1.8 5.3 -0.3
v -1.8 5.4 0
v -1.8 5.4 -0.1
v -1.8 5.4 -0.2
v -1.8 5.5 0.2
v -1.8 5.5 0.0999999
v -1.8 5.5 -0.1
v -1.8 5.5 -0.2
v -1.8 5.6 0.3
v -1.8 5.6 0.2
v -1.8 5.6 0.0999999
v -1.8 5.6 -0.1
v -1.8 5.6 -0.2
v -1.8 5.6 -0.3
v -1.8 5.7 0.5
v -1.8 5.7 0.3
v -1.8 5.7 0.2
v -1.8 5.7 -0.2
v -1.8 5.7 -0.3
v -1.8 5.7 -0.4
v -1.8 5.8 0.6
v -1.8 5.8 0.5
v -1.8 5.8 0.3
v -1.8 5.8 -0.3
v -1.8 5.8 -0.4
v -1.8 5.8 -0.5
v -1.8 5.9 0.7
v -1.8 5.9 0.6
v -1.8 5.9 0.5
v -1.8 5.9 -0.4
v -1.8 5.9 -0.5
v -1.8 5.9 -0.6
v -1.8 6 0.7
v -1.8 6 0.6
v -1.8 6 0.5
v -1.8 6 -0.5
v -1.8 6 -0.6
v -1.8 6 -0.7
v -1.8 6.1 0.6
v -1.8 6.1 0.5
v -1.8 6.1 0.4
v -1.8 6.1 -0.4
v -1.8 6.1 -0.6
v -1.8 6.1 -0.7
v -1.8 6.2 0.5
v -1.8 6.2 0.4
v -1.8 6.2 0.3
v -1.8 6.2 -0.3
v -1.8 6.2 -0.4
v -1.8 6.2 -0.6
v -1.8 6.3 0.4
v -1.8 6.3 0.3
v -1.8 6.3 0.2
v -1.8 6.3 -0.2
v -1.8 6.3 -0.3
v -1.8 6.3 -0.4
v -1.8 6.4 0.3
v -1.8 6.4 0.2
v -1.8 6.4 -0.2
v -1.8 6.4 -0.3
v -1.8 6.5 0.2
v -1.8 6.5 0.0999999
v -1.8 6.5 -0.1
v -1.8 6.5 -0.2
v -1.8 6.6 0.3
v -1.8 6.6 0.0999999
v -1.8 6.6 -0.1
v -1.8 6.6 -0.2
v -1.8 6.7 0.4
v -1.8 6.7 0.3
v -1.8 6.7 0.0999999
v -1.8 6.7 -0.1
v -1.8 6.7 -0.2
v -1.8 6.7 -0.3
v -1.8 6.8 0.5
v -1.8 6.8 0.4
v -1.8 6.8 0.3
v -1.8 6.8 -0.2
v -1.8 6.8 -0.3
v -1.8 6.8 -0.4
v -1.8 6.9 0.7
v -1.8 6.9 0.5
v -1.8 6.9 0.4
v -1.8 6.9 -0.3
v -1.8 6.9 -0.4
v -1.8 6.9 -0.5
v -1.8 7 0.7
v -1.8 7 0.5
v -1.8 7 -0.4
v -1.8 7 -0.5
v -1.8 7 -0.7
v -1.8 7.1 0.7
v -1.8 7.1 0.6
v -1.8 7.1 -0.4
v -1.8 7.1 -0.5
v -1.8 7.1 -0.6
v -1.8 7.1 -0.7
v -1.8 7.2 0.7
v -1.8 7.2 0.6
v -1.8 7.2 0.4
v -1.8 7.2 -0.3
v -1.8 7.2 -0.4
v -1.8 7.2 -0.6
v -1.8 7.3 0.6
v -1.8 7.3 0.4
v -1.8 7.3 0.3
v -1.8 7.3 -0.1
v -1.8 7.3 -0.3
v -1.8 7.3 -0.4
v -1.8 7.4 0.4
v -1.8 7.4 0.3
v -1.8 7.4 0.2
v -1.8 7.4 0
v -1.8 7.4 -0.1
v -1.8 7.4 -0.3
v -1.8 7.5 0.3
v -1.8 7.5 0.2
v -1.8 7.5 0
v -1.8 7.5 -0.1
v -1.8 7.6 0.3
v -1.8 7.6 0.2
v -1.8 7.6 0.0999999
v -1.8 7.6 0
v -1.8 7.6 -0.1
v -1.8 7.7 0.4
v -1.8 7.7 0.3
v -1.8 7.7 0.0999999
v -1.8 7.7 0
v -1.8 7.7 -0.1
v -1.8 7.7 -0.2
v -1.8 7.8 0.6
v -1.8 7.8 0.4
v -1.8 7.8 0.3
v -1.8 7.8 -0.1
v -1.8 7.8 -0.2
v -1.8 7.8 -0.3
v -1.8 7.9 0.7
v -1.8 7.9 0.6
v -1.8 7.9 0.4
v -1.8 7.9 -0.2
v -1.8 7.9 -0.3
v -1.8 7.9 -0.5
v -1.8 8 0.6
v -1.8 8 0.5
v -1.8 8 -0.3
v -1.8 8 -0.5
v -1.8 8 -0.6
v -1.8 8.1 0.7
v -1.8 8.1 0.5
v -1.8 8.1 0.4
v -1.8 8.1 -0.5
v -1.8 8.1 -0.6
v -1.8 8.1 -0.7
v -1.8 8.2 0.5
v -1.8 8.2 0.4
v -1.8 8.2 0.3
v -1.8 8.2 -0.4
v -1.8 8.2 -0.6
v -1.8 8.2 -0.7
v -1.8 8.3 0.4
v -1.8 8.3 0.3
v -1.8 8.3 0.0999999
v -1.8 8.3 -0.3
v -1.8 8.3 -0.4
v -1.8 8.3 -0.6
v -1.8 8.4 0.3
v -1.8 8.4 0.0999999
v -1.8 8.4 0
v -1.8 8.4 -0.1
v -1.8 8.4 -0.3
v -1.8 8.4 -0.4
v -1.8 8.5 0.0999999
v -1.8 8.5 0
v -1.8 8.5 -0.1
v -1.8 8.5 -0.2
v -1.8 8.5 -0.3
v -1.8 8.6 0.0999999
v -1.8 8.6 0
v -1.8 8.6 -0.2
v -1.8 8.6 -0.3
v -1.8 8.7 0.3
v -1.8 8.7 0.0999999
v -1.8 8.7 0
v -1.8 8.7 -0.2
v -1.8 8.7 -0.3
v -1.8 8.7 -0.4
v -1.8 8.8 0.4
v -1.8 8.8 0.3
v -1.8 8.8 0.0999999
v -1.8 8.8 -0.3
v -1.8 8.8 -0.4
v -1.8 8.8 -0.6
v -1.8 8.9 0.6
v -1.8 8.9 0.4
v -1.8 8.9 0.3
v -1.8 8.9 -0.4
v -1.8 8.9 -0.6
v -1.8 8.9 -0.7
v -1.8 9 0.7
v -1.8 9 0.6
v -1.8 9 0.5
v -1.8 9 0.4
v -1.8 9 -0.5
v -1.8 9 -0.6
v -1.8 9 -0.9
v -1.8 9 -1
v -1.8 9.1 0.6
v -1.8 9.1 0.5
v -1.8 9.1 -0.8
v -1.8 9.1 -0.9
v -1.8 9.1 -1
v -1.8 9.3 2.2
v -1.8 9.3 2.1
v -1.8 9.3 -2.4
v -1.8 9.3 -2.5
v -1.8 9.4 2.3
v -1.8 9.4 2.2
v -1.8 9.4 2.1
v -1.8 9.4 -2.4
v -1.8 9.4 -2.5
v -1.8 9.4 -2.6
v -1.8 9.6 2.3
v -1.8 9.6 2.2
v -1.8 9.6 2.1
v -1.8 9.6 -2.4
v -1.8 9.6 -2.5
v -1.8 9.6 -2.6
v -1.8 9.7 2.2
v -1.8 9.7 2.1
v -1.8 9.7 -2.4
v -1.8 9.7 -2.5
v -1.8 9.9 0.7
v -1.8 9.9 0.5
v -1.8 9.9 -0.8
v -1.8 9.9 -1
v -1.8 10 0.7
v -1.8 10 0.5
v -1.8 10 -0.8
v -1.8 10 -1
v -1.7 0 0.6
v -1.7 0 -0.7
v -1.7 0.1 0.6
v -1.7 0.1 0.5
v -1.7 0.1 -0.5
v -1.7 0.1 -0.6
v -1.7 0.2 0.5
v -1.7 0.2 0.4
v -1.7 0.2 -0.4
v -1.7 0.2 -0.5
v -1.7 0.2 -0.6
v -1.7 0.3 0.4
v -1.7 0.3 0.3
v -1.7 0.3 -0.2
v -1.7 0.3 -0.4
v -1.7 0.3 -0.5
v -1.7 0.4 0.3
v -1.7 0.4 0.2
v -1.7 0.4 -0.1
v -1.7 0.4 -0.2
v -1.7 0.4 -0.4
v -1.7 0.5 0.2
v -1.7 0.5 0.0999999
v -1.7 0.5 0
v -1.7 0.5 -0.1
v -1.7 0.5 -0.2
v -1.7 0.6 0.0999999
v -1.7 0.6 0
v -1.7 0.6 -0.1
v -1.7 0.7 0
v -1.7 0.7 -0.1
v -1.7 0.8 -0.1
v -1.7 0.8 -0.2
v -1.7 0.9 -0.2
v -1.7 0.9 -0.3
v -1.7 1 -0.3
v -1.7 1 -0.4
v -1.7 1.1 -0.4
v -1.7 1.1 -0.5
v -1.7 1.2 -0.5
v -1.7 1.2 -0.6
v -1.7 1.3 -0.6
v -1.7 1.3 -0.7
v -1.7 9.2 2
v -1.7 9.2 1.9
v -1.7 9.2 -2.2
v -1.7 9.2 -2.3
v -1.7 9.3 2
v -1.7 9.3 1.9
v -1.7 9.3 -2.2
v -1.7 9.3 -2.3
v -1.7 9.7 2
v -1.7 9.7 1.9
v -1.7 9.7 -2.2
v -1.7 9.7 -2.3
v -1.7 9.8 2
v -1.7 9.8 1.9
v -1.7 9.8 -2.2
v -1.7 9.8 -2.3
v -1.6 0.1 -0.8
v -1.6 0.1 -0.9
v -1.6 0.2 -0.8
v -1.6 0.2 -0.9
v -1.6 0.8 0.8
v -1.6 0.8 0.7
v -1.6 0.9 0.8
v -1.6 0.9 0.7
v -1.6 1 0.8
v -1.6 1 0.7
v -1.6 1 -0.8
v -1.6 1 -0.9
v -1.6 1.1 0.8
v -1.6 1.1 0.7
v -1.6 1.1 -0.8
v -1.6 1.1 -0.9
v -1.6 1.3 -0.8
v -1.6 1.3 -0.9
v -1.6 1.4 -0.8
v -1.6 1.4 -0.9
v -1.6 1.9 0.8
v -1.6 1.9 0.7
v -1.6 1.9 -0.8
v -1.6 1.9 -0.9
v -1.6 2 0.8
v -1.6 2 0.7
v -1.6 2 -0.8
v -1.6 2 -0.9
v -1.6 2.7 0.8
v -1.6 2.7 0.7
v -1.6 2.8 0.8
v -1.6 2.8 0.7
v -1.6 2.9 0.8
v -1.6 2.9 0.7
v -1.6 3 0.8
v -1.6 3 0.7
v -1.6 3.2 -0.8
v -1.6 3.2 -0.9
v -1.6 3.3 -0.8
v -1.6 3.3 -0.9
v -1.6 3.9 0.8
v -1.6 3.9 0.7
v -1.6 3.9 -0.8
v -1.6 3.9 -0.9
v -1.6 4 0.8
v -1.6 4 0.7
v -1.6 4 -0.8
v -1.6 4 -0.9
v -1.6 4.1 0.8
v -1.6 4.1 0.7
v -1.6 4.2 0.8
v -1.6 4.2 0.7
v -1.6 4.7 0.8
v -1.6 4.7 0.7
v -1.6 4.8 0.8
v -1.6 4.8 0.7
v -1.6 4.9 0.8
v -1.6 4.9 0.7
v -1.6 4.9 -0.8
v -1.6 4.9 -0.9
v -1.6 5 0.8
v -1.6 5 0.7
v -1.6 5 -0.8
v -1.6 5 -0.9
v -1.6 5.8 0.8
v -1.6 5.8 0.7
v -1.6 5.9 0.8
v -1.6 5.9 0.7
v -1.6 5.9 -0.8
v -1.6 5.9 -0.9
v -1.6 6 -0.8
v -1.6 6 -0.9
v -1.6 6.1 -0.8
v -1.6 6.1 -0.9
v -1.6 6.2 -0.8
v -1.6 6.2 -0.9
v -1.6 6.6 0.8
v -1.6 6.6 0.7
v -1.6 6.7 0.8
v -1.6 6.7 0.7
v -1.6 6.8 0.8
v -1.6 6.8 0.7
v -1.6 6.9 0.8
v -1.6 6.9 0.7
v -1.6 7.4 0.8
v -1.6 7.4 0.7
v -1.6 7.5 0.8
v -1.6 7.5 0.7
v -1.6 7.9 -0.8
v -1.6 7.9 -0.9
v -1.6 8 -0.8
v -1.6 8 -0.9
v -1.6 8.2 0.8
v -1.6 8.2 0.7
v -1.6 8.3 0.8
v -1.6 8.3 0.7
v -1.6 8.7 -0.8
v -1.6 8.7 -0.9
v -1.6 8.8 -0.8
v -1.6 8.8 -0.9
v -1.6 9 0.8
v -1.6 9 0.7
v -1.6 9 -1
v -1.6 9 -1.1
v -1.6 9.1 1.6
v -1.6 9.1 1.5
v -1.6 9.1 0.8
v -1.6 9.1 0.7
v -1.6 9.1 -1
v -1.6 9.1 -1.1
v -1.6 9.1 -1.8
v -1.6 9.1 -1.9
v -1.6 9.2 1.6
v -1.6 9.2 1.5
v -1.6 9.2 -1.8
v -1.6 9.2 -1.9
v -1.6 9.8 1.6
v -1.6 9.8 1.5
v -1.6 9.8 -1.8
v -1.6 9.8 -1.9
v -1.6 9.9 1.6
v -1.6 9.9 1.5
v -1.6 9.9 -1
v -1.6 9.9 -1.1
v -1.6 9.9 -1.8
v -1.6 9.9 -1.9
v -1.6 10 -1
v -1.6 10 -1.1
v -1.5 0.2 -0.8
v -1.5 0.2 -0.9
v -1.5 0.3 0.8
v -1.5 0.3 0.7
v -1.5 0.3 -0.8
v -1.5 0.3 -0.9
v -1.5 0.4 0.8
v -1.5 0.4 0.7
v -1.5 1.6 0.8
v -1.5 1.6 0.7
v -1.5 1.7 0.8
v -1.5 1.7 0.7
v -1.5 2.2 -0.8
v -1.5 2.2 -0.9
v -1.5 2.3 -0.8
v -1.5 2.3 -0.9
v -1.5 2.9 -0.8
v -1.5 2.9 -0.9
v -1.5 3 -0.8
v -1.5 3 -0.9
v -1.5 4.2 -0.8
v -1.5 4.2 -0.9
v -1.5 4.3 -0.8
v -1.5 4.3 -0.9
v -1.5 5.2 -0.8
v -1.5 5.2 -0.9
v -1.5 5.3 -0.8
v -1.5 5.3 -0.9
v -1.5 6 0.8
v -1.5 6 0.7
v -1.5 6.1 0.8
v -1.5 6.1 0.7
v -1.5 6.7 -0.8
v -1.5 6.7 -0.9
v -1.5 6.8 -0.8
v -1.5 6.8 -0.9
v -1.5 7.2 -0.8
v -1.5 7.2 -0.9
v -1.5 7.3 -0.8
v -1.5 7.3 -0.9
v -1.5 7.7 0.8
v -1.5 7.7 0.7
v -1.5 7.8 0.8
v -1.5 7.8 0.7
v -1.5 8.1 -0.8
v -1.5 8.1 -0.9
v -1.5 8.2 -0.8
v -1.5 8.2 -0.9
v -1.5 8.4 0.8
v -1.5 8.4 0.7
v -1.5 8.5 0.8
v -1.5 8.5 0.7
v -1.5 9 0.9
v -1.5 9 0.8
v -1.5 9 -1.1
v -1.5 9 -1.2
v -1.5 9.1 0.9
v -1.5 9.1 0.8
v -1.5 9.1 -1.1
v -1.5 9.1 -1.2
v -1.5 9.9 0.9
v -1.5 9.9 0.8
v -1.5 9.9 -1.1
v -1.5 9.9 -1.2
v -1.5 10 0.9
v -1.5 10 0.8
v -1.5 10 -1.1
v -1.5 10 -1.2
v -1.4 0.3 -0.8
v -1.4 0.3 -0.9
v -1.4 0.4 -0.8
v -1.4 0.4 -0.9
v -1.4 0.7 0.8
v -1.4 0.7 0.7
v -1.4 0.8 0.8
v -1.4 0.8 0.7
v -1.4 0.9 -0.8
v -1.4 0.9 -0.9
v -1.4 1 -0.8
v -1.4 1 -0.9
v -1.4 1.1 0.8
v -1.4 1.1 0.7
v -1.4 1.2 0.8
v -1.4 1.2 0.7
v -1.4 1.4 -0.8
v -1.4 1.4 -0.9
v -1.4 1.5 -0.8
v -1.4 1.5 -0.9
v -1.4 1.8 -0.8
v -1.4 1.8 -0.9
v -1.4 1.9 -0.8
v -1.4 1.9 -0.9
v -1.4 2 0.8
v -1.4 2 0.7
v -1.4 2.1 0.8
v -1.4 2.1 0.7
v -1.4 2.3 -0.8
v -1.4 2.3 -0.9
v -1.4 2.4 -0.8
v -1.4 2.4 -0.9
v -1.4 2.6 0.8
v -1.4 2.6 0.7
v -1.4 2.7 0.8
v -1.4 2.7 0.7
v -1.4 3 0.8
v -1.4 3 0.7
v -1.4 3.1 0.8
v -1.4 3.1 0.7
v -1.4 3.3 -0.8
v -1.4 3.3 -0.9
v -1.4 3.4 -0.8
v -1.4 3.4 -0.9
v -1.4 3.8 0.8
v -1.4 3.8 0.7
v -1.4 3.8 -0.8
v -1.4 3.8 -0.9
v -1.4 3.9 0.8
v -1.4 3.9 0.7
v -1.4 3.9 -0.8
v -1.4 3.9 -0.9
v -1.4 4.2 0.8
v -1.4 4.2 0.7
v -1.4 4.3 0.8
v -1.4 4.3 0.7
v -1.4 4.6 0.8
v -1.4 4.6 0.7
v -1.4 4.7 0.8
v -1.4 4.7 0.7
v -1.4 4.8 -0.8
v -1.4 4.8 -0.9
v -1.4 4.9 -0.8
v -1.4 4.9 -0.9
v -1.4 5 0.8
v -1.4 5 0.7
v -1.4 5.1 0.8
v -1.4 5.1 0.7
v -1.4 5.7 0.8
v -1.4 5.7 0.7
v -1.4 5.8 0.8
v -1.4 5.8 0.7
v -1.4 5.8 -0.8
v -1.4 5.8 -0.9
v -1.4 5.9 -0.8
v -1.4 5.9 -0.9
v -1.4 6.2 -0.8
v -1.4 6.2 -0.9
v -1.4 6.3 -0.8
v -1.4 6.3 -0.9
v -1.4 6.5 0.8
v -1.4 6.5 0.7
v -1.4 6.6 0.8
v -1.4 6.6 0.7
v -1.4 7.3 0.8
v -1.4 7.3 0.7
v -1.4 7.4 0.8
v -1.4 7.4 0.7
v -1.4 7.8 -0.8
v -1.4 7.8 -0.9
v -1.4 7.9 -0.8
v -1.4 7.9 -0.9
v -1.4 8.1 0.8
v -1.4 8.1 0.7
v -1.4 8.2 0.8
v -1.4 8.2 0.7
v -1.4 8.6 -0.8
v -1.4 8.6 -0.9
v -1.4 8.7 -0.8
v -1.4 8.7 -0.9
v -1.4 8.9 0.8
v -1.4 8.9 0.7
v -1.4 9 0.8
v -1.4 9 0.7
v -1.4 9.3 2.3
v -1.4 9.3 2.2
v -1.4 9.3 -2.5
v -1.4 9.3 -2.6
v -1.4 9.4 2.4
v -1.4 9.4 2.3
v -1.4 9.4 2.2
v -1.4 9.4 -2.5
v -1.4 9.4 -2.6
v -1.4 9.4 -2.7
v -1.4 9.6 2.4
v -1.4 9.6 2.3
v -1.4 9.6 2.2
v -1.4 9.6 -2.5
v -1.4 9.6 -2.6
v -1.4 9.6 -2.7
v -1.4 9.7 2.3
v -1.4 9.7 2.2
v -1.4 9.7 -2.5
v -1.4 9.7 -2.6
v -1.3 0.8 -0.8
v -1.3 0.8 -0.9
v -1.3 0.9 -0.8
v -1.3 0.9 -0.9
v -1.3 1.5 0.8
v -1.3 1.5 0.7
v -1.3 1.6 0.8
v -1.3 1.6 0.7
v -1.3 2.5 0.8
v -1.3 2.5 0.7
v -1.3 2.6 0.8
v -1.3 2.6 0.7
v -1.3 2.8 -0.8
v -1.3 2.8 -0.9
v -1.3 2.9 -0.8
v -1.3 2.9 -0.9
v -1.3 3.1 0.8
v -1.3 3.1 0.7
v -1.3 3.2 0.8
v -1.3 3.2 0.7
v -1.3 3.7 0.8
v -1.3 3.7 0.7
v -1.3 3.8 0.8
v -1.3 3.8 0.7
v -1.3 4.3 -0.8
v -1.3 4.3 -0.9
v -1.3 4.4 -0.8
v -1.3 4.4 -0.9
v -1.3 5.1 0.8
v -1.3 5.1 0.7
v -1.3 5.2 0.8
v -1.3 5.2 0.7
v -1.3 5.3 -0.8
v -1.3 5.3 -0.9
v -1.3 5.4 -0.8
v -1.3 5.4 -0.9
v -1.3 6.1 0.8
v -1.3 6.1 0.7
v -1.3 6.2 0.8
v -1.3 6.2 0.7
v -1.3 6.6 -0.8
v -1.3 6.6 -0.9
v -1.3 6.7 -0.8
v -1.3 6.7 -0.9
v -1.3 6.9 0.8
v -1.3 6.9 0.7
v -1.3 7 0.8
v -1.3 7 0.7
v -1.3 7.3 -0.8
v -1.3 7.3 -0.9
v -1.3 7.4 -0.8
v -1.3 7.4 -0.9
v -1.3 7.8 0.8
v -1.3 7.8 0.7
v -1.3 7.9 0.8
v -1.3 7.9 0.7
v -1.3 8.2 -0.8
v -1.3 8.2 -0.9
v -1.3 8.3 -0.8
v -1.3 8.3 -0.9
v -1.3 8.5 0.8
v -1.3 8.5 0.7
v -1.3 8.6 0.8
v -1.3 8.6 0.7
v -1.2 0.4 0.8
v -1.2 0.4 0.7
v -1.2 0.4 -0.8
v -1.2 0.4 -0.9
v -1.2 0.5 0.8
v -1.2 0.5 0.7
v -1.2 0.5 -0.8
v -1.2 0.5 -0.9
v -1.2 0.6 0.8
v -1.2 0.6 0.7
v -1.2 0.7 0.8
v -1.2 0.7 0.7
v -1.2 1.2 0.8
v -1.2 1.2 0.7
v -1.2 1.3 0.8
v -1.2 1.3 0.7
v -1.2 1.5 -0.8
v -1.2 1.5 -0.9
v -1.2 1.6 -0.8
v -1.2 1.6 -0.9
v -1.2 1.7 -0.8
v -1.2 1.7 -0.9
v -1.2 1.8 -0.8
v -1.2 1.8 -0.9
v -1.2 2.1 0.8
v -1.2 2.1 0.7
v -1.2 2.2 0.8
v -1.2 2.2 0.7
v -1.2 2.4 -0.8
v -1.2 2.4 -0.9
v -1.2 2.5 -0.8
v -1.2 2.5 -0.9
v -1.2 3.4 -0.8
v -1.2 3.4 -0.9
v -1.2 3.5 -0.8
v -1.2 3.5 -0.9
v -1.2 3.6 0.8
v -1.2 3.6 0.7
v -1.2 3.7 0.8
v -1.2 3.7 0.7
v -1.2 3.7 -0.8
v -1.2 3.7 -0.9
v -1.2 3.8 -0.8
v -1.2 3.8 -0.9
v -1.2 4.3 0.8
v -1.2 4.3 0.7
v -1.2 4.4 0.8
v -1.2 4.4 0.7
v -1.2 4.4 -0.8
v -1.2 4.4 -0.9
v -1.2 4.5 0.8
v -1.2 4.5 0.7
v -1.2 4.5 -0.8
v -1.2 4.5 -0.9
v -1.2 4.6 0.8
v -1.2 4.6 0.7
v -1.2 4.7 -0.8
v -1.2 4.7 -0.9
v -1.2 4.8 -0.8
v -1.2 4.8 -0.9
v -1.2 5.4 -0.8
v -1.2 5.4 -0.9
v -1.2 5.5 -0.8
v -1.2 5.5 -0.9
v -1.2 5.6 0.8
v -1.2 5.6 0.7
v -1.2 5.7 0.8
v -1.2 5.7 0.7
v -1.2 5.7 -0.8
v -1.2 5.7 -0.9
v -1.2 5.8 -0.8
v -1.2 5.8 -0.9
v -1.2 6.3 -0.8
v -1.2 6.3 -0.9
v -1.2 6.4 0.8
v -1.2 6.4 0.7
v -1.2 6.4 -0.8
v -1.2 6.4 -0.9
v -1.2 6.5 0.8
v -1.2 6.5 0.7
v -1.2 7.2 0.8
v -1.2 7.2 0.7
v -1.2 7.3 0.8
v -1.2 7.3 0.7
v -1.2 7.7 -0.8
v -1.2 7.7 -0.9
v -1.2 7.8 -0.8
v -1.2 7.8 -0.9
v -1.2 8 0.8
v -1.2 8 0.7
v -1.2 8.1 0.8
v -1.2 8.1 0.7
v -1.2 8.5 -0.8
v -1.2 8.5 -0.9
v -1.2 8.6 -0.8
v -1.2 8.6 -0.9
v -1.2 8.8 0.8
v -1.2 8.8 0.7
v -1.2 8.9 0.8
v -1.2 8.9 0.7
v -1.2 9.1 1.7
v -1.2 9.1 1.6
v -1.2 9.1 -1.9
v -1.2 9.1 -2
v -1.2 9.2 1.7
v -1.2 9.2 1.6
v -1.2 9.2 -1.9
v -1.2 9.2 -2
v -1.2 9.8 1.7
v -1.2 9.8 1.6
v -1.2 9.8 -1.9
v -1.2 9.8 -2
v -1.2 9.9 1.7
v -1.2 9.9 1.6
v -1.2 9.9 -1.9
v -1.2 9.9 -2
v -1.1 0.5 -0.8
v -1.1 0.5 -0.9
v -1.1 0.6 -0.8
v -1.1 0.6 -0.9
v -1.1 0.7 -0.8
v -1.1 0.7 -0.9
v -1.1 0.8 -0.8
v -1.1 0.8 -0.9
v -1.1 1.4 0.8
v -1.1 1.4 0.7
v -1.1 1.5 0.8
v -1.1 1.5 0.7
v -1.1 2.4 0.8
v -1.1 2.4 0.7
v -1.1 2.5 0.8
v -1.1 2.5 0.7
v -1.1 2.5 -0.8
v -1.1 2.5 -0.9
v -1.1 2.6 -0.8
v -1.1 2.6 -0.9
v -1.1 2.7 -0.8
v -1.1 2.7 -0.9
v -1.1 2.8 -0.8
v -1.1 2.8 -0.9
v -1.1 3.2 0.8
v -1.1 3.2 0.7
v -1.1 3.3 0.8
v -1.1 3.3 0.7
v -1.1 3.5 0.8
v -1.1 3.5 0.7
v -1.1 3.6 0.8
v -1.1 3.6 0.7
v -1.1 4.4 0.8
v -1.1 4.4 0.7
v -1.1 4.5 0.8
v -1.1 4.5 0.7
v -1.1 5.2 0.8
v -1.1 5.2 0.7
v -1.1 5.3 0.8
v -1.1 5.3 0.7
v -1.1 5.5 0.8
v -1.1 5.5 0.7
v -1.1 5.5 -0.8
v -1.1 5.5 -0.9
v -1.1 5.6 0.8
v -1.1 5.6 0.7
v -1.1 5.6 -0.8
v -1.1 5.6 -0.9
v -1.1 6.2 0.8
v -1.1 6.2 0.7
v -1.1 6.4 0.8
v -1.1 6.4 0.7
v -1.1 6.4 -0.8
v -1.1 6.4 -0.9
v -1.1 6.6 -0.8
v -1.1 6.6 -0.9
v -1.1 7.4 -0.8
v -1.1 7.4 -0.9
v -1.1 7.5 -0.8
v -1.1 7.5 -0.9
v -1.1 7.6 -0.8
v -1.1 7.6 -0.9
v -1.1 7.7 -0.8
v -1.1 7.7 -0.9
v -1.1 8.6 0.8
v -1.1 8.6 0.7
v -1.1 8.7 0.8
v -1.1 8.7 0.7
v -1.1 9 1
v -1.1 9 0.9
v -1.1 9 -1.2
v -1.1 9 -1.3
v -1.1 9.1 1
v -1.1 9.1 0.9
v -1.1 9.1 -1.2
v -1.1 9.1 -1.3
v -1.1 9.2 2.1
v -1.1 9.2 2
v -1.1 9.2 -2.3
v -1.1 9.2 -2.4
v -1.1 9.3 2.1
v -1.1 9.3 2
v -1.1 9.3 -2.3
v -1.1 9.3 -2.4
v -1.1 9.7 2.1
v -1.1 9.7 2
v -1.1 9.7 -2.3
v -1.1 9.7 -2.4
v -1.1 9.8 2.1
v -1.1 9.8 2
v -1.1 9.8 -2.3
v -1.1 9.8 -2.4
v -1.1 9.9 1
v -1.1 9.9 0.9
v -1.1 9.9 -1.2
v -1.1 9.9 -1.3
v -1.1 10 1
v -1.1 10 0.9
v -1.1 10 -1.2
v -1.1 10 -1.3
v -1 0.5 0.8
v -1 0.5 0.7
v -1 0.6 0.8
v -1 0.6 0.7
v -1 0.6 -0.8
v -1 0.6 -0.9
v -1 0.7 -0.8
v -1 0.7 -0.9
v -1 1.3 0.8
v -1 1.3 0.7
v -1 1.4 0.8
v -1 1.4 0.7
v -1 1.6 -0.8
v -1 1.6 -0.9
v -1 1.7 -0.8
v -1 1.7 -0.9
v -1 2.2 0.8
v -1 2.2 0.7
v -1 2.4 0.8
v -1 2.4 0.7
v -1 3.4 0.8
v -1 3.4 0.7
v -1 3.5 0.8
v -1 3.5 0.7
v -1 3.5 -0.8
v -1 3.5 -0.9
v -1 3.7 -0.8
v -1 3.7 -0.9
v -1 4.5 -0.8
v -1 4.5 -0.9
v -1 4.7 -0.8
v -1 4.7 -0.9
v -1 7 0.8
v -1 7 0.7
v -1 7.2 0.8
v -1 7.2 0.7
v -1 7.9 0.8
v -1 7.9 0.7
v -1 8 0.8
v -1 8 0.7
v -1 8.3 -0.8
v -1 8.3 -0.9
v -1 8.5 -0.8
v -1 8.5 -0.9
v -1 8.7 0.8
v -1 8.7 0.7
v -1 8.8 0.8
v -1 8.8 0.7
v -0.9 1.7 -0.8
v -0.9 1.7 -0.9
v -0.9 1.8 -0.8
v -0.9 1.8 -0.9
v -0.9 2.6 -0.8
v -0.9 2.6 -0.9
v -0.9 2.7 -0.8
v -0.9 2.7 -0.9
v -0.9 3.3 0.8
v -0.9 3.3 0.7
v -0.9 3.4 0.8
v -0.9 3.4 0.7
v -0.9 4.3 0.8
v -0.9 4.3 0.7
v -0.9 4.4 0.8
v -0.9 4.4 0.7
v -0.9 5.3 0.8
v -0.9 5.3 0.7
v -0.9 5.5 0.8
v -0.9 5.5 0.7
v -0.9 5.6 -0.8
v -0.9 5.6 -0.9
v -0.9 5.7 -0.8
v -0.9 5.7 -0.9
v -0.9 7.5 -0.8
v -0.9 7.5 -0.9
v -0.9 7.6 -0.8
v -0.9 7.6 -0.9
v -0.8 0.4 0.8
v -0.8 0.4 0.7
v -0.8 0.5 0.8
v -0.8 0.5 0.7
v -0.8 0.5 -0.8
v -0.8 0.5 -0.9
v -0.8 0.6 -0.8
v -0.8 0.6 -0.9
v -0.8 0.7 -0.8
v -0.8 0.7 -0.9
v -0.8 0.8 -0.8
v -0.8 0.8 -0.9
v -0.8 1.2 0.8
v -0.8 1.2 0.7
v -0.8 1.3 0.8
v -0.8 1.3 0.7
v -0.8 1.5 -0.8
v -0.8 1.5 -0.9
v -0.8 1.6 -0.8
v -0.8 1.6 -0.9
v -0.8 2.2 0.8
v -0.8 2.2 0.7
v -0.8 2.3 0.8
v -0.8 2.3 0.7
v -0.8 3.5 -0.8
v -0.8 3.5 -0.9
v -0.8 3.6 -0.8
v -0.8 3.6 -0.9
v -0.8 4.2 0.8
v -0.8 4.2 0.7
v -0.8 4.3 0.8
v -0.8 4.3 0.7
v -0.8 7.8 0.8
v -0.8 7.8 0.7
v -0.8 7.9 0.8
v -0.8 7.9 0.7
v -0.8 8.6 0.8
v -0.8 8.6 0.7
v -0.8 8.7 0.8
v -0.8 8.7 0.7
v -0.7 0.3 0.8
v -0.7 0.3 0.7
v -0.7 0.4 0.8
v -0.7 0.4 0.7
v -0.7 0.4 -0.8
v -0.7 0.4 -0.9
v -0.7 0.5 -0.8
v -0.7 0.5 -0.9
v -0.7 0.6 0.8
v -0.7 0.6 0.7
v -0.7 0.7 0.8
v -0.7 0.7 0.7
v -0.7 0.8 -0.8
v -0.7 0.8 -0.9
v -0.7 0.9 -0.8
v -0.7 0.9 -0.9
v -0.7 1.5 0.8
v -0.7 1.5 0.7
v -0.7 1.6 0.8
v -0.7 1.6 0.7
v -0.7 1.8 -0.8
v -0.7 1.8 -0.9
v -0.7 1.9 -0.8
v -0.7 1.9 -0.9
v -0.7 2.4 0.8
v -0.7 2.4 0.7
v -0.7 2.5 0.8
v -0.7 2.5 0.7
v -0.7 2.5 -0.8
v -0.7 2.5 -0.9
v -0.7 2.6 -0.8
v -0.7 2.6 -0.9
v -0.7 2.7 -0.8
v -0.7 2.7 -0.9
v -0.7 2.8 -0.8
v -0.7 2.8 -0.9
v -0.7 3.2 0.8
v -0.7 3.2 0.7
v -0.7 3.3 0.8
v -0.7 3.3 0.7
v -0.7 3.7 -0.8
v -0.7 3.7 -0.9
v -0.7 3.8 -0.8
v -0.7 3.8 -0.9
v -0.7 4.4 -0.8
v -0.7 4.4 -0.9
v -0.7 4.5 0.8
v -0.7 4.5 0.7
v -0.7 4.5 -0.8
v -0.7 4.5 -0.9
v -0.7 4.6 0.8
v -0.7 4.6 0.7
v -0.7 5.3 0.8
v -0.7 5.3 0.7
v -0.7 5.4 0.8
v -0.7 5.4 0.7
v -0.7 5.7 -0.8
v -0.7 5.7 -0.9
v -0.7 5.8 -0.8
v -0.7 5.8 -0.9
v -0.7 6.1 0.8
v -0.7 6.1 0.7
v -0.7 6.2 0.8
v -0.7 6.2 0.7
v -0.7 6.3 -0.8
v -0.7 6.3 -0.9
v -0.7 6.4 0.8
v -0.7 6.4 0.7
v -0.7 6.4 -0.8
v -0.7 6.4 -0.9
v -0.7 6.5 0.8
v -0.7 6.5 0.7
v -0.7 6.6 -0.8
v -0.7 6.6 -0.9
v -0.7 6.7 -0.8
v -0.7 6.7 -0.9
v -0.7 7.4 -0.8
v -0.7 7.4 -0.9
v -0.7 7.5 -0.8
v -0.7 7.5 -0.9
v -0.7 7.6 -0.8
v -0.7 7.6 -0.9
v -0.7 7.7 0.8
v -0.7 7.7 0.7
v -0.7 7.7 -0.8
v -0.7 7.7 -0.9
v -0.7 7.8 0.8
v -0.7 7.8 0.7
v -0.7 8 0.8
v -0.7 8 0.7
v -0.7 8.1 0.8
v -0.7 8.1 0.7
v -0.6 0.3 -0.8
v -0.6 0.3 -0.9
v -0.6 0.4 -0.8
v -0.6 0.4 -0.9
v -0.6 1.1 0.8
v -0.6 1.1 0.7
v -0.6 1.2 0.8
v -0.6 1.2 0.7
v -0.6 1.4 -0.8
v -0.6 1.4 -0.9
v -0.6 1.5 -0.8
v -0.6 1.5 -0.9
v -0.6 2.1 0.8
v -0.6 2.1 0.7
v -0.6 2.2 0.8
v -0.6 2.2 0.7
v -0.6 2.8 -0.8
v -0.6 2.8 -0.9
v -0.6 2.9 -0.8
v -0.6 2.9 -0.9
v -0.6 3.1 0.8
v -0.6 3.1 0.7
v -0.6 3.2 0.8
v -0.6 3.2 0.7
v -0.6 3.4 -0.8
v -0.6 3.4 -0.9
v -0.6 3.5 0.8
v -0.6 3.5 0.7
v -0.6 3.5 -0.8
v -0.6 3.5 -0.9
v -0.6 3.6 0.8
v -0.6 3.6 0.7
v -0.6 4.1 0.8
v -0.6 4.1 0.7
v -0.6 4.2 0.8
v -0.6 4.2 0.7
v -0.6 4.7 -0.8
v -0.6 4.7 -0.9
v -0.6 4.8 -0.8
v -0.6 4.8 -0.9
v -0.6 5.5 0.8
v -0.6 5.5 0.7
v -0.6 5.6 0.8
v -0.6 5.6 0.7
v -0.6 6.9 0.8
v -0.6 6.9 0.7
v -0.6 7 0.8
v -0.6 7 0.7
v -0.6 8.2 -0.8
v -0.6 8.2 -0.9
v -0.6 8.3 -0.8
v -0.6 8.3 -0.9
v -0.6 8.5 0.8
v -0.6 8.5 0.7
v -0.6 8.5 -0.8
v -0.6 8.5 -0.9
v -0.6 8.6 0.8
v -0.6 8.6 0.7
v -0.6 8.6 -0.8
v -0.6 8.6 -0.9
v -0.6 8.8 0.8
v -0.6 8.8 0.7
v -0.6 8.9 0.8
v -0.6 8.9 0.7
v -0.5 0.2 0.8
v -0.5 0.2 0.7
v -0.5 0.3 0.8
v -0.5 0.3 0.7
v -0.5 0.9 -0.8
v -0.5 0.9 -0.9
v -0.5 1 -0.8
v -0.5 1 -0.9
v -0.5 1.6 0.8
v -0.5 1.6 0.7
v -0.5 1.7 0.8
v -0.5 1.7 0.7
v -0.5 1.9 -0.8
v -0.5 1.9 -0.9
v -0.5 2 0.8
v -0.5 2 0.7
v -0.5 2 -0.8
v -0.5 2 -0.9
v -0.5 2.1 0.8
v -0.5 2.1 0.7
v -0.5 2.4 -0.8
v -0.5 2.4 -0.9
v -0.5 2.5 0.8
v -0.5 2.5 0.7
v -0.5 2.5 -0.8
v -0.5 2.5 -0.9
v -0.5 2.6 0.8
v -0.5 2.6 0.7
v -0.5 3 0.8
v -0.5 3 0.7
v -0.5 3.1 0.8
v -0.5 3.1 0.7
v -0.5 3.6 0.8
v -0.5 3.6 0.7
v -0.5 3.7 0.8
v -0.5 3.7 0.7
v -0.5 3.8 -0.8
v -0.5 3.8 -0.9
v -0.5 3.9 -0.8
v -0.5 3.9 -0.9
v -0.5 4.3 -0.8
v -0.5 4.3 -0.9
v -0.5 4.4 -0.8
v -0.5 4.4 -0.9
v -0.5 4.6 0.8
v -0.5 4.6 0.7
v -0.5 4.7 0.8
v -0.5 4.7 0.7
v -0.5 4.8 -0.8
v -0.5 4.8 -0.9
v -0.5 4.9 -0.8
v -0.5 4.9 -0.9
v -0.5 5.2 0.8
v -0.5 5.2 0.7
v -0.5 5.3 0.8
v -0.5 5.3 0.7
v -0.5 5.3 -0.8
v -0.5 5.3 -0.9
v -0.5 5.4 -0.8
v -0.5 5.4 -0.9
v -0.5 5.6 0.8
v -0.5 5.6 0.7
v -0.5 5.7 0.8
v -0.5 5.7 0.7
v -0.5 5.8 -0.8
v -0.5 5.8 -0.9
v -0.5 5.9 -0.8
v -0.5 5.9 -0.9
v -0.5 6 0.8
v -0.5 6 0.7
v -0.5 6.1 0.8
v -0.5 6.1 0.7
v -0.5 6.2 -0.8
v -0.5 6.2 -0.9
v -0.5 6.3 -0.8
v -0.5 6.3 -0.9
v -0.5 6.5 0.8
v -0.5 6.5 0.7
v -0.5 6.6 0.8
v -0.5 6.6 0.7
v -0.5 6.7 -0.8
v -0.5 6.7 -0.9
v -0.5 6.8 -0.8
v -0.5 6.8 -0.9
v -0.5 7.2 0.8
v -0.5 7.2 0.7
v -0.5 7.3 0.8
v -0.5 7.3 0.7
v -0.5 7.3 -0.8
v -0.5 7.3 -0.9
v -0.5 7.4 -0.8
v -0.5 7.4 -0.9
v -0.5 7.6 0.8
v -0.5 7.6 0.7
v -0.5 7.7 0.8
v -0.5 7.7 0.7
v -0.5 7.7 -0.8
v -0.5 7.7 -0.9
v -0.5 7.8 -0.8
v -0.5 7.8 -0.9
v -0.5 8.1 0.8
v -0.5 8.1 0.7
v -0.5 8.2 0.8
v -0.5 8.2 0.7
v -0.4 0.2 -0.8
v -0.4 0.2 -0.9
v -0.4 0.3 -0.8
v -0.4 0.3 -0.9
v -0.4 0.7 0.8
v -0.4 0.7 0.7
v -0.4 0.8 0.8
v -0.4 0.8 0.7
v -0.4 1 0.8
v -0.4 1 0.7
v -0.4 1 -0.8
v -0.4 1 -0.9
v -0.4 1.1 0.8
v -0.4 1.1 0.7
v -0.4 1.1 -0.8
v -0.4 1.1 -0.9
v -0.4 1.3 -0.8
v -0.4 1.3 -0.9
v -0.4 1.4 -0.8
v -0.4 1.4 -0.9
v -0.4 2.9 0.8
v -0.4 2.9 0.7
v -0.4 2.9 -0.8
v -0.4 2.9 -0.9
v -0.4 3 0.8
v -0.4 3 0.7
v -0.4 3 -0.8
v -0.4 3 -0.9
v -0.4 3.3 -0.8
v -0.4 3.3 -0.9
v -0.4 3.4 -0.8
v -0.4 3.4 -0.9
v -0.4 4 0.8
v -0.4 4 0.7
v -0.4 4.1 0.8
v -0.4 4.1 0.7
v -0.4 5.1 0.8
v -0.4 5.1 0.7
v -0.4 5.2 0.8
v -0.4 5.2 0.7
v -0.4 5.2 -0.8
v -0.4 5.2 -0.9
v -0.4 5.3 -0.8
v -0.4 5.3 -0.9
v -0.4 5.7 -0.8
v -0.4 5.7 -0.9
v -0.4 5.8 -0.8
v -0.4 5.8 -0.9
v -0.4 5.9 0.8
v -0.4 5.9 0.7
v -0.4 6 0.8
v -0.4 6 0.7
v -0.4 6.8 0.8
v -0.4 6.8 0.7
v -0.4 6.8 -0.8
v -0.4 6.8 -0.9
v -0.4 6.9 0.8
v -0.4 6.9 0.7
v -0.4 6.9 -0.8
v -0.4 6.9 -0.9
v -0.4 7.2 -0.8
v -0.4 7.2 -0.9
v -0.4 7.3 -0.8
v -0.4 7.3 -0.9
v -0.4 8.1 -0.8
v -0.4 8.1 -0.9
v -0.4 8.2 -0.8
v -0.4 8.2 -0.9
v -0.4 8.4 0.8
v -0.4 8.4 0.7
v -0.4 8.5 0.8
v -0.4 8.5 0.7
v -0.4 8.9 0.8
v -0.4 8.9 0.7
v -0.4 9 0.8
v -0.4 9 0.7
v -0.3 0.1 0.8
v -0.3 0.1 0.7
v -0.3 0.1 -0.8
v -0.3 0.1 -0.9
v -0.3 0.2 0.8
v -0.3 0.2 0.7
v -0.3 0.2 -0.8
v -0.3 0.2 -0.9
v -0.3 1.1 -0.8
v -0.3 1.1 -0.9
v -0.3 1.2 -0.8
v -0.3 1.2 -0.9
v -0.3 1.7 0.8
v -0.3 1.7 0.7
v -0.3 1.8 0.8
v -0.3 1.8 0.7
v -0.3 1.9 0.8
v -0.3 1.9 0.7
v -0.3 2 0.8
v -0.3 2 0.7
v -0.3 2 -0.8
v -0.3 2 -0.9
v -0.3 2.1 -0.8
v -0.3 2.1 -0.9
v -0.3 2.3 -0.8
v -0.3 2.3 -0.9
v -0.3 2.4 -0.8
v -0.3 2.4 -0.9
v -0.3 2.6 0.8
v -0.3 2.6 0.7
v -0.3 2.7 0.8
v -0.3 2.7 0.7
v -0.3 3 -0.8
v -0.3 3 -0.9
v -0.3 3.1 -0.8
v -0.3 3.1 -0.9
v -0.3 3.7 0.8
v -0.3 3.7 0.7
v -0.3 3.8 0.8
v -0.3 3.8 0.7
v -0.3 3.9 0.8
v -0.3 3.9 0.7
v -0.3 3.9 -0.8
v -0.3 3.9 -0.9
v -0.3 4 0.8
v -0.3 4 0.7
v -0.3 4 -0.8
v -0.3 4 -0.9
v -0.3 4.2 -0.8
v -0.3 4.2 -0.9
v -0.3 4.3 -0.8
v -0.3 4.3 -0.9
v -0.3 4.7 0.8
v -0.3 4.7 0.7
v -0.3 4.8 0.8
v -0.3 4.8 0.7
v -0.3 4.9 -0.8
v -0.3 4.9 -0.9
v -0.3 5 -0.8
v -0.3 5 -0.9
v -0.3 5.7 0.8
v -0.3 5.7 0.7
v -0.3 5.8 0.8
v -0.3 5.8 0.7
v -0.3 5.8 -0.8
v -0.3 5.8 -0.9
v -0.3 5.9 -0.8
v -0.3 5.9 -0.9
v -0.3 6.1 -0.8
v -0.3 6.1 -0.9
v -0.3 6.2 -0.8
v -0.3 6.2 -0.9
v -0.3 6.6 0.8
v -0.3 6.6 0.7
v -0.3 6.7 0.8
v -0.3 6.7 0.7
v -0.3 7.5 0.8
v -0.3 7.5 0.7
v -0.3 7.6 0.8
v -0.3 7.6 0.7
v -0.3 7.8 -0.8
v -0.3 7.8 -0.9
v -0.3 7.9 -0.8
v -0.3 7.9 -0.9
v -0.3 8.6 -0.8
v -0.3 8.6 -0.9
v -0.3 8.7 -0.8
v -0.3 8.7 -0.9
v -0.3 8.9 -0.8
v -0.3 8.9 -0.9
v -0.3 9 -0.8
v -0.3 9 -0.9
v -0.2 0.9 0.8
v -0.2 0.9 0.7
v -0.2 1 0.8
v -0.2 1 0.7
v -0.2 1.2 -0.8
v -0.2 1.2 -0.9
v -0.2 1.3 -0.8
v -0.2 1.3 -0.9
v -0.2 1.8 0.8
v -0.2 1.8 0.7
v -0.2 1.9 0.8
v -0.2 1.9 0.7
v -0.2 2.8 0.8
v -0.2 2.8 0.7
v -0.2 2.9 0.8
v -0.2 2.9 0.7
v -0.2 3.2 -0.8
v -0.2 3.2 -0.9
v -0.2 3.3 -0.8
v -0.2 3.3 -0.9
v -0.2 5 0.8
v -0.2 5 0.7
v -0.2 5.1 0.8
v -0.2 5.1 0.7
v -0.2 5.1 -0.8
v -0.2 5.1 -0.9
v -0.2 5.2 -0.8
v -0.2 5.2 -0.9
v -0.2 5.8 0.8
v -0.2 5.8 0.7
v -0.2 5.9 0.8
v -0.2 5.9 0.7
v -0.2 6.7 0.8
v -0.2 6.7 0.7
v -0.2 6.8 0.8
v -0.2 6.8 0.7
v -0.2 6.9 -0.8
v -0.2 6.9 -0.9
v -0.2 7 -0.8
v -0.2 7 -0.9
v -0.2 7.1 -0.8
v -0.2 7.1 -0.9
v -0.2 7.2 -0.8
v -0.2 7.2 -0.9
v -0.2 7.3 0.8
v -0.2 7.3 0.7
v -0.2 7.4 0.8
v -0.2 7.4 0.7
v -0.2 8 -0.8
v -0.2 8 -0.9
v -0.2 8.1 -0.8
v -0.2 8.1 -0.9
v -0.2 8.2 0.8
v -0.2 8.2 0.7
v -0.2 8.4 0.8
v -0.2 8.4 0.7
v -0.2 8.8 -0.8
v -0.2 8.8 -0.9
v -0.2 8.9 -0.8
v -0.2 8.9 -0.9
v -0.2 9 0.8
v -0.2 9 0.7
v -0.2 9.1 0.8
v -0.2 9.1 0.7
v -0.2 9.9 0.8
v -0.2 9.9 0.7
v -0.2 10 0.8
v -0.2 10 0.7
v -0.0999999 0 0.8
v -0.0999999 0 0.7
v -0.0999999 0 -0.8
v -0.0999999 0 -0.9
v -0.0999999 0.1 0.8
v -0.0999999 0.1 0.7
v -0.0999999 0.1 -0.8
v -0.0999999 0.1 -0.9
v -0.0999999 0.8 0.8
v -0.0999999 0.8 0.7
v -0.0999999 0.9 0.8
v -0.0999999 0.9 0.7
v -0.0999999 2.1 -0.8
v -0.0999999 2.1 -0.9
v -0.0999999 2.3 -0.8
v -0.0999999 2.3 -0.9
v -0.0999999 2.7 0.8
v -0.0999999 2.7 0.7
v -0.0999999 2.8 0.8
v -0.0999999 2.8 0.7
v -0.0999999 3.1 -0.8
v -0.0999999 3.1 -0.9
v -0.0999999 3.2 -0.8
v -0.0999999 3.2 -0.9
v -0.0999999 3.8 0.8
v -0.0999999 3.8 0.7
v -0.0999999 3.9 0.8
v -0.0999999 3.9 0.7
v -0.0999999 4 -0.8
v -0.0999999 4 -0.9
v -0.0999999 4.2 -0.8
v -0.0999999 4.2 -0.9
v -0.0999999 4.8 0.8
v -0.0999999 4.8 0.7
v -0.0999999 4.9 0.8
v -0.0999999 4.9 0.7
v -0.0999999 5 -0.8
v -0.0999999 5 -0.9
v -0.0999999 5.1 -0.8
v -0.0999999 5.1 -0.9
v -0.0999999 5.9 -0.8
v -0.0999999 5.9 -0.9
v -0.0999999 6.1 -0.8
v -0.0999999 6.1 -0.9
v -0.0999999 7.4 0.8
v -0.0999999 7.4 0.7
v -0.0999999 7.5 0.8
v -0.0999999 7.5 0.7
v -0.0999999 7.9 -0.8
v -0.0999999 7.9 -0.9
v -0.0999999 8 -0.8
v -0.0999999 8 -0.9
v -0.0999999 8.7 -0.8
v -0.0999999 8.7 -0.9
v -0.0999999 8.8 -0.8
v -0.0999999 8.8 -0.9
v 0 0.1 0.8
v 0 0.1 0.7
v 0 0.1 -0.8
v 0 0.1 -0.9
v 0 0.8 0.8
v 0 0.8 0.7
v 0 0.9 0.8
v 0 0.9 0.7
v 0 1.2 -0.8
v 0 1.2 -0.9
v 0 1.3 -0.8
v 0 1.3 -0.9
v 0 1.8 0.8
v 0 1.8 0.7
v 0 1.9 0.8
v 0 1.9 0.7
v 0 2.1 -0.8
v 0 2.1 -0.9
v 0 2.3 -0.8
v 0 2.3 -0.9
v 0 2.7 0.8
v 0 2.7 0.7
v 0 2.8 0.8
v 0 2.8 0.7
v 0 3.1 -0.8
v 0 3.1 -0.9
v 0 3.3 -0.8
v 0 3.3 -0.9
v 0 3.8 0.8
v 0 3.8 0.7
v 0 3.9 0.8
v 0 3.9 0.7
v 0 4 -0.8
v 0 4 -0.9
v 0 4.2 -0.8
v 0 4.2 -0.9
v 0 4.8 0.8
v 0 4.8 0.7
v 0 4.9 0.8
v 0 4.9 0.7
v 0 5 0.8
v 0 5 0.7
v 0 5 -0.8
v 0 5 -0.9
v 0 5.1 0.8
v 0 5.1 0.7
v 0 5.2 -0.8
v 0 5.2 -0.9
v 0 5.8 0.8
v 0 5.8 0.7
v 0 5.9 0.8
v 0 5.9 0.7
v 0 5.9 -0.8
v 0 5.9 -0.9
v 0 6.1 -0.8
v 0 6.1 -0.9
v 0 6.7 0.8
v 0 6.7 0.7
v 0 6.8 0.8
v 0 6.8 0.7
v 0 6.9 -0.8
v 0 6.9 -0.9
v 0 7 -0.8
v 0 7 -0.9
v 0 7.1 -0.8
v 0 7.1 -0.9
v 0 7.2 -0.8
v 0 7.2 -0.9
v 0 7.3 0.8
v 0 7.3 0.7
v 0 7.5 0.8
v 0 7.5 0.7
v 0 7.9 -0.8
v 0 7.9 -0.9
v 0 8.1 -0.8
v 0 8.1 -0.9
v 0 8.2 0.8
v 0 8.2 0.7
v 0 8.4 0.8
v 0 8.4 0.7
v 0 8.7 -0.8
v 0 8.7 -0.9
v 0 8.9 -0.8
v 0 8.9 -0.9
v 0 9 0.8
v 0 9 0.7
v 0 9.1 -0.8
v 0 9.1 -0.9
v 0.3 5.4 1
v 0.3 5.4 -1
v 0.3 6.2 1
v 0.3 6.2 -1
v 0.6 5.8 1.7
v 0.6 5.8 1.6
v 0.6 6.2 1.7
v 0.6 6.2 1.6
v 0.7 5.7 -1.6
v 0.7 5.7 -1.7
v 0.7 6.2 -1.6
v 0.7 6.2 -1.7
v -2.3 5.7 -1.6
v -2.3 5.7 -1.7
v -2.3 5.8 1.7
v -2.3 5.8 1.6
v -2.3 6.2 1.7
v -2.3 6.2 1.6
v -2.3 6.2 -1.6
v -2.3 6.2 -1.7
v -2 5.4 1
v -2 5.4 -1
v -2 6.2 1
v -2 6.2 -1
v -1.7 0 0.8
v -1.7 0 0.7
v -1.7 0.1 -0.8
v -1.7 0.1 -0.9
v -1.7 0.2 0.8
v -1.7 0.2 0.7
v -1.7 0.3 0.8
v -1.7 0.3 0.7
v -1.7 0.9 0.8
v -1.7 0.9 0.7
v -1.7 1 0.8
v -1.7 1 0.7
v -1.7 1.1 -0.8
v -1.7 1.1 -0.9
v -1.7 1.3 -0.8
v -1.7 1.3 -0.9
v -1.7 1.7 0.8
v -1.7 1.7 0.7
v -1.7 1.9 0.8
v -1.7 1.9 0.7
v -1.7 2 -0.8
v -1.7 2 -0.9
v -1.7 2.2 -0.8
v -1.7 2.2 -0.9
v -1.7 2.8 0.8
v -1.7 2.8 0.7
v -1.7 2.9 0.8
v -1.7 2.9 0.7
v -1.7 3 -0.8
v -1.7 3 -0.9
v -1.7 3.2 -0.8
v -1.7 3.2 -0.9
v -1.7 4 0.8
v -1.7 4 0.7
v -1.7 4 -0.8
v -1.7 4 -0.9
v -1.7 4.1 0.8
v -1.7 4.1 0.7
v -1.7 4.2 -0.8
v -1.7 4.2 -0.9
v -1.7 4.8 0.8
v -1.7 4.8 0.7
v -1.7 4.9 0.8
v -1.7 4.9 0.7
v -1.7 5 -0.8
v -1.7 5 -0.9
v -1.7 5.2 -0.8
v -1.7 5.2 -0.9
v -1.7 5.9 0.8
v -1.7 5.9 0.7
v -1.7 6 0.8
v -1.7 6 0.7
v -1.7 6 -0.8
v -1.7 6 -0.9
v -1.7 6.1 -0.8
v -1.7 6.1 -0.9
v -1.7 6.7 0.8
v -1.7 6.7 0.7
v -1.7 6.8 0.8
v -1.7 6.8 0.7
v -1.7 6.8 -0.8
v -1.7 6.8 -0.9
v -1.7 6.9 -0.8
v -1.7 6.9 -0.9
v -1.7 7.1 -0.8
v -1.7 7.1 -0.9
v -1.7 7.2 -0.8
v -1.7 7.2 -0.9
v -1.7 7.5 0.8
v -1.7 7.5 0.7
v -1.7 7.7 0.8
v -1.7 7.7 0.7
v -1.7 8 -0.8
v -1.7 8 -0.9
v -1.7 8.1 -0.8
v -1.7 8.1 -0.9
v -1.7 8.3 0.8
v -1.7 8.3 0.7
v -1.7 8.4 0.8
v -1.7 8.4 0.7
v -1.7 8.8 -0.8
v -1.7 8.8 -0.9
v -1.7 9.1 0.8
v -1.7 9.1 0.7
v -1.6 0 -0.8
v -1.6 0 -0.9
v -1.6 0.1 -0.8
v -1.6 0.1 -0.9
v -1.6 0.9 0.8
v -1.6 0.9 0.7
v -1.6 1 0.8
v -1.6 1 0.7
v -1.6 1.1 -0.8
v -1.6 1.1 -0.9
v -1.6 1.3 -0.8
v -1.6 1.3 -0.9
v -1.6 1.8 0.8
v -1.6 1.8 0.7
v -1.6 1.9 0.8
v -1.6 1.9 0.7
v -1.6 2 -0.8
v -1.6 2 -0.9
v -1.6 2.1 -0.8
v -1.6 2.1 -0.9
v -1.6 2.8 0.8
v -1.6 2.8 0.7
v -1.6 2.9 0.8
v -1.6 2.9 0.7
v -1.6 3.1 -0.8
v -1.6 3.1 -0.9
v -1.6 3.2 -0.8
v -1.6 3.2 -0.9
v -1.6 4 0.8
v -1.6 4 0.7
v -1.6 4 -0.8
v -1.6 4 -0.9
v -1.6 4.1 0.8
v -1.6 4.1 0.7
v -1.6 4.1 -0.8
v -1.6 4.1 -0.9
v -1.6 4.8 0.8
v -1.6 4.8 0.7
v -1.6 4.9 0.8
v -1.6 4.9 0.7
v -1.6 5 -0.8
v -1.6 5 -0.9
v -1.6 5.1 -0.8
v -1.6 5.1 -0.9
v -1.6 6 -0.8
v -1.6 6 -0.9
v -1.6 6.1 -0.8
v -1.6 6.1 -0.9
v -1.6 6.7 0.8
v -1.6 6.7 0.7
v -1.6 6.8 0.8
v -1.6 6.8 0.7
v -1.6 7.5 0.8
v -1.6 7.5 0.7
v -1.6 7.6 0.8
v -1.6 7.6 0.7
v -1.6 8.8 -0.8
v -1.6 8.8 -0.9
v -1.6 8.9 -0.8
v -1.6 8.9 -0.9
v -1.5 0.1 -0.8
v -1.5 0.1 -0.9
v -1.5 0.2 0.8
v -1.5 0.2 0.7
v -1.5 0.2 -0.8
v -1.5 0.2 -0.9
v -1.5 0.3 0.8
v -1.5 0.3 0.7
v -1.5 1.7 0.8
v -1.5 1.7 0.7
v -1.5 1.8 0.8
v -1.5 1.8 0.7
v -1.5 2.1 -0.8
v -1.5 2.1 -0.9
v -1.5 2.2 -0.8
v -1.5 2.2 -0.9
v -1.5 3 -0.8
v -1.5 3 -0.9
v -1.5 3.1 -0.8
v -1.5 3.1 -0.9
v -1.5 4.1 -0.8
v -1.5 4.1 -0.9
v -1.5 4.2 -0.8
v -1.5 4.2 -0.9
v -1.5 5.1 -0.8
v -1.5 5.1 -0.9
v -1.5 5.2 -0.8
v -1.5 5.2 -0.9
v -1.5 5.9 0.8
v -1.5 5.9 0.7
v -1.5 6 0.8
v -1.5 6 0.7
v -1.5 6.8 -0.8
v -1.5 6.8 -0.9
v -1.5 6.9 -0.8
v -1.5 6.9 -0.9
v -1.5 7.1 -0.8
v -1.5 7.1 -0.9
v -1.5 7.2 -0.8
v -1.5 7.2 -0.9
v -1.5 7.6 0.8
v -1.5 7.6 0.7
v -1.5 7.7 0.8
v -1.5 7.7 0.7
v -1.5 8 -0.8
v -1.5 8 -0.9
v -1.5 8.1 -0.8
v -1.5 8.1 -0.9
v -1.5 8.3 0.8
v -1.5 8.3 0.7
v -1.5 8.4 0.8
v -1.5 8.4 0.7
v -1.5 8.9 -0.8
v -1.5 8.9 -0.9
v -1.5 9 -0.8
v -1.5 9 -0.9
v -1.4 0.2 -0.8
v -1.4 0.2 -0.9
v -1.4 0.3 -0.8
v -1.4 0.3 -0.9
v -1.4 0.8 0.8
v -1.4 0.8 0.7
v -1.4 0.9 0.8
v -1.4 0.9 0.7
v -1.4 1 0.8
v -1.4 1 0.7
v -1.4 1 -0.8
v -1.4 1 -0.9
v -1.4 1.1 0.8
v -1.4 1.1 0.7
v -1.4 1.1 -0.8
v -1.4 1.1 -0.9
v -1.4 1.3 -0.8
v -1.4 1.3 -0.9
v -1.4 1.4 -0.8
v -1.4 1.4 -0.9
v -1.4 1.9 0.8
v -1.4 1.9 0.7
v -1.4 1.9 -0.8
v -1.4 1.9 -0.9
v -1.4 2 0.8
v -1.4 2 0.7
v -1.4 2 -0.8
v -1.4 2 -0.9
v -1.4 2.2 -0.8
v -1.4 2.2 -0.9
v -1.4 2.3 -0.8
v -1.4 2.3 -0.9
v -1.4 2.7 0.8
v -1.4 2.7 0.7
v -1.4 2.8 0.8
v -1.4 2.8 0.7
v -1.4 2.9 0.8
v -1.4 2.9 0.7
v -1.4 3 0.8
v -1.4 3 0.7
v -1.4 3.2 -0.8
v -1.4 3.2 -0.9
v -1.4 3.3 -0.8
v -1.4 3.3 -0.9
v -1.4 3.9 0.8
v -1.4 3.9 0.7
v -1.4 3.9 -0.8
v -1.4 3.9 -0.9
v -1.4 4 0.8
v -1.4 4 0.7
v -1.4 4 -0.8
v -1.4 4 -0.9
v -1.4 4.1 0.8
v -1.4 4.1 0.7
v -1.4 4.2 0.8
v -1.4 4.2 0.7
v -1.4 4.7 0.8
v -1.4 4.7 0.7
v -1.4 4.8 0.8
v -1.4 4.8 0.7
v -1.4 4.9 0.8
v -1.4 4.9 0.7
v -1.4 4.9 -0.8
v -1.4 4.9 -0.9
v -1.4 5 0.8
v -1.4 5 0.7
v -1.4 5 -0.8
v -1.4 5 -0.9
v -1.4 5.8 0.8
v -1.4 5.8 0.7
v -1.4 5.9 0.8
v -1.4 5.9 0.7
v -1.4 5.9 -0.8
v -1.4 5.9 -0.9
v -1.4 6 -0.8
v -1.4 6 -0.9
v -1.4 6.1 -0.8
v -1.4 6.1 -0.9
v -1.4 6.2 -0.8
v -1.4 6.2 -0.9
v -1.4 6.6 0.8
v -1.4 6.6 0.7
v -1.4 6.7 0.8
v -1.4 6.7 0.7
v -1.4 7.4 0.8
v -1.4 7.4 0.7
v -1.4 7.5 0.8
v -1.4 7.5 0.7
v -1.4 7.9 -0.8
v -1.4 7.9 -0.9
v -1.4 8 -0.8
v -1.4 8 -0.9
v -1.4 8.2 0.8
v -1.4 8.2 0.7
v -1.4 8.3 0.8
v -1.4 8.3 0.7
v -1.4 8.7 -0.8
v -1.4 8.7 -0.9
v -1.4 8.8 -0.8
v -1.4 8.8 -0.9
v -1.3 0.9 -0.8
v -1.3 0.9 -0.9
v -1.3 1 -0.8
v -1.3 1 -0.9
v -1.3 1.6 0.8
v -1.3 1.6 0.7
v -1.3 1.7 0.8
v -1.3 1.7 0.7
v -1.3 2.6 0.8
v -1.3 2.6 0.7
v -1.3 2.7 0.8
v -1.3 2.7 0.7
v -1.3 2.9 -0.8
v -1.3 2.9 -0.9
v -1.3 3 0.8
v -1.3 3 0.7
v -1.3 3 -0.8
v -1.3 3 -0.9
v -1.3 3.1 0.8
v -1.3 3.1 0.7
v -1.3 3.8 0.8
v -1.3 3.8 0.7
v -1.3 3.9 0.8
v -1.3 3.9 0.7
v -1.3 4.2 -0.8
v -1.3 4.2 -0.9
v -1.3 4.3 -0.8
v -1.3 4.3 -0.9
v -1.3 5 0.8
v -1.3 5 0.7
v -1.3 5.1 0.8
v -1.3 5.1 0.7
v -1.3 5.2 -0.8
v -1.3 5.2 -0.9
v -1.3 5.3 -0.8
v -1.3 5.3 -0.9
v -1.3 6 0.8
v -1.3 6 0.7
v -1.3 6.1 0.8
v -1.3 6.1 0.7
v -1.3 6.7 -0.8
v -1.3 6.7 -0.9
v -1.3 6.8 0.8
v -1.3 6.8 0.7
v -1.3 6.8 -0.8
v -1.3 6.8 -0.9
v -1.3 6.9 0.8
v -1.3 6.9 0.7
v -1.3 7.2 -0.8
v -1.3 7.2 -0.9
v -1.3 7.3 -0.8
v -1.3 7.3 -0.9
v -1.3 7.7 0.8
v -1.3 7.7 0.7
v -1.3 7.8 0.8
v -1.3 7.8 0.7
v -1.3 8.1 -0.8
v -1.3 8.1 -0.9
v -1.3 8.2 -0.8
v -1.3 8.2 -0.9
v -1.3 8.4 0.8
v -1.3 8.4 0.7
v -1.3 8.5 0.8
v -1.3 8.5 0.7
v -1.2 0.3 0.8
v -1.2 0.3 0.7
v -1.2 0.3 -0.8
v -1.2 0.3 -0.9
v -1.2 0.4 0.8
v -1.2 0.4 0.7
v -1.2 0.4 -0.8
v -1.2 0.4 -0.9
v -1.2 0.7 0.8
v -1.2 0.7 0.7
v -1.2 0.8 0.8
v -1.2 0.8 0.7
v -1.2 1.1 0.8
v -1.2 1.1 0.7
v -1.2 1.2 0.8
v -1.2 1.2 0.7
v -1.2 1.4 -0.8
v -1.2 1.4 -0.9
v -1.2 1.5 -0.8
v -1.2 1.5 -0.9
v -1.2 1.8 -0.8
v -1.2 1.8 -0.9
v -1.2 1.9 -0.8
v -1.2 1.9 -0.9
v -1.2 2 0.8
v -1.2 2 0.7
v -1.2 2.1 0.8
v -1.2 2.1 0.7
v -1.2 2.3 -0.8
v -1.2 2.3 -0.9
v -1.2 2.4 -0.8
v -1.2 2.4 -0.9
v -1.2 3.3 -0.8
v -1.2 3.3 -0.9
v -1.2 3.4 -0.8
v -1.2 3.4 -0.9
v -1.2 3.7 0.8
v -1.2 3.7 0.7
v -1.2 3.8 0.8
v -1.2 3.8 0.7
v -1.2 3.8 -0.8
v -1.2 3.8 -0.9
v -1.2 3.9 -0.8
v -1.2 3.9 -0.9
v -1.2 4.2 0.8
v -1.2 4.2 0.7
v -1.2 4.3 0.8
v -1.2 4.3 0.7
v -1.2 4.3 -0.8
v -1.2 4.3 -0.9
v -1.2 4.4 -0.8
v -1.2 4.4 -0.9
v -1.2 4.6 0.8
v -1.2 4.6 0.7
v -1.2 4.7 0.8
v -1.2 4.7 0.7
v -1.2 4.8 -0.8
v -1.2 4.8 -0.9
v -1.2 4.9 -0.8
v -1.2 4.9 -0.9
v -1.2 5.3 -0.8
v -1.2 5.3 -0.9
v -1.2 5.4 -0.8
v -1.2 5.4 -0.9
v -1.2 5.7 0.8
v -1.2 5.7 0.7
v -1.2 5.8 0.8
v -1.2 5.8 0.7
v -1.2 5.8 -0.8
v -1.2 5.8 -0.9
v -1.2 5.9 -0.8
v -1.2 5.9 -0.9
v -1.2 6.2 -0.8
v -1.2 6.2 -0.9
v -1.2 6.3 -0.8
v -1.2 6.3 -0.9
v -1.2 6.5 0.8
v -1.2 6.5 0.7
v -1.2 6.6 0.8
v -1.2 6.6 0.7
v -1.2 7.3 0.8
v -1.2 7.3 0.7
v -1.2 7.4 0.8
v -1.2 7.4 0.7
v -1.2 7.8 -0.8
v -1.2 7.8 -0.9
v -1.2 7.9 -0.8
v -1.2 7.9 -0.9
v -1.2 8.1 0.8
v -1.2 8.1 0.7
v -1.2 8.2 0.8
v -1.2 8.2 0.7
v -1.2 8.6 -0.8
v -1.2 8.6 -0.9
v -1.2 8.7 -0.8
v -1.2 8.7 -0.9
v -1.2 8.9 0.8
v -1.2 8.9 0.7
v -1.2 9 0.8
v -1.2 9 0.7
v -1.1 0.4 -0.8
v -1.1 0.4 -0.9
v -1.1 0.5 -0.8
v -1.1 0.5 -0.9
v -1.1 0.8 -0.8
v -1.1 0.8 -0.9
v -1.1 0.9 -0.8
v -1.1 0.9 -0.9
v -1.1 1.5 0.8
v -1.1 1.5 0.7
v -1.1 1.6 0.8
v -1.1 1.6 0.7
v -1.1 2.4 -0.8
v -1.1 2.4 -0.9
v -1.1 2.5 0.8
v -1.1 2.5 0.7
v -1.1 2.5 -0.8
v -1.1 2.5 -0.9
v -1.1 2.6 0.8
v -1.1 2.6 0.7
v -1.1 2.8 -0.8
v -1.1 2.8 -0.9
v -1.1 2.9 -0.8
v -1.1 2.9 -0.9
v -1.1 3.1 0.8
v -1.1 3.1 0.7
v -1.1 3.2 0.8
v -1.1 3.2 0.7
v -1.1 3.6 0.8
v -1.1 3.6 0.7
v -1.1 3.7 0.8
v -1.1 3.7 0.7
v -1.1 4.5 0.8
v -1.1 4.5 0.7
v -1.1 4.6 0.8
v -1.1 4.6 0.7
v -1.1 5.1 0.8
v -1.1 5.1 0.7
v -1.1 5.2 0.8
v -1.1 5.2 0.7
v -1.1 5.6 0.8
v -1.1 5.6 0.7
v -1.1 5.7 0.8
v -1.1 5.7 0.7
v -1.1 5.7 -0.8
v -1.1 5.7 -0.9
v -1.1 5.8 -0.8
v -1.1 5.8 -0.9
v -1.1 6.1 0.8
v -1.1 6.1 0.7
v -1.1 6.2 0.8
v -1.1 6.2 0.7
v -1.1 6.3 -0.8
v -1.1 6.3 -0.9
v -1.1 6.4 0.8
v -1.1 6.4 0.7
v -1.1 6.4 -0.8
v -1.1 6.4 -0.9
v -1.1 6.5 0.8
v -1.1 6.5 0.7
v -1.1 6.6 -0.8
v -1.1 6.6 -0.9
v -1.1 6.7 -0.8
v -1.1 6.7 -0.9
v -1.1 7.3 -0.8
v -1.1 7.3 -0.9
v -1.1 7.4 -0.8
v -1.1 7.4 -0.9
v -1.1 7.7 -0.8
v -1.1 7.7 -0.9
v -1.1 7.8 -0.8
v -1.1 7.8 -0.9
v -1.1 8.5 0.8
v -1.1 8.5 0.7
v -1.1 8.6 0.8
v -1.1 8.6 0.7
v -1 0.5 -0.8
v -1 0.5 -0.9
v -1 0.6 0.8
v -1 0.6 0.7
v -1 0.6 -0.8
v -1 0.6 -0.9
v -1 0.7 0.8
v -1 0.7 0.7
v -1 0.7 -0.8
v -1 0.7 -0.9
v -1 0.8 -0.8
v -1 0.8 -0.9
v -1 1.2 0.8
v -1 1.2 0.7
v -1 1.3 0.8
v -1 1.3 0.7
v -1 1.5 -0.8
v -1 1.5 -0.9
v -1 1.6 -0.8
v -1 1.6 -0.9
v -1 1.7 -0.8
v -1 1.7 -0.9
v -1 1.8 -0.8
v -1 1.8 -0.9
v -1 2.1 0.8
v -1 2.1 0.7
v -1 2.2 0.8
v -1 2.2 0.7
v -1 2.4 0.8
v -1 2.4 0.7
v -1 2.5 0.8
v -1 2.5 0.7
v -1 3.4 -0.8
v -1 3.4 -0.9
v -1 3.5 0.8
v -1 3.5 0.7
v -1 3.5 -0.8
v -1 3.5 -0.9
v -1 3.6 0.8
v -1 3.6 0.7
v -1 3.7 -0.8
v -1 3.7 -0.9
v -1 3.8 -0.8
v -1 3.8 -0.9
v -1 4.3 0.8
v -1 4.3 0.7
v -1 4.4 0.8
v -1 4.4 0.7
v -1 4.4 -0.8
v -1 4.4 -0.9
v -1 4.5 -0.8
v -1 4.5 -0.9
v -1 4.7 -0.8
v -1 4.7 -0.9
v -1 4.8 -0.8
v -1 4.8 -0.9
v -1 6.9 0.8
v -1 6.9 0.7
v -1 7 0.8
v -1 7 0.7
v -1 7.2 0.8
v -1 7.2 0.7
v -1 7.3 0.8
v -1 7.3 0.7
v -1 7.8 0.8
v -1 7.8 0.7
v -1 7.9 0.8
v -1 7.9 0.7
v -1 8 0.8
v -1 8 0.7
v -1 8.1 0.8
v -1 8.1 0.7
v -1 8.2 -0.8
v -1 8.2 -0.9
v -1 8.3 -0.8
v -1 8.3 -0.9
v -1 8.5 -0.8
v -1 8.5 -0.9
v -1 8.6 -0.8
v -1 8.6 -0.9
v -1 8.8 0.8
v -1 8.8 0.7
v -1 8.9 0.8
v -1 8.9 0.7
v -0.9 0.4 0.8
v -0.9 0.4 0.7
v -0.9 0.5 0.8
v -0.9 0.5 0.7
v -0.9 2.2 0.8
v -0.9 2.2 0.7
v -0.9 2.3 0.8
v -0.9 2.3 0.7
v -0.9 2.5 -0.8
v -0.9 2.5 -0.9
v -0.9 2.6 -0.8
v -0.9 2.6 -0.9
v -0.9 2.7 -0.8
v -0.9 2.7 -0.9
v -0.9 2.8 -0.8
v -0.9 2.8 -0.9
v -0.9 3.2 0.8
v -0.9 3.2 0.7
v -0.9 3.3 0.8
v -0.9 3.3 0.7
v -0.9 3.5 -0.8
v -0.9 3.5 -0.9
v -0.9 3.6 -0.8
v -0.9 3.6 -0.9
v -0.9 5.2 0.8
v -0.9 5.2 0.7
v -0.9 5.3 0.8
v -0.9 5.3 0.7
v -0.9 5.4 -0.8
v -0.9 5.4 -0.9
v -0.9 5.5 0.8
v -0.9 5.5 0.7
v -0.9 5.5 -0.8
v -0.9 5.5 -0.9
v -0.9 5.6 0.8
v -0.9 5.6 0.7
v -0.9 7.4 -0.8
v -0.9 7.4 -0.9
v -0.9 7.5 -0.8
v -0.9 7.5 -0.9
v -0.9 7.6 -0.8
v -0.9 7.6 -0.9
v -0.9 7.7 -0.8
v -0.9 7.7 -0.9
v -0.9 8.6 0.8
v -0.9 8.6 0.7
v -0.9 8.7 0.8
v -0.9 8.7 0.7
v -0.8 0.6 -0.8
v -0.8 0.6 -0.9
v -0.8 0.7 -0.8
v -0.8 0.7 -0.9
v -0.8 1.3 0.8
v -0.8 1.3 0.7
v -0.8 1.4 0.8
v -0.8 1.4 0.7
v -0.8 1.6 -0.8
v -0.8 1.6 -0.9
v -0.8 1.7 -0.8
v -0.8 1.7 -0.9
v -0.8 4.3 0.8
v -0.8 4.3 0.7
v -0.8 4.4 0.8
v -0.8 4.4 0.7
v -0.8 5.3 0.8
v -0.8 5.3 0.7
v -0.8 5.4 0.8
v -0.8 5.4 0.7
v -0.8 9 1
v -0.8 9 0.9
v -0.8 9 -1.2
v -0.8 9 -1.3
v -0.8 9.1 1
v -0.8 9.1 0.9
v -0.8 9.1 -1.2
v -0.8 9.1 -1.3
v -0.8 9.2 2.1
v -0.8 9.2 2
v -0.8 9.2 -2.3
v -0.8 9.2 -2.4
v -0.8 9.3 2.1
v -0.8 9.3 2
v -0.8 9.3 -2.3
v -0.8 9.3 -2.4
v -0.8 9.7 2.1
v -0.8 9.7 2
v -0.8 9.7 -2.3
v -0.8 9.7 -2.4
v -0.8 9.8 2.1
v -0.8 9.8 2
v -0.8 9.8 -2.3
v -0.8 9.8 -2.4
v -0.8 9.9 1
v -0.8 9.9 0.9
v -0.8 9.9 -1.2
v -0.8 9.9 -1.3
v -0.8 10 1
v -0.8 10 0.9
v -0.8 10 -1.2
v -0.8 10 -1.3
v -0.7 0.4 0.8
v -0.7 0.4 0.7
v -0.7 0.5 -0.8
v -0.7 0.5 -0.9
v -0.7 0.6 0.8
v -0.7 0.6 0.7
v -0.7 0.6 -0.8
v -0.7 0.6 -0.9
v -0.7 0.7 -0.8
v -0.7 0.7 -0.9
v -0.7 0.8 -0.8
v -0.7 0.8 -0.9
v -0.7 1.4 0.8
v -0.7 1.4 0.7
v -0.7 1.5 0.8
v -0.7 1.5 0.7
v -0.7 1.7 -0.8
v -0.7 1.7 -0.9
v -0.7 1.8 -0.8
v -0.7 1.8 -0.9
v -0.7 2.3 0.8
v -0.7 2.3 0.7
v -0.7 2.4 0.8
v -0.7 2.4 0.7
v -0.7 2.6 -0.8
v -0.7 2.6 -0.9
v -0.7 2.7 -0.8
v -0.7 2.7 -0.9
v -0.7 3.3 0.8
v -0.7 3.3 0.7
v -0.7 3.4 0.8
v -0.7 3.4 0.7
v -0.7 3.6 -0.8
v -0.7 3.6 -0.9
v -0.7 3.7 -0.8
v -0.7 3.7 -0.9
v -0.7 4.4 0.8
v -0.7 4.4 0.7
v -0.7 4.5 0.8
v -0.7 4.5 0.7
v -0.7 4.5 -0.8
v -0.7 4.5 -0.9
v -0.7 4.6 -0.8
v -0.7 4.6 -0.9
v -0.7 5.6 -0.8
v -0.7 5.6 -0.9
v -0.7 5.7 -0.8
v -0.7 5.7 -0.9
v -0.7 6.2 0.8
v -0.7 6.2 0.7
v -0.7 6.4 0.8
v -0.7 6.4 0.7
v -0.7 6.4 -0.8
v -0.7 6.4 -0.9
v -0.7 6.6 -0.8
v -0.7 6.6 -0.9
v -0.7 7.5 -0.8
v -0.7 7.5 -0.9
v -0.7 7.6 -0.8
v -0.7 7.6 -0.9
v -0.7 7.8 0.8
v -0.7 7.8 0.7
v -0.7 8 0.8
v -0.7 8 0.7
v -0.7 9.1 1.7
v -0.7 9.1 1.6
v -0.7 9.1 -1.9
v -0.7 9.1 -2
v -0.7 9.2 1.7
v -0.7 9.2 1.6
v -0.7 9.2 -1.9
v -0.7 9.2 -2
v -0.7 9.8 1.7
v -0.7 9.8 1.6
v -0.7 9.8 -1.9
v -0.7 9.8 -2
v -0.7 9.9 1.7
v -0.7 9.9 1.6
v -0.7 9.9 -1.9
v -0.7 9.9 -2
v -0.6 0.4 -0.8
v -0.6 0.4 -0.9
v -0.6 0.5 -0.8
v -0.6 0.5 -0.9
v -0.6 1.2 0.8
v -0.6 1.2 0.7
v -0.6 1.3 0.8
v -0.6 1.3 0.7
v -0.6 1.5 -0.8
v -0.6 1.5 -0.9
v -0.6 1.6 -0.8
v -0.6 1.6 -0.9
v -0.6 2.2 0.8
v -0.6 2.2 0.7
v -0.6 2.3 0.8
v -0.6 2.3 0.7
v -0.6 2.7 -0.8
v -0.6 2.7 -0.9
v -0.6 2.8 -0.8
v -0.6 2.8 -0.9
v -0.6 3.2 0.8
v -0.6 3.2 0.7
v -0.6 3.3 0.8
v -0.6 3.3 0.7
v -0.6 3.4 0.8
v -0.6 3.4 0.7
v -0.6 3.5 0.8
v -0.6 3.5 0.7
v -0.6 3.5 -0.8
v -0.6 3.5 -0.9
v -0.6 3.6 -0.8
v -0.6 3.6 -0.9
v -0.6 4.2 0.8
v -0.6 4.2 0.7
v -0.6 4.3 0.8
v -0.6 4.3 0.7
v -0.6 4.6 -0.8
v -0.6 4.6 -0.9
v -0.6 4.7 -0.8
v -0.6 4.7 -0.9
v -0.6 5.4 0.8
v -0.6 5.4 0.7
v -0.6 5.5 0.8
v -0.6 5.5 0.7
v -0.6 7 0.8
v -0.6 7 0.7
v -0.6 7.1 0.8
v -0.6 7.1 0.7
v -0.6 8.3 -0.8
v -0.6 8.3 -0.9
v -0.6 8.5 -0.8
v -0.6 8.5 -0.9
v -0.6 8.6 0.8
v -0.6 8.6 0.7
v -0.6 8.8 0.8
v -0.6 8.8 0.7
v -0.5 0.3 0.8
v -0.5 0.3 0.7
v -0.5 0.4 0.8
v -0.5 0.4 0.7
v -0.5 0.8 -0.8
v -0.5 0.8 -0.9
v -0.5 0.9 -0.8
v -0.5 0.9 -0.9
v -0.5 1.5 0.8
v -0.5 1.5 0.7
v -0.5 1.6 0.8
v -0.5 1.6 0.7
v -0.5 1.8 -0.8
v -0.5 1.8 -0.9
v -0.5 1.9 -0.8
v -0.5 1.9 -0.9
v -0.5 2.1 0.8
v -0.5 2.1 0.7
v -0.5 2.2 0.8
v -0.5 2.2 0.7
v -0.5 2.4 0.8
v -0.5 2.4 0.7
v -0.5 2.5 0.8
v -0.5 2.5 0.7
v -0.5 2.5 -0.8
v -0.5 2.5 -0.9
v -0.5 2.6 -0.8
v -0.5 2.6 -0.9
v -0.5 3.1 0.8
v -0.5 3.1 0.7
v -0.5 3.2 0.8
v -0.5 3.2 0.7
v -0.5 3.5 0.8
v -0.5 3.5 0.7
v -0.5 3.6 0.8
v -0.5 3.6 0.7
v -0.5 3.7 -0.8
v -0.5 3.7 -0.9
v -0.5 3.8 -0.8
v -0.5 3.8 -0.9
v -0.5 4.4 -0.8
v -0.5 4.4 -0.9
v -0.5 4.5 0.8
v -0.5 4.5 0.7
v -0.5 4.5 -0.8
v -0.5 4.5 -0.9
v -0.5 4.6 0.8
v -0.5 4.6 0.7
v -0.5 4.7 -0.8
v -0.5 4.7 -0.9
v -0.5 4.8 -0.8
v -0.5 4.8 -0.9
v -0.5 5.3 0.8
v -0.5 5.3 0.7
v -0.5 5.4 0.8
v -0.5 5.4 0.7
v -0.5 5.5 0.8
v -0.5 5.5 0.7
v -0.5 5.5 -0.8
v -0.5 5.5 -0.9
v -0.5 5.6 0.8
v -0.5 5.6 0.7
v -0.5 5.6 -0.8
v -0.5 5.6 -0.9
v -0.5 5.7 -0.8
v -0.5 5.7 -0.9
v -0.5 5.8 -0.8
v -0.5 5.8 -0.9
v -0.5 6.1 0.8
v -0.5 6.1 0.7
v -0.5 6.2 0.8
v -0.5 6.2 0.7
v -0.5 6.3 -0.8
v -0.5 6.3 -0.9
v -0.5 6.4 0.8
v -0.5 6.4 0.7
v -0.5 6.4 -0.8
v -0.5 6.4 -0.9
v -0.5 6.5 0.8
v -0.5 6.5 0.7
v -0.5 6.6 -0.8
v -0.5 6.6 -0.9
v -0.5 6.7 -0.8
v -0.5 6.7 -0.9
v -0.5 7.1 0.8
v -0.5 7.1 0.7
v -0.5 7.2 0.8
v -0.5 7.2 0.7
v -0.5 7.4 -0.8
v -0.5 7.4 -0.9
v -0.5 7.5 -0.8
v -0.5 7.5 -0.9
v -0.5 7.6 -0.8
v -0.5 7.6 -0.9
v -0.5 7.7 0.8
v -0.5 7.7 0.7
v -0.5 7.7 -0.8
v -0.5 7.7 -0.9
v -0.5 7.8 0.8
v -0.5 7.8 0.7
v -0.5 8 0.8
v -0.5 8 0.7
v -0.5 8.1 0.8
v -0.5 8.1 0.7
v -0.5 9.3 2.3
v -0.5 9.3 2.2
v -0.5 9.3 -2.5
v -0.5 9.3 -2.6
v -0.5 9.4 2.4
v -0.5 9.4 2.3
v -0.5 9.4 2.2
v -0.5 9.4 -2.5
v -0.5 9.4 -2.6
v -0.5 9.4 -2.7
v -0.5 9.6 2.4
v -0.5 9.6 2.3
v -0.5 9.6 2.2
v -0.5 9.6 -2.5
v -0.5 9.6 -2.6
v -0.5 9.6 -2.7
v -0.5 9.7 2.3
v -0.5 9.7 2.2
v -0.5 9.7 -2.5
v -0.5 9.7 -2.6
v -0.4 0.3 -0.8
v -0.4 0.3 -0.9
v -0.4 0.4 -0.8
v -0.4 0.4 -0.9
v -0.4 0.6 0.8
v -0.4 0.6 0.7
v -0.4 0.7 0.8
v -0.4 0.7 0.7
v -0.4 0.9 -0.8
v -0.4 0.9 -0.9
v -0.4 1 -0.8
v -0.4 1 -0.9
v -0.4 1.1 0.8
v -0.4 1.1 0.7
v -0.4 1.2 0.8
v -0.4 1.2 0.7
v -0.4 1.4 -0.8
v -0.4 1.4 -0.9
v -0.4 1.5 -0.8
v -0.4 1.5 -0.9
v -0.4 2.8 -0.8
v -0.4 2.8 -0.9
v -0.4 2.9 -0.8
v -0.4 2.9 -0.9
v -0.4 3 0.8
v -0.4 3 0.7
v -0.4 3.1 0.8
v -0.4 3.1 0.7
v -0.4 3.4 -0.8
v -0.4 3.4 -0.9
v -0.4 3.5 -0.8
v -0.4 3.5 -0.9
v -0.4 4.1 0.8
v -0.4 4.1 0.7
v -0.4 4.2 0.8
v -0.4 4.2 0.7
v -0.4 5.2 0.8
v -0.4 5.2 0.7
v -0.4 5.3 0.8
v -0.4 5.3 0.7
v -0.4 5.3 -0.8
v -0.4 5.3 -0.9
v -0.4 5.4 -0.8
v -0.4 5.4 -0.9
v -0.4 5.8 -0.8
v -0.4 5.8 -0.9
v -0.4 5.9 -0.8
v -0.4 5.9 -0.9
v -0.4 6 0.8
v -0.4 6 0.7
v -0.4 6.1 0.8
v -0.4 6.1 0.7
v -0.4 6.7 -0.8
v -0.4 6.7 -0.9
v -0.4 6.8 -0.8
v -0.4 6.8 -0.9
v -0.4 6.9 0.8
v -0.4 6.9 0.7
v -0.4 7 0.8
v -0.4 7 0.7
v -0.4 7.3 -0.8
v -0.4 7.3 -0.9
v -0.4 7.4 -0.8
v -0.4 7.4 -0.9
v -0.4 8.2 -0.8
v -0.4 8.2 -0.9
v -0.4 8.3 -0.8
v -0.4 8.3 -0.9
v -0.4 8.5 0.8
v -0.4 8.5 0.7
v -0.4 8.6 0.8
v -0.4 8.6 0.7
v -0.4 8.8 0.8
v -0.4 8.8 0.7
v -0.4 8.9 0.8
v -0.4 8.9 0.7
v -0.4 9 0.9
v -0.4 9 0.8
v -0.4 9 -1.1
v -0.4 9 -1.2
v -0.4 9.1 0.9
v -0.4 9.1 0.8
v -0.4 9.1 -1.1
v -0.4 9.1 -1.2
v -0.4 9.9 0.9
v -0.4 9.9 0.8
v -0.4 9.9 -1.1
v -0.4 9.9 -1.2
v -0.4 10 0.9
v -0.4 10 0.8
v -0.4 10 -1.1
v -0.4 10 -1.2
v -0.3 0.2 0.8
v -0.3 0.2 0.7
v -0.3 0.2 -0.8
v -0.3 0.2 -0.9
v -0.3 0.3 0.8
v -0.3 0.3 0.7
v -0.3 0.3 -0.8
v -0.3 0.3 -0.9
v -0.3 1 -0.8
v -0.3 1 -0.9
v -0.3 1.1 -0.8
v -0.3 1.1 -0.9
v -0.3 1.6 0.8
v -0.3 1.6 0.7
v -0.3 1.7 0.8
v -0.3 1.7 0.7
v -0.3 1.9 -0.8
v -0.3 1.9 -0.9
v -0.3 2 0.8
v -0.3 2 0.7
v -0.3 2 -0.8
v -0.3 2 -0.9
v -0.3 2.1 0.8
v -0.3 2.1 0.7
v -0.3 2.4 -0.8
v -0.3 2.4 -0.9
v -0.3 2.5 0.8
v -0.3 2.5 0.7
v -0.3 2.5 -0.8
v -0.3 2.5 -0.9
v -0.3 2.6 0.8
v -0.3 2.6 0.7
v -0.3 2.9 -0.8
v -0.3 2.9 -0.9
v -0.3 3 -0.8
v -0.3 3 -0.9
v -0.3 3.6 0.8
v -0.3 3.6 0.7
v -0.3 3.7 0.8
v -0.3 3.7 0.7
v -0.3 3.8 -0.8
v -0.3 3.8 -0.9
v -0.3 3.9 -0.8
v -0.3 3.9 -0.9
v -0.3 4 0.8
v -0.3 4 0.7
v -0.3 4.1 0.8
v -0.3 4.1 0.7
v -0.3 4.3 -0.8
v -0.3 4.3 -0.9
v -0.3 4.4 -0.8
v -0.3 4.4 -0.9
v -0.3 4.6 0.8
v -0.3 4.6 0.7
v -0.3 4.7 0.8
v -0.3 4.7 0.7
v -0.3 4.8 -0.8
v -0.3 4.8 -0.9
v -0.3 4.9 -0.8
v -0.3 4.9 -0.9
v -0.3 5.6 0.8
v -0.3 5.6 0.7
v -0.3 5.7 0.8
v -0.3 5.7 0.7
v -0.3 5.7 -0.8
v -0.3 5.7 -0.9
v -0.3 5.8 -0.8
v -0.3 5.8 -0.9
v -0.3 6.2 -0.8
v -0.3 6.2 -0.9
v -0.3 6.3 -0.8
v -0.3 6.3 -0.9
v -0.3 6.5 0.8
v -0.3 6.5 0.7
v -0.3 6.6 0.8
v -0.3 6.6 0.7
v -0.3 7.6 0.8
v -0.3 7.6 0.7
v -0.3 7.7 0.8
v -0.3 7.7 0.7
v -0.3 7.7 -0.8
v -0.3 7.7 -0.9
v -0.3 7.8 -0.8
v -0.3 7.8 -0.9
v -0.3 8.5 -0.8
v -0.3 8.5 -0.9
v -0.3 8.6 -0.8
v -0.3 8.6 -0.9
v -0.3 9 0.8
v -0.3 9 0.7
v -0.3 9 -1
v -0.3 9 -1.1
v -0.3 9.1 1.6
v -0.3 9.1 1.5
v -0.3 9.1 0.8
v -0.3 9.1 0.7
v -0.3 9.1 -1
v -0.3 9.1 -1.1
v -0.3 9.1 -1.8
v -0.3 9.1 -1.9
v -0.3 9.2 1.6
v -0.3 9.2 1.5
v -0.3 9.2 -1.8
v -0.3 9.2 -1.9
v -0.3 9.8 1.6
v -0.3 9.8 1.5
v -0.3 9.8 -1.8
v -0.3 9.8 -1.9
v -0.3 9.9 1.6
v -0.3 9.9 1.5
v -0.3 9.9 0.8
v -0.3 9.9 0.7
v -0.3 9.9 -1
v -0.3 9.9 -1.1
v -0.3 9.9 -1.8
v -0.3 9.9 -1.9
v -0.3 10 0.8
v -0.3 10 0.7
v -0.3 10 -1
v -0.3 10 -1.1
v -0.2 1 0.8
v -0.2 1 0.7
v -0.2 1.1 0.8
v -0.2 1.1 0.7
v -0.2 1.3 -0.8
v -0.2 1.3 -0.9
v -0.2 1.4 -0.8
v -0.2 1.4 -0.9
v -0.2 1.9 0.8
v -0.2 1.9 0.7
v -0.2 2 0.8
v -0.2 2 0.7
v -0.2 2.9 0.8
v -0.2 2.9 0.7
v -0.2 3 0.8
v -0.2 3 0.7
v -0.2 3.3 -0.8
v -0.2 3.3 -0.9
v -0.2 3.4 -0.8
v -0.2 3.4 -0.9
v -0.2 5.1 0.8
v -0.2 5.1 0.7
v -0.2 5.2 0.8
v -0.2 5.2 0.7
v -0.2 5.2 -0.8
v -0.2 5.2 -0.9
v -0.2 5.3 -0.8
v -0.2 5.3 -0.9
v -0.2 5.9 0.8
v -0.2 5.9 0.7
v -0.2 6 0.8
v -0.2 6 0.7
v -0.2 6.8 0.8
v -0.2 6.8 0.7
v -0.2 6.8 -0.8
v -0.2 6.8 -0.9
v -0.2 6.9 0.8
v -0.2 6.9 0.7
v -0.2 6.9 -0.8
v -0.2 6.9 -0.9
v -0.2 7.2 0.8
v -0.2 7.2 0.7
v -0.2 7.2 -0.8
v -0.2 7.2 -0.9
v -0.2 7.3 0.8
v -0.2 7.3 0.7
v -0.2 7.3 -0.8
v -0.2 7.3 -0.9
v -0.2 8.1 0.8
v -0.2 8.1 0.7
v -0.2 8.1 -0.8
v -0.2 8.1 -0.9
v -0.2 8.2 0.8
v -0.2 8.2 0.7
v -0.2 8.2 -0.8
v -0.2 8.2 -0.9
v -0.2 8.4 0.8
v -0.2 8.4 0.7
v -0.2 8.5 0.8
v -0.2 8.5 0.7
v -0.2 8.9 0.8
v -0.2 8.9 0.7
v -0.2 8.9 -0.8
v -0.2 8.9 -0.9
v -0.2 9 0.8
v -0.2 9 0.7
v -0.2 9 -0.8
v -0.2 9 -0.9
v -0.2 9.2 2
v -0.2 9.2 1.9
v -0.2 9.2 -2.2
v -0.2 9.2 -2.3
v -0.2 9.3 2
v -0.2 9.3 1.9
v -0.2 9.3 -2.2
v -0.2 9.3 -2.3
v -0.2 9.7 2
v -0.2 9.7 1.9
v -0.2 9.7 -2.2
v -0.2 9.7 -2.3
v -0.2 9.8 2
v -0.2 9.8 1.9
v -0.2 9.8 -2.2
v -0.2 9.8 -2.3
v -0.0999999 0.1 0.8
v -0.0999999 0.1 0.7
v -0.0999999 0.1 -0.8
v -0.0999999 0.1 -0.9
v -0.0999999 0.2 0.8
v -0.0999999 0.2 0.7
v -0.0999999 0.2 -0.8
v -0.0999999 0.2 -0.9
v -0.0999999 0.7 0.8
v -0.0999999 0.7 0.7
v -0.0999999 0.8 0.8
v -0.0999999 0.8 0.7
v -0.0999999 0.9 0.8
v -0.0999999 0.9 0.7
v -0.0999999 1 0.8
v -0.0999999 1 0.7
v -0.0999999 1.1 -0.8
v -0.0999999 1.1 -0.9
v -0.0999999 1.2 -0.8
v -0.0999999 1.2 -0.9
v -0.0999999 1.7 0.8
v -0.0999999 1.7 0.7
v -0.0999999 1.8 0.8
v -0.0999999 1.8 0.7
v -0.0999999 2 -0.8
v -0.0999999 2 -0.9
v -0.0999999 2.1 -0.8
v -0.0999999 2.1 -0.9
v -0.0999999 2.3 -0.8
v -0.0999999 2.3 -0.9
v -0.0999999 2.4 -0.8
v -0.0999999 2.4 -0.9
v -0.0999999 2.6 0.8
v -0.0999999 2.6 0.7
v -0.0999999 2.7 0.8
v -0.0999999 2.7 0.7
v -0.0999999 2.8 0.8
v -0.0999999 2.8 0.7
v -0.0999999 2.9 0.8
v -0.0999999 2.9 0.7
v -0.0999999 3 -0.8
v -0.0999999 3 -0.9
v -0.0999999 3.1 -0.8
v -0.0999999 3.1 -0.9
v -0.0999999 3.7 0.8
v -0.0999999 3.7 0.7
v -0.0999999 3.8 0.8
v -0.0999999 3.8 0.7
v -0.0999999 3.9 0.8
v -0.0999999 3.9 0.7
v -0.0999999 3.9 -0.8
v -0.0999999 3.9 -0.9
v -0.0999999 4 0.8
v -0.0999999 4 0.7
v -0.0999999 4 -0.8
v -0.0999999 4 -0.9
v -0.0999999 4.2 -0.8
v -0.0999999 4.2 -0.9
v -0.0999999 4.3 -0.8
v -0.0999999 4.3 -0.9
v -0.0999999 4.7 0.8
v -0.0999999 4.7 0.7
v -0.0999999 4.8 0.8
v -0.0999999 4.8 0.7
v -0.0999999 4.9 -0.8
v -0.0999999 4.9 -0.9
v -0.0999999 5 -0.8
v -0.0999999 5 -0.9
v -0.0999999 5.7 0.8
v -0.0999999 5.7 0.7
v -0.0999999 5.8 0.8
v -0.0999999 5.8 0.7
v -0.0999999 5.8 -0.8
v -0.0999999 5.8 -0.9
v -0.0999999 5.9 -0.8
v -0.0999999 5.9 -0.9
v -0.0999999 6.1 -0.8
v -0.0999999 6.1 -0.9
v -0.0999999 6.2 -0.8
v -0.0999999 6.2 -0.9
v -0.0999999 6.6 0.8
v -0.0999999 6.6 0.7
v -0.0999999 6.7 0.8
v -0.0999999 6.7 0.7
v -0.0999999 7.5 0.8
v -0.0999999 7.5 0.7
v -0.0999999 7.6 0.8
v -0.0999999 7.6 0.7
v -0.0999999 7.8 -0.8
v -0.0999999 7.8 -0.9
v -0.0999999 7.9 -0.8
v -0.0999999 7.9 -0.9
v -0.0999999 8.6 -0.8
v -0.0999999 8.6 -0.9
v -0.0999999 8.7 -0.8
v -0.0999999 8.7 -0.9
v -0.0999999 9 -0.8
v -0.0999999 9 -1
v -0.0999999 9.1 -0.8
v -0.0999999 9.1 -1
v -0.0999999 9.3 2.2
v -0.0999999 9.3 2.1
v -0.0999999 9.3 -2.4
v -0.0999999 9.3 -2.5
v -0.0999999 9.4 2.3
v -0.0999999 9.4 2.2
v -0.0999999 9.4 2.1
v -0.0999999 9.4 -2.4
v -0.0999999 9.4 -2.5
v -0.0999999 9.4 -2.6
v -0.0999999 9.6 2.3
v -0.0999999 9.6 2.2
v -0.0999999 9.6 2.1
v -0.0999999 9.6 -2.4
v -0.0999999 9.6 -2.5
v -0.0999999 9.6 -2.6
v -0.0999999 9.7 2.2
v -0.0999999 9.7 2.1
v -0.0999999 9.7 -2.4
v -0.0999999 9.7 -2.5
v -0.0999999 9.9 -0.9
v -0.0999999 9.9 -1
v -0.0999999 10 -0.9
v -0.0999999 10 -1
v 0 4.8 0
v 0 4.8 -0.1
v 0 4.9 0.2
v 0 4.9 0
v 0 4.9 -0.1
v 0 4.9 -0.3
v 0 5 0.3
v 0 5 0.2
v 0 5 -0.3
v 0 5 -0.4
v 0 5.1 0.4
v 0 5.1 0.3
v 0 5.1 -0.4
v 0 5.1 -0.6
v 0 5.2 0.6
v 0 5.2 0.4
v 0 5.3 -0.4
v 0 5.3 -0.6
v 0 5.4 0.6
v 0 5.4 0.5
v 0 5.4 -0.3
v 0 5.4 -0.4
v 0 5.5 0.5
v 0 5.5 0.3
v 0 5.5 -0.1
v 0 5.5 -0.3
v 0 5.6 0.3
v 0 5.6 0.2
v 0 5.6 0
v 0 5.6 -0.1
v 0 5.7 0.2
v 0 5.7 0
v 0 9.1 1.5
v 0 9.1 1.4
v 0 9.1 -1.7
v 0 9.1 -1.8
v 0 9.2 1.9
v 0 9.2 1.8
v 0 9.2 1.5
v 0 9.2 1.4
v 0 9.2 -1.7
v 0 9.2 -1.8
v 0 9.2 -2.1
v 0 9.2 -2.2
v 0 9.3 1.9
v 0 9.3 1.8
v 0 9.3 -2.1
v 0 9.3 -2.2
v 0 9.7 1.9
v 0 9.7 1.8
v 0 9.7 -2.1
v 0 9.7 -2.2
v 0 9.8 1.9
v 0 9.8 1.8
v 0 9.8 1.5
v 0 9.8 1.4
v 0 9.8 -1.7
v 0 9.8 -1.8
v 0 9.8 -2.1
v 0 9.8 -2.2
v 0 9.9 1.5
v 0 9.9 1.4
v 0 9.9 -1.7
v 0 9.9 -1.8
v 0.0999999 0 0.7
v 0.0999999 0 0.6
v 0.0999999 0 0.5
v 0.0999999 0 -0.6
v 0.0999999 0 -0.8
v 0.0999999 0 -0.9
v 0.0999999 0.1 0.6
v 0.0999999 0.1 0.5
v 0.0999999 0.1 0.3
v 0.0999999 0.1 -0.4
v 0.0999999 0.1 -0.6
v 0.0999999 0.1 -0.7
v 0.0999999 0.2 0.5
v 0.0999999 0.2 0.3
v 0.0999999 0.2 0.2
v 0.0999999 0.2 -0.2
v 0.0999999 0.2 -0.4
v 0.0999999 0.2 -0.6
v 0.0999999 0.3 0.3
v 0.0999999 0.3 0.2
v 0.0999999 0.3 -0.2
v 0.0999999 0.3 -0.4
v 0.0999999 0.4 -0.1
v 0.0999999 0.4 -0.2
v 0.0999999 0.5 0.4
v 0.0999999 0.5 0.2
v 0.0999999 0.5 -0.1
v 0.0999999 0.5 -0.3
v 0.0999999 0.6 0.6
v 0.0999999 0.6 0.4
v 0.0999999 0.6 0.2
v 0.0999999 0.6 -0.1
v 0.0999999 0.6 -0.3
v 0.0999999 0.6 -0.4
v 0.0999999 0.7 0.7
v 0.0999999 0.7 0.6
v 0.0999999 0.7 0.4
v 0.0999999 0.7 -0.3
v 0.0999999 0.7 -0.4
v 0.0999999 0.7 -0.6
v 0.0999999 0.8 -0.4
v 0.0999999 0.8 -0.6
v 0.0999999 0.8 -0.7
v 0.0999999 0.9 0.7
v 0.0999999 0.9 0.6
v 0.0999999 0.9 0.5
v 0.0999999 1 0.6
v 0.0999999 1 0.5
v 0.0999999 1 0.3
v 0.0999999 1 -0.4
v 0.0999999 1 -0.6
v 0.0999999 1 -0.7
v 0.0999999 1.1 0.5
v 0.0999999 1.1 0.3
v 0.0999999 1.1 0.2
v 0.0999999 1.1 -0.3
v 0.0999999 1.1 -0.4
v 0.0999999 1.1 -0.6
v 0.0999999 1.2 0.3
v 0.0999999 1.2 0.2
v 0.0999999 1.2 0.0999999
v 0.0999999 1.2 -0.1
v 0.0999999 1.2 -0.3
v 0.0999999 1.2 -0.4
v 0.0999999 1.3 0.2
v 0.0999999 1.3 0.0999999
v 0.0999999 1.3 -0.1
v 0.0999999 1.3 -0.3
v 0.0999999 1.5 0.3
v 0.0999999 1.5 0.0999999
v 0.0999999 1.5 -0.1
v 0.0999999 1.5 -0.2
v 0.0999999 1.6 0.4
v 0.0999999 1.6 0.3
v 0.0999999 1.6 0.0999999
v 0.0999999 1.6 -0.1
v 0.0999999 1.6 -0.2
v 0.0999999 1.6 -0.4
v 0.0999999 1.7 0.6
v 0.0999999 1.7 0.4
v 0.0999999 1.7 0.3
v 0.0999999 1.7 -0.2
v 0.0999999 1.7 -0.4
v 0.0999999 1.7 -0.5
v 0.0999999 1.8 0.7
v 0.0999999 1.8 0.6
v 0.0999999 1.8 0.4
v 0.0999999 1.8 -0.4
v 0.0999999 1.8 -0.5
v 0.0999999 1.8 -0.6
v 0.0999999 1.9 0.7
v 0.0999999 1.9 0.6
v 0.0999999 1.9 -0.5
v 0.0999999 1.9 -0.6
v 0.0999999 1.9 -0.7
v 0.0999999 2 0.7
v 0.0999999 2 0.5
v 0.0999999 2.1 0.7
v 0.0999999 2.1 0.5
v 0.0999999 2.1 0.4
v 0.0999999 2.1 -0.5
v 0.0999999 2.1 -0.6
v 0.0999999 2.1 -0.7
v 0.0999999 2.2 0.5
v 0.0999999 2.2 0.4
v 0.0999999 2.2 0.3
v 0.0999999 2.2 -0.3
v 0.0999999 2.2 -0.5
v 0.0999999 2.2 -0.6
v 0.0999999 2.3 0.4
v 0.0999999 2.3 0.3
v 0.0999999 2.3 0.0999999
v 0.0999999 2.3 -0.2
v 0.0999999 2.3 -0.3
v 0.0999999 2.3 -0.5
v 0.0999999 2.4 0.3
v 0.0999999 2.4 0.0999999
v 0.0999999 2.4 0
v 0.0999999 2.4 -0.1
v 0.0999999 2.4 -0.2
v 0.0999999 2.4 -0.3
v 0.0999999 2.5 0.0999999
v 0.0999999 2.5 0
v 0.0999999 2.5 -0.1
v 0.0999999 2.6 0.0999999
v 0.0999999 2.6 0
v 0.0999999 2.6 -0.2
v 0.0999999 2.6 -0.3
v 0.0999999 2.7 0.2
v 0.0999999 2.7 0.0999999
v 0.0999999 2.7 0
v 0.0999999 2.7 -0.2
v 0.0999999 2.7 -0.3
v 0.0999999 2.7 -0.4
v 0.0999999 2.8 0.4
v 0.0999999 2.8 0.2
v 0.0999999 2.8 0.0999999
v 0.0999999 2.8 -0.3
v 0.0999999 2.8 -0.4
v 0.0999999 2.8 -0.6
v 0.0999999 2.9 0.5
v 0.0999999 2.9 0.4
v 0.0999999 2.9 0.2
v 0.0999999 2.9 -0.4
v 0.0999999 2.9 -0.6
v 0.0999999 2.9 -0.7
v 0.0999999 3 0.6
v 0.0999999 3 0.5
v 0.0999999 3 0.4
v 0.0999999 3 -0.6
v 0.0999999 3 -0.7
v 0.0999999 3.1 0.7
v 0.0999999 3.1 0.6
v 0.0999999 3.1 0.5
v 0.0999999 3.1 -0.6
v 0.0999999 3.1 -0.7
v 0.0999999 3.2 0.7
v 0.0999999 3.2 0.6
v 0.0999999 3.2 0.5
v 0.0999999 3.2 -0.5
v 0.0999999 3.2 -0.6
v 0.0999999 3.2 -0.7
v 0.0999999 3.3 0.6
v 0.0999999 3.3 0.5
v 0.0999999 3.3 0.4
v 0.0999999 3.3 -0.3
v 0.0999999 3.3 -0.5
v 0.0999999 3.3 -0.6
v 0.0999999 3.4 0.5
v 0.0999999 3.4 0.4
v 0.0999999 3.4 0.2
v 0.0999999 3.4 -0.2
v 0.0999999 3.4 -0.3
v 0.0999999 3.4 -0.5
v 0.0999999 3.5 0.4
v 0.0999999 3.5 0.2
v 0.0999999 3.5 0.0999999
v 0.0999999 3.5 -0.1
v 0.0999999 3.5 -0.2
v 0.0999999 3.5 -0.3
v 0.0999999 3.6 0.2
v 0.0999999 3.6 0.0999999
v 0.0999999 3.6 -0.1
v 0.0999999 3.6 -0.2
v 0.0999999 3.7 0.2
v 0.0999999 3.7 0.0999999
v 0.0999999 3.7 0
v 0.0999999 3.8 0.3
v 0.0999999 3.8 0.2
v 0.0999999 3.8 0.0999999
v 0.0999999 3.8 0
v 0.0999999 3.8 -0.1
v 0.0999999 3.8 -0.2
v 0.0999999 3.9 0.5
v 0.0999999 3.9 0.3
v 0.0999999 3.9 0.2
v 0.0999999 3.9 -0.1
v 0.0999999 3.9 -0.2
v 0.0999999 3.9 -0.4
v 0.0999999 4 0.6
v 0.0999999 4 0.5
v 0.0999999 4 0.3
v 0.0999999 4 -0.2
v 0.0999999 4 -0.4
v 0.0999999 4 -0.5
v 0.0999999 4.1 0.7
v 0.0999999 4.1 0.6
v 0.0999999 4.1 0.5
v 0.0999999 4.1 -0.4
v 0.0999999 4.1 -0.5
v 0.0999999 4.1 -0.6
v 0.0999999 4.2 -0.5
v 0.0999999 4.2 -0.6
v 0.0999999 4.2 -0.7
v 0.0999999 4.3 0.7
v 0.0999999 4.3 0.6
v 0.0999999 4.3 0.4
v 0.0999999 4.3 -0.5
v 0.0999999 4.3 -0.6
v 0.0999999 4.4 0.6
v 0.0999999 4.4 0.5
v 0.0999999 4.4 0.4
v 0.0999999 4.4 0.3
v 0.0999999 4.4 -0.4
v 0.0999999 4.4 -0.5
v 0.0999999 4.4 -0.7
v 0.0999999 4.5 0.5
v 0.0999999 4.5 0.4
v 0.0999999 4.5 0.3
v 0.0999999 4.5 0.0999999
v 0.0999999 4.5 -0.3
v 0.0999999 4.5 -0.4
v 0.0999999 4.5 -0.5
v 0.0999999 4.6 0.3
v 0.0999999 4.6 0.0999999
v 0.0999999 4.6 0
v 0.0999999 4.6 -0.1
v 0.0999999 4.6 -0.3
v 0.0999999 4.6 -0.4
v 0.0999999 4.7 0.0999999
v 0.0999999 4.7 0
v 0.0999999 4.7 -0.1
v 0.0999999 4.7 -0.3
v 0.0999999 4.8 0.2
v 0.0999999 4.8 0
v 0.0999999 4.8 -0.1
v 0.0999999 4.8 -0.3
v 0.0999999 4.9 0.3
v 0.0999999 4.9 0.2
v 0.0999999 4.9 -0.3
v 0.0999999 4.9 -0.4
v 0.0999999 5 0.4
v 0.0999999 5 0.3
v 0.0999999 5 -0.4
v 0.0999999 5 -0.6
v 0.0999999 5.1 0.6
v 0.0999999 5.1 0.4
v 0.0999999 5.1 -0.6
v 0.0999999 5.1 -0.7
v 0.0999999 5.2 0.7
v 0.0999999 5.2 0.6
v 0.0999999 5.3 -0.6
v 0.0999999 5.3 -0.7
v 0.0999999 5.4 -0.4
v 0.0999999 5.4 -0.6
v 0.0999999 5.5 -0.3
v 0.0999999 5.5 -0.4
v 0.0999999 5.6 -0.1
v 0.0999999 5.6 -0.3
v 0.0999999 5.7 0
v 0.0999999 5.7 -0.1
v 0.0999999 5.8 0
v 0.0999999 5.8 -0.1
v 0.0999999 5.9 0.3
v 0.0999999 5.9 -0.1
v 0.0999999 5.9 -0.2
v 0.0999999 6 0.4
v 0.0999999 6 0.3
v 0.0999999 6 -0.1
v 0.0999999 6 -0.2
v 0.0999999 6 -0.3
v 0.0999999 6.1 0.6
v 0.0999999 6.1 0.4
v 0.0999999 6.1 -0.2
v 0.0999999 6.1 -0.3
v 0.0999999 6.1 -0.5
v 0.0999999 6.2 0.6
v 0.0999999 6.2 0.5
v 0.0999999 6.2 -0.3
v 0.0999999 6.2 -0.5
v 0.0999999 6.2 -0.6
v 0.0999999 6.3 0.7
v 0.0999999 6.3 0.5
v 0.0999999 6.3 0.4
v 0.0999999 6.3 -0.5
v 0.0999999 6.3 -0.6
v 0.0999999 6.3 -0.7
v 0.0999999 6.4 0.5
v 0.0999999 6.4 0.4
v 0.0999999 6.4 0.3
v 0.0999999 6.4 -0.4
v 0.0999999 6.4 -0.6
v 0.0999999 6.4 -0.7
v 0.0999999 6.5 0.4
v 0.0999999 6.5 0.3
v 0.0999999 6.5 0.0999999
v 0.0999999 6.5 -0.2
v 0.0999999 6.5 -0.4
v 0.0999999 6.5 -0.6
v 0.0999999 6.6 0.3
v 0.0999999 6.6 0.0999999
v 0.0999999 6.6 -0.2
v 0.0999999 6.6 -0.4
v 0.0999999 6.7 0.2
v 0.0999999 6.7 0.0999999
v 0.0999999 6.8 0.4
v 0.0999999 6.8 0.2
v 0.0999999 6.8 -0.2
v 0.0999999 6.8 -0.3
v 0.0999999 6.9 0.6
v 0.0999999 6.9 0.4
v 0.0999999 6.9 0.2
v 0.0999999 6.9 -0.2
v 0.0999999 6.9 -0.3
v 0.0999999 6.9 -0.4
v 0.0999999 7 0.7
v 0.0999999 7 0.6
v 0.0999999 7 0.4
v 0.0999999 7 -0.3
v 0.0999999 7 -0.4
v 0.0999999 7 -0.6
v 0.0999999 7.1 -0.4
v 0.0999999 7.1 -0.6
v 0.0999999 7.1 -0.7
v 0.0999999 7.2 0.7
v 0.0999999 7.2 0.6
v 0.0999999 7.2 0.4
v 0.0999999 7.3 0.6
v 0.0999999 7.3 0.4
v 0.0999999 7.3 0.3
v 0.0999999 7.3 -0.4
v 0.0999999 7.3 -0.6
v 0.0999999 7.3 -0.7
v 0.0999999 7.4 0.4
v 0.0999999 7.4 0.3
v 0.0999999 7.4 0.2
v 0.0999999 7.4 -0.2
v 0.0999999 7.4 -0.4
v 0.0999999 7.4 -0.6
v 0.0999999 7.5 0.3
v 0.0999999 7.5 0.2
v 0.0999999 7.5 0
v 0.0999999 7.5 -0.1
v 0.0999999 7.5 -0.2
v 0.0999999 7.5 -0.4
v 0.0999999 7.6 0.2
v 0.0999999 7.6 0.0999999
v 0.0999999 7.6 0
v 0.0999999 7.6 -0.1
v 0.0999999 7.6 -0.2
v 0.0999999 7.7 0.2
v 0.0999999 7.7 0.0999999
v 0.0999999 7.7 -0.1
v 0.0999999 7.7 -0.2
v 0.0999999 7.8 0.4
v 0.0999999 7.8 0.2
v 0.0999999 7.8 0.0999999
v 0.0999999 7.8 -0.1
v 0.0999999 7.8 -0.2
v 0.0999999 7.8 -0.3
v 0.0999999 7.9 0.6
v 0.0999999 7.9 0.4
v 0.0999999 7.9 0.2
v 0.0999999 7.9 -0.2
v 0.0999999 7.9 -0.3
v 0.0999999 7.9 -0.5
v 0.0999999 8 0.7
v 0.0999999 8 0.6
v 0.0999999 8 0.4
v 0.0999999 8 -0.3
v 0.0999999 8 -0.5
v 0.0999999 8 -0.6
v 0.0999999 8.1 -0.6
v 0.0999999 8.1 -0.7
v 0.0999999 8.2 0.7
v 0.0999999 8.2 0.6
v 0.0999999 8.2 0.4
v 0.0999999 8.2 -0.4
v 0.0999999 8.2 -0.5
v 0.0999999 8.2 -0.7
v 0.0999999 8.3 0.6
v 0.0999999 8.3 0.4
v 0.0999999 8.3 0.3
v 0.0999999 8.3 -0.2
v 0.0999999 8.3 -0.4
v 0.0999999 8.3 -0.5
v 0.0999999 8.4 0.4
v 0.0999999 8.4 0.3
v 0.0999999 8.4 0.0999999
v 0.0999999 8.4 0
v 0.0999999 8.4 -0.2
v 0.0999999 8.4 -0.4
v 0.0999999 8.5 0.3
v 0.0999999 8.5 0.0999999
v 0.0999999 8.5 0
v 0.0999999 8.5 -0.2
v 0.0999999 8.6 0.3
v 0.0999999 8.6 0.0999999
v 0.0999999 8.6 0
v 0.0999999 8.6 -0.1
v 0.0999999 8.7 0.4
v 0.0999999 8.7 0.3
v 0.0999999 8.7 0.0999999
v 0.0999999 8.7 0
v 0.0999999 8.7 -0.1
v 0.0999999 8.7 -0.3
v 0.0999999 8.8 0.6
v 0.0999999 8.8 0.4
v 0.0999999 8.8 0.3
v 0.0999999 8.8 -0.1
v 0.0999999 8.8 -0.3
v 0.0999999 8.8 -0.4
v 0.0999999 8.9 0.7
v 0.0999999 8.9 0.6
v 0.0999999 8.9 0.4
v 0.0999999 8.9 -0.3
v 0.0999999 8.9 -0.4
v 0.0999999 8.9 -0.6
v 0.0999999 9 0.7
v 0.0999999 9 0.6
v 0.0999999 9 0.2
v 0.0999999 9 -0.4
v 0.0999999 9 -0.5
v 0.0999999 9 -0.6
v 0.0999999 9 -0.7
v 0.0999999 9.1 1.4
v 0.0999999 9.1 1.3
v 0.0999999 9.1 0.7
v 0.0999999 9.1 0.5
v 0.0999999 9.1 0.2
v 0.0999999 9.1 -0.5
v 0.0999999 9.1 -0.6
v 0.0999999 9.1 -0.8
v 0.0999999 9.1 -0.9
v 0.0999999 9.1 -1.6
v 0.0999999 9.1 -1.7
v 0.0999999 9.2 1.4
v 0.0999999 9.2 1.3
v 0.0999999 9.2 -1.6
v 0.0999999 9.2 -1.7
v 0.0999999 9.3 2.1
v 0.0999999 9.3 2
v 0.0999999 9.3 -2.3
v 0.0999999 9.3 -2.4
v 0.0999999 9.4 2.1
v 0.0999999 9.4 2
v 0.0999999 9.4 -2.3
v 0.0999999 9.4 -2.4
v 0.0999999 9.6 2.1
v 0.0999999 9.6 2
v 0.0999999 9.6 -2.3
v 0.0999999 9.6 -2.4
v 0.0999999 9.7 2.1
v 0.0999999 9.7 2
v 0.0999999 9.7 -2.3
v 0.0999999 9.7 -2.4
v 0.0999999 9.8 1.4
v 0.0999999 9.8 1.3
v 0.0999999 9.8 -1.6
v 0.0999999 9.8 -1.7
v 0.0999999 9.9 1.4
v 0.0999999 9.9 1.3
v 0.0999999 9.9 0.6
v 0.0999999 9.9 0.2
v 0.0999999 9.9 -0.8
v 0.0999999 9.9 -0.9
v 0.0999999 9.9 -1.6
v 0.0999999 9.9 -1.7
v 0.0999999 10 0.6
v 0.0999999 10 0.2
v 0.0999999 10 -0.8
v 0.0999999 10 -0.9
v 0.2 0 0.8
v 0.2 0 0.7
v 0.2 0 0.6
v 0.2 0 0.5
v 0.2 0 -0.6
v 0.2 0 -0.8
v 0.2 0.1 0.6
v 0.2 0.1 0.5
v 0.2 0.1 0.3
v 0.2 0.1 -0.4
v 0.2 0.1 -0.6
v 0.2 0.1 -0.7
v 0.2 0.2 0.5
v 0.2 0.2 0.3
v 0.2 0.2 0.2
v 0.2 0.2 -0.2
v 0.2 0.2 -0.4
v 0.2 0.2 -0.6
v 0.2 0.3 0.3
v 0.2 0.3 0.2
v 0.2 0.3 -0.2
v 0.2 0.3 -0.4
v 0.2 0.4 -0.1
v 0.2 0.4 -0.2
v 0.2 0.5 0.4
v 0.2 0.5 0.2
v 0.2 0.5 -0.1
v 0.2 0.5 -0.3
v 0.2 0.6 0.6
v 0.2 0.6 0.4
v 0.2 0.6 0.2
v 0.2 0.6 -0.1
v 0.2 0.6 -0.3
v 0.2 0.6 -0.4
v 0.2 0.7 0.7
v 0.2 0.7 0.6
v 0.2 0.7 0.4
v 0.2 0.7 -0.3
v 0.2 0.7 -0.4
v 0.2 0.7 -0.6
v 0.2 0.8 -0.4
v 0.2 0.8 -0.6
v 0.2 0.8 -0.7
v 0.2 0.9 0.7
v 0.2 0.9 0.6
v 0.2 0.9 0.5
v 0.2 1 0.6
v 0.2 1 0.5
v 0.2 1 0.3
v 0.2 1 -0.4
v 0.2 1 -0.6
v 0.2 1 -0.7
v 0.2 1.1 0.5
v 0.2 1.1 0.3
v 0.2 1.1 0.2
v 0.2 1.1 -0.3
v 0.2 1.1 -0.4
v 0.2 1.1 -0.6
v 0.2 1.2 0.3
v 0.2 1.2 0.2
v 0.2 1.2 0.0999999
v 0.2 1.2 -0.1
v 0.2 1.2 -0.3
v 0.2 1.2 -0.4
v 0.2 1.3 0.2
v 0.2 1.3 0.0999999
v 0.2 1.3 -0.1
v 0.2 1.3 -0.3
v 0.2 1.5 0.3
v 0.2 1.5 0.0999999
v 0.2 1.5 -0.1
v 0.2 1.5 -0.2
v 0.2 1.6 0.4
v 0.2 1.6 0.3
v 0.2 1.6 0.0999999
v 0.2 1.6 -0.1
v 0.2 1.6 -0.2
v 0.2 1.6 -0.4
v 0.2 1.7 0.6
v 0.2 1.7 0.4
v 0.2 1.7 0.3
v 0.2 1.7 -0.2
v 0.2 1.7 -0.4
v 0.2 1.7 -0.5
v 0.2 1.8 0.7
v 0.2 1.8 0.6
v 0.2 1.8 0.4
v 0.2 1.8 -0.4
v 0.2 1.8 -0.5
v 0.2 1.8 -0.6
v 0.2 1.9 0.7
v 0.2 1.9 0.6
v 0.2 1.9 -0.5
v 0.2 1.9 -0.6
v 0.2 1.9 -0.7
v 0.2 2 0.7
v 0.2 2 0.5
v 0.2 2.1 0.7
v 0.2 2.1 0.5
v 0.2 2.1 0.4
v 0.2 2.1 -0.5
v 0.2 2.1 -0.6
v 0.2 2.1 -0.7
v 0.2 2.2 0.5
v 0.2 2.2 0.4
v 0.2 2.2 0.3
v 0.2 2.2 -0.3
v 0.2 2.2 -0.5
v 0.2 2.2 -0.6
v 0.2 2.3 0.4
v 0.2 2.3 0.3
v 0.2 2.3 0.0999999
v 0.2 2.3 -0.2
v 0.2 2.3 -0.3
v 0.2 2.3 -0.5
v 0.2 2.4 0.3
v 0.2 2.4 0.0999999
v 0.2 2.4 0
v 0.2 2.4 -0.1
v 0.2 2.4 -0.2
v 0.2 2.4 -0.3
v 0.2 2.5 0.0999999
v 0.2 2.5 0
v 0.2 2.5 -0.1
v 0.2 2.6 0.0999999
v 0.2 2.6 0
v 0.2 2.6 -0.2
v 0.2 2.6 -0.3
v 0.2 2.7 0.2
v 0.2 2.7 0.0999999
v 0.2 2.7 0
v 0.2 2.7 -0.2
v 0.2 2.7 -0.3
v 0.2 2.7 -0.4
v 0.2 2.8 0.4
v 0.2 2.8 0.2
v 0.2 2.8 0.0999999
v 0.2 2.8 -0.3
v 0.2 2.8 -0.4
v 0.2 2.8 -0.6
v 0.2 2.9 0.5
v 0.2 2.9 0.4
v 0.2 2.9 0.2
v 0.2 2.9 -0.4
v 0.2 2.9 -0.6
v 0.2 2.9 -0.7
v 0.2 3 0.6
v 0.2 3 0.5
v 0.2 3 0.4
v 0.2 3 -0.6
v 0.2 3 -0.7
v 0.2 3.1 0.7
v 0.2 3.1 0.6
v 0.2 3.1 0.5
v 0.2 3.1 -0.6
v 0.2 3.1 -0.7
v 0.2 3.2 0.7
v 0.2 3.2 0.6
v 0.2 3.2 0.5
v 0.2 3.2 -0.5
v 0.2 3.2 -0.6
v 0.2 3.2 -0.7
v 0.2 3.3 0.6
v 0.2 3.3 0.5
v 0.2 3.3 0.4
v 0.2 3.3 -0.3
v 0.2 3.3 -0.5
v 0.2 3.3 -0.6
v 0.2 3.4 0.5
v 0.2 3.4 0.4
v 0.2 3.4 0.2
v 0.2 3.4 -0.2
v 0.2 3.4 -0.3
v 0.2 3.4 -0.5
v 0.2 3.5 0.4
v 0.2 3.5 0.2
v 0.2 3.5 0.0999999
v 0.2 3.5 -0.1
v 0.2 3.5 -0.2
v 0.2 3.5 -0.3
v 0.2 3.6 0.2
v 0.2 3.6 0.0999999
v 0.2 3.6 -0.1
v 0.2 3.6 -0.2
v 0.2 3.7 0.2
v 0.2 3.7 0.0999999
v 0.2 3.7 0
v 0.2 3.8 0.3
v 0.2 3.8 0.2
v 0.2 3.8 0.0999999
v 0.2 3.8 0
v 0.2 3.8 -0.1
v 0.2 3.8 -0.2
v 0.2 3.9 0.5
v 0.2 3.9 0.3
v 0.2 3.9 0.2
v 0.2 3.9 -0.1
v 0.2 3.9 -0.2
v 0.2 3.9 -0.4
v 0.2 4 0.6
v 0.2 4 0.5
v 0.2 4 0.3
v 0.2 4 -0.2
v 0.2 4 -0.4
v 0.2 4 -0.5
v 0.2 4.1 0.7
v 0.2 4.1 0.6
v 0.2 4.1 0.5
v 0.2 4.1 -0.4
v 0.2 4.1 -0.5
v 0.2 4.1 -0.6
v 0.2 4.2 -0.5
v 0.2 4.2 -0.6
v 0.2 4.2 -0.7
v 0.2 4.3 0.7
v 0.2 4.3 0.6
v 0.2 4.3 0.4
v 0.2 4.3 -0.5
v 0.2 4.3 -0.6
v 0.2 4.4 0.6
v 0.2 4.4 0.5
v 0.2 4.4 0.4
v 0.2 4.4 0.3
v 0.2 4.4 -0.4
v 0.2 4.4 -0.5
v 0.2 4.4 -0.7
v 0.2 4.5 0.5
v 0.2 4.5 0.4
v 0.2 4.5 0.3
v 0.2 4.5 0.0999999
v 0.2 4.5 -0.3
v 0.2 4.5 -0.4
v 0.2 4.5 -0.5
v 0.2 4.6 0.3
v 0.2 4.6 0.0999999
v 0.2 4.6 0
v 0.2 4.6 -0.1
v 0.2 4.6 -0.3
v 0.2 4.6 -0.4
v 0.2 4.7 0.0999999
v 0.2 4.7 0
v 0.2 4.7 -0.1
v 0.2 4.7 -0.3
v 0.2 4.8 0.2
v 0.2 4.8 0
v 0.2 4.8 -0.1
v 0.2 4.8 -0.3
v 0.2 4.9 0.3
v 0.2 4.9 0.2
v 0.2 4.9 0
v 0.2 4.9 -0.1
v 0.2 4.9 -0.3
v 0.2 4.9 -0.4
v 0.2 5 0.4
v 0.2 5 0.3
v 0.2 5 0.2
v 0.2 5 -0.3
v 0.2 5 -0.4
v 0.2 5 -0.6
v 0.2 5.1 0.6
v 0.2 5.1 0.4
v 0.2 5.1 0.3
v 0.2 5.1 -0.4
v 0.2 5.1 -0.6
v 0.2 5.1 -0.7
v 0.2 5.2 0.7
v 0.2 5.2 0.6
v 0.2 5.2 0.4
v 0.2 5.3 -0.4
v 0.2 5.3 -0.6
v 0.2 5.3 -0.7
v 0.2 5.4 0.7
v 0.2 5.4 0.6
v 0.2 5.4 0.5
v 0.2 5.4 -0.3
v 0.2 5.4 -0.4
v 0.2 5.4 -0.6
v 0.2 5.5 0.6
v 0.2 5.5 0.5
v 0.2 5.5 0.3
v 0.2 5.5 -0.1
v 0.2 5.5 -0.3
v 0.2 5.5 -0.4
v 0.2 5.6 0.5
v 0.2 5.6 0.3
v 0.2 5.6 0.2
v 0.2 5.6 0
v 0.2 5.6 -0.1
v 0.2 5.6 -0.3
v 0.2 5.7 0.3
v 0.2 5.7 0.2
v 0.2 5.7 0
v 0.2 5.7 -0.1
v 0.2 5.8 0.3
v 0.2 5.8 0.2
v 0.2 5.8 0
v 0.2 5.8 -0.1
v 0.2 5.9 0.4
v 0.2 5.9 0.3
v 0.2 5.9 -0.1
v 0.2 5.9 -0.2
v 0.2 6 0.6
v 0.2 6 0.4
v 0.2 6 0.3
v 0.2 6 -0.1
v 0.2 6 -0.2
v 0.2 6 -0.3
v 0.2 6.1 0.7
v 0.2 6.1 0.6
v 0.2 6.1 0.4
v 0.2 6.1 -0.2
v 0.2 6.1 -0.3
v 0.2 6.1 -0.5
v 0.2 6.2 0.6
v 0.2 6.2 0.5
v 0.2 6.2 -0.3
v 0.2 6.2 -0.5
v 0.2 6.2 -0.6
v 0.2 6.3 0.7
v 0.2 6.3 0.5
v 0.2 6.3 0.4
v 0.2 6.3 -0.5
v 0.2 6.3 -0.6
v 0.2 6.3 -0.7
v 0.2 6.4 0.5
v 0.2 6.4 0.4
v 0.2 6.4 0.3
v 0.2 6.4 -0.4
v 0.2 6.4 -0.6
v 0.2 6.4 -0.7
v 0.2 6.5 0.4
v 0.2 6.5 0.3
v 0.2 6.5 0.0999999
v 0.2 6.5 -0.2
v 0.2 6.5 -0.4
v 0.2 6.5 -0.6
v 0.2 6.6 0.3
v 0.2 6.6 0.0999999
v 0.2 6.6 -0.2
v 0.2 6.6 -0.4
v 0.2 6.7 0.2
v 0.2 6.7 0.0999999
v 0.2 6.8 0.4
v 0.2 6.8 0.2
v 0.2 6.8 -0.2
v 0.2 6.8 -0.3
v 0.2 6.9 0.6
v 0.2 6.9 0.4
v 0.2 6.9 0.2
v 0.2 6.9 -0.2
v 0.2 6.9 -0.3
v 0.2 6.9 -0.4
v 0.2 7 0.7
v 0.2 7 0.6
v 0.2 7 0.4
v 0.2 7 -0.3
v 0.2 7 -0.4
v 0.2 7 -0.6
v 0.2 7.1 -0.4
v 0.2 7.1 -0.6
v 0.2 7.1 -0.7
v 0.2 7.2 0.7
v 0.2 7.2 0.6
v 0.2 7.2 0.4
v 0.2 7.3 0.6
v 0.2 7.3 0.4
v 0.2 7.3 0.3
v 0.2 7.3 -0.4
v 0.2 7.3 -0.6
v 0.2 7.3 -0.7
v 0.2 7.4 0.4
v 0.2 7.4 0.3
v 0.2 7.4 0.2
v 0.2 7.4 -0.2
v 0.2 7.4 -0.4
v 0.2 7.4 -0.6
v 0.2 7.5 0.3
v 0.2 7.5 0.2
v 0.2 7.5 0
v 0.2 7.5 -0.1
v 0.2 7.5 -0.2
v 0.2 7.5 -0.4
v 0.2 7.6 0.2
v 0.2 7.6 0.0999999
v 0.2 7.6 0
v 0.2 7.6 -0.1
v 0.2 7.6 -0.2
v 0.2 7.7 0.2
v 0.2 7.7 0.0999999
v 0.2 7.7 -0.1
v 0.2 7.7 -0.2
v 0.2 7.8 0.4
v 0.2 7.8 0.2
v 0.2 7.8 0.0999999
v 0.2 7.8 -0.1
v 0.2 7.8 -0.2
v 0.2 7.8 -0.3
v 0.2 7.9 0.6
v 0.2 7.9 0.4
v 0.2 7.9 0.2
v 0.2 7.9 -0.2
v 0.2 7.9 -0.3
v 0.2 7.9 -0.5
v 0.2 8 0.7
v 0.2 8 0.6
v 0.2 8 0.4
v 0.2 8 -0.3
v 0.2 8 -0.5
v 0.2 8 -0.6
v 0.2 8.1 -0.6
v 0.2 8.1 -0.7
v 0.2 8.2 0.7
v 0.2 8.2 0.6
v 0.2 8.2 0.4
v 0.2 8.2 -0.4
v 0.2 8.2 -0.5
v 0.2 8.2 -0.7
v 0.2 8.3 0.6
v 0.2 8.3 0.4
v 0.2 8.3 0.3
v 0.2 8.3 -0.2
v 0.2 8.3 -0.4
v 0.2 8.3 -0.5
v 0.2 8.4 0.4
v 0.2 8.4 0.3
v 0.2 8.4 0.0999999
v 0.2 8.4 0
v 0.2 8.4 -0.2
v 0.2 8.4 -0.4
v 0.2 8.5 0.3
v 0.2 8.5 0.0999999
v 0.2 8.5 0
v 0.2 8.5 -0.2
v 0.2 8.6 0.3
v 0.2 8.6 0.0999999
v 0.2 8.6 0
v 0.2 8.6 -0.1
v 0.2 8.7 0.4
v 0.2 8.7 0.3
v 0.2 8.7 0.0999999
v 0.2 8.7 0
v 0.2 8.7 -0.1
v 0.2 8.7 -0.3
v 0.2 8.8 0.6
v 0.2 8.8 0.4
v 0.2 8.8 0.3
v 0.2 8.8 -0.1
v 0.2 8.8 -0.3
v 0.2 8.8 -0.4
v 0.2 8.9 0.7
v 0.2 8.9 0.6
v 0.2 8.9 0.4
v 0.2 8.9 -0.3
v 0.2 8.9 -0.4
v 0.2 8.9 -0.6
v 0.2 9 0.7
v 0.2 9 0.6
v 0.2 9 0.2
v 0.2 9 -0.4
v 0.2 9 -0.5
v 0.2 9 -0.6
v 0.2 9 -0.7
v 0.2 9.1 0.8
v 0.2 9.1 0.7
v 0.2 9.1 0.2
v 0.2 9.1 -0.5
v 0.2 9.1 -0.6
v 0.2 9.1 -0.8
v 0.2 9.2 1.8
v 0.2 9.2 1.7
v 0.2 9.2 -2
v 0.2 9.2 -2.1
v 0.2 9.3 1.8
v 0.2 9.3 1.7
v 0.2 9.3 -2
v 0.2 9.3 -2.1
v 0.2 9.4 2.2
v 0.2 9.4 2.1
v 0.2 9.4 -2.4
v 0.2 9.4 -2.5
v 0.2 9.6 2.2
v 0.2 9.6 2.1
v 0.2 9.6 -2.4
v 0.2 9.6 -2.5
v 0.2 9.7 1.8
v 0.2 9.7 1.7
v 0.2 9.7 -2
v 0.2 9.7 -2.1
v 0.2 9.8 1.8
v 0.2 9.8 1.7
v 0.2 9.8 -2
v 0.2 9.8 -2.1
v 0.2 9.9 0.8
v 0.2 9.9 0.6
v 0.2 9.9 0.2
v 0.2 9.9 -0.8
v 0.2 10 0.8
v 0.2 10 0.6
v 0.2 10 0.2
v 0.2 10 -0.8
v 0.3 9.1 1.3
v 0.3 9.1 1.2
v 0.3 9.1 -1.5
v 0.3 9.1 -1.6
v 0.3 9.2 1.3
v 0.3 9.2 1.2
v 0.3 9.2 -1.5
v 0.3 9.2 -1.6
v 0.3 9.3 2
v 0.3 9.3 1.9
v 0.3 9.3 -2.2
v 0.3 9.3 -2.3
v 0.3 9.4 2
v 0.3 9.4 1.9
v 0.3 9.4 -2.2
v 0.3 9.4 -2.3
v 0.3 9.6 2
v 0.3 9.6 1.9
v 0.3 9.6 -2.2
v 0.3 9.6 -2.3
v 0.3 9.7 2
v 0.3 9.7 1.9
v 0.3 9.7 -2.2
v 0.3 9.7 -2.3
v 0.3 9.8 1.3
v 0.3 9.8 1.2
v 0.3 9.8 -1.5
v 0.3 9.8 -1.6
v 0.3 9.9 1.3
v 0.3 9.9 1.2
v 0.3 9.9 -1.5
v 0.3 9.9 -1.6
v 0.4 9.1 1.2
v 0.4 9.1 1.1
v 0.4 9.1 -1.4
v 0.4 9.1 -1.5
v 0.4 9.2 1.7
v 0.4 9.2 1.6
v 0.4 9.2 1.2
v 0.4 9.2 1.1
v 0.4 9.2 -1.4
v 0.4 9.2 -1.5
v 0.4 9.2 -1.9
v 0.4 9.2 -2
v 0.4 9.3 1.7
v 0.4 9.3 1.6
v 0.4 9.3 -1.9
v 0.4 9.3 -2
v 0.4 9.4 2.1
v 0.4 9.4 2
v 0.4 9.4 -2.3
v 0.4 9.4 -2.4
v 0.4 9.6 2.1
v 0.4 9.6 2
v 0.4 9.6 -2.3
v 0.4 9.6 -2.4
v 0.4 9.7 1.7
v 0.4 9.7 1.6
v 0.4 9.7 -1.9
v 0.4 9.7 -2
v 0.4 9.8 1.7
v 0.4 9.8 1.6
v 0.4 9.8 1.2
v 0.4 9.8 1.1
v 0.4 9.8 -1.4
v 0.4 9.8 -1.5
v 0.4 9.8 -1.9
v 0.4 9.8 -2
v 0.4 9.9 1.2
v 0.4 9.9 1.1
v 0.4 9.9 -1.4
v 0.4 9.9 -1.5
v 0.5 9.1 1.1
v 0.5 9.1 1
v 0.5 9.1 -1.3
v 0.5 9.1 -1.4
v 0.5 9.2 1.6
v 0.5 9.2 1.5
v 0.5 9.2 1.1
v 0.5 9.2 1
v 0.5 9.2 -1.3
v 0.5 9.2 -1.4
v 0.5 9.2 -1.8
v 0.5 9.2 -1.9
v 0.5 9.3 1.9
v 0.5 9.3 1.8
v 0.5 9.3 1.6
v 0.5 9.3 1.5
v 0.5 9.3 -1.8
v 0.5 9.3 -1.9
v 0.5 9.3 -2.1
v 0.5 9.3 -2.2
v 0.5 9.4 2
v 0.5 9.4 1.9
v 0.5 9.4 1.8
v 0.5 9.4 -2.1
v 0.5 9.4 -2.2
v 0.5 9.4 -2.3
v 0.5 9.6 2
v 0.5 9.6 1.9
v 0.5 9.6 1.8
v 0.5 9.6 -2.1
v 0.5 9.6 -2.2
v 0.5 9.6 -2.3
v 0.5 9.7 1.9
v 0.5 9.7 1.8
v 0.5 9.7 1.6
v 0.5 9.7 1.5
v 0.5 9.7 -1.8
v 0.5 9.7 -1.9
v 0.5 9.7 -2.1
v 0.5 9.7 -2.2
v 0.5 9.8 1.6
v 0.5 9.8 1.5
v 0.5 9.8 1.1
v 0.5 9.8 1
v 0.5 9.8 -1.3
v 0.5 9.8 -1.4
v 0.5 9.8 -1.8
v 0.5 9.8 -1.9
v 0.5 9.9 1.1
v 0.5 9.9 1
v 0.5 9.9 -1.3
v 0.5 9.9 -1.4
v 0.6 5.4 2
v 0.6 5.4 1.7
v 0.6 5.8 2
v 0.6 5.8 1.7
v 0.6 9.1 1
v 0.6 9.1 0.8
v 0.6 9.1 -1.1
v 0.6 9.1 -1.3
v 0.6 9.2 1.5
v 0.6 9.2 1.4
v 0.6 9.2 1
v 0.6 9.2 0.8
v 0.6 9.2 -1.1
v 0.6 9.2 -1.3
v 0.6 9.2 -1.7
v 0.6 9.2 -1.8
v 0.6 9.3 1.8
v 0.6 9.3 1.7
v 0.6 9.3 1.5
v 0.6 9.3 1.4
v 0.6 9.3 -1.7
v 0.6 9.3 -1.8
v 0.6 9.3 -2
v 0.6 9.3 -2.1
v 0.6 9.4 1.8
v 0.6 9.4 1.7
v 0.6 9.4 -2
v 0.6 9.4 -2.1
v 0.6 9.6 1.8
v 0.6 9.6 1.7
v 0.6 9.6 -2
v 0.6 9.6 -2.1
v 0.6 9.7 1.8
v 0.6 9.7 1.7
v 0.6 9.7 1.5
v 0.6 9.7 1.4
v 0.6 9.7 -1.7
v 0.6 9.7 -1.8
v 0.6 9.7 -2
v 0.6 9.7 -2.1
v 0.6 9.8 1.5
v 0.6 9.8 1.4
v 0.6 9.8 1
v 0.6 9.8 0.8
v 0.6 9.8 -1.1
v 0.6 9.8 -1.3
v 0.6 9.8 -1.7
v 0.6 9.8 -1.8
v 0.6 9.9 1
v 0.6 9.9 0.8
v 0.6 9.9 -1.1
v 0.6 9.9 -1.3
v 0.7 5.4 -1.7
v 0.7 5.4 -2
v 0.7 5.7 -1.7
v 0.7 5.7 -2
v 0.7 9.1 0.8
v 0.7 9.1 0.7
v 0.7 9.1 -1
v 0.7 9.1 -1.1
v 0.7 9.2 1.4
v 0.7 9.2 1.3
v 0.7 9.2 0.8
v 0.7 9.2 0.7
v 0.7 9.2 -1
v 0.7 9.2 -1.1
v 0.7 9.2 -1.6
v 0.7 9.2 -1.7
v 0.7 9.3 1.4
v 0.7 9.3 1.3
v 0.7 9.3 -1.6
v 0.7 9.3 -1.7
v 0.7 9.4 1.9
v 0.7 9.4 1.8
v 0.7 9.4 -2.1
v 0.7 9.4 -2.2
v 0.7 9.6 1.9
v 0.7 9.6 1.8
v 0.7 9.6 -2.1
v 0.7 9.6 -2.2
v 0.7 9.7 1.4
v 0.7 9.7 1.3
v 0.7 9.7 -1.6
v 0.7 9.7 -1.7
v 0.7 9.8 1.4
v 0.7 9.8 1.3
v 0.7 9.8 0.8
v 0.7 9.8 0.7
v 0.7 9.8 -1
v 0.7 9.8 -1.1
v 0.7 9.8 -1.6
v 0.7 9.8 -1.7
v 0.7 9.9 0.8
v 0.7 9.9 0.7
v 0.7 9.9 -1
v 0.7 9.9 -1.1
v 0.8 9.1 0.7
v 0.8 9.1 0.4
v 0.8 9.1 -0.7
v 0.8 9.1 -1
v 0.8 9.2 1.3
v 0.8 9.2 1.2
v 0.8 9.2 0.7
v 0.8 9.2 0.4
v 0.8 9.2 -0.7
v 0.8 9.2 -1
v 0.8 9.2 -1.5
v 0.8 9.2 -1.6
v 0.8 9.3 1.7
v 0.8 9.3 1.6
v 0.8 9.3 1.3
v 0.8 9.3 1.2
v 0.8 9.3 -1.5
v 0.8 9.3 -1.6
v 0.8 9.3 -1.9
v 0.8 9.3 -2
v 0.8 9.4 1.8
v 0.8 9.4 1.7
v 0.8 9.4 1.6
v 0.8 9.4 -1.9
v 0.8 9.4 -2
v 0.8 9.4 -2.1
v 0.8 9.6 1.8
v 0.8 9.6 1.7
v 0.8 9.6 1.6
v 0.8 9.6 -1.9
v 0.8 9.6 -2
v 0.8 9.6 -2.1
v 0.8 9.7 1.7
v 0.8 9.7 1.6
v 0.8 9.7 1.3
v 0.8 9.7 1.2
v 0.8 9.7 -1.5
v 0.8 9.7 -1.6
v 0.8 9.7 -1.9
v 0.8 9.7 -2
v 0.8 9.8 1.3
v 0.8 9.8 1.2
v 0.8 9.8 0.7
v 0.8 9.8 0.4
v 0.8 9.8 -0.7
v 0.8 9.8 -1
v 0.8 9.8 -1.5
v 0.8 9.8 -1.6
v 0.8 9.9 0.7
v 0.8 9.9 0.4
v 0.8 9.9 -0.7
v 0.8 9.9 -1
v 0.9 5.7 1.3
v 0.9 5.7 -1.3
v 0.9 6.2 1.3
v 0.9 6.2 -1.3
v 0.9 9.1 0.4
v 0.9 9.1 -0.7
v 0.9 9.2 1.2
v 0.9 9.2 1.1
v 0.9 9.2 0.4
v 0.9 9.2 -0.7
v 0.9 9.2 -1.4
v 0.9 9.2 -1.5
v 0.9 9.3 1.6
v 0.9 9.3 1.5
v 0.9 9.3 1.2
v 0.9 9.3 1.1
v 0.9 9.3 -1.4
v 0.9 9.3 -1.5
v 0.9 9.3 -1.8
v 0.9 9.3 -1.9
v 0.9 9.4 1.7
v 0.9 9.4 1.6
v 0.9 9.4 1.5
v 0.9 9.4 -1.8
v 0.9 9.4 -1.9
v 0.9 9.4 -2
v 0.9 9.6 1.7
v 0.9 9.6 1.6
v 0.9 9.6 1.5
v 0.9 9.6 -1.8
v 0.9 9.6 -1.9
v 0.9 9.6 -2
v 0.9 9.7 1.6
v 0.9 9.7 1.5
v 0.9 9.7 1.2
v 0.9 9.7 1.1
v 0.9 9.7 -1.4
v 0.9 9.7 -1.5
v 0.9 9.7 -1.8
v 0.9 9.7 -1.9
v 0.9 9.8 1.2
v 0.9 9.8 1.1
v 0.9 9.8 0.4
v 0.9 9.8 -0.7
v 0.9 9.8 -1.4
v 0.9 9.8 -1.5
v 0.9 9.9 0.4
v 0.9 9.9 -0.7
v 1 5.4 1.7
v 1 5.4 1.3
v 1 5.4 -1.3
v 1 5.4 -1.7
v 1 5.7 1.3
v 1 5.7 -1.3
v 1 6.2 1.7
v 1 6.2 1.3
v 1 6.2 -1.3
v 1 6.2 -1.7
v 1 9.2 1.1
v 1 9.2 0.9
v 1 9.2 -1.2
v 1 9.2 -1.4
v 1 9.3 1.5
v 1 9.3 1.3
v 1 9.3 1.1
v 1 9.3 0.9
v 1 9.3 -1.2
v 1 9.3 -1.4
v 1 9.3 -1.6
v 1 9.3 -1.8
v 1 9.4 1.6
v 1 9.4 1.5
v 1 9.4 1.3
v 1 9.4 -1.6
v 1 9.4 -1.8
v 1 9.4 -1.9
v 1 9.6 1.6
v 1 9.6 1.5
v 1 9.6 1.3
v 1 9.6 -1.6
v 1 9.6 -1.8
v 1 9.6 -1.9
v 1 9.7 1.5
v 1 9.7 1.3
v 1 9.7 1.1
v 1 9.7 0.9
v 1 9.7 -1.2
v 1 9.7 -1.4
v 1 9.7 -1.6
v 1 9.7 -1.8
v 1 9.8 1.1
v 1 9.8 0.9
v 1 9.8 -1.2
v 1 9.8 -1.4
v 1.1 9.2 0.9
v 1.1 9.2 0.7
v 1.1 9.2 -1
v 1.1 9.2 -1.2
v 1.1 9.3 1.3
v 1.1 9.3 1.2
v 1.1 9.3 0.9
v 1.1 9.3 0.7
v 1.1 9.3 -1
v 1.1 9.3 -1.2
v 1.1 9.3 -1.5
v 1.1 9.3 -1.6
v 1.1 9.4 1.5
v 1.1 9.4 1.4
v 1.1 9.4 1.3
v 1.1 9.4 1.2
v 1.1 9.4 -1.5
v 1.1 9.4 -1.6
v 1.1 9.4 -1.7
v 1.1 9.4 -1.8
v 1.1 9.6 1.5
v 1.1 9.6 1.4
v 1.1 9.6 1.3
v 1.1 9.6 1.2
v 1.1 9.6 -1.5
v 1.1 9.6 -1.6
v 1.1 9.6 -1.7
v 1.1 9.6 -1.8
v 1.1 9.7 1.3
v 1.1 9.7 1.2
v 1.1 9.7 0.9
v 1.1 9.7 0.7
v 1.1 9.7 -1
v 1.1 9.7 -1.2
v 1.1 9.7 -1.5
v 1.1 9.7 -1.6
v 1.1 9.8 0.9
v 1.1 9.8 0.7
v 1.1 9.8 -1
v 1.1 9.8 -1.2
v 1.2 9.2 0.7
v 1.2 9.2 0.5
v 1.2 9.2 -0.8
v 1.2 9.2 -1
v 1.2 9.3 1.2
v 1.2 9.3 1
v 1.2 9.3 0.7
v 1.2 9.3 0.5
v 1.2 9.3 -0.8
v 1.2 9.3 -1
v 1.2 9.3 -1.3
v 1.2 9.3 -1.5
v 1.2 9.4 1.4
v 1.2 9.4 1.2
v 1.2 9.4 1
v 1.2 9.4 -1.3
v 1.2 9.4 -1.5
v 1.2 9.4 -1.7
v 1.2 9.6 1.4
v 1.2 9.6 1.2
v 1.2 9.6 1
v 1.2 9.6 -1.3
v 1.2 9.6 -1.5
v 1.2 9.6 -1.7
v 1.2 9.7 1.2
v 1.2 9.7 1
v 1.2 9.7 0.7
v 1.2 9.7 0.5
v 1.2 9.7 -0.8
v 1.2 9.7 -1
v 1.2 9.7 -1.3
v 1.2 9.7 -1.5
v 1.2 9.8 0.7
v 1.2 9.8 0.5
v 1.2 9.8 -0.8
v 1.2 9.8 -1
v 1.3 5.4 1.3
v 1.3 5.4 -1.3
v 1.3 5.7 1.3
v 1.3 5.7 -1.3
v 1.3 9.2 0.5
v 1.3 9.2 -0.8
v 1.3 9.3 1
v 1.3 9.3 0.9
v 1.3 9.3 0.5
v 1.3 9.3 -0.8
v 1.3 9.3 -1.2
v 1.3 9.3 -1.3
v 1.3 9.4 1.2
v 1.3 9.4 1.1
v 1.3 9.4 1
v 1.3 9.4 0.9
v 1.3 9.4 -1.2
v 1.3 9.4 -1.3
v 1.3 9.4 -1.4
v 1.3 9.4 -1.5
v 1.3 9.6 1.2
v 1.3 9.6 1.1
v 1.3 9.6 1
v 1.3 9.6 0.9
v 1.3 9.6 -1.2
v 1.3 9.6 -1.3
v 1.3 9.6 -1.4
v 1.3 9.6 -1.5
v 1.3 9.7 1
v 1.3 9.7 0.9
v 1.3 9.7 0.5
v 1.3 9.7 -0.8
v 1.3 9.7 -1.2
v 1.3 9.7 -1.3
v 1.3 9.8 0.5
v 1.3 9.8 -0.8
v 1.4 9.3 0.9
v 1.4 9.3 0.6
v 1.4 9.3 -0.9
v 1.4 9.3 -1.2
v 1.4 9.4 1.1
v 1.4 9.4 0.9
v 1.4 9.4 0.6
v 1.4 9.4 -0.9
v 1.4 9.4 -1.2
v 1.4 9.4 -1.4
v 1.4 9.6 1.1
v 1.4 9.6 0.9
v 1.4 9.6 0.6
v 1.4 9.6 -0.9
v 1.4 9.6 -1.2
v 1.4 9.6 -1.4
v 1.4 9.7 0.9
v 1.4 9.7 0.6
v 1.4 9.7 -0.9
v 1.4 9.7 -1.2
v 1.5 9.3 0.6
v 1.5 9.3 0.2
v 1.5 9.3 -0.5
v 1.5 9.3 -0.9
v 1.5 9.4 0.9
v 1.5 9.4 0.7
v 1.5 9.4 0.6
v 1.5 9.4 0.2
v 1.5 9.4 -0.5
v 1.5 9.4 -0.9
v 1.5 9.4 -1
v 1.5 9.4 -1.2
v 1.5 9.6 0.9
v 1.5 9.6 0.7
v 1.5 9.6 0.6
v 1.5 9.6 0.2
v 1.5 9.6 -0.5
v 1.5 9.6 -0.9
v 1.5 9.6 -1
v 1.5 9.6 -1.2
v 1.5 9.7 0.6
v 1.5 9.7 0.2
v 1.5 9.7 -0.5
v 1.5 9.7 -0.9
v 1.6 9.3 0.2
v 1.6 9.3 -0.5
v 1.6 9.4 0.7
v 1.6 9.4 0.3
v 1.6 9.4 0.2
v 1.6 9.4 -0.5
v 1.6 9.4 -0.6
v 1.6 9.4 -1
v 1.6 9.6 0.7
v 1.6 9.6 0.3
v 1.6 9.6 0.2
v 1.6 9.6 -0.5
v 1.6 9.6 -0.6
v 1.6 9.6 -1
v 1.6 9.7 0.2
v 1.6 9.7 -0.5
v 1.7 9.4 0.3
v 1.7 9.4 -0.6
v 1.7 9.6 0.3
v 1.7 9.6 -0.6
v -1.4 9.4 2.4
v -1.4 9.6 2.4
v -0.5 9.4 2.4
v -0.5 9.6 2.4
v -1.8 9.4 2.3
v -1.8 9.6 2.3
v -1.4 9.3 2.3
v -1.4 9.4 2.3
v -1.4 9.6 2.3
v -1.4 9.7 2.3
v -0.5 9.3 2.3
v -0.5 9.4 2.3
v -0.5 9.6 2.3
v -0.5 9.7 2.3
v -0.0999999 9.4 2.3
v -0.0999999 9.6 2.3
v -2.1 9.4 2.2
v -2.1 9.6 2.2
v -1.8 9.3 2.2
v -1.8 9.4 2.2
v -1.8 9.6 2.2
v -1.8 9.7 2.2
v -1.4 9.3 2.2
v -1.4 9.4 2.2
v -1.4 9.6 2.2
v -1.4 9.7 2.2
v -0.5 9.3 2.2
v -0.5 9.4 2.2
v -0.5 9.6 2.2
v -0.5 9.7 2.2
v -0.0999999 9.3 2.2
v -0.0999999 9.4 2.2
v -0.0999999 9.6 2.2
v -0.0999999 9.7 2.2
v 0.2 9.4 2.2
v 0.2 9.6 2.2
v -2.3 9.4 2.1
v -2.3 9.6 2.1
v -2.1 9.4 2.1
v -2.1 9.6 2.1
v -2 9.3 2.1
v -2 9.4 2.1
v -2 9.6 2.1
v -2 9.7 2.1
v -1.8 9.3 2.1
v -1.8 9.4 2.1
v -1.8 9.6 2.1
v -1.8 9.7 2.1
v -1.1 9.2 2.1
v -1.1 9.3 2.1
v -1.1 9.7 2.1
v -1.1 9.8 2.1
v -0.8 9.2 2.1
v -0.8 9.3 2.1
v -0.8 9.7 2.1
v -0.8 9.8 2.1
v -0.0999999 9.3 2.1
v -0.0999999 9.4 2.1
v -0.0999999 9.6 2.1
v -0.0999999 9.7 2.1
v 0.0999999 9.3 2.1
v 0.0999999 9.4 2.1
v 0.0999999 9.6 2.1
v 0.0999999 9.7 2.1
v 0.2 9.4 2.1
v 0.2 9.6 2.1
v 0.4 9.4 2.1
v 0.4 9.6 2.1
v -2.4 9.4 2
v -2.4 9.6 2
v -2.3 5.4 2
v -2.3 5.8 2
v -2.3 9.4 2
v -2.3 9.6 2
v -2.2 9.3 2
v -2.2 9.4 2
v -2.2 9.6 2
v -2.2 9.7 2
v -2 9.3 2
v -2 9.4 2
v -2 9.6 2
v -2 9.7 2
v -1.7 9.2 2
v -1.7 9.3 2
v -1.7 9.7 2
v -1.7 9.8 2
v -1.1 9.2 2
v -1.1 9.3 2
v -1.1 9.7 2
v -1.1 9.8 2
v -0.8 9.2 2
v -0.8 9.3 2
v -0.8 9.7 2
v -0.8 9.8 2
v -0.2 9.2 2
v -0.2 9.3 2
v -0.2 9.7 2
v -0.2 9.8 2
v 0.0999999 9.3 2
v 0.0999999 9.4 2
v 0.0999999 9.6 2
v 0.0999999 9.7 2
v 0.3 9.3 2
v 0.3 9.4 2
v 0.3 9.6 2
v 0.3 9.7 2
v 0.4 9.4 2
v 0.4 9.6 2
v 0.5 9.4 2
v 0.5 9.6 2
v 0.6 5.4 2
v 0.6 5.8 2
v -2.6 9.4 1.9
v -2.6 9.6 1.9
v -2.4 9.3 1.9
v -2.4 9.4 1.9
v -2.4 9.6 1.9
v -2.4 9.7 1.9
v -2.2 9.3 1.9
v -2.2 9.4 1.9
v -2.2 9.6 1.9
v -2.2 9.7 1.9
v -1.9 9.2 1.9
v -1.9 9.3 1.9
v -1.9 9.7 1.9
v -1.9 9.8 1.9
v -1.7 9.2 1.9
v -1.7 9.3 1.9
v -1.7 9.7 1.9
v -1.7 9.8 1.9
v -0.2 9.2 1.9
v -0.2 9.3 1.9
v -0.2 9.7 1.9
v -0.2 9.8 1.9
v 0 9.2 1.9
v 0 9.3 1.9
v 0 9.7 1.9
v 0 9.8 1.9
v 0.3 9.3 1.9
v 0.3 9.4 1.9
v 0.3 9.6 1.9
v 0.3 9.7 1.9
v 0.5 9.3 1.9
v 0.5 9.4 1.9
v 0.5 9.6 1.9
v 0.5 9.7 1.9
v 0.7 9.4 1.9
v 0.7 9.6 1.9
v -2.7 9.4 1.8
v -2.7 9.6 1.8
v -2.6 9.4 1.8
v -2.6 9.6 1.8
v -2.5 9.3 1.8
v -2.5 9.4 1.8
v -2.5 9.6 1.8
v -2.5 9.7 1.8
v -2.4 9.3 1.8
v -2.4 9.4 1.8
v -2.4 9.6 1.8
v -2.4 9.7 1.8
v -2.1 9.2 1.8
v -2.1 9.3 1.8
v -2.1 9.7 1.8
v -2.1 9.8 1.8
v -1.9 9.2 1.8
v -1.9 9.3 1.8
v -1.9 9.7 1.8
v -1.9 9.8 1.8
v 0 9.2 1.8
v 0 9.3 1.8
v 0 9.7 1.8
v 0 9.8 1.8
v 0.2 9.2 1.8
v 0.2 9.3 1.8
v 0.2 9.7 1.8
v 0.2 9.8 1.8
v 0.5 9.3 1.8
v 0.5 9.4 1.8
v 0.5 9.6 1.8
v 0.5 9.7 1.8
v 0.6 9.3 1.8
v 0.6 9.4 1.8
v 0.6 9.6 1.8
v 0.6 9.7 1.8
v 0.7 9.4 1.8
v 0.7 9.6 1.8
v 0.8 9.4 1.8
v 0.8 9.6 1.8
v -2.8 9.4 1.7
v -2.8 9.6 1.7
v -2.7 5.4 1.7
v -2.7 6.2 1.7
v -2.7 9.3 1.7
v -2.7 9.4 1.7
v -2.7 9.6 1.7
v -2.7 9.7 1.7
v -2.5 9.3 1.7
v -2.5 9.4 1.7
v -2.5 9.6 1.7
v -2.5 9.7 1.7
v -2.3 5.4 1.7
v -2.3 5.8 1.7
v -2.3 6.2 1.7
v -2.3 9.2 1.7
v -2.3 9.3 1.7
v -2.3 9.7 1.7
v -2.3 9.8 1.7
v -2.1 9.2 1.7
v -2.1 9.3 1.7
v -2.1 9.7 1.7
v -2.1 9.8 1.7
v -1.2 9.1 1.7
v -1.2 9.2 1.7
v -1.2 9.8 1.7
v -1.2 9.9 1.7
v -0.7 9.1 1.7
v -0.7 9.2 1.7
v -0.7 9.8 1.7
v -0.7 9.9 1.7
v 0.2 9.2 1.7
v 0.2 9.3 1.7
v 0.2 9.7 1.7
v 0.2 9.8 1.7
v 0.4 9.2 1.7
v 0.4 9.3 1.7
v 0.4 9.7 1.7
v 0.4 9.8 1.7
v 0.6 5.4 1.7
v 0.6 5.8 1.7
v 0.6 6.2 1.7
v 0.6 9.3 1.7
v 0.6 9.4 1.7
v 0.6 9.6 1.7
v 0.6 9.7 1.7
v 0.8 9.3 1.7
v 0.8 9.4 1.7
v 0.8 9.6 1.7
v 0.8 9.7 1.7
v 0.9 9.4 1.7
v 0.9 9.6 1.7
v 1 5.4 1.7
v 1 6.2 1.7
v -2.9 9.4 1.6
v -2.9 9.6 1.6
v -2.8 9.3 1.6
v -2.8 9.4 1.6
v -2.8 9.6 1.6
v -2.8 9.7 1.6
v -2.7 9.3 1.6
v -2.7 9.4 1.6
v -2.7 9.6 1.6
v -2.7 9.7 1.6
v -2.4 9.2 1.6
v -2.4 9.3 1.6
v -2.4 9.7 1.6
v -2.4 9.8 1.6
v -2.3 5.8 1.6
v -2.3 6.2 1.6
v -2.3 9.2 1.6
v -2.3 9.3 1.6
v -2.3 9.7 1.6
v -2.3 9.8 1.6
v -1.6 9.1 1.6
v -1.6 9.2 1.6
v -1.6 9.8 1.6
v -1.6 9.9 1.6
v -1.2 9.1 1.6
v -1.2 9.2 1.6
v -1.2 9.8 1.6
v -1.2 9.9 1.6
v -0.7 9.1 1.6
v -0.7 9.2 1.6
v -0.7 9.8 1.6
v -0.7 9.9 1.6
v -0.3 9.1 1.6
v -0.3 9.2 1.6
v -0.3 9.8 1.6
v -0.3 9.9 1.6
v 0.4 9.2 1.6
v 0.4 9.3 1.6
v 0.4 9.7 1.6
v 0.4 9.8 1.6
v 0.5 9.2 1.6
v 0.5 9.3 1.6
v 0.5 9.7 1.6
v 0.5 9.8 1.6
v 0.6 5.8 1.6
v 0.6 6.2 1.6
v 0.8 9.3 1.6
v 0.8 9.4 1.6
v 0.8 9.6 1.6
v 0.8 9.7 1.6
v 0.9 9.3 1.6
v 0.9 9.4 1.6
v 0.9 9.6 1.6
v 0.9 9.7 1.6
v 1 9.4 1.6
v 1 9.6 1.6
v -3 9.4 1.5
v -3 9.6 1.5
v -2.9 9.3 1.5
v -2.9 9.4 1.5
v -2.9 9.6 1.5
v -2.9 9.7 1.5
v -2.8 9.3 1.5
v -2.8 9.4 1.5
v -2.8 9.6 1.5
v -2.8 9.7 1.5
v -2.5 9.2 1.5
v -2.5 9.3 1.5
v -2.5 9.7 1.5
v -2.5 9.8 1.5
v -2.4 9.2 1.5
v -2.4 9.3 1.5
v -2.4 9.7 1.5
v -2.4 9.8 1.5
v -1.9 9.1 1.5
v -1.9 9.2 1.5
v -1.9 9.8 1.5
v -1.9 9.9 1.5
v -1.6 9.1 1.5
v -1.6 9.2 1.5
v -1.6 9.8 1.5
v -1.6 9.9 1.5
v -0.3 9.1 1.5
v -0.3 9.2 1.5
v -0.3 9.8 1.5
v -0.3 9.9 1.5
v 0 9.1 1.5
v 0 9.2 1.5
v 0 9.8 1.5
v 0 9.9 1.5
v 0.5 9.2 1.5
v 0.5 9.3 1.5
v 0.5 9.7 1.5
v 0.5 9.8 1.5
v 0.6 9.2 1.5
v 0.6 9.3 1.5
v 0.6 9.7 1.5
v 0.6 9.8 1.5
v 0.9 9.3 1.5
v 0.9 9.4 1.5
v 0.9 9.6 1.5
v 0.9 9.7 1.5
v 1 9.3 1.5
v 1 9.4 1.5
v 1 9.6 1.5
v 1 9.7 1.5
v 1.1 9.4 1.5
v 1.1 9.6 1.5
v -3.1 9.4 1.4
v -3.1 9.6 1.4
v -3 9.4 1.4
v -3 9.6 1.4
v -2.6 9.2 1.4
v -2.6 9.3 1.4
v -2.6 9.7 1.4
v -2.6 9.8 1.4
v -2.5 9.2 1.4
v -2.5 9.3 1.4
v -2.5 9.7 1.4
v -2.5 9.8 1.4
v -2 9.1 1.4
v -2 9.2 1.4
v -2 9.8 1.4
v -2 9.9 1.4
v -1.9 9.1 1.4
v -1.9 9.2 1.4
v -1.9 9.8 1.4
v -1.9 9.9 1.4
v 0 9.1 1.4
v 0 9.2 1.4
v 0 9.8 1.4
v 0 9.9 1.4
v 0.0999999 9.1 1.4
v 0.0999999 9.2 1.4
v 0.0999999 9.8 1.4
v 0.0999999 9.9 1.4
v 0.6 9.2 1.4
v 0.6 9.3 1.4
v 0.6 9.7 1.4
v 0.6 9.8 1.4
v 0.7 9.2 1.4
v 0.7 9.3 1.4
v 0.7 9.7 1.4
v 0.7 9.8 1.4
v 1.1 9.4 1.4
v 1.1 9.6 1.4
v 1.2 9.4 1.4
v 1.2 9.6 1.4
v -3 5.4 1.3
v -3 5.8 1.3
v -3 9.3 1.3
v -3 9.4 1.3
v -3 9.6 1.3
v -3 9.7 1.3
v -2.9 9.3 1.3
v -2.9 9.4 1.3
v -2.9 9.6 1.3
v -2.9 9.7 1.3
v -2.7 5.4 1.3
v -2.7 5.8 1.3
v -2.7 9.2 1.3
v -2.7 9.3 1.3
v -2.7 9.7 1.3
v -2.7 9.8 1.3
v -2.6 9.2 1.3
v -2.6 9.3 1.3
v -2.6 9.7 1.3
v -2.6 9.8 1.3
v -2.2 9.1 1.3
v -2.2 9.2 1.3
v -2.2 9.8 1.3
v -2.2 9.9 1.3
v -2 9.1 1.3
v -2 9.2 1.3
v -2 9.8 1.3
v -2 9.9 1.3
v 0.0999999 9.1 1.3
v 0.0999999 9.2 1.3
v 0.0999999 9.8 1.3
v 0.0999999 9.9 1.3
v 0.3 9.1 1.3
v 0.3 9.2 1.3
v 0.3 9.8 1.3
v 0.3 9.9 1.3
v 0.7 9.2 1.3
v 0.7 9.3 1.3
v 0.7 9.7 1.3
v 0.7 9.8 1.3
v 0.8 9.2 1.3
v 0.8 9.3 1.3
v 0.8 9.7 1.3
v 0.8 9.8 1.3
v 1 5.4 1.3
v 1 5.7 1.3
v 1 9.3 1.3
v 1 9.4 1.3
v 1 9.6 1.3
v 1 9.7 1.3
v 1.1 9.3 1.3
v 1.1 9.4 1.3
v 1.1 9.6 1.3
v 1.1 9.7 1.3
v 1.3 5.4 1.3
v 1.3 5.7 1.3
v -3.2 9.4 1.2
v -3.2 9.6 1.2
v -3.1 9.3 1.2
v -3.1 9.4 1.2
v -3.1 9.6 1.2
v -3.1 9.7 1.2
v -3 9.3 1.2
v -3 9.4 1.2
v -3 9.6 1.2
v -3 9.7 1.2
v -2.8 9.2 1.2
v -2.8 9.3 1.2
v -2.8 9.7 1.2
v -2.8 9.8 1.2
v -2.7 9.2 1.2
v -2.7 9.3 1.2
v -2.7 9.7 1.2
v -2.7 9.8 1.2
v -2.3 9.1 1.2
v -2.3 9.2 1.2
v -2.3 9.8 1.2
v -2.3 9.9 1.2
v -2.2 9.1 1.2
v -2.2 9.2 1.2
v -2.2 9.8 1.2
v -2.2 9.9 1.2
v 0.3 9.1 1.2
v 0.3 9.2 1.2
v 0.3 9.8 1.2
v 0.3 9.9 1.2
v 0.4 9.1 1.2
v 0.4 9.2 1.2
v 0.4 9.8 1.2
v 0.4 9.9 1.2
v 0.8 9.2 1.2
v 0.8 9.3 1.2
v 0.8 9.7 1.2
v 0.8 9.8 1.2
v 0.9 9.2 1.2
v 0.9 9.3 1.2
v 0.9 9.7 1.2
v 0.9 9.8 1.2
v 1.1 9.3 1.2
v 1.1 9.4 1.2
v 1.1 9.6 1.2
v 1.1 9.7 1.2
v 1.2 9.3 1.2
v 1.2 9.4 1.2
v 1.2 9.6 1.2
v 1.2 9.7 1.2
v 1.3 9.4 1.2
v 1.3 9.6 1.2
v -3.3 9.4 1.1
v -3.3 9.6 1.1
v -3.2 9.4 1.1
v -3.2 9.6 1.1
v -2.9 9.2 1.1
v -2.9 9.3 1.1
v -2.9 9.7 1.1
v -2.9 9.8 1.1
v -2.8 9.2 1.1
v -2.8 9.3 1.1
v -2.8 9.7 1.1
v -2.8 9.8 1.1
v -2.4 9.1 1.1
v -2.4 9.2 1.1
v -2.4 9.8 1.1
v -2.4 9.9 1.1
v -2.3 9.1 1.1
v -2.3 9.2 1.1
v -2.3 9.8 1.1
v -2.3 9.9 1.1
v 0.4 9.1 1.1
v 0.4 9.2 1.1
v 0.4 9.8 1.1
v 0.4 9.9 1.1
v 0.5 9.1 1.1
v 0.5 9.2 1.1
v 0.5 9.8 1.1
v 0.5 9.9 1.1
v 0.9 9.2 1.1
v 0.9 9.3 1.1
v 0.9 9.7 1.1
v 0.9 9.8 1.1
v 1 9.2 1.1
v 1 9.3 1.1
v 1 9.7 1.1
v 1 9.8 1.1
v 1.3 9.4 1.1
v 1.3 9.6 1.1
v 1.4 9.4 1.1
v 1.4 9.6 1.1
v -3.2 9.3 1
v -3.2 9.4 1
v -3.2 9.6 1
v -3.2 9.7 1
v -3.1 9.3 1
v -3.1 9.4 1
v -3.1 9.6 1
v -3.1 9.7 1
v -2.5 9.1 1
v -2.5 9.2 1
v -2.5 9.8 1
v -2.5 9.9 1
v -2.4 9.1 1
v -2.4 9.2 1
v -2.4 9.8 1
v -2.4 9.9 1
v -1.1 9 1
v -1.1 9.1 1
v -1.1 9.9 1
v -1.1 10 1
v -0.8 9 1
v -0.8 9.1 1
v -0.8 9.9 1
v -0.8 10 1
v 0.5 9.1 1
v 0.5 9.2 1
v 0.5 9.8 1
v 0.5 9.9 1
v 0.6 9.1 1
v 0.6 9.2 1
v 0.6 9.8 1
v 0.6 9.9 1
v 1.2 9.3 1
v 1.2 9.4 1
v 1.2 9.6 1
v 1.2 9.7 1
v 1.3 9.3 1
v 1.3 9.4 1
v 1.3 9.6 1
v 1.3 9.7 1
v -3.4 9.4 0.9
v -3.4 9.6 0.9
v -3.3 9.3 0.9
v -3.3 9.4 0.9
v -3.3 9.6 0.9
v -3.3 9.7 0.9
v -3.2 9.3 0.9
v -3.2 9.4 0.9
v -3.2 9.6 0.9
v -3.2 9.7 0.9
v -3 9.2 0.9
v -3 9.3 0.9
v -3 9.7 0.9
v -3 9.8 0.9
v -2.9 9.2 0.9
v -2.9 9.3 0.9
v -2.9 9.7 0.9
v -2.9 9.8 0.9
v -1.5 9 0.9
v -1.5 9.1 0.9
v -1.5 9.9 0.9
v -1.5 10 0.9
v -1.1 9 0.9
v -1.1 9.1 0.9
v -1.1 9.9 0.9
v -1.1 10 0.9
v -0.8 9 0.9
v -0.8 9.1 0.9
v -0.8 9.9 0.9
v -0.8 10 0.9
v -0.4 9 0.9
v -0.4 9.1 0.9
v -0.4 9.9 0.9
v -0.4 10 0.9
v 1 9.2 0.9
v 1 9.3 0.9
v 1 9.7 0.9
v 1 9.8 0.9
v 1.1 9.2 0.9
v 1.1 9.3 0.9
v 1.1 9.7 0.9
v 1.1 9.8 0.9
v 1.3 9.3 0.9
v 1.3 9.4 0.9
v 1.3 9.6 0.9
v 1.3 9.7 0.9
v 1.4 9.3 0.9
v 1.4 9.4 0.9
v 1.4 9.6 0.9
v 1.4 9.7 0.9
v 1.5 9.4 0.9
v 1.5 9.6 0.9
v -2.6 9.1 0.8
v -2.6 9.2 0.8
v -2.6 9.8 0.8
v -2.6 9.9 0.8
v -2.5 9.1 0.8
v -2.5 9.2 0.8
v -2.5 9.8 0.8
v -2.5 9.9 0.8
v -1.9 0 0.8
v -1.9 9.1 0.8
v -1.9 9.9 0.8
v -1.9 10 0.8
v -1.7 0 0.8
v -1.7 0.2 0.8
v -1.7 0.3 0.8
v -1.7 0.9 0.8
v -1.7 1 0.8
v -1.7 1.7 0.8
v -1.7 1.9 0.8
v -1.7 2.8 0.8
v -1.7 2.9 0.8
v -1.7 4 0.8
v -1.7 4.1 0.8
v -1.7 4.8 0.8
v -1.7 4.9 0.8
v -1.7 5.9 0.8
v -1.7 6 0.8
v -1.7 6.7 0.8
v -1.7 6.8 0.8
v -1.7 7.5 0.8
v -1.7 7.7 0.8
v -1.7 8.3 0.8
v -1.7 8.4 0.8
v -1.7 9.1 0.8
v -1.6 0.8 0.8
v -1.6 0.9 0.8
v -1.6 1 0.8
v -1.6 1.1 0.8
v -1.6 1.8 0.8
v -1.6 1.9 0.8
v -1.6 2 0.8
v -1.6 2.7 0.8
v -1.6 2.8 0.8
v -1.6 2.9 0.8
v -1.6 3 0.8
v -1.6 3.9 0.8
v -1.6 4 0.8
v -1.6 4.1 0.8
v -1.6 4.2 0.8
v -1.6 4.7 0.8
v -1.6 4.8 0.8
v -1.6 4.9 0.8
v -1.6 5 0.8
v -1.6 5.8 0.8
v -1.6 5.9 0.8
v -1.6 6.6 0.8
v -1.6 6.7 0.8
v -1.6 6.8 0.8
v -1.6 6.9 0.8
v -1.6 7.4 0.8
v -1.6 7.5 0.8
v -1.6 7.6 0.8
v -1.6 8.2 0.8
v -1.6 8.3 0.8
v -1.6 9 0.8
v -1.6 9.1 0.8
v -1.5 0.2 0.8
v -1.5 0.3 0.8
v -1.5 0.4 0.8
v -1.5 1.6 0.8
v -1.5 1.7 0.8
v -1.5 1.8 0.8
v -1.5 5.9 0.8
v -1.5 6 0.8
v -1.5 6.1 0.8
v -1.5 7.6 0.8
v -1.5 7.7 0.8
v -1.5 7.8 0.8
v -1.5 8.3 0.8
v -1.5 8.4 0.8
v -1.5 8.5 0.8
v -1.5 9 0.8
v -1.5 9.1 0.8
v -1.5 9.9 0.8
v -1.5 10 0.8
v -1.4 0.7 0.8
v -1.4 0.8 0.8
v -1.4 0.9 0.8
v -1.4 1 0.8
v -1.4 1.1 0.8
v -1.4 1.2 0.8
v -1.4 1.9 0.8
v -1.4 2 0.8
v -1.4 2.1 0.8
v -1.4 2.6 0.8
v -1.4 2.7 0.8
v -1.4 2.8 0.8
v -1.4 2.9 0.8
v -1.4 3 0.8
v -1.4 3.1 0.8
v -1.4 3.8 0.8
v -1.4 3.9 0.8
v -1.4 4 0.8
v -1.4 4.1 0.8
v -1.4 4.2 0.8
v -1.4 4.3 0.8
v -1.4 4.6 0.8
v -1.4 4.7 0.8
v -1.4 4.8 0.8
v -1.4 4.9 0.8
v -1.4 5 0.8
v -1.4 5.1 0.8
v -1.4 5.7 0.8
v -1.4 5.8 0.8
v -1.4 5.9 0.8
v -1.4 6.5 0.8
v -1.4 6.6 0.8
v -1.4 6.7 0.8
v -1.4 7.3 0.8
v -1.4 7.4 0.8
v -1.4 7.5 0.8
v -1.4 8.1 0.8
v -1.4 8.2 0.8
v -1.4 8.3 0.8
v -1.4 8.9 0.8
v -1.4 9 0.8
v -1.3 1.5 0.8
v -1.3 1.6 0.8
v -1.3 1.7 0.8
v -1.3 2.5 0.8
v -1.3 2.6 0.8
v -1.3 2.7 0.8
v -1.3 3 0.8
v -1.3 3.1 0.8
v -1.3 3.2 0.8
v -1.3 3.7 0.8
v -1.3 3.8 0.8
v -1.3 3.9 0.8
v -1.3 5 0.8
v -1.3 5.1 0.8
v -1.3 5.2 0.8
v -1.3 6 0.8
v -1.3 6.1 0.8
v -1.3 6.2 0.8
v -1.3 6.8 0.8
v -1.3 6.9 0.8
v -1.3 7 0.8
v -1.3 7.7 0.8
v -1.3 7.8 0.8
v -1.3 7.9 0.8
v -1.3 8.4 0.8
v -1.3 8.5 0.8
v -1.3 8.6 0.8
v -1.2 0.3 0.8
v -1.2 0.4 0.8
v -1.2 0.5 0.8
v -1.2 0.6 0.8
v -1.2 0.7 0.8
v -1.2 0.8 0.8
v -1.2 1.1 0.8
v -1.2 1.2 0.8
v -1.2 1.3 0.8
v -1.2 2 0.8
v -1.2 2.1 0.8
v -1.2 2.2 0.8
v -1.2 3.6 0.8
v -1.2 3.7 0.8
v -1.2 3.8 0.8
v -1.2 4.2 0.8
v -1.2 4.3 0.8
v -1.2 4.4 0.8
v -1.2 4.5 0.8
v -1.2 4.6 0.8
v -1.2 4.7 0.8
v -1.2 5.6 0.8
v -1.2 5.7 0.8
v -1.2 5.8 0.8
v -1.2 6.4 0.8
v -1.2 6.5 0.8
v -1.2 6.6 0.8
v -1.2 7.2 0.8
v -1.2 7.3 0.8
v -1.2 7.4 0.8
v -1.2 8 0.8
v -1.2 8.1 0.8
v -1.2 8.2 0.8
v -1.2 8.8 0.8
v -1.2 8.9 0.8
v -1.2 9 0.8
v -1.1 1.4 0.8
v -1.1 1.5 0.8
v -1.1 1.6 0.8
v -1.1 2.4 0.8
v -1.1 2.5 0.8
v -1.1 2.6 0.8
v -1.1 3.1 0.8
v -1.1 3.2 0.8
v -1.1 3.3 0.8
v -1.1 3.5 0.8
v -1.1 3.6 0.8
v -1.1 3.7 0.8
v -1.1 4.4 0.8
v -1.1 4.5 0.8
v -1.1 4.6 0.8
v -1.1 5.1 0.8
v -1.1 5.2 0.8
v -1.1 5.3 0.8
v -1.1 5.5 0.8
v -1.1 5.6 0.8
v -1.1 5.7 0.8
v -1.1 6.1 0.8
v -1.1 6.2 0.8
v -1.1 6.4 0.8
v -1.1 6.5 0.8
v -1.1 8.5 0.8
v -1.1 8.6 0.8
v -1.1 8.7 0.8
v -1 0.5 0.8
v -1 0.6 0.8
v -1 0.7 0.8
v -1 1.2 0.8
v -1 1.3 0.8
v -1 1.4 0.8
v -1 2.1 0.8
v -1 2.2 0.8
v -1 2.4 0.8
v -1 2.5 0.8
v -1 3.4 0.8
v -1 3.5 0.8
v -1 3.6 0.8
v -1 4.3 0.8
v -1 4.4 0.8
v -1 6.9 0.8
v -1 7 0.8
v -1 7.2 0.8
v -1 7.3 0.8
v -1 7.8 0.8
v -1 7.9 0.8
v -1 8 0.8
v -1 8.1 0.8
v -1 8.7 0.8
v -1 8.8 0.8
v -1 8.9 0.8
v -0.9 0.4 0.8
v -0.9 0.5 0.8
v -0.9 2.2 0.8
v -0.9 2.3 0.8
v -0.9 3.2 0.8
v -0.9 3.3 0.8
v -0.9 3.4 0.8
v -0.9 4.3 0.8
v -0.9 4.4 0.8
v -0.9 5.2 0.8
v -0.9 5.3 0.8
v -0.9 5.5 0.8
v -0.9 5.6 0.8
v -0.9 8.6 0.8
v -0.9 8.7 0.8
v -0.8 0.4 0.8
v -0.8 0.5 0.8
v -0.8 1.2 0.8
v -0.8 1.3 0.8
v -0.8 1.4 0.8
v -0.8 2.2 0.8
v -0.8 2.3 0.8
v -0.8 4.2 0.8
v -0.8 4.3 0.8
v -0.8 4.4 0.8
v -0.8 5.3 0.8
v -0.8 5.4 0.8
v -0.8 7.8 0.8
v -0.8 7.9 0.8
v -0.8 8.6 0.8
v -0.8 8.7 0.8
v -0.7 0.3 0.8
v -0.7 0.4 0.8
v -0.7 0.6 0.8
v -0.7 0.7 0.8
v -0.7 1.4 0.8
v -0.7 1.5 0.8
v -0.7 1.6 0.8
v -0.7 2.3 0.8
v -0.7 2.4 0.8
v -0.7 2.5 0.8
v -0.7 3.2 0.8
v -0.7 3.3 0.8
v -0.7 3.4 0.8
v -0.7 4.4 0.8
v -0.7 4.5 0.8
v -0.7 4.6 0.8
v -0.7 5.3 0.8
v -0.7 5.4 0.8
v -0.7 6.1 0.8
v -0.7 6.2 0.8
v -0.7 6.4 0.8
v -0.7 6.5 0.8
v -0.7 7.7 0.8
v -0.7 7.8 0.8
v -0.7 8 0.8
v -0.7 8.1 0.8
v -0.6 1.1 0.8
v -0.6 1.2 0.8
v -0.6 1.3 0.8
v -0.6 2.1 0.8
v -0.6 2.2 0.8
v -0.6 2.3 0.8
v -0.6 3.1 0.8
v -0.6 3.2 0.8
v -0.6 3.3 0.8
v -0.6 3.4 0.8
v -0.6 3.5 0.8
v -0.6 3.6 0.8
v -0.6 4.1 0.8
v -0.6 4.2 0.8
v -0.6 4.3 0.8
v -0.6 5.4 0.8
v -0.6 5.5 0.8
v -0.6 5.6 0.8
v -0.6 6.9 0.8
v -0.6 7 0.8
v -0.6 7.1 0.8
v -0.6 8.5 0.8
v -0.6 8.6 0.8
v -0.6 8.8 0.8
v -0.6 8.9 0.8
v -0.5 0.2 0.8
v -0.5 0.3 0.8
v -0.5 0.4 0.8
v -0.5 1.5 0.8
v -0.5 1.6 0.8
v -0.5 1.7 0.8
v -0.5 2 0.8
v -0.5 2.1 0.8
v -0.5 2.2 0.8
v -0.5 2.4 0.8
v -0.5 2.5 0.8
v -0.5 2.6 0.8
v -0.5 3 0.8
v -0.5 3.1 0.8
v -0.5 3.2 0.8
v -0.5 3.5 0.8
v -0.5 3.6 0.8
v -0.5 3.7 0.8
v -0.5 4.5 0.8
v -0.5 4.6 0.8
v -0.5 4.7 0.8
v -0.5 5.2 0.8
v -0.5 5.3 0.8
v -0.5 5.4 0.8
v -0.5 5.5 0.8
v -0.5 5.6 0.8
v -0.5 5.7 0.8
v -0.5 6 0.8
v -0.5 6.1 0.8
v -0.5 6.2 0.8
v -0.5 6.4 0.8
v -0.5 6.5 0.8
v -0.5 6.6 0.8
v -0.5 7.1 0.8
v -0.5 7.2 0.8
v -0.5 7.3 0.8
v -0.5 7.6 0.8
v -0.5 7.7 0.8
v -0.5 7.8 0.8
v -0.5 8 0.8
v -0.5 8.1 0.8
v -0.5 8.2 0.8
v -0.4 0.6 0.8
v -0.4 0.7 0.8
v -0.4 0.8 0.8
v -0.4 1 0.8
v -0.4 1.1 0.8
v -0.4 1.2 0.8
v -0.4 2.9 0.8
v -0.4 3 0.8
v -0.4 3.1 0.8
v -0.4 4 0.8
v -0.4 4.1 0.8
v -0.4 4.2 0.8
v -0.4 5.1 0.8
v -0.4 5.2 0.8
v -0.4 5.3 0.8
v -0.4 5.9 0.8
v -0.4 6 0.8
v -0.4 6.1 0.8
v -0.4 6.8 0.8
v -0.4 6.9 0.8
v -0.4 7 0.8
v -0.4 8.4 0.8
v -0.4 8.5 0.8
v -0.4 8.6 0.8
v -0.4 8.8 0.8
v -0.4 8.9 0.8
v -0.4 9 0.8
v -0.4 9.1 0.8
v -0.4 9.9 0.8
v -0.4 10 0.8
v -0.3 0.1 0.8
v -0.3 0.2 0.8
v -0.3 0.3 0.8
v -0.3 1.6 0.8
v -0.3 1.7 0.8
v -0.3 1.8 0.8
v -0.3 1.9 0.8
v -0.3 2 0.8
v -0.3 2.1 0.8
v -0.3 2.5 0.8
v -0.3 2.6 0.8
v -0.3 2.7 0.8
v -0.3 3.6 0.8
v -0.3 3.7 0.8
v -0.3 3.8 0.8
v -0.3 3.9 0.8
v -0.3 4 0.8
v -0.3 4.1 0.8
v -0.3 4.6 0.8
v -0.3 4.7 0.8
v -0.3 4.8 0.8
v -0.3 5.6 0.8
v -0.3 5.7 0.8
v -0.3 5.8 0.8
v -0.3 6.5 0.8
v -0.3 6.6 0.8
v -0.3 6.7 0.8
v -0.3 7.5 0.8
v -0.3 7.6 0.8
v -0.3 7.7 0.8
v -0.3 9 0.8
v -0.3 9.1 0.8
v -0.3 9.9 0.8
v -0.3 10 0.8
v -0.2 0.9 0.8
v -0.2 1 0.8
v -0.2 1.1 0.8
v -0.2 1.8 0.8
v -0.2 1.9 0.8
v -0.2 2 0.8
v -0.2 2.8 0.8
v -0.2 2.9 0.8
v -0.2 3 0.8
v -0.2 5 0.8
v -0.2 5.1 0.8
v -0.2 5.2 0.8
v -0.2 5.8 0.8
v -0.2 5.9 0.8
v -0.2 6 0.8
v -0.2 6.7 0.8
v -0.2 6.8 0.8
v -0.2 6.9 0.8
v -0.2 7.2 0.8
v -0.2 7.3 0.8
v -0.2 7.4 0.8
v -0.2 8.1 0.8
v -0.2 8.2 0.8
v -0.2 8.4 0.8
v -0.2 8.5 0.8
v -0.2 8.9 0.8
v -0.2 9 0.8
v -0.2 9.1 0.8
v -0.2 9.9 0.8
v -0.2 10 0.8
v -0.0999999 0 0.8
v -0.0999999 0.1 0.8
v -0.0999999 0.2 0.8
v -0.0999999 0.7 0.8
v -0.0999999 0.8 0.8
v -0.0999999 0.9 0.8
v -0.0999999 1 0.8
v -0.0999999 1.7 0.8
v -0.0999999 1.8 0.8
v -0.0999999 2.6 0.8
v -0.0999999 2.7 0.8
v -0.0999999 2.8 0.8
v -0.0999999 2.9 0.8
v -0.0999999 3.7 0.8
v -0.0999999 3.8 0.8
v -0.0999999 3.9 0.8
v -0.0999999 4 0.8
v -0.0999999 4.7 0.8
v -0.0999999 4.8 0.8
v -0.0999999 4.9 0.8
v -0.0999999 5.7 0.8
v -0.0999999 5.8 0.8
v -0.0999999 6.6 0.8
v -0.0999999 6.7 0.8
v -0.0999999 7.4 0.8
v -0.0999999 7.5 0.8
v -0.0999999 7.6 0.8
v 0 0.1 0.8
v 0 0.8 0.8
v 0 0.9 0.8
v 0 1.8 0.8
v 0 1.9 0.8
v 0 2.7 0.8
v 0 2.8 0.8
v 0 3.8 0.8
v 0 3.9 0.8
v 0 4.8 0.8
v 0 4.9 0.8
v 0 5 0.8
v 0 5.1 0.8
v 0 5.8 0.8
v 0 5.9 0.8
v 0 6.7 0.8
v 0 6.8 0.8
v 0 7.3 0.8
v 0 7.5 0.8
v 0 8.2 0.8
v 0 8.4 0.8
v 0 9 0.8
v 0.2 0 0.8
v 0.2 9.1 0.8
v 0.2 9.9 0.8
v 0.2 10 0.8
v 0.6 9.1 0.8
v 0.6 9.2 0.8
v 0.6 9.8 0.8
v 0.6 9.9 0.8
v 0.7 9.1 0.8
v 0.7 9.2 0.8
v 0.7 9.8 0.8
v 0.7 9.9 0.8
v -3.5 9.4 0.7
v -3.5 9.6 0.7
v -3.4 9.4 0.7
v -3.4 9.6 0.7
v -3.1 9.2 0.7
v -3.1 9.3 0.7
v -3.1 9.7 0.7
v -3.1 9.8 0.7
v -3 9.2 0.7
v -3 9.3 0.7
v -3 9.7 0.7
v -3 9.8 0.7
v -2.7 9.1 0.7
v -2.7 9.2 0.7
v -2.7 9.8 0.7
v -2.7 9.9 0.7
v -2.6 9.1 0.7
v -2.6 9.2 0.7
v -2.6 9.8 0.7
v -2.6 9.9 0.7
v -1.7 0 0.7
v -1.7 0.2 0.7
v -1.7 0.3 0.7
v -1.7 0.9 0.7
v -1.7 1 0.7
v -1.7 1.7 0.7
v -1.7 1.9 0.7
v -1.7 2.8 0.7
v -1.7 2.9 0.7
v -1.7 4 0.7
v -1.7 4.1 0.7
v -1.7 4.8 0.7
v -1.7 4.9 0.7
v -1.7 5.9 0.7
v -1.7 6 0.7
v -1.7 6.7 0.7
v -1.7 6.8 0.7
v -1.7 7.5 0.7
v -1.7 7.7 0.7
v -1.7 8.3 0.7
v -1.7 8.4 0.7
v -1.7 9.1 0.7
v -1.6 0.8 0.7
v -1.6 0.9 0.7
v -1.6 1 0.7
v -1.6 1.1 0.7
v -1.6 1.8 0.7
v -1.6 1.9 0.7
v -1.6 2 0.7
v -1.6 2.7 0.7
v -1.6 2.8 0.7
v -1.6 2.9 0.7
v -1.6 3 0.7
v -1.6 3.9 0.7
v -1.6 4 0.7
v -1.6 4.1 0.7
v -1.6 4.2 0.7
v -1.6 4.7 0.7
v -1.6 4.8 0.7
v -1.6 4.9 0.7
v -1.6 5 0.7
v -1.6 5.8 0.7
v -1.6 5.9 0.7
v -1.6 6.6 0.7
v -1.6 6.7 0.7
v -1.6 6.8 0.7
v -1.6 6.9 0.7
v -1.6 7.4 0.7
v -1.6 7.5 0.7
v -1.6 7.6 0.7
v -1.6 8.2 0.7
v -1.6 8.3 0.7
v -1.6 9 0.7
v -1.6 9.1 0.7
v -1.5 0.2 0.7
v -1.5 0.3 0.7
v -1.5 0.4 0.7
v -1.5 1.6 0.7
v -1.5 1.7 0.7
v -1.5 1.8 0.7
v -1.5 5.9 0.7
v -1.5 6 0.7
v -1.5 6.1 0.7
v -1.5 7.6 0.7
v -1.5 7.7 0.7
v -1.5 7.8 0.7
v -1.5 8.3 0.7
v -1.5 8.4 0.7
v -1.5 8.5 0.7
v -1.4 0.7 0.7
v -1.4 0.8 0.7
v -1.4 0.9 0.7
v -1.4 1 0.7
v -1.4 1.1 0.7
v -1.4 1.2 0.7
v -1.4 1.9 0.7
v -1.4 2 0.7
v -1.4 2.1 0.7
v -1.4 2.6 0.7
v -1.4 2.7 0.7
v -1.4 2.8 0.7
v -1.4 2.9 0.7
v -1.4 3 0.7
v -1.4 3.1 0.7
v -1.4 3.8 0.7
v -1.4 3.9 0.7
v -1.4 4 0.7
v -1.4 4.1 0.7
v -1.4 4.2 0.7
v -1.4 4.3 0.7
v -1.4 4.6 0.7
v -1.4 4.7 0.7
v -1.4 4.8 0.7
v -1.4 4.9 0.7
v -1.4 5 0.7
v -1.4 5.1 0.7
v -1.4 5.7 0.7
v -1.4 5.8 0.7
v -1.4 5.9 0.7
v -1.4 6.5 0.7
v -1.4 6.6 0.7
v -1.4 6.7 0.7
v -1.4 7.3 0.7
v -1.4 7.4 0.7
v -1.4 7.5 0.7
v -1.4 8.1 0.7
v -1.4 8.2 0.7
v -1.4 8.3 0.7
v -1.4 8.9 0.7
v -1.4 9 0.7
v -1.3 1.5 0.7
v -1.3 1.6 0.7
v -1.3 1.7 0.7
v -1.3 2.5 0.7
v -1.3 2.6 0.7
v -1.3 2.7 0.7
v -1.3 3 0.7
v -1.3 3.1 0.7
v -1.3 3.2 0.7
v -1.3 3.7 0.7
v -1.3 3.8 0.7
v -1.3 3.9 0.7
v -1.3 5 0.7
v -1.3 5.1 0.7
v -1.3 5.2 0.7
v -1.3 6 0.7
v -1.3 6.1 0.7
v -1.3 6.2 0.7
v -1.3 6.8 0.7
v -1.3 6.9 0.7
v -1.3 7 0.7
v -1.3 7.7 0.7
v -1.3 7.8 0.7
v -1.3 7.9 0.7
v -1.3 8.4 0.7
v -1.3 8.5 0.7
v -1.3 8.6 0.7
v -1.2 0.3 0.7
v -1.2 0.4 0.7
v -1.2 0.5 0.7
v -1.2 0.6 0.7
v -1.2 0.7 0.7
v -1.2 0.8 0.7
v -1.2 1.1 0.7
v -1.2 1.2 0.7
v -1.2 1.3 0.7
v -1.2 2 0.7
v -1.2 2.1 0.7
v -1.2 2.2 0.7
v -1.2 3.6 0.7
v -1.2 3.7 0.7
v -1.2 3.8 0.7
v -1.2 4.2 0.7
v -1.2 4.3 0.7
v -1.2 4.4 0.7
v -1.2 4.5 0.7
v -1.2 4.6 0.7
v -1.2 4.7 0.7
v -1.2 5.6 0.7
v -1.2 5.7 0.7
v -1.2 5.8 0.7
v -1.2 6.4 0.7
v -1.2 6.5 0.7
v -1.2 6.6 0.7
v -1.2 7.2 0.7
v -1.2 7.3 0.7
v -1.2 7.4 0.7
v -1.2 8 0.7
v -1.2 8.1 0.7
v -1.2 8.2 0.7
v -1.2 8.8 0.7
v -1.2 8.9 0.7
v -1.2 9 0.7
v -1.1 1.4 0.7
v -1.1 1.5 0.7
v -1.1 1.6 0.7
v -1.1 2.4 0.7
v -1.1 2.5 0.7
v -1.1 2.6 0.7
v -1.1 3.1 0.7
v -1.1 3.2 0.7
v -1.1 3.3 0.7
v -1.1 3.5 0.7
v -1.1 3.6 0.7
v -1.1 3.7 0.7
v -1.1 4.4 0.7
v -1.1 4.5 0.7
v -1.1 4.6 0.7
v -1.1 5.1 0.7
v -1.1 5.2 0.7
v -1.1 5.3 0.7
v -1.1 5.5 0.7
v -1.1 5.6 0.7
v -1.1 5.7 0.7
v -1.1 6.1 0.7
v -1.1 6.2 0.7
v -1.1 6.4 0.7
v -1.1 6.5 0.7
v -1.1 8.5 0.7
v -1.1 8.6 0.7
v -1.1 8.7 0.7
v -1 0.5 0.7
v -1 0.6 0.7
v -1 0.7 0.7
v -1 1.2 0.7
v -1 1.3 0.7
v -1 1.4 0.7
v -1 2.1 0.7
v -1 2.2 0.7
v -1 2.4 0.7
v -1 2.5 0.7
v -1 3.4 0.7
v -1 3.5 0.7
v -1 3.6 0.7
v -1 4.3 0.7
v -1 4.4 0.7
v -1 6.9 0.7
v -1 7 0.7
v -1 7.2 0.7
v -1 7.3 0.7
v -1 7.8 0.7
v -1 7.9 0.7
v -1 8 0.7
v -1 8.1 0.7
v -1 8.7 0.7
v -1 8.8 0.7
v -1 8.9 0.7
v -0.9 0.4 0.7
v -0.9 0.5 0.7
v -0.9 2.2 0.7
v -0.9 2.3 0.7
v -0.9 3.2 0.7
v -0.9 3.3 0.7
v -0.9 3.4 0.7
v -0.9 4.3 0.7
v -0.9 4.4 0.7
v -0.9 5.2 0.7
v -0.9 5.3 0.7
v -0.9 5.5 0.7
v -0.9 5.6 0.7
v -0.9 8.6 0.7
v -0.9 8.7 0.7
v -0.8 0.4 0.7
v -0.8 0.5 0.7
v -0.8 1.2 0.7
v -0.8 1.3 0.7
v -0.8 1.4 0.7
v -0.8 2.2 0.7
v -0.8 2.3 0.7
v -0.8 4.2 0.7
v -0.8 4.3 0.7
v -0.8 4.4 0.7
v -0.8 5.3 0.7
v -0.8 5.4 0.7
v -0.8 7.8 0.7
v -0.8 7.9 0.7
v -0.8 8.6 0.7
v -0.8 8.7 0.7
v -0.7 0.3 0.7
v -0.7 0.4 0.7
v -0.7 0.6 0.7
v -0.7 0.7 0.7
v -0.7 1.4 0.7
v -0.7 1.5 0.7
v -0.7 1.6 0.7
v -0.7 2.3 0.7
v -0.7 2.4 0.7
v -0.7 2.5 0.7
v -0.7 3.2 0.7
v -0.7 3.3 0.7
v -0.7 3.4 0.7
v -0.7 4.4 0.7
v -0.7 4.5 0.7
v -0.7 4.6 0.7
v -0.7 5.3 0.7
v -0.7 5.4 0.7
v -0.7 6.1 0.7
v -0.7 6.2 0.7
v -0.7 6.4 0.7
v -0.7 6.5 0.7
v -0.7 7.7 0.7
v -0.7 7.8 0.7
v -0.7 8 0.7
v -0.7 8.1 0.7
v -0.6 1.1 0.7
v -0.6 1.2 0.7
v -0.6 1.3 0.7
v -0.6 2.1 0.7
v -0.6 2.2 0.7
v -0.6 2.3 0.7
v -0.6 3.1 0.7
v -0.6 3.2 0.7
v -0.6 3.3 0.7
v -0.6 3.4 0.7
v -0.6 3.5 0.7
v -0.6 3.6 0.7
v -0.6 4.1 0.7
v -0.6 4.2 0.7
v -0.6 4.3 0.7
v -0.6 5.4 0.7
v -0.6 5.5 0.7
v -0.6 5.6 0.7
v -0.6 6.9 0.7
v -0.6 7 0.7
v -0.6 7.1 0.7
v -0.6 8.5 0.7
v -0.6 8.6 0.7
v -0.6 8.8 0.7
v -0.6 8.9 0.7
v -0.5 0.2 0.7
v -0.5 0.3 0.7
v -0.5 0.4 0.7
v -0.5 1.5 0.7
v -0.5 1.6 0.7
v -0.5 1.7 0.7
v -0.5 2 0.7
v -0.5 2.1 0.7
v -0.5 2.2 0.7
v -0.5 2.4 0.7
v -0.5 2.5 0.7
v -0.5 2.6 0.7
v -0.5 3 0.7
v -0.5 3.1 0.7
v -0.5 3.2 0.7
v -0.5 3.5 0.7
v -0.5 3.6 0.7
v -0.5 3.7 0.7
v -0.5 4.5 0.7
v -0.5 4.6 0.7
v -0.5 4.7 0.7
v -0.5 5.2 0.7
v -0.5 5.3 0.7
v -0.5 5.4 0.7
v -0.5 5.5 0.7
v -0.5 5.6 0.7
v -0.5 5.7 0.7
v -0.5 6 0.7
v -0.5 6.1 0.7
v -0.5 6.2 0.7
v -0.5 6.4 0.7
v -0.5 6.5 0.7
v -0.5 6.6 0.7
v -0.5 7.1 0.7
v -0.5 7.2 0.7
v -0.5 7.3 0.7
v -0.5 7.6 0.7
v -0.5 7.7 0.7
v -0.5 7.8 0.7
v -0.5 8 0.7
v -0.5 8.1 0.7
v -0.5 8.2 0.7
v -0.4 0.6 0.7
v -0.4 0.7 0.7
v -0.4 0.8 0.7
v -0.4 1 0.7
v -0.4 1.1 0.7
v -0.4 1.2 0.7
v -0.4 2.9 0.7
v -0.4 3 0.7
v -0.4 3.1 0.7
v -0.4 4 0.7
v -0.4 4.1 0.7
v -0.4 4.2 0.7
v -0.4 5.1 0.7
v -0.4 5.2 0.7
v -0.4 5.3 0.7
v -0.4 5.9 0.7
v -0.4 6 0.7
v -0.4 6.1 0.7
v -0.4 6.8 0.7
v -0.4 6.9 0.7
v -0.4 7 0.7
v -0.4 8.4 0.7
v -0.4 8.5 0.7
v -0.4 8.6 0.7
v -0.4 8.8 0.7
v -0.4 8.9 0.7
v -0.4 9 0.7
v -0.3 0.1 0.7
v -0.3 0.2 0.7
v -0.3 0.3 0.7
v -0.3 1.6 0.7
v -0.3 1.7 0.7
v -0.3 1.8 0.7
v -0.3 1.9 0.7
v -0.3 2 0.7
v -0.3 2.1 0.7
v -0.3 2.5 0.7
v -0.3 2.6 0.7
v -0.3 2.7 0.7
v -0.3 3.6 0.7
v -0.3 3.7 0.7
v -0.3 3.8 0.7
v -0.3 3.9 0.7
v -0.3 4 0.7
v -0.3 4.1 0.7
v -0.3 4.6 0.7
v -0.3 4.7 0.7
v -0.3 4.8 0.7
v -0.3 5.6 0.7
v -0.3 5.7 0.7
v -0.3 5.8 0.7
v -0.3 6.5 0.7
v -0.3 6.6 0.7
v -0.3 6.7 0.7
v -0.3 7.5 0.7
v -0.3 7.6 0.7
v -0.3 7.7 0.7
v -0.3 9 0.7
v -0.3 9.1 0.7
v -0.3 9.9 0.7
v -0.3 10 0.7
v -0.2 0.9 0.7
v -0.2 1 0.7
v -0.2 1.1 0.7
v -0.2 1.8 0.7
v -0.2 1.9 0.7
v -0.2 2 0.7
v -0.2 2.8 0.7
v -0.2 2.9 0.7
v -0.2 3 0.7
v -0.2 5 0.7
v -0.2 5.1 0.7
v -0.2 5.2 0.7
v -0.2 5.8 0.7
v -0.2 5.9 0.7
v -0.2 6 0.7
v -0.2 6.7 0.7
v -0.2 6.8 0.7
v -0.2 6.9 0.7
v -0.2 7.2 0.7
v -0.2 7.3 0.7
v -0.2 7.4 0.7
v -0.2 8.1 0.7
v -0.2 8.2 0.7
v -0.2 8.4 0.7
v -0.2 8.5 0.7
v -0.2 8.9 0.7
v -0.2 9 0.7
v -0.2 9.1 0.7
v -0.2 9.9 0.7
v -0.2 10 0.7
v -0.0999999 0 0.7
v -0.0999999 0.1 0.7
v -0.0999999 0.2 0.7
v -0.0999999 0.7 0.7
v -0.0999999 0.8 0.7
v -0.0999999 0.9 0.7
v -0.0999999 1 0.7
v -0.0999999 1.7 0.7
v -0.0999999 1.8 0.7
v -0.0999999 2.6 0.7
v -0.0999999 2.7 0.7
v -0.0999999 2.8 0.7
v -0.0999999 2.9 0.7
v -0.0999999 3.7 0.7
v -0.0999999 3.8 0.7
v -0.0999999 3.9 0.7
v -0.0999999 4 0.7
v -0.0999999 4.7 0.7
v -0.0999999 4.8 0.7
v -0.0999999 4.9 0.7
v -0.0999999 5.7 0.7
v -0.0999999 5.8 0.7
v -0.0999999 6.6 0.7
v -0.0999999 6.7 0.7
v -0.0999999 7.4 0.7
v -0.0999999 7.5 0.7
v -0.0999999 7.6 0.7
v 0 0.1 0.7
v 0 0.8 0.7
v 0 0.9 0.7
v 0 1.8 0.7
v 0 1.9 0.7
v 0 2.7 0.7
v 0 2.8 0.7
v 0 3.8 0.7
v 0 3.9 0.7
v 0 4.8 0.7
v 0 4.9 0.7
v 0 5 0.7
v 0 5.1 0.7
v 0 5.8 0.7
v 0 5.9 0.7
v 0 6.7 0.7
v 0 6.8 0.7
v 0 7.3 0.7
v 0 7.5 0.7
v 0 8.2 0.7
v 0 8.4 0.7
v 0 9 0.7
v 0.7 9.1 0.7
v 0.7 9.2 0.7
v 0.7 9.8 0.7
v 0.7 9.9 0.7
v 0.8 9.1 0.7
v 0.8 9.2 0.7
v 0.8 9.8 0.7
v 0.8 9.9 0.7
v 1.1 9.2 0.7
v 1.1 9.3 0.7
v 1.1 9.7 0.7
v 1.1 9.8 0.7
v 1.2 9.2 0.7
v 1.2 9.3 0.7
v 1.2 9.7 0.7
v 1.2 9.8 0.7
v 1.5 9.4 0.7
v 1.5 9.6 0.7
v 1.6 9.4 0.7
v 1.6 9.6 0.7
v -3.4 9.3 0.6
v -3.4 9.4 0.6
v -3.4 9.6 0.6
v -3.4 9.7 0.6
v -3.3 9.3 0.6
v -3.3 9.4 0.6
v -3.3 9.6 0.6
v -3.3 9.7 0.6
v -1.9 0.1 0.6
v -1.9 0.2 0.6
v -1.9 0.9 0.6
v -1.9 1 0.6
v -1.9 1.1 0.6
v -1.9 1.2 0.6
v -1.9 2.3 0.6
v -1.9 2.4 0.6
v -1.9 3.4 0.6
v -1.9 3.5 0.6
v -1.9 3.6 0.6
v -1.9 3.7 0.6
v -1.9 4.4 0.6
v -1.9 4.5 0.6
v -1.9 4.8 0.6
v -1.9 4.9 0.6
v -1.9 5.8 0.6
v -1.9 5.9 0.6
v -1.9 6 0.6
v -1.9 6.1 0.6
v -1.9 7.2 0.6
v -1.9 7.3 0.6
v -1.9 7.8 0.6
v -1.9 7.9 0.6
v -1.9 8.9 0.6
v -1.9 9 0.6
v -1.8 0.1 0.6
v -1.8 0.2 0.6
v -1.8 0.9 0.6
v -1.8 1 0.6
v -1.8 1.1 0.6
v -1.8 1.2 0.6
v -1.8 2.3 0.6
v -1.8 2.4 0.6
v -1.8 3.4 0.6
v -1.8 3.5 0.6
v -1.8 3.6 0.6
v -1.8 3.7 0.6
v -1.8 4.4 0.6
v -1.8 4.5 0.6
v -1.8 4.8 0.6
v -1.8 4.9 0.6
v -1.8 5.8 0.6
v -1.8 5.9 0.6
v -1.8 6 0.6
v -1.8 6.1 0.6
v -1.8 7.2 0.6
v -1.8 7.3 0.6
v -1.8 7.8 0.6
v -1.8 7.9 0.6
v -1.8 8.9 0.6
v -1.8 9 0.6
v 0.0999999 0 0.6
v 0.0999999 0.1 0.6
v 0.0999999 0.6 0.6
v 0.0999999 0.7 0.6
v 0.0999999 0.9 0.6
v 0.0999999 1 0.6
v 0.0999999 1.7 0.6
v 0.0999999 1.8 0.6
v 0.0999999 3 0.6
v 0.0999999 3.1 0.6
v 0.0999999 3.2 0.6
v 0.0999999 3.3 0.6
v 0.0999999 4 0.6
v 0.0999999 4.1 0.6
v 0.0999999 4.3 0.6
v 0.0999999 4.4 0.6
v 0.0999999 5.1 0.6
v 0.0999999 5.2 0.6
v 0.0999999 6.9 0.6
v 0.0999999 7 0.6
v 0.0999999 7.2 0.6
v 0.0999999 7.3 0.6
v 0.0999999 7.9 0.6
v 0.0999999 8 0.6
v 0.0999999 8.2 0.6
v 0.0999999 8.3 0.6
v 0.0999999 8.8 0.6
v 0.0999999 8.9 0.6
v 0.2 0 0.6
v 0.2 0.1 0.6
v 0.2 0.6 0.6
v 0.2 0.7 0.6
v 0.2 0.9 0.6
v 0.2 1 0.6
v 0.2 1.7 0.6
v 0.2 1.8 0.6
v 0.2 3 0.6
v 0.2 3.1 0.6
v 0.2 3.2 0.6
v 0.2 3.3 0.6
v 0.2 4 0.6
v 0.2 4.1 0.6
v 0.2 4.3 0.6
v 0.2 4.4 0.6
v 0.2 5.1 0.6
v 0.2 5.2 0.6
v 0.2 6.9 0.6
v 0.2 7 0.6
v 0.2 7.2 0.6
v 0.2 7.3 0.6
v 0.2 7.9 0.6
v 0.2 8 0.6
v 0.2 8.2 0.6
v 0.2 8.3 0.6
v 0.2 8.8 0.6
v 0.2 8.9 0.6
v 1.4 9.3 0.6
v 1.4 9.4 0.6
v 1.4 9.6 0.6
v 1.4 9.7 0.6
v 1.5 9.3 0.6
v 1.5 9.4 0.6
v 1.5 9.6 0.6
v 1.5 9.7 0.6
v -3.2 9.2 0.5
v -3.2 9.3 0.5
v -3.2 9.7 0.5
v -3.2 9.8 0.5
v -3.1 9.2 0.5
v -3.1 9.3 0.5
v -3.1 9.7 0.5
v -3.1 9.8 0.5
v -1.9 0.2 0.5
v -1.9 0.3 0.5
v -1.9 1.2 0.5
v -1.9 1.3 0.5
v -1.9 1.9 0.5
v -1.9 2 0.5
v -1.9 2.4 0.5
v -1.9 2.6 0.5
v -1.9 3.3 0.5
v -1.9 3.4 0.5
v -1.9 3.7 0.5
v -1.9 3.8 0.5
v -1.9 4.9 0.5
v -1.9 5 0.5
v -1.9 5.7 0.5
v -1.9 5.8 0.5
v -1.9 6.1 0.5
v -1.9 6.2 0.5
v -1.9 6.8 0.5
v -1.9 6.9 0.5
v -1.9 8.1 0.5
v -1.9 8.2 0.5
v -1.9 9 0.5
v -1.9 9.1 0.5
v -1.9 9.9 0.5
v -1.9 10 0.5
v -1.8 0.2 0.5
v -1.8 0.3 0.5
v -1.8 1.2 0.5
v -1.8 1.3 0.5
v -1.8 1.9 0.5
v -1.8 2 0.5
v -1.8 2.4 0.5
v -1.8 2.6 0.5
v -1.8 3.3 0.5
v -1.8 3.4 0.5
v -1.8 3.7 0.5
v -1.8 3.8 0.5
v -1.8 4.9 0.5
v -1.8 5 0.5
v -1.8 5.7 0.5
v -1.8 5.8 0.5
v -1.8 6.1 0.5
v -1.8 6.2 0.5
v -1.8 6.8 0.5
v -1.8 6.9 0.5
v -1.8 8.1 0.5
v -1.8 8.2 0.5
v -1.8 9 0.5
v -1.8 9.1 0.5
v -1.8 9.9 0.5
v -1.8 10 0.5
v 0.0999999 0.1 0.5
v 0.0999999 0.2 0.5
v 0.0999999 1 0.5
v 0.0999999 1.1 0.5
v 0.0999999 2.1 0.5
v 0.0999999 2.2 0.5
v 0.0999999 2.9 0.5
v 0.0999999 3 0.5
v 0.0999999 3.3 0.5
v 0.0999999 3.4 0.5
v 0.0999999 3.9 0.5
v 0.0999999 4 0.5
v 0.0999999 4.4 0.5
v 0.0999999 4.5 0.5
v 0.0999999 6.3 0.5
v 0.0999999 6.4 0.5
v 0.2 0.1 0.5
v 0.2 0.2 0.5
v 0.2 1 0.5
v 0.2 1.1 0.5
v 0.2 2.1 0.5
v 0.2 2.2 0.5
v 0.2 2.9 0.5
v 0.2 3 0.5
v 0.2 3.3 0.5
v 0.2 3.4 0.5
v 0.2 3.9 0.5
v 0.2 4 0.5
v 0.2 4.4 0.5
v 0.2 4.5 0.5
v 0.2 6.3 0.5
v 0.2 6.4 0.5
v 1.2 9.2 0.5
v 1.2 9.3 0.5
v 1.2 9.7 0.5
v 1.2 9.8 0.5
v 1.3 9.2 0.5
v 1.3 9.3 0.5
v 1.3 9.7 0.5
v 1.3 9.8 0.5
v -2.8 9.1 0.4
v -2.8 9.2 0.4
v -2.8 9.8 0.4
v -2.8 9.9 0.4
v -2.7 9.1 0.4
v -2.7 9.2 0.4
v -2.7 9.8 0.4
v -2.7 9.9 0.4
v -2 9 0.4
v -2 9.1 0.4
v -2 9.9 0.4
v -2 10 0.4
v -1.9 0.3 0.4
v -1.9 0.4 0.4
v -1.9 0.8 0.4
v -1.9 0.9 0.4
v -1.9 1.3 0.4
v -1.9 1.5 0.4
v -1.9 2.6 0.4
v -1.9 2.7 0.4
v -1.9 3.8 0.4
v -1.9 3.9 0.4
v -1.9 4.3 0.4
v -1.9 4.4 0.4
v -1.9 5 0.4
v -1.9 5.1 0.4
v -1.9 6.2 0.4
v -1.9 6.3 0.4
v -1.9 6.7 0.4
v -1.9 6.8 0.4
v -1.9 7.3 0.4
v -1.9 7.4 0.4
v -1.9 7.7 0.4
v -1.9 7.8 0.4
v -1.9 8.2 0.4
v -1.9 8.3 0.4
v -1.9 8.8 0.4
v -1.9 8.9 0.4
v -1.9 9 0.4
v -1.9 9.1 0.4
v -1.9 9.9 0.4
v -1.9 10 0.4
v -1.8 0.3 0.4
v -1.8 0.4 0.4
v -1.8 0.8 0.4
v -1.8 0.9 0.4
v -1.8 1.3 0.4
v -1.8 1.5 0.4
v -1.8 2.6 0.4
v -1.8 2.7 0.4
v -1.8 3.8 0.4
v -1.8 3.9 0.4
v -1.8 4.3 0.4
v -1.8 4.4 0.4
v -1.8 5 0.4
v -1.8 5.1 0.4
v -1.8 6.2 0.4
v -1.8 6.3 0.4
v -1.8 6.7 0.4
v -1.8 6.8 0.4
v -1.8 7.3 0.4
v -1.8 7.4 0.4
v -1.8 7.7 0.4
v -1.8 7.8 0.4
v -1.8 8.2 0.4
v -1.8 8.3 0.4
v -1.8 8.8 0.4
v -1.8 8.9 0.4
v 0.0999999 0.5 0.4
v 0.0999999 0.6 0.4
v 0.0999999 1.6 0.4
v 0.0999999 1.7 0.4
v 0.0999999 2.2 0.4
v 0.0999999 2.3 0.4
v 0.0999999 2.8 0.4
v 0.0999999 2.9 0.4
v 0.0999999 3.4 0.4
v 0.0999999 3.5 0.4
v 0.0999999 5 0.4
v 0.0999999 5.1 0.4
v 0.0999999 6.4 0.4
v 0.0999999 6.5 0.4
v 0.0999999 6.8 0.4
v 0.0999999 6.9 0.4
v 0.0999999 7.3 0.4
v 0.0999999 7.4 0.4
v 0.0999999 7.8 0.4
v 0.0999999 7.9 0.4
v 0.0999999 8.3 0.4
v 0.0999999 8.4 0.4
v 0.0999999 8.7 0.4
v 0.0999999 8.8 0.4
v 0.2 0.5 0.4
v 0.2 0.6 0.4
v 0.2 1.6 0.4
v 0.2 1.7 0.4
v 0.2 2.2 0.4
v 0.2 2.3 0.4
v 0.2 2.8 0.4
v 0.2 2.9 0.4
v 0.2 3.4 0.4
v 0.2 3.5 0.4
v 0.2 5 0.4
v 0.2 5.1 0.4
v 0.2 6.4 0.4
v 0.2 6.5 0.4
v 0.2 6.8 0.4
v 0.2 6.9 0.4
v 0.2 7.3 0.4
v 0.2 7.4 0.4
v 0.2 7.8 0.4
v 0.2 7.9 0.4
v 0.2 8.3 0.4
v 0.2 8.4 0.4
v 0.2 8.7 0.4
v 0.2 8.8 0.4
v 0.8 9.1 0.4
v 0.8 9.2 0.4
v 0.8 9.8 0.4
v 0.8 9.9 0.4
v 0.9 9.1 0.4
v 0.9 9.2 0.4
v 0.9 9.8 0.4
v 0.9 9.9 0.4
v -3.6 9.4 0.3
v -3.6 9.6 0.3
v -3.5 9.4 0.3
v -3.5 9.6 0.3
v -1.9 0.4 0.3
v -1.9 0.5 0.3
v -1.9 0.7 0.3
v -1.9 0.8 0.3
v -1.9 1.5 0.3
v -1.9 1.6 0.3
v -1.9 1.8 0.3
v -1.9 1.9 0.3
v -1.9 2.7 0.3
v -1.9 2.8 0.3
v -1.9 3.2 0.3
v -1.9 3.3 0.3
v -1.9 3.9 0.3
v -1.9 4 0.3
v -1.9 4.2 0.3
v -1.9 4.3 0.3
v -1.9 5.1 0.3
v -1.9 5.2 0.3
v -1.9 5.6 0.3
v -1.9 5.7 0.3
v -1.9 6.3 0.3
v -1.9 6.4 0.3
v -1.9 6.6 0.3
v -1.9 6.7 0.3
v -1.9 7.4 0.3
v -1.9 7.5 0.3
v -1.9 7.6 0.3
v -1.9 7.7 0.3
v -1.9 8.3 0.3
v -1.9 8.4 0.3
v -1.9 8.7 0.3
v -1.9 8.8 0.3
v -1.8 0.4 0.3
v -1.8 0.5 0.3
v -1.8 0.7 0.3
v -1.8 0.8 0.3
v -1.8 1.5 0.3
v -1.8 1.6 0.3
v -1.8 1.8 0.3
v -1.8 1.9 0.3
v -1.8 2.7 0.3
v -1.8 2.8 0.3
v -1.8 3.2 0.3
v -1.8 3.3 0.3
v -1.8 3.9 0.3
v -1.8 4 0.3
v -1.8 4.2 0.3
v -1.8 4.3 0.3
v -1.8 5.1 0.3
v -1.8 5.2 0.3
v -1.8 5.6 0.3
v -1.8 5.7 0.3
v -1.8 6.3 0.3
v -1.8 6.4 0.3
v -1.8 6.6 0.3
v -1.8 6.7 0.3
v -1.8 7.4 0.3
v -1.8 7.5 0.3
v -1.8 7.6 0.3
v -1.8 7.7 0.3
v -1.8 8.3 0.3
v -1.8 8.4 0.3
v -1.8 8.7 0.3
v -1.8 8.8 0.3
v 0.0999999 0.2 0.3
v 0.0999999 0.3 0.3
v 0.0999999 1.1 0.3
v 0.0999999 1.2 0.3
v 0.0999999 1.5 0.3
v 0.0999999 1.6 0.3
v 0.0999999 2.3 0.3
v 0.0999999 2.4 0.3
v 0.0999999 3.8 0.3
v 0.0999999 3.9 0.3
v 0.0999999 4.5 0.3
v 0.0999999 4.6 0.3
v 0.0999999 4.9 0.3
v 0.0999999 5 0.3
v 0.0999999 6.5 0.3
v 0.0999999 6.6 0.3
v 0.0999999 7.4 0.3
v 0.0999999 7.5 0.3
v 0.0999999 8.4 0.3
v 0.0999999 8.5 0.3
v 0.0999999 8.6 0.3
v 0.0999999 8.7 0.3
v 0.2 0.2 0.3
v 0.2 0.3 0.3
v 0.2 1.1 0.3
v 0.2 1.2 0.3
v 0.2 1.5 0.3
v 0.2 1.6 0.3
v 0.2 2.3 0.3
v 0.2 2.4 0.3
v 0.2 3.8 0.3
v 0.2 3.9 0.3
v 0.2 4.5 0.3
v 0.2 4.6 0.3
v 0.2 4.9 0.3
v 0.2 5 0.3
v 0.2 6.5 0.3
v 0.2 6.6 0.3
v 0.2 7.4 0.3
v 0.2 7.5 0.3
v 0.2 8.4 0.3
v 0.2 8.5 0.3
v 0.2 8.6 0.3
v 0.2 8.7 0.3
v 1.6 9.4 0.3
v 1.6 9.6 0.3
v 1.7 9.4 0.3
v 1.7 9.6 0.3
v -3.5 9.3 0.2
v -3.5 9.4 0.2
v -3.5 9.6 0.2
v -3.5 9.7 0.2
v -3.4 9.3 0.2
v -3.4 9.4 0.2
v -3.4 9.6 0.2
v -3.4 9.7 0.2
v -2.1 9 0.2
v -2.1 9.1 0.2
v -2.1 9.9 0.2
v -2.1 10 0.2
v -2 9 0.2
v -2 9.1 0.2
v -2 9.9 0.2
v -2 10 0.2
v -1.9 0.5 0.2
v -1.9 0.7 0.2
v -1.9 1.6 0.2
v -1.9 1.7 0.2
v -1.9 2.8 0.2
v -1.9 2.9 0.2
v -1.9 3.1 0.2
v -1.9 3.2 0.2
v -1.9 4 0.2
v -1.9 4.2 0.2
v -1.9 5.2 0.2
v -1.9 5.3 0.2
v -1.9 5.5 0.2
v -1.9 5.6 0.2
v -1.9 6.4 0.2
v -1.9 6.5 0.2
v -1.9 7.5 0.2
v -1.9 7.6 0.2
v -1.8 0.5 0.2
v -1.8 0.7 0.2
v -1.8 1.6 0.2
v -1.8 1.7 0.2
v -1.8 2.8 0.2
v -1.8 2.9 0.2
v -1.8 3.1 0.2
v -1.8 3.2 0.2
v -1.8 4 0.2
v -1.8 4.2 0.2
v -1.8 5.2 0.2
v -1.8 5.3 0.2
v -1.8 5.5 0.2
v -1.8 5.6 0.2
v -1.8 6.4 0.2
v -1.8 6.5 0.2
v -1.8 7.5 0.2
v -1.8 7.6 0.2
v 0.0999999 0.3 0.2
v 0.0999999 0.5 0.2
v 0.0999999 1.2 0.2
v 0.0999999 1.3 0.2
v 0.0999999 2.7 0.2
v 0.0999999 2.8 0.2
v 0.0999999 3.5 0.2
v 0.0999999 3.6 0.2
v 0.0999999 3.7 0.2
v 0.0999999 3.8 0.2
v 0.0999999 4.8 0.2
v 0.0999999 4.9 0.2
v 0.0999999 6.7 0.2
v 0.0999999 6.8 0.2
v 0.0999999 7.5 0.2
v 0.0999999 7.6 0.2
v 0.0999999 7.7 0.2
v 0.0999999 7.8 0.2
v 0.0999999 9 0.2
v 0.0999999 9.1 0.2
v 0.0999999 9.9 0.2
v 0.0999999 10 0.2
v 0.2 0.3 0.2
v 0.2 0.5 0.2
v 0.2 1.2 0.2
v 0.2 1.3 0.2
v 0.2 2.7 0.2
v 0.2 2.8 0.2
v 0.2 3.5 0.2
v 0.2 3.6 0.2
v 0.2 3.7 0.2
v 0.2 3.8 0.2
v 0.2 4.8 0.2
v 0.2 4.9 0.2
v 0.2 6.7 0.2
v 0.2 6.8 0.2
v 0.2 7.5 0.2
v 0.2 7.6 0.2
v 0.2 7.7 0.2
v 0.2 7.8 0.2
v 0.2 9 0.2
v 0.2 9.1 0.2
v 0.2 9.9 0.2
v 0.2 10 0.2
v 1.5 9.3 0.2
v 1.5 9.4 0.2
v 1.5 9.6 0.2
v 1.5 9.7 0.2
v 1.6 9.3 0.2
v 1.6 9.4 0.2
v 1.6 9.6 0.2
v 1.6 9.7 0.2
v -1.9 1.7 0.0999999
v -1.9 1.8 0.0999999
v -1.9 2.9 0.0999999
v -1.9 3.1 0.0999999
v -1.9 4.2 0.0999999
v -1.9 4.3 0.0999999
v -1.9 5.3 0.0999999
v -1.9 5.5 0.0999999
v -1.9 6.5 0.0999999
v -1.9 6.6 0.0999999
v -1.9 8.4 0.0999999
v -1.9 8.5 0.0999999
v -1.9 8.6 0.0999999
v -1.9 8.7 0.0999999
v -1.8 1.7 0.0999999
v -1.8 1.8 0.0999999
v -1.8 2.9 0.0999999
v -1.8 3.1 0.0999999
v -1.8 4.2 0.0999999
v -1.8 4.3 0.0999999
v -1.8 5.3 0.0999999
v -1.8 5.5 0.0999999
v -1.8 6.5 0.0999999
v -1.8 6.6 0.0999999
v -1.8 8.4 0.0999999
v -1.8 8.5 0.0999999
v -1.8 8.6 0.0999999
v -1.8 8.7 0.0999999
v 0.0999999 1.3 0.0999999
v 0.0999999 1.5 0.0999999
v 0.0999999 2.4 0.0999999
v 0.0999999 2.5 0.0999999
v 0.0999999 2.6 0.0999999
v 0.0999999 2.7 0.0999999
v 0.0999999 3.6 0.0999999
v 0.0999999 3.7 0.0999999
v 0.0999999 4.6 0.0999999
v 0.0999999 4.7 0.0999999
v 0.0999999 6.6 0.0999999
v 0.0999999 6.7 0.0999999
v 0.0999999 7.6 0.0999999
v 0.0999999 7.7 0.0999999
v 0.0999999 8.5 0.0999999
v 0.0999999 8.6 0.0999999
v 0.2 1.3 0.0999999
v 0.2 1.5 0.0999999
v 0.2 2.4 0.0999999
v 0.2 2.5 0.0999999
v 0.2 2.6 0.0999999
v 0.2 2.7 0.0999999
v 0.2 3.6 0.0999999
v 0.2 3.7 0.0999999
v 0.2 4.6 0.0999999
v 0.2 4.7 0.0999999
v 0.2 6.6 0.0999999
v 0.2 6.7 0.0999999
v 0.2 7.6 0.0999999
v 0.2 7.7 0.0999999
v 0.2 8.5 0.0999999
v 0.2 8.6 0.0999999
v -1.9 0.5 0
v -1.9 0.6 0
v -1.9 0.7 0
v -1.9 0.8 0
v -1.9 1.6 0
v -1.9 1.7 0
v -1.9 1.8 0
v -1.9 1.9 0
v -1.9 4 0
v -1.9 4.1 0
v -1.9 4.3 0
v -1.9 4.4 0
v -1.9 7.4 0
v -1.9 7.5 0
v -1.9 7.6 0
v -1.9 7.7 0
v -1.9 8.5 0
v -1.9 8.6 0
v -1.8 0.5 0
v -1.8 0.6 0
v -1.8 0.7 0
v -1.8 0.8 0
v -1.8 1.6 0
v -1.8 1.7 0
v -1.8 1.8 0
v -1.8 1.9 0
v -1.8 4 0
v -1.8 4.1 0
v -1.8 4.3 0
v -1.8 4.4 0
v -1.8 7.4 0
v -1.8 7.5 0
v -1.8 7.6 0
v -1.8 7.7 0
v -1.8 8.5 0
v -1.8 8.6 0
v -1.7 0.5 0
v -1.7 0.6 0
v 0 5.6 0
v 0 5.7 0
v 0.0999999 2.5 0
v 0.0999999 2.6 0
v 0.0999999 3.7 0
v 0.0999999 3.8 0
v 0.0999999 4.7 0
v 0.0999999 4.8 0
v 0.0999999 5.6 0
v 0.0999999 5.7 0
v 0.0999999 8.4 0
v 0.0999999 8.5 0
v 0.0999999 8.6 0
v 0.0999999 8.7 0
v 0.2 2.5 0
v 0.2 2.6 0
v 0.2 3.7 0
v 0.2 3.8 0
v 0.2 4.7 0
v 0.2 4.8 0
v 0.2 5.6 0
v 0.2 5.7 0
v 0.2 8.4 0
v 0.2 8.5 0
v 0.2 8.6 0
v 0.2 8.7 0
v -1.9 0.4 -0.1
v -1.9 0.5 -0.1
v -1.9 0.8 -0.1
v -1.9 0.9 -0.1
v -1.9 1.9 -0.1
v -1.9 2 -0.1
v -1.9 2.8 -0.1
v -1.9 2.9 -0.1
v -1.9 3.1 -0.1
v -1.9 3.2 -0.1
v -1.9 3.9 -0.1
v -1.9 4 -0.1
v -1.9 4.4 -0.1
v -1.9 4.5 -0.1
v -1.9 5.3 -0.1
v -1.9 5.4 -0.1
v -1.9 5.5 -0.1
v -1.9 5.6 -0.1
v -1.9 6.6 -0.1
v -1.9 6.7 -0.1
v -1.9 7.3 -0.1
v -1.9 7.4 -0.1
v -1.9 7.7 -0.1
v -1.9 7.8 -0.1
v -1.9 8.4 -0.1
v -1.9 8.5 -0.1
v -1.8 0.4 -0.1
v -1.8 0.5 -0.1
v -1.8 0.8 -0.1
v -1.8 0.9 -0.1
v -1.8 1.9 -0.1
v -1.8 2 -0.1
v -1.8 2.8 -0.1
v -1.8 2.9 -0.1
v -1.8 3.1 -0.1
v -1.8 3.2 -0.1
v -1.8 3.9 -0.1
v -1.8 4 -0.1
v -1.8 4.4 -0.1
v -1.8 4.5 -0.1
v -1.8 5.3 -0.1
v -1.8 5.4 -0.1
v -1.8 5.5 -0.1
v -1.8 5.6 -0.1
v -1.8 6.6 -0.1
v -1.8 6.7 -0.1
v -1.8 7.3 -0.1
v -1.8 7.4 -0.1
v -1.8 7.7 -0.1
v -1.8 7.8 -0.1
v -1.8 8.4 -0.1
v -1.8 8.5 -0.1
v -1.7 0.4 -0.1
v -1.7 0.5 -0.1
v 0 4.8 -0.1
v 0 4.9 -0.1
v 0 5.5 -0.1
v 0 5.6 -0.1
v 0.0999999 0.5 -0.1
v 0.0999999 0.6 -0.1
v 0.0999999 1.2 -0.1
v 0.0999999 1.3 -0.1
v 0.0999999 1.5 -0.1
v 0.0999999 1.6 -0.1
v 0.0999999 2.4 -0.1
v 0.0999999 2.5 -0.1
v 0.0999999 3.5 -0.1
v 0.0999999 3.6 -0.1
v 0.0999999 3.8 -0.1
v 0.0999999 3.9 -0.1
v 0.0999999 4.6 -0.1
v 0.0999999 4.7 -0.1
v 0.0999999 4.8 -0.1
v 0.0999999 4.9 -0.1
v 0.0999999 5.5 -0.1
v 0.0999999 5.6 -0.1
v 0.0999999 5.9 -0.1
v 0.0999999 6 -0.1
v 0.0999999 7.5 -0.1
v 0.0999999 7.6 -0.1
v 0.0999999 7.7 -0.1
v 0.0999999 7.8 -0.1
v 0.0999999 8.7 -0.1
v 0.0999999 8.8 -0.1
v 0.2 0.5 -0.1
v 0.2 0.6 -0.1
v 0.2 1.2 -0.1
v 0.2 1.3 -0.1
v 0.2 1.5 -0.1
v 0.2 1.6 -0.1
v 0.2 2.4 -0.1
v 0.2 2.5 -0.1
v 0.2 3.5 -0.1
v 0.2 3.6 -0.1
v 0.2 3.8 -0.1
v 0.2 3.9 -0.1
v 0.2 4.6 -0.1
v 0.2 4.7 -0.1
v 0.2 4.8 -0.1
v 0.2 4.9 -0.1
v 0.2 5.5 -0.1
v 0.2 5.6 -0.1
v 0.2 5.9 -0.1
v 0.2 6 -0.1
v 0.2 7.5 -0.1
v 0.2 7.6 -0.1
v 0.2 7.7 -0.1
v 0.2 7.8 -0.1
v 0.2 8.7 -0.1
v 0.2 8.8 -0.1
v -1.9 0.3 -0.2
v -1.9 0.4 -0.2
v -1.9 0.9 -0.2
v -1.9 1 -0.2
v -1.9 1.5 -0.2
v -1.9 1.6 -0.2
v -1.9 2 -0.2
v -1.9 2.1 -0.2
v -1.9 3.2 -0.2
v -1.9 3.4 -0.2
v -1.9 3.8 -0.2
v -1.9 3.9 -0.2
v -1.9 4.5 -0.2
v -1.9 4.6 -0.2
v -1.9 5.2 -0.2
v -1.9 5.3 -0.2
v -1.9 5.6 -0.2
v -1.9 5.7 -0.2
v -1.9 6.3 -0.2
v -1.9 6.4 -0.2
v -1.9 6.7 -0.2
v -1.9 6.8 -0.2
v -1.9 7.8 -0.2
v -1.9 7.9 -0.2
v -1.9 8.6 -0.2
v -1.9 8.7 -0.2
v -1.8 0.3 -0.2
v -1.8 0.4 -0.2
v -1.8 0.9 -0.2
v -1.8 1 -0.2
v -1.8 1.5 -0.2
v -1.8 1.6 -0.2
v -1.8 2 -0.2
v -1.8 2.1 -0.2
v -1.8 3.2 -0.2
v -1.8 3.4 -0.2
v -1.8 3.8 -0.2
v -1.8 3.9 -0.2
v -1.8 4.5 -0.2
v -1.8 4.6 -0.2
v -1.8 5.2 -0.2
v -1.8 5.3 -0.2
v -1.8 5.6 -0.2
v -1.8 5.7 -0.2
v -1.8 6.3 -0.2
v -1.8 6.4 -0.2
v -1.8 6.7 -0.2
v -1.8 6.8 -0.2
v -1.8 7.8 -0.2
v -1.8 7.9 -0.2
v -1.8 8.6 -0.2
v -1.8 8.7 -0.2
v -1.7 0.3 -0.2
v -1.7 0.4 -0.2
v 0.0999999 0.2 -0.2
v 0.0999999 0.3 -0.2
v 0.0999999 1.6 -0.2
v 0.0999999 1.7 -0.2
v 0.0999999 2.3 -0.2
v 0.0999999 2.4 -0.2
v 0.0999999 2.6 -0.2
v 0.0999999 2.7 -0.2
v 0.0999999 3.4 -0.2
v 0.0999999 3.5 -0.2
v 0.0999999 3.9 -0.2
v 0.0999999 4 -0.2
v 0.0999999 6 -0.2
v 0.0999999 6.1 -0.2
v 0.0999999 6.5 -0.2
v 0.0999999 6.6 -0.2
v 0.0999999 6.8 -0.2
v 0.0999999 6.9 -0.2
v 0.0999999 7.4 -0.2
v 0.0999999 7.5 -0.2
v 0.0999999 7.8 -0.2
v 0.0999999 7.9 -0.2
v 0.0999999 8.3 -0.2
v 0.0999999 8.4 -0.2
v 0.2 0.2 -0.2
v 0.2 0.3 -0.2
v 0.2 1.6 -0.2
v 0.2 1.7 -0.2
v 0.2 2.3 -0.2
v 0.2 2.4 -0.2
v 0.2 2.6 -0.2
v 0.2 2.7 -0.2
v 0.2 3.4 -0.2
v 0.2 3.5 -0.2
v 0.2 3.9 -0.2
v 0.2 4 -0.2
v 0.2 6 -0.2
v 0.2 6.1 -0.2
v 0.2 6.5 -0.2
v 0.2 6.6 -0.2
v 0.2 6.8 -0.2
v 0.2 6.9 -0.2
v 0.2 7.4 -0.2
v 0.2 7.5 -0.2
v 0.2 7.8 -0.2
v 0.2 7.9 -0.2
v 0.2 8.3 -0.2
v 0.2 8.4 -0.2
v -1.9 1 -0.3
v -1.9 1.1 -0.3
v -1.9 2.1 -0.3
v -1.9 2.3 -0.3
v -1.9 2.7 -0.3
v -1.9 2.8 -0.3
v -1.9 3.4 -0.3
v -1.9 3.5 -0.3
v -1.9 4.6 -0.3
v -1.9 4.7 -0.3
v -1.9 5.1 -0.3
v -1.9 5.2 -0.3
v -1.9 5.7 -0.3
v -1.9 5.8 -0.3
v -1.9 6.2 -0.3
v -1.9 6.3 -0.3
v -1.9 6.8 -0.3
v -1.9 6.9 -0.3
v -1.9 7.2 -0.3
v -1.9 7.3 -0.3
v -1.9 7.9 -0.3
v -1.9 8 -0.3
v -1.9 8.3 -0.3
v -1.9 8.4 -0.3
v -1.9 8.7 -0.3
v -1.9 8.8 -0.3
v -1.8 1 -0.3
v -1.8 1.1 -0.3
v -1.8 2.1 -0.3
v -1.8 2.3 -0.3
v -1.8 2.7 -0.3
v -1.8 2.8 -0.3
v -1.8 3.4 -0.3
v -1.8 3.5 -0.3
v -1.8 4.6 -0.3
v -1.8 4.7 -0.3
v -1.8 5.1 -0.3
v -1.8 5.2 -0.3
v -1.8 5.7 -0.3
v -1.8 5.8 -0.3
v -1.8 6.2 -0.3
v -1.8 6.3 -0.3
v -1.8 6.8 -0.3
v -1.8 6.9 -0.3
v -1.8 7.2 -0.3
v -1.8 7.3 -0.3
v -1.8 7.9 -0.3
v -1.8 8 -0.3
v -1.8 8.3 -0.3
v -1.8 8.4 -0.3
v -1.8 8.7 -0.3
v -1.8 8.8 -0.3
v 0 4.9 -0.3
v 0 5 -0.3
v 0 5.4 -0.3
v 0 5.5 -0.3
v 0.0999999 0.6 -0.3
v 0.0999999 0.7 -0.3
v 0.0999999 1.1 -0.3
v 0.0999999 1.2 -0.3
v 0.0999999 2.2 -0.3
v 0.0999999 2.3 -0.3
v 0.0999999 2.7 -0.3
v 0.0999999 2.8 -0.3
v 0.0999999 3.3 -0.3
v 0.0999999 3.4 -0.3
v 0.0999999 4.5 -0.3
v 0.0999999 4.6 -0.3
v 0.0999999 4.9 -0.3
v 0.0999999 5 -0.3
v 0.0999999 5.4 -0.3
v 0.0999999 5.5 -0.3
v 0.0999999 6.1 -0.3
v 0.0999999 6.2 -0.3
v 0.0999999 6.9 -0.3
v 0.0999999 7 -0.3
v 0.0999999 7.9 -0.3
v 0.0999999 8 -0.3
v 0.0999999 8.8 -0.3
v 0.0999999 8.9 -0.3
v 0.2 0.6 -0.3
v 0.2 0.7 -0.3
v 0.2 1.1 -0.3
v 0.2 1.2 -0.3
v 0.2 2.2 -0.3
v 0.2 2.3 -0.3
v 0.2 2.7 -0.3
v 0.2 2.8 -0.3
v 0.2 3.3 -0.3
v 0.2 3.4 -0.3
v 0.2 4.5 -0.3
v 0.2 4.6 -0.3
v 0.2 4.9 -0.3
v 0.2 5 -0.3
v 0.2 5.4 -0.3
v 0.2 5.5 -0.3
v 0.2 6.1 -0.3
v 0.2 6.2 -0.3
v 0.2 6.9 -0.3
v 0.2 7 -0.3
v 0.2 7.9 -0.3
v 0.2 8 -0.3
v 0.2 8.8 -0.3
v 0.2 8.9 -0.3
v -1.9 0.2 -0.4
v -1.9 0.3 -0.4
v -1.9 1.1 -0.4
v -1.9 1.2 -0.4
v -1.9 1.4 -0.4
v -1.9 1.5 -0.4
v -1.9 2.3 -0.4
v -1.9 2.4 -0.4
v -1.9 2.6 -0.4
v -1.9 2.7 -0.4
v -1.9 3.5 -0.4
v -1.9 3.6 -0.4
v -1.9 3.7 -0.4
v -1.9 3.8 -0.4
v -1.9 4.7 -0.4
v -1.9 4.8 -0.4
v -1.9 5.8 -0.4
v -1.9 5.9 -0.4
v -1.9 6.1 -0.4
v -1.9 6.2 -0.4
v -1.9 6.9 -0.4
v -1.9 7 -0.4
v -1.9 7.1 -0.4
v -1.9 7.2 -0.4
v -1.9 8.2 -0.4
v -1.9 8.3 -0.4
v -1.9 8.8 -0.4
v -1.9 8.9 -0.4
v -1.8 0.2 -0.4
v -1.8 0.3 -0.4
v -1.8 1.1 -0.4
v -1.8 1.2 -0.4
v -1.8 1.4 -0.4
v -1.8 1.5 -0.4
v -1.8 2.3 -0.4
v -1.8 2.4 -0.4
v -1.8 2.6 -0.4
v -1.8 2.7 -0.4
v -1.8 3.5 -0.4
v -1.8 3.6 -0.4
v -1.8 3.7 -0.4
v -1.8 3.8 -0.4
v -1.8 4.7 -0.4
v -1.8 4.8 -0.4
v -1.8 5.8 -0.4
v -1.8 5.9 -0.4
v -1.8 6.1 -0.4
v -1.8 6.2 -0.4
v -1.8 6.9 -0.4
v -1.8 7 -0.4
v -1.8 7.1 -0.4
v -1.8 7.2 -0.4
v -1.8 8.2 -0.4
v -1.8 8.3 -0.4
v -1.8 8.8 -0.4
v -1.8 8.9 -0.4
v -1.7 0.2 -0.4
v -1.7 0.3 -0.4
v 0 5 -0.4
v 0 5.1 -0.4
v 0 5.3 -0.4
v 0 5.4 -0.4
v 0.0999999 0.1 -0.4
v 0.0999999 0.2 -0.4
v 0.0999999 0.7 -0.4
v 0.0999999 0.8 -0.4
v 0.0999999 1 -0.4
v 0.0999999 1.1 -0.4
v 0.0999999 1.7 -0.4
v 0.0999999 1.8 -0.4
v 0.0999999 2.8 -0.4
v 0.0999999 2.9 -0.4
v 0.0999999 4 -0.4
v 0.0999999 4.1 -0.4
v 0.0999999 4.4 -0.4
v 0.0999999 4.5 -0.4
v 0.0999999 5 -0.4
v 0.0999999 5.1 -0.4
v 0.0999999 5.3 -0.4
v 0.0999999 5.4 -0.4
v 0.0999999 6.4 -0.4
v 0.0999999 6.5 -0.4
v 0.0999999 7 -0.4
v 0.0999999 7.1 -0.4
v 0.0999999 7.3 -0.4
v 0.0999999 7.4 -0.4
v 0.0999999 8.2 -0.4
v 0.0999999 8.3 -0.4
v 0.0999999 8.9 -0.4
v 0.0999999 9 -0.4
v 0.2 0.1 -0.4
v 0.2 0.2 -0.4
v 0.2 0.7 -0.4
v 0.2 0.8 -0.4
v 0.2 1 -0.4
v 0.2 1.1 -0.4
v 0.2 1.7 -0.4
v 0.2 1.8 -0.4
v 0.2 2.8 -0.4
v 0.2 2.9 -0.4
v 0.2 4 -0.4
v 0.2 4.1 -0.4
v 0.2 4.4 -0.4
v 0.2 4.5 -0.4
v 0.2 5 -0.4
v 0.2 5.1 -0.4
v 0.2 5.3 -0.4
v 0.2 5.4 -0.4
v 0.2 6.4 -0.4
v 0.2 6.5 -0.4
v 0.2 7 -0.4
v 0.2 7.1 -0.4
v 0.2 7.3 -0.4
v 0.2 7.4 -0.4
v 0.2 8.2 -0.4
v 0.2 8.3 -0.4
v 0.2 8.9 -0.4
v 0.2 9 -0.4
v -1.9 0.1 -0.5
v -1.9 0.2 -0.5
v -1.9 1.2 -0.5
v -1.9 1.3 -0.5
v -1.9 2.4 -0.5
v -1.9 2.6 -0.5
v -1.9 3.6 -0.5
v -1.9 3.7 -0.5
v -1.9 4.8 -0.5
v -1.9 4.9 -0.5
v -1.9 5 -0.5
v -1.9 5.1 -0.5
v -1.9 5.9 -0.5
v -1.9 6 -0.5
v -1.9 7 -0.5
v -1.9 7.1 -0.5
v -1.9 8 -0.5
v -1.9 8.1 -0.5
v -1.8 0.1 -0.5
v -1.8 0.2 -0.5
v -1.8 1.2 -0.5
v -1.8 1.3 -0.5
v -1.8 2.4 -0.5
v -1.8 2.6 -0.5
v -1.8 3.6 -0.5
v -1.8 3.7 -0.5
v -1.8 4.8 -0.5
v -1.8 4.9 -0.5
v -1.8 5 -0.5
v -1.8 5.1 -0.5
v -1.8 5.9 -0.5
v -1.8 6 -0.5
v -1.8 7 -0.5
v -1.8 7.1 -0.5
v -1.8 8 -0.5
v -1.8 8.1 -0.5
v -1.7 0.1 -0.5
v -1.7 0.2 -0.5
v 0.0999999 1.8 -0.5
v 0.0999999 1.9 -0.5
v 0.0999999 2.1 -0.5
v 0.0999999 2.2 -0.5
v 0.0999999 3.2 -0.5
v 0.0999999 3.3 -0.5
v 0.0999999 4.1 -0.5
v 0.0999999 4.2 -0.5
v 0.0999999 4.3 -0.5
v 0.0999999 4.4 -0.5
v 0.0999999 6.2 -0.5
v 0.0999999 6.3 -0.5
v 0.0999999 8 -0.5
v 0.0999999 8.2 -0.5
v 0.2 1.8 -0.5
v 0.2 1.9 -0.5
v 0.2 2.1 -0.5
v 0.2 2.2 -0.5
v 0.2 3.2 -0.5
v 0.2 3.3 -0.5
v 0.2 4.1 -0.5
v 0.2 4.2 -0.5
v 0.2 4.3 -0.5
v 0.2 4.4 -0.5
v 0.2 6.2 -0.5
v 0.2 6.3 -0.5
v 0.2 8 -0.5
v 0.2 8.2 -0.5
v -1.9 1.3 -0.6
v -1.9 1.4 -0.6
v -1.9 4.9 -0.6
v -1.9 5 -0.6
v -1.9 6 -0.6
v -1.9 6.1 -0.6
v -1.9 8.1 -0.6
v -1.9 8.2 -0.6
v -1.9 8.9 -0.6
v -1.9 9 -0.6
v -1.8 1.3 -0.6
v -1.8 1.4 -0.6
v -1.8 4.9 -0.6
v -1.8 5 -0.6
v -1.8 6 -0.6
v -1.8 6.1 -0.6
v -1.8 8.1 -0.6
v -1.8 8.2 -0.6
v -1.8 8.9 -0.6
v -1.8 9 -0.6
v 0 5.1 -0.6
v 0 5.3 -0.6
v 0.0999999 0 -0.6
v 0.0999999 0.1 -0.6
v 0.0999999 0.8 -0.6
v 0.0999999 1 -0.6
v 0.0999999 1.9 -0.6
v 0.0999999 2.1 -0.6
v 0.0999999 2.9 -0.6
v 0.0999999 3 -0.6
v 0.0999999 3.1 -0.6
v 0.0999999 3.2 -0.6
v 0.0999999 4.2 -0.6
v 0.0999999 4.3 -0.6
v 0.0999999 5.1 -0.6
v 0.0999999 5.3 -0.6
v 0.0999999 6.3 -0.6
v 0.0999999 6.4 -0.6
v 0.0999999 7.1 -0.6
v 0.0999999 7.3 -0.6
v 0.0999999 9 -0.6
v 0.0999999 9.1 -0.6
v 0.2 0 -0.6
v 0.2 0.1 -0.6
v 0.2 0.8 -0.6
v 0.2 1 -0.6
v 0.2 1.9 -0.6
v 0.2 2.1 -0.6
v 0.2 2.9 -0.6
v 0.2 3 -0.6
v 0.2 3.1 -0.6
v 0.2 3.2 -0.6
v 0.2 4.2 -0.6
v 0.2 4.3 -0.6
v 0.2 5.1 -0.6
v 0.2 5.3 -0.6
v 0.2 6.3 -0.6
v 0.2 6.4 -0.6
v 0.2 7.1 -0.6
v 0.2 7.3 -0.6
v 0.2 9 -0.6
v 0.2 9.1 -0.6
v -1.9 0 -0.7
v -1.9 1.3 -0.7
v -1.9 1.4 -0.7
v -1.9 2.5 -0.7
v -1.9 2.6 -0.7
v -1.9 3.6 -0.7
v -1.9 3.7 -0.7
v -1.9 4.9 -0.7
v -1.9 5 -0.7
v -1.9 6 -0.7
v -1.9 6.1 -0.7
v -1.9 7 -0.7
v -1.9 7.1 -0.7
v -1.9 8.1 -0.7
v -1.9 8.2 -0.7
v -1.9 8.9 -0.7
v -1.8 0 -0.7
v -1.8 1.3 -0.7
v -1.8 1.4 -0.7
v -1.8 2.5 -0.7
v -1.8 2.6 -0.7
v -1.8 3.6 -0.7
v -1.8 3.7 -0.7
v -1.8 4.9 -0.7
v -1.8 5 -0.7
v -1.8 6 -0.7
v -1.8 6.1 -0.7
v -1.8 7 -0.7
v -1.8 7.1 -0.7
v -1.8 8.1 -0.7
v -1.8 8.2 -0.7
v -1.8 8.9 -0.7
v -1.7 0 -0.7
v -1.7 1.3 -0.7
v 0.0999999 0.1 -0.7
v 0.0999999 0.8 -0.7
v 0.0999999 1 -0.7
v 0.0999999 1.9 -0.7
v 0.0999999 2.1 -0.7
v 0.0999999 2.9 -0.7
v 0.0999999 3 -0.7
v 0.0999999 3.1 -0.7
v 0.0999999 3.2 -0.7
v 0.0999999 4.2 -0.7
v 0.0999999 4.4 -0.7
v 0.0999999 5.1 -0.7
v 0.0999999 5.3 -0.7
v 0.0999999 6.3 -0.7
v 0.0999999 6.4 -0.7
v 0.0999999 7.1 -0.7
v 0.0999999 7.3 -0.7
v 0.0999999 8.1 -0.7
v 0.0999999 8.2 -0.7
v 0.0999999 9 -0.7
v 0.2 0.1 -0.7
v 0.2 0.8 -0.7
v 0.2 1 -0.7
v 0.2 1.9 -0.7
v 0.2 2.1 -0.7
v 0.2 2.9 -0.7
v 0.2 3 -0.7
v 0.2 3.1 -0.7
v 0.2 3.2 -0.7
v 0.2 4.2 -0.7
v 0.2 4.4 -0.7
v 0.2 5.1 -0.7
v 0.2 5.3 -0.7
v 0.2 6.3 -0.7
v 0.2 6.4 -0.7
v 0.2 7.1 -0.7
v 0.2 7.3 -0.7
v 0.2 8.1 -0.7
v 0.2 8.2 -0.7
v 0.2 9 -0.7
v -2 5.4 -1
v -2 6.2 -1
v 0.3 5.4 -1
v 0.3 6.2 -1
v -2.7 5.8 -1.3
v -2.7 6.2 -1.3
v -2.6 5.8 -1.3
v -2.6 6.2 -1.3
v 0.9 5.7 -1.3
v 0.9 6.2 -1.3
v 1 5.7 -1.3
v 1 6.2 -1.3
v -2.7 5.8 1.3
v -2.7 6.2 1.3
v -2.6 5.8 1.3
v -2.6 6.2 1.3
v 0.9 5.7 1.3
v 0.9 6.2 1.3
v 1 5.7 1.3
v 1 6.2 1.3
v -2 5.4 1
v -2 6.2 1
v 0.3 5.4 1
v 0.3 6.2 1
v -1.9 0.1 0.7
v -1.9 1 0.7
v -1.9 1.1 0.7
v -1.9 2 0.7
v -1.9 2.1 0.7
v -1.9 2.2 0.7
v -1.9 2.3 0.7
v -1.9 3.5 0.7
v -1.9 3.6 0.7
v -1.9 4.5 0.7
v -1.9 4.6 0.7
v -1.9 4.7 0.7
v -1.9 4.8 0.7
v -1.9 5.9 0.7
v -1.9 6 0.7
v -1.9 6.9 0.7
v -1.9 7 0.7
v -1.9 7.1 0.7
v -1.9 7.2 0.7
v -1.9 7.9 0.7
v -1.9 8.1 0.7
v -1.9 9 0.7
v -1.9 9.9 0.7
v -1.9 10 0.7
v -1.8 0.1 0.7
v -1.8 1 0.7
v -1.8 1.1 0.7
v -1.8 2 0.7
v -1.8 2.1 0.7
v -1.8 2.2 0.7
v -1.8 2.3 0.7
v -1.8 3.5 0.7
v -1.8 3.6 0.7
v -1.8 4.5 0.7
v -1.8 4.6 0.7
v -1.8 4.7 0.7
v -1.8 4.8 0.7
v -1.8 5.9 0.7
v -1.8 6 0.7
v -1.8 6.9 0.7
v -1.8 7 0.7
v -1.8 7.1 0.7
v -1.8 7.2 0.7
v -1.8 7.9 0.7
v -1.8 8.1 0.7
v -1.8 9 0.7
v -1.8 9.9 0.7
v -1.8 10 0.7
v 0.0999999 0 0.7
v 0.0999999 0.7 0.7
v 0.0999999 0.9 0.7
v 0.0999999 1.8 0.7
v 0.0999999 1.9 0.7
v 0.0999999 2 0.7
v 0.0999999 2.1 0.7
v 0.0999999 3.1 0.7
v 0.0999999 3.2 0.7
v 0.0999999 4.1 0.7
v 0.0999999 4.3 0.7
v 0.0999999 5.2 0.7
v 0.0999999 6.3 0.7
v 0.0999999 7 0.7
v 0.0999999 7.2 0.7
v 0.0999999 8 0.7
v 0.0999999 8.2 0.7
v 0.0999999 8.9 0.7
v 0.0999999 9 0.7
v 0.0999999 9.1 0.7
v 0.2 0 0.7
v 0.2 0.7 0.7
v 0.2 0.9 0.7
v 0.2 1.8 0.7
v 0.2 1.9 0.7
v 0.2 2 0.7
v 0.2 2.1 0.7
v 0.2 3.1 0.7
v 0.2 3.2 0.7
v 0.2 4.1 0.7
v 0.2 4.3 0.7
v 0.2 5.2 0.7
v 0.2 6.3 0.7
v 0.2 7 0.7
v 0.2 7.2 0.7
v 0.2 8 0.7
v 0.2 8.2 0.7
v 0.2 8.9 0.7
v 0.2 9 0.7
v 0.2 9.1 0.7
v -1.9 0 0.6
v -1.9 0.1 0.6
v -1.9 1 0.6
v -1.9 1.1 0.6
v -1.9 2.2 0.6
v -1.9 2.3 0.6
v -1.9 3.5 0.6
v -1.9 3.6 0.6
v -1.9 4.5 0.6
v -1.9 4.6 0.6
v -1.9 4.7 0.6
v -1.9 4.8 0.6
v -1.9 5.9 0.6
v -1.9 6 0.6
v -1.9 7.1 0.6
v -1.9 7.2 0.6
v -1.9 7.9 0.6
v -1.9 8 0.6
v -1.9 9 0.6
v -1.9 9.1 0.6
v -1.8 0 0.6
v -1.8 0.1 0.6
v -1.8 1 0.6
v -1.8 1.1 0.6
v -1.8 2.2 0.6
v -1.8 2.3 0.6
v -1.8 3.5 0.6
v -1.8 3.6 0.6
v -1.8 4.5 0.6
v -1.8 4.6 0.6
v -1.8 4.7 0.6
v -1.8 4.8 0.6
v -1.8 5.9 0.6
v -1.8 6 0.6
v -1.8 7.1 0.6
v -1.8 7.2 0.6
v -1.8 7.9 0.6
v -1.8 8 0.6
v -1.8 9 0.6
v -1.8 9.1 0.6
v -1.7 0 0.6
v -1.7 0.1 0.6
v 0 5.2 0.6
v 0 5.4 0.6
v 0.0999999 0.7 0.6
v 0.0999999 0.9 0.6
v 0.0999999 1.8 0.6
v 0.0999999 1.9 0.6
v 0.0999999 3.1 0.6
v 0.0999999 3.2 0.6
v 0.0999999 4.1 0.6
v 0.0999999 4.3 0.6
v 0.0999999 5.2 0.6
v 0.0999999 5.4 0.6
v 0.0999999 6.1 0.6
v 0.0999999 6.2 0.6
v 0.0999999 7 0.6
v 0.0999999 7.2 0.6
v 0.0999999 8 0.6
v 0.0999999 8.2 0.6
v 0.0999999 8.9 0.6
v 0.0999999 9 0.6
v 0.0999999 9.9 0.6
v 0.0999999 10 0.6
v 0.2 0.7 0.6
v 0.2 0.9 0.6
v 0.2 1.8 0.6
v 0.2 1.9 0.6
v 0.2 3.1 0.6
v 0.2 3.2 0.6
v 0.2 4.1 0.6
v 0.2 4.3 0.6
v 0.2 5.2 0.6
v 0.2 5.4 0.6
v 0.2 6.1 0.6
v 0.2 6.2 0.6
v 0.2 7 0.6
v 0.2 7.2 0.6
v 0.2 8 0.6
v 0.2 8.2 0.6
v 0.2 8.9 0.6
v 0.2 9 0.6
v 0.2 9.9 0.6
v 0.2 10 0.6
v -1.9 0.1 0.5
v -1.9 0.2 0.5
v -1.9 1.1 0.5
v -1.9 1.2 0.5
v -1.9 2 0.5
v -1.9 2.1 0.5
v -1.9 2.3 0.5
v -1.9 2.4 0.5
v -1.9 3.4 0.5
v -1.9 3.5 0.5
v -1.9 3.6 0.5
v -1.9 3.7 0.5
v -1.9 4.8 0.5
v -1.9 4.9 0.5
v -1.9 5.8 0.5
v -1.9 5.9 0.5
v -1.9 6 0.5
v -1.9 6.1 0.5
v -1.9 6.9 0.5
v -1.9 7 0.5
v -1.9 8 0.5
v -1.9 8.1 0.5
v -1.8 0.1 0.5
v -1.8 0.2 0.5
v -1.8 1.1 0.5
v -1.8 1.2 0.5
v -1.8 2 0.5
v -1.8 2.1 0.5
v -1.8 2.3 0.5
v -1.8 2.4 0.5
v -1.8 3.4 0.5
v -1.8 3.5 0.5
v -1.8 3.6 0.5
v -1.8 3.7 0.5
v -1.8 4.8 0.5
v -1.8 4.9 0.5
v -1.8 5.8 0.5
v -1.8 5.9 0.5
v -1.8 6 0.5
v -1.8 6.1 0.5
v -1.8 6.9 0.5
v -1.8 7 0.5
v -1.8 8 0.5
v -1.8 8.1 0.5
v -1.7 0.1 0.5
v -1.7 0.2 0.5
v 0 5.4 0.5
v 0 5.5 0.5
v 0.0999999 0 0.5
v 0.0999999 0.1 0.5
v 0.0999999 0.9 0.5
v 0.0999999 1 0.5
v 0.0999999 2 0.5
v 0.0999999 2.1 0.5
v 0.0999999 3 0.5
v 0.0999999 3.1 0.5
v 0.0999999 3.2 0.5
v 0.0999999 3.3 0.5
v 0.0999999 4 0.5
v 0.0999999 4.1 0.5
v 0.0999999 5.4 0.5
v 0.0999999 5.5 0.5
v 0.0999999 6.2 0.5
v 0.0999999 6.3 0.5
v 0.2 0 0.5
v 0.2 0.1 0.5
v 0.2 0.9 0.5
v 0.2 1 0.5
v 0.2 2 0.5
v 0.2 2.1 0.5
v 0.2 3 0.5
v 0.2 3.1 0.5
v 0.2 3.2 0.5
v 0.2 3.3 0.5
v 0.2 4 0.5
v 0.2 4.1 0.5
v 0.2 5.4 0.5
v 0.2 5.5 0.5
v 0.2 6.2 0.5
v 0.2 6.3 0.5
v -1.9 0.2 0.4
v -1.9 0.3 0.4
v -1.9 0.9 0.4
v -1.9 1 0.4
v -1.9 1.2 0.4
v -1.9 1.3 0.4
v -1.9 2.4 0.4
v -1.9 2.6 0.4
v -1.9 3.7 0.4
v -1.9 3.8 0.4
v -1.9 4.4 0.4
v -1.9 4.5 0.4
v -1.9 4.9 0.4
v -1.9 5 0.4
v -1.9 6.1 0.4
v -1.9 6.2 0.4
v -1.9 6.8 0.4
v -1.9 6.9 0.4
v -1.9 7.2 0.4
v -1.9 7.3 0.4
v -1.9 7.8 0.4
v -1.9 7.9 0.4
v -1.9 8.1 0.4
v -1.9 8.2 0.4
v -1.9 8.9 0.4
v -1.9 9 0.4
v -1.8 0.2 0.4
v -1.8 0.3 0.4
v -1.8 0.9 0.4
v -1.8 1 0.4
v -1.8 1.2 0.4
v -1.8 1.3 0.4
v -1.8 2.4 0.4
v -1.8 2.6 0.4
v -1.8 3.7 0.4
v -1.8 3.8 0.4
v -1.8 4.4 0.4
v -1.8 4.5 0.4
v -1.8 4.9 0.4
v -1.8 5 0.4
v -1.8 6.1 0.4
v -1.8 6.2 0.4
v -1.8 6.8 0.4
v -1.8 6.9 0.4
v -1.8 7.2 0.4
v -1.8 7.3 0.4
v -1.8 7.8 0.4
v -1.8 7.9 0.4
v -1.8 8.1 0.4
v -1.8 8.2 0.4
v -1.8 8.9 0.4
v -1.8 9 0.4
v -1.7 0.2 0.4
v -1.7 0.3 0.4
v 0 5.1 0.4
v 0 5.2 0.4
v 0.0999999 0.6 0.4
v 0.0999999 0.7 0.4
v 0.0999999 1.7 0.4
v 0.0999999 1.8 0.4
v 0.0999999 2.1 0.4
v 0.0999999 2.2 0.4
v 0.0999999 2.9 0.4
v 0.0999999 3 0.4
v 0.0999999 3.3 0.4
v 0.0999999 3.4 0.4
v 0.0999999 4.3 0.4
v 0.0999999 4.4 0.4
v 0.0999999 5.1 0.4
v 0.0999999 5.2 0.4
v 0.0999999 6 0.4
v 0.0999999 6.1 0.4
v 0.0999999 6.3 0.4
v 0.0999999 6.4 0.4
v 0.0999999 6.9 0.4
v 0.0999999 7 0.4
v 0.0999999 7.2 0.4
v 0.0999999 7.3 0.4
v 0.0999999 7.9 0.4
v 0.0999999 8 0.4
v 0.0999999 8.2 0.4
v 0.0999999 8.3 0.4
v 0.0999999 8.8 0.4
v 0.0999999 8.9 0.4
v 0.2 0.6 0.4
v 0.2 0.7 0.4
v 0.2 1.7 0.4
v 0.2 1.8 0.4
v 0.2 2.1 0.4
v 0.2 2.2 0.4
v 0.2 2.9 0.4
v 0.2 3 0.4
v 0.2 3.3 0.4
v 0.2 3.4 0.4
v 0.2 4.3 0.4
v 0.2 4.4 0.4
v 0.2 5.1 0.4
v 0.2 5.2 0.4
v 0.2 6 0.4
v 0.2 6.1 0.4
v 0.2 6.3 0.4
v 0.2 6.4 0.4
v 0.2 6.9 0.4
v 0.2 7 0.4
v 0.2 7.2 0.4
v 0.2 7.3 0.4
v 0.2 7.9 0.4
v 0.2 8 0.4
v 0.2 8.2 0.4
v 0.2 8.3 0.4
v 0.2 8.8 0.4
v 0.2 8.9 0.4
v -1.9 0.3 0.3
v -1.9 0.4 0.3
v -1.9 0.8 0.3
v -1.9 0.9 0.3
v -1.9 1.3 0.3
v -1.9 1.5 0.3
v -1.9 1.9 0.3
v -1.9 2 0.3
v -1.9 2.6 0.3
v -1.9 2.7 0.3
v -1.9 3.3 0.3
v -1.9 3.4 0.3
v -1.9 3.8 0.3
v -1.9 3.9 0.3
v -1.9 4.3 0.3
v -1.9 4.4 0.3
v -1.9 5 0.3
v -1.9 5.1 0.3
v -1.9 5.7 0.3
v -1.9 5.8 0.3
v -1.9 6.2 0.3
v -1.9 6.3 0.3
v -1.9 6.7 0.3
v -1.9 6.8 0.3
v -1.9 7.3 0.3
v -1.9 7.4 0.3
v -1.9 7.7 0.3
v -1.9 7.8 0.3
v -1.9 8.2 0.3
v -1.9 8.3 0.3
v -1.9 8.8 0.3
v -1.9 8.9 0.3
v -1.8 0.3 0.3
v -1.8 0.4 0.3
v -1.8 0.8 0.3
v -1.8 0.9 0.3
v -1.8 1.3 0.3
v -1.8 1.5 0.3
v -1.8 1.9 0.3
v -1.8 2 0.3
v -1.8 2.6 0.3
v -1.8 2.7 0.3
v -1.8 3.3 0.3
v -1.8 3.4 0.3
v -1.8 3.8 0.3
v -1.8 3.9 0.3
v -1.8 4.3 0.3
v -1.8 4.4 0.3
v -1.8 5 0.3
v -1.8 5.1 0.3
v -1.8 5.7 0.3
v -1.8 5.8 0.3
v -1.8 6.2 0.3
v -1.8 6.3 0.3
v -1.8 6.7 0.3
v -1.8 6.8 0.3
v -1.8 7.3 0.3
v -1.8 7.4 0.3
v -1.8 7.7 0.3
v -1.8 7.8 0.3
v -1.8 8.2 0.3
v -1.8 8.3 0.3
v -1.8 8.8 0.3
v -1.8 8.9 0.3
v -1.7 0.3 0.3
v -1.7 0.4 0.3
v 0 5 0.3
v 0 5.1 0.3
v 0 5.5 0.3
v 0 5.6 0.3
v 0.0999999 0.1 0.3
v 0.0999999 0.2 0.3
v 0.0999999 1 0.3
v 0.0999999 1.1 0.3
v 0.0999999 1.6 0.3
v 0.0999999 1.7 0.3
v 0.0999999 2.2 0.3
v 0.0999999 2.3 0.3
v 0.0999999 3.9 0.3
v 0.0999999 4 0.3
v 0.0999999 4.4 0.3
v 0.0999999 4.5 0.3
v 0.0999999 5 0.3
v 0.0999999 5.1 0.3
v 0.0999999 5.5 0.3
v 0.0999999 5.6 0.3
v 0.0999999 5.9 0.3
v 0.0999999 6 0.3
v 0.0999999 6.4 0.3
v 0.0999999 6.5 0.3
v 0.0999999 7.3 0.3
v 0.0999999 7.4 0.3
v 0.0999999 8.3 0.3
v 0.0999999 8.4 0.3
v 0.0999999 8.7 0.3
v 0.0999999 8.8 0.3
v 0.2 0.1 0.3
v 0.2 0.2 0.3
v 0.2 1 0.3
v 0.2 1.1 0.3
v 0.2 1.6 0.3
v 0.2 1.7 0.3
v 0.2 2.2 0.3
v 0.2 2.3 0.3
v 0.2 3.9 0.3
v 0.2 4 0.3
v 0.2 4.4 0.3
v 0.2 4.5 0.3
v 0.2 5 0.3
v 0.2 5.1 0.3
v 0.2 5.5 0.3
v 0.2 5.6 0.3
v 0.2 5.9 0.3
v 0.2 6 0.3
v 0.2 6.4 0.3
v 0.2 6.5 0.3
v 0.2 7.3 0.3
v 0.2 7.4 0.3
v 0.2 8.3 0.3
v 0.2 8.4 0.3
v 0.2 8.7 0.3
v 0.2 8.8 0.3
v -1.9 0.4 0.2
v -1.9 0.5 0.2
v -1.9 0.7 0.2
v -1.9 0.8 0.2
v -1.9 1.5 0.2
v -1.9 1.6 0.2
v -1.9 2.7 0.2
v -1.9 2.8 0.2
v -1.9 3.2 0.2
v -1.9 3.3 0.2
v -1.9 3.9 0.2
v -1.9 4 0.2
v -1.9 4.2 0.2
v -1.9 4.3 0.2
v -1.9 5.1 0.2
v -1.9 5.2 0.2
v -1.9 5.6 0.2
v -1.9 5.7 0.2
v -1.9 6.3 0.2
v -1.9 6.4 0.2
v -1.9 7.4 0.2
v -1.9 7.5 0.2
v -1.8 0.4 0.2
v -1.8 0.5 0.2
v -1.8 0.7 0.2
v -1.8 0.8 0.2
v -1.8 1.5 0.2
v -1.8 1.6 0.2
v -1.8 2.7 0.2
v -1.8 2.8 0.2
v -1.8 3.2 0.2
v -1.8 3.3 0.2
v -1.8 3.9 0.2
v -1.8 4 0.2
v -1.8 4.2 0.2
v -1.8 4.3 0.2
v -1.8 5.1 0.2
v -1.8 5.2 0.2
v -1.8 5.6 0.2
v -1.8 5.7 0.2
v -1.8 6.3 0.2
v -1.8 6.4 0.2
v -1.8 7.4 0.2
v -1.8 7.5 0.2
v -1.7 0.4 0.2
v -1.7 0.5 0.2
v 0 4.9 0.2
v 0 5 0.2
v 0 5.6 0.2
v 0 5.7 0.2
v 0.0999999 0.2 0.2
v 0.0999999 0.3 0.2
v 0.0999999 0.5 0.2
v 0.0999999 0.6 0.2
v 0.0999999 1.1 0.2
v 0.0999999 1.2 0.2
v 0.0999999 2.8 0.2
v 0.0999999 2.9 0.2
v 0.0999999 3.4 0.2
v 0.0999999 3.5 0.2
v 0.0999999 3.8 0.2
v 0.0999999 3.9 0.2
v 0.0999999 4.9 0.2
v 0.0999999 5 0.2
v 0.0999999 5.6 0.2
v 0.0999999 5.7 0.2
v 0.0999999 6.8 0.2
v 0.0999999 6.9 0.2
v 0.0999999 7.4 0.2
v 0.0999999 7.5 0.2
v 0.0999999 7.8 0.2
v 0.0999999 7.9 0.2
v 0.2 0.2 0.2
v 0.2 0.3 0.2
v 0.2 0.5 0.2
v 0.2 0.6 0.2
v 0.2 1.1 0.2
v 0.2 1.2 0.2
v 0.2 2.8 0.2
v 0.2 2.9 0.2
v 0.2 3.4 0.2
v 0.2 3.5 0.2
v 0.2 3.8 0.2
v 0.2 3.9 0.2
v 0.2 4.9 0.2
v 0.2 5 0.2
v 0.2 5.6 0.2
v 0.2 5.7 0.2
v 0.2 6.8 0.2
v 0.2 6.9 0.2
v 0.2 7.4 0.2
v 0.2 7.5 0.2
v 0.2 7.8 0.2
v 0.2 7.9 0.2
v -1.9 0.5 0.0999999
v -1.9 0.6 0.0999999
v -1.9 1.6 0.0999999
v -1.9 1.7 0.0999999
v -1.9 1.8 0.0999999
v -1.9 1.9 0.0999999
v -1.9 2.8 0.0999999
v -1.9 2.9 0.0999999
v -1.9 3.1 0.0999999
v -1.9 3.2 0.0999999
v -1.9 4 0.0999999
v -1.9 4.1 0.0999999
v -1.9 5.2 0.0999999
v -1.9 5.3 0.0999999
v -1.9 5.5 0.0999999
v -1.9 5.6 0.0999999
v -1.9 6.6 0.0999999
v -1.9 6.7 0.0999999
v -1.9 7.6 0.0999999
v -1.9 7.7 0.0999999
v -1.9 8.3 0.0999999
v -1.9 8.4 0.0999999
v -1.9 8.7 0.0999999
v -1.9 8.8 0.0999999
v -1.8 0.5 0.0999999
v -1.8 0.6 0.0999999
v -1.8 1.6 0.0999999
v -1.8 1.7 0.0999999
v -1.8 1.8 0.0999999
v -1.8 1.9 0.0999999
v -1.8 2.8 0.0999999
v -1.8 2.9 0.0999999
v -1.8 3.1 0.0999999
v -1.8 3.2 0.0999999
v -1.8 4 0.0999999
v -1.8 4.1 0.0999999
v -1.8 5.2 0.0999999
v -1.8 5.3 0.0999999
v -1.8 5.5 0.0999999
v -1.8 5.6 0.0999999
v -1.8 6.6 0.0999999
v -1.8 6.7 0.0999999
v -1.8 7.6 0.0999999
v -1.8 7.7 0.0999999
v -1.8 8.3 0.0999999
v -1.8 8.4 0.0999999
v -1.8 8.7 0.0999999
v -1.8 8.8 0.0999999
v -1.7 0.5 0.0999999
v -1.7 0.6 0.0999999
v 0.0999999 1.2 0.0999999
v 0.0999999 1.3 0.0999999
v 0.0999999 1.5 0.0999999
v 0.0999999 1.6 0.0999999
v 0.0999999 2.3 0.0999999
v 0.0999999 2.4 0.0999999
v 0.0999999 2.7 0.0999999
v 0.0999999 2.8 0.0999999
v 0.0999999 3.5 0.0999999
v 0.0999999 3.6 0.0999999
v 0.0999999 3.7 0.0999999
v 0.0999999 3.8 0.0999999
v 0.0999999 4.5 0.0999999
v 0.0999999 4.6 0.0999999
v 0.0999999 6.5 0.0999999
v 0.0999999 6.6 0.0999999
v 0.0999999 7.7 0.0999999
v 0.0999999 7.8 0.0999999
v 0.0999999 8.4 0.0999999
v 0.0999999 8.5 0.0999999
v 0.0999999 8.6 0.0999999
v 0.0999999 8.7 0.0999999
v 0.2 1.2 0.0999999
v 0.2 1.3 0.0999999
v 0.2 1.5 0.0999999
v 0.2 1.6 0.0999999
v 0.2 2.3 0.0999999
v 0.2 2.4 0.0999999
v 0.2 2.7 0.0999999
v 0.2 2.8 0.0999999
v 0.2 3.5 0.0999999
v 0.2 3.6 0.0999999
v 0.2 3.7 0.0999999
v 0.2 3.8 0.0999999
v 0.2 4.5 0.0999999
v 0.2 4.6 0.0999999
v 0.2 6.5 0.0999999
v 0.2 6.6 0.0999999
v 0.2 7.7 0.0999999
v 0.2 7.8 0.0999999
v 0.2 8.4 0.0999999
v 0.2 8.5 0.0999999
v 0.2 8.6 0.0999999
v 0.2 8.7 0.0999999
v -1.9 0.6 0
v -1.9 0.7 0
v -1.9 1.7 0
v -1.9 1.8 0
v -1.9 4.1 0
v -1.9 4.3 0
v -1.9 5.3 0
v -1.9 5.4 0
v -1.9 7.5 0
v -1.9 7.6 0
v -1.9 8.4 0
v -1.9 8.5 0
v -1.9 8.6 0
v -1.9 8.7 0
v -1.8 0.6 0
v -1.8 0.7 0
v -1.8 1.7 0
v -1.8 1.8 0
v -1.8 4.1 0
v -1.8 4.3 0
v -1.8 5.3 0
v -1.8 5.4 0
v -1.8 7.5 0
v -1.8 7.6 0
v -1.8 8.4 0
v -1.8 8.5 0
v -1.8 8.6 0
v -1.8 8.7 0
v -1.7 0.6 0
v -1.7 0.7 0
v 0 4.8 0
v 0 4.9 0
v 0.0999999 2.4 0
v 0.0999999 2.5 0
v 0.0999999 2.6 0
v 0.0999999 2.7 0
v 0.0999999 4.6 0
v 0.0999999 4.7 0
v 0.0999999 4.8 0
v 0.0999999 4.9 0
v 0.0999999 5.7 0
v 0.0999999 5.8 0
v 0.0999999 7.5 0
v 0.0999999 7.6 0
v 0.0999999 8.5 0
v 0.0999999 8.6 0
v 0.2 2.4 0
v 0.2 2.5 0
v 0.2 2.6 0
v 0.2 2.7 0
v 0.2 4.6 0
v 0.2 4.7 0
v 0.2 4.8 0
v 0.2 4.9 0
v 0.2 5.7 0
v 0.2 5.8 0
v 0.2 7.5 0
v 0.2 7.6 0
v 0.2 8.5 0
v 0.2 8.6 0
v -1.9 0.5 -0.1
v -1.9 0.6 -0.1
v -1.9 0.7 -0.1
v -1.9 0.8 -0.1
v -1.9 1.8 -0.1
v -1.9 1.9 -0.1
v -1.9 2.9 -0.1
v -1.9 3.1 -0.1
v -1.9 4 -0.1
v -1.9 4.1 -0.1
v -1.9 4.3 -0.1
v -1.9 4.4 -0.1
v -1.9 5.4 -0.1
v -1.9 5.5 -0.1
v -1.9 6.5 -0.1
v -1.9 6.6 -0.1
v -1.9 7.4 -0.1
v -1.9 7.5 -0.1
v -1.9 7.6 -0.1
v -1.9 7.7 -0.1
v -1.8 0.5 -0.1
v -1.8 0.6 -0.1
v -1.8 0.7 -0.1
v -1.8 0.8 -0.1
v -1.8 1.8 -0.1
v -1.8 1.9 -0.1
v -1.8 2.9 -0.1
v -1.8 3.1 -0.1
v -1.8 4 -0.1
v -1.8 4.1 -0.1
v -1.8 4.3 -0.1
v -1.8 4.4 -0.1
v -1.8 5.4 -0.1
v -1.8 5.5 -0.1
v -1.8 6.5 -0.1
v -1.8 6.6 -0.1
v -1.8 7.4 -0.1
v -1.8 7.5 -0.1
v -1.8 7.6 -0.1
v -1.8 7.7 -0.1
v -1.7 0.5 -0.1
v -1.7 0.6 -0.1
v -1.7 0.7 -0.1
v -1.7 0.8 -0.1
v 0.0999999 0.4 -0.1
v 0.0999999 0.5 -0.1
v 0.0999999 1.3 -0.1
v 0.0999999 1.5 -0.1
v 0.0999999 3.6 -0.1
v 0.0999999 3.8 -0.1
v 0.0999999 4.7 -0.1
v 0.0999999 4.8 -0.1
v 0.0999999 5.6 -0.1
v 0.0999999 5.7 -0.1
v 0.0999999 5.8 -0.1
v 0.0999999 5.9 -0.1
v 0.0999999 7.6 -0.1
v 0.0999999 7.7 -0.1
v 0.0999999 8.6 -0.1
v 0.0999999 8.7 -0.1
v 0.2 0.4 -0.1
v 0.2 0.5 -0.1
v 0.2 1.3 -0.1
v 0.2 1.5 -0.1
v 0.2 3.6 -0.1
v 0.2 3.8 -0.1
v 0.2 4.7 -0.1
v 0.2 4.8 -0.1
v 0.2 5.6 -0.1
v 0.2 5.7 -0.1
v 0.2 5.8 -0.1
v 0.2 5.9 -0.1
v 0.2 7.6 -0.1
v 0.2 7.7 -0.1
v 0.2 8.6 -0.1
v 0.2 8.7 -0.1
v -1.9 0.4 -0.2
v -1.9 0.5 -0.2
v -1.9 0.8 -0.2
v -1.9 0.9 -0.2
v -1.9 1.6 -0.2
v -1.9 1.7 -0.2
v -1.9 1.9 -0.2
v -1.9 2 -0.2
v -1.9 3.1 -0.2
v -1.9 3.2 -0.2
v -1.9 3.9 -0.2
v -1.9 4 -0.2
v -1.9 4.4 -0.2
v -1.9 4.5 -0.2
v -1.9 5.3 -0.2
v -1.9 5.4 -0.2
v -1.9 5.5 -0.2
v -1.9 5.6 -0.2
v -1.9 6.4 -0.2
v -1.9 6.5 -0.2
v -1.9 6.6 -0.2
v -1.9 6.7 -0.2
v -1.9 7.7 -0.2
v -1.9 7.8 -0.2
v -1.9 8.5 -0.2
v -1.9 8.6 -0.2
v -1.8 0.4 -0.2
v -1.8 0.5 -0.2
v -1.8 0.8 -0.2
v -1.8 0.9 -0.2
v -1.8 1.6 -0.2
v -1.8 1.7 -0.2
v -1.8 1.9 -0.2
v -1.8 2 -0.2
v -1.8 3.1 -0.2
v -1.8 3.2 -0.2
v -1.8 3.9 -0.2
v -1.8 4 -0.2
v -1.8 4.4 -0.2
v -1.8 4.5 -0.2
v -1.8 5.3 -0.2
v -1.8 5.4 -0.2
v -1.8 5.5 -0.2
v -1.8 5.6 -0.2
v -1.8 6.4 -0.2
v -1.8 6.5 -0.2
v -1.8 6.6 -0.2
v -1.8 6.7 -0.2
v -1.8 7.7 -0.2
v -1.8 7.8 -0.2
v -1.8 8.5 -0.2
v -1.8 8.6 -0.2
v -1.7 0.4 -0.2
v -1.7 0.5 -0.2
v -1.7 0.8 -0.2
v -1.7 0.9 -0.2
v 0.0999999 0.3 -0.2
v 0.0999999 0.4 -0.2
v 0.0999999 1.5 -0.2
v 0.0999999 1.6 -0.2
v 0.0999999 2.4 -0.2
v 0.0999999 2.6 -0.2
v 0.0999999 3.5 -0.2
v 0.0999999 3.6 -0.2
v 0.0999999 3.8 -0.2
v 0.0999999 3.9 -0.2
v 0.0999999 5.9 -0.2
v 0.0999999 6 -0.2
v 0.0999999 6.6 -0.2
v 0.0999999 6.8 -0.2
v 0.0999999 7.5 -0.2
v 0.0999999 7.6 -0.2
v 0.0999999 7.7 -0.2
v 0.0999999 7.8 -0.2
v 0.0999999 8.4 -0.2
v 0.0999999 8.5 -0.2
v 0.2 0.3 -0.2
v 0.2 0.4 -0.2
v 0.2 1.5 -0.2
v 0.2 1.6 -0.2
v 0.2 2.4 -0.2
v 0.2 2.6 -0.2
v 0.2 3.5 -0.2
v 0.2 3.6 -0.2
v 0.2 3.8 -0.2
v 0.2 3.9 -0.2
v 0.2 5.9 -0.2
v 0.2 6 -0.2
v 0.2 6.6 -0.2
v 0.2 6.8 -0.2
v 0.2 7.5 -0.2
v 0.2 7.6 -0.2
v 0.2 7.7 -0.2
v 0.2 7.8 -0.2
v 0.2 8.4 -0.2
v 0.2 8.5 -0.2
v -1.9 0.9 -0.3
v -1.9 1 -0.3
v -1.9 2 -0.3
v -1.9 2.1 -0.3
v -1.9 2.8 -0.3
v -1.9 2.9 -0.3
v -1.9 3.2 -0.3
v -1.9 3.4 -0.3
v -1.9 4.5 -0.3
v -1.9 4.6 -0.3
v -1.9 5.2 -0.3
v -1.9 5.3 -0.3
v -1.9 5.6 -0.3
v -1.9 5.7 -0.3
v -1.9 6.3 -0.3
v -1.9 6.4 -0.3
v -1.9 6.7 -0.3
v -1.9 6.8 -0.3
v -1.9 7.3 -0.3
v -1.9 7.4 -0.3
v -1.9 7.8 -0.3
v -1.9 7.9 -0.3
v -1.9 8.4 -0.3
v -1.9 8.5 -0.3
v -1.9 8.6 -0.3
v -1.9 8.7 -0.3
v -1.8 0.9 -0.3
v -1.8 1 -0.3
v -1.8 2 -0.3
v -1.8 2.1 -0.3
v -1.8 2.8 -0.3
v -1.8 2.9 -0.3
v -1.8 3.2 -0.3
v -1.8 3.4 -0.3
v -1.8 4.5 -0.3
v -1.8 4.6 -0.3
v -1.8 5.2 -0.3
v -1.8 5.3 -0.3
v -1.8 5.6 -0.3
v -1.8 5.7 -0.3
v -1.8 6.3 -0.3
v -1.8 6.4 -0.3
v -1.8 6.7 -0.3
v -1.8 6.8 -0.3
v -1.8 7.3 -0.3
v -1.8 7.4 -0.3
v -1.8 7.8 -0.3
v -1.8 7.9 -0.3
v -1.8 8.4 -0.3
v -1.8 8.5 -0.3
v -1.8 8.6 -0.3
v -1.8 8.7 -0.3
v -1.7 0.9 -0.3
v -1.7 1 -0.3
v 0.0999999 0.5 -0.3
v 0.0999999 0.6 -0.3
v 0.0999999 1.2 -0.3
v 0.0999999 1.3 -0.3
v 0.0999999 2.3 -0.3
v 0.0999999 2.4 -0.3
v 0.0999999 2.6 -0.3
v 0.0999999 2.7 -0.3
v 0.0999999 3.4 -0.3
v 0.0999999 3.5 -0.3
v 0.0999999 4.6 -0.3
v 0.0999999 4.7 -0.3
v 0.0999999 4.8 -0.3
v 0.0999999 4.9 -0.3
v 0.0999999 5.5 -0.3
v 0.0999999 5.6 -0.3
v 0.0999999 6 -0.3
v 0.0999999 6.1 -0.3
v 0.0999999 6.8 -0.3
v 0.0999999 6.9 -0.3
v 0.0999999 7.8 -0.3
v 0.0999999 7.9 -0.3
v 0.0999999 8.7 -0.3
v 0.0999999 8.8 -0.3
v 0.2 0.5 -0.3
v 0.2 0.6 -0.3
v 0.2 1.2 -0.3
v 0.2 1.3 -0.3
v 0.2 2.3 -0.3
v 0.2 2.4 -0.3
v 0.2 2.6 -0.3
v 0.2 2.7 -0.3
v 0.2 3.4 -0.3
v 0.2 3.5 -0.3
v 0.2 4.6 -0.3
v 0.2 4.7 -0.3
v 0.2 4.8 -0.3
v 0.2 4.9 -0.3
v 0.2 5.5 -0.3
v 0.2 5.6 -0.3
v 0.2 6 -0.3
v 0.2 6.1 -0.3
v 0.2 6.8 -0.3
v 0.2 6.9 -0.3
v 0.2 7.8 -0.3
v 0.2 7.9 -0.3
v 0.2 8.7 -0.3
v 0.2 8.8 -0.3
v -1.9 0.3 -0.4
v -1.9 0.4 -0.4
v -1.9 1 -0.4
v -1.9 1.1 -0.4
v -1.9 1.5 -0.4
v -1.9 1.6 -0.4
v -1.9 2.1 -0.4
v -1.9 2.3 -0.4
v -1.9 2.7 -0.4
v -1.9 2.8 -0.4
v -1.9 3.4 -0.4
v -1.9 3.5 -0.4
v -1.9 3.8 -0.4
v -1.9 3.9 -0.4
v -1.9 4.6 -0.4
v -1.9 4.7 -0.4
v -1.9 5.7 -0.4
v -1.9 5.8 -0.4
v -1.9 6.2 -0.4
v -1.9 6.3 -0.4
v -1.9 6.8 -0.4
v -1.9 6.9 -0.4
v -1.9 7.2 -0.4
v -1.9 7.3 -0.4
v -1.9 8.3 -0.4
v -1.9 8.4 -0.4
v -1.9 8.7 -0.4
v -1.9 8.8 -0.4
v -1.8 0.3 -0.4
v -1.8 0.4 -0.4
v -1.8 1 -0.4
v -1.8 1.1 -0.4
v -1.8 1.5 -0.4
v -1.8 1.6 -0.4
v -1.8 2.1 -0.4
v -1.8 2.3 -0.4
v -1.8 2.7 -0.4
v -1.8 2.8 -0.4
v -1.8 3.4 -0.4
v -1.8 3.5 -0.4
v -1.8 3.8 -0.4
v -1.8 3.9 -0.4
v -1.8 4.6 -0.4
v -1.8 4.7 -0.4
v -1.8 5.7 -0.4
v -1.8 5.8 -0.4
v -1.8 6.2 -0.4
v -1.8 6.3 -0.4
v -1.8 6.8 -0.4
v -1.8 6.9 -0.4
v -1.8 7.2 -0.4
v -1.8 7.3 -0.4
v -1.8 8.3 -0.4
v -1.8 8.4 -0.4
v -1.8 8.7 -0.4
v -1.8 8.8 -0.4
v -1.7 0.3 -0.4
v -1.7 0.4 -0.4
v -1.7 1 -0.4
v -1.7 1.1 -0.4
v 0.0999999 0.2 -0.4
v 0.0999999 0.3 -0.4
v 0.0999999 0.6 -0.4
v 0.0999999 0.7 -0.4
v 0.0999999 1.1 -0.4
v 0.0999999 1.2 -0.4
v 0.0999999 1.6 -0.4
v 0.0999999 1.7 -0.4
v 0.0999999 2.7 -0.4
v 0.0999999 2.8 -0.4
v 0.0999999 3.9 -0.4
v 0.0999999 4 -0.4
v 0.0999999 4.5 -0.4
v 0.0999999 4.6 -0.4
v 0.0999999 4.9 -0.4
v 0.0999999 5 -0.4
v 0.0999999 5.4 -0.4
v 0.0999999 5.5 -0.4
v 0.0999999 6.5 -0.4
v 0.0999999 6.6 -0.4
v 0.0999999 6.9 -0.4
v 0.0999999 7 -0.4
v 0.0999999 7.4 -0.4
v 0.0999999 7.5 -0.4
v 0.0999999 8.3 -0.4
v 0.0999999 8.4 -0.4
v 0.0999999 8.8 -0.4
v 0.0999999 8.9 -0.4
v 0.2 0.2 -0.4
v 0.2 0.3 -0.4
v 0.2 0.6 -0.4
v 0.2 0.7 -0.4
v 0.2 1.1 -0.4
v 0.2 1.2 -0.4
v 0.2 1.6 -0.4
v 0.2 1.7 -0.4
v 0.2 2.7 -0.4
v 0.2 2.8 -0.4
v 0.2 3.9 -0.4
v 0.2 4 -0.4
v 0.2 4.5 -0.4
v 0.2 4.6 -0.4
v 0.2 4.9 -0.4
v 0.2 5 -0.4
v 0.2 5.4 -0.4
v 0.2 5.5 -0.4
v 0.2 6.5 -0.4
v 0.2 6.6 -0.4
v 0.2 6.9 -0.4
v 0.2 7 -0.4
v 0.2 7.4 -0.4
v 0.2 7.5 -0.4
v 0.2 8.3 -0.4
v 0.2 8.4 -0.4
v 0.2 8.8 -0.4
v 0.2 8.9 -0.4
v -3.5 9.3 -0.5
v -3.5 9.4 -0.5
v -3.5 9.6 -0.5
v -3.5 9.7 -0.5
v -3.4 9.3 -0.5
v -3.4 9.4 -0.5
v -3.4 9.6 -0.5
v -3.4 9.7 -0.5
v -2.1 9 -0.5
v -2.1 9.1 -0.5
v -2.1 9.9 -0.5
v -2.1 10 -0.5
v -2 9 -0.5
v -2 9.1 -0.5
v -2 9.9 -0.5
v -2 10 -0.5
v -1.9 0.2 -0.5
v -1.9 0.3 -0.5
v -1.9 1.1 -0.5
v -1.9 1.2 -0.5
v -1.9 2.3 -0.5
v -1.9 2.4 -0.5
v -1.9 2.6 -0.5
v -1.9 2.7 -0.5
v -1.9 3.5 -0.5
v -1.9 3.6 -0.5
v -1.9 3.7 -0.5
v -1.9 3.8 -0.5
v -1.9 4.7 -0.5
v -1.9 4.8 -0.5
v -1.9 5.1 -0.5
v -1.9 5.2 -0.5
v -1.9 5.8 -0.5
v -1.9 5.9 -0.5
v -1.9 6.9 -0.5
v -1.9 7 -0.5
v -1.9 7.9 -0.5
v -1.9 8 -0.5
v -1.8 0.2 -0.5
v -1.8 0.3 -0.5
v -1.8 1.1 -0.5
v -1.8 1.2 -0.5
v -1.8 2.3 -0.5
v -1.8 2.4 -0.5
v -1.8 2.6 -0.5
v -1.8 2.7 -0.5
v -1.8 3.5 -0.5
v -1.8 3.6 -0.5
v -1.8 3.7 -0.5
v -1.8 3.8 -0.5
v -1.8 4.7 -0.5
v -1.8 4.8 -0.5
v -1.8 5.1 -0.5
v -1.8 5.2 -0.5
v -1.8 5.8 -0.5
v -1.8 5.9 -0.5
v -1.8 6.9 -0.5
v -1.8 7 -0.5
v -1.8 7.9 -0.5
v -1.8 8 -0.5
v -1.7 0.2 -0.5
v -1.7 0.3 -0.5
v -1.7 1.1 -0.5
v -1.7 1.2 -0.5
v 0.0999999 1.7 -0.5
v 0.0999999 1.8 -0.5
v 0.0999999 2.2 -0.5
v 0.0999999 2.3 -0.5
v 0.0999999 3.3 -0.5
v 0.0999999 3.4 -0.5
v 0.0999999 4 -0.5
v 0.0999999 4.1 -0.5
v 0.0999999 4.4 -0.5
v 0.0999999 4.5 -0.5
v 0.0999999 6.1 -0.5
v 0.0999999 6.2 -0.5
v 0.0999999 7.9 -0.5
v 0.0999999 8 -0.5
v 0.0999999 8.2 -0.5
v 0.0999999 8.3 -0.5
v 0.0999999 9 -0.5
v 0.0999999 9.1 -0.5
v 0.2 1.7 -0.5
v 0.2 1.8 -0.5
v 0.2 2.2 -0.5
v 0.2 2.3 -0.5
v 0.2 3.3 -0.5
v 0.2 3.4 -0.5
v 0.2 4 -0.5
v 0.2 4.1 -0.5
v 0.2 4.4 -0.5
v 0.2 4.5 -0.5
v 0.2 6.1 -0.5
v 0.2 6.2 -0.5
v 0.2 7.9 -0.5
v 0.2 8 -0.5
v 0.2 8.2 -0.5
v 0.2 8.3 -0.5
v 0.2 9 -0.5
v 0.2 9.1 -0.5
v 1.5 9.3 -0.5
v 1.5 9.4 -0.5
v 1.5 9.6 -0.5
v 1.5 9.7 -0.5
v 1.6 9.3 -0.5
v 1.6 9.4 -0.5
v 1.6 9.6 -0.5
v 1.6 9.7 -0.5
v -3.6 9.4 -0.6
v -3.6 9.6 -0.6
v -3.5 9.4 -0.6
v -3.5 9.6 -0.6
v -1.9 0.1 -0.6
v -1.9 0.2 -0.6
v -1.9 1.2 -0.6
v -1.9 1.3 -0.6
v -1.9 1.4 -0.6
v -1.9 1.5 -0.6
v -1.9 2.4 -0.6
v -1.9 2.5 -0.6
v -1.9 4.8 -0.6
v -1.9 4.9 -0.6
v -1.9 5 -0.6
v -1.9 5.1 -0.6
v -1.9 5.9 -0.6
v -1.9 6 -0.6
v -1.9 6.1 -0.6
v -1.9 6.2 -0.6
v -1.9 7.1 -0.6
v -1.9 7.2 -0.6
v -1.9 8 -0.6
v -1.9 8.1 -0.6
v -1.9 8.2 -0.6
v -1.9 8.3 -0.6
v -1.9 8.8 -0.6
v -1.9 8.9 -0.6
v -1.8 0.1 -0.6
v -1.8 0.2 -0.6
v -1.8 1.2 -0.6
v -1.8 1.3 -0.6
v -1.8 1.4 -0.6
v -1.8 1.5 -0.6
v -1.8 2.4 -0.6
v -1.8 2.5 -0.6
v -1.8 4.8 -0.6
v -1.8 4.9 -0.6
v -1.8 5 -0.6
v -1.8 5.1 -0.6
v -1.8 5.9 -0.6
v -1.8 6 -0.6
v -1.8 6.1 -0.6
v -1.8 6.2 -0.6
v -1.8 7.1 -0.6
v -1.8 7.2 -0.6
v -1.8 8 -0.6
v -1.8 8.1 -0.6
v -1.8 8.2 -0.6
v -1.8 8.3 -0.6
v -1.8 8.8 -0.6
v -1.8 8.9 -0.6
v -1.7 0.1 -0.6
v -1.7 0.2 -0.6
v -1.7 1.2 -0.6
v -1.7 1.3 -0.6
v 0.0999999 0.1 -0.6
v 0.0999999 0.2 -0.6
v 0.0999999 0.7 -0.6
v 0.0999999 0.8 -0.6
v 0.0999999 1 -0.6
v 0.0999999 1.1 -0.6
v 0.0999999 1.8 -0.6
v 0.0999999 1.9 -0.6
v 0.0999999 2.1 -0.6
v 0.0999999 2.2 -0.6
v 0.0999999 2.8 -0.6
v 0.0999999 2.9 -0.6
v 0.0999999 3.2 -0.6
v 0.0999999 3.3 -0.6
v 0.0999999 4.1 -0.6
v 0.0999999 4.2 -0.6
v 0.0999999 5 -0.6
v 0.0999999 5.1 -0.6
v 0.0999999 5.3 -0.6
v 0.0999999 5.4 -0.6
v 0.0999999 6.2 -0.6
v 0.0999999 6.3 -0.6
v 0.0999999 6.4 -0.6
v 0.0999999 6.5 -0.6
v 0.0999999 7 -0.6
v 0.0999999 7.1 -0.6
v 0.0999999 7.3 -0.6
v 0.0999999 7.4 -0.6
v 0.0999999 8 -0.6
v 0.0999999 8.1 -0.6
v 0.0999999 8.9 -0.6
v 0.0999999 9 -0.6
v 0.2 0.1 -0.6
v 0.2 0.2 -0.6
v 0.2 0.7 -0.6
v 0.2 0.8 -0.6
v 0.2 1 -0.6
v 0.2 1.1 -0.6
v 0.2 1.8 -0.6
v 0.2 1.9 -0.6
v 0.2 2.1 -0.6
v 0.2 2.2 -0.6
v 0.2 2.8 -0.6
v 0.2 2.9 -0.6
v 0.2 3.2 -0.6
v 0.2 3.3 -0.6
v 0.2 4.1 -0.6
v 0.2 4.2 -0.6
v 0.2 5 -0.6
v 0.2 5.1 -0.6
v 0.2 5.3 -0.6
v 0.2 5.4 -0.6
v 0.2 6.2 -0.6
v 0.2 6.3 -0.6
v 0.2 6.4 -0.6
v 0.2 6.5 -0.6
v 0.2 7 -0.6
v 0.2 7.1 -0.6
v 0.2 7.3 -0.6
v 0.2 7.4 -0.6
v 0.2 8 -0.6
v 0.2 8.1 -0.6
v 0.2 8.9 -0.6
v 0.2 9 -0.6
v 1.6 9.4 -0.6
v 1.6 9.6 -0.6
v 1.7 9.4 -0.6
v 1.7 9.6 -0.6
v -2.8 9.1 -0.7
v -2.8 9.2 -0.7
v -2.8 9.8 -0.7
v -2.8 9.9 -0.7
v -2.7 9.1 -0.7
v -2.7 9.2 -0.7
v -2.7 9.8 -0.7
v -2.7 9.9 -0.7
v -2 9 -0.7
v -2 9.1 -0.7
v -2 9.9 -0.7
v -2 10 -0.7
v -1.9 9 -0.7
v -1.9 9.1 -0.7
v -1.9 9.9 -0.7
v -1.9 10 -0.7
v 0.8 9.1 -0.7
v 0.8 9.2 -0.7
v 0.8 9.8 -0.7
v 0.8 9.9 -0.7
v 0.9 9.1 -0.7
v 0.9 9.2 -0.7
v 0.9 9.8 -0.7
v 0.9 9.9 -0.7
v -3.2 9.2 -0.8
v -3.2 9.3 -0.8
v -3.2 9.7 -0.8
v -3.2 9.8 -0.8
v -3.1 9.2 -0.8
v -3.1 9.3 -0.8
v -3.1 9.7 -0.8
v -3.1 9.8 -0.8
v -1.9 0 -0.8
v -1.9 4.5 -0.8
v -1.9 4.6 -0.8
v -1.9 9.1 -0.8
v -1.9 9.9 -0.8
v -1.9 10 -0.8
v -1.8 0 -0.8
v -1.8 4.5 -0.8
v -1.8 4.6 -0.8
v -1.8 9.1 -0.8
v -1.8 9.9 -0.8
v -1.8 10 -0.8
v -1.7 0.1 -0.8
v -1.7 1.1 -0.8
v -1.7 1.3 -0.8
v -1.7 2 -0.8
v -1.7 2.2 -0.8
v -1.7 3 -0.8
v -1.7 3.2 -0.8
v -1.7 4 -0.8
v -1.7 4.2 -0.8
v -1.7 5 -0.8
v -1.7 5.2 -0.8
v -1.7 6 -0.8
v -1.7 6.1 -0.8
v -1.7 6.8 -0.8
v -1.7 6.9 -0.8
v -1.7 7.1 -0.8
v -1.7 7.2 -0.8
v -1.7 8 -0.8
v -1.7 8.1 -0.8
v -1.7 8.8 -0.8
v -1.6 0 -0.8
v -1.6 0.1 -0.8
v -1.6 0.2 -0.8
v -1.6 1 -0.8
v -1.6 1.1 -0.8
v -1.6 1.3 -0.8
v -1.6 1.4 -0.8
v -1.6 1.9 -0.8
v -1.6 2 -0.8
v -1.6 2.1 -0.8
v -1.6 3.1 -0.8
v -1.6 3.2 -0.8
v -1.6 3.3 -0.8
v -1.6 3.9 -0.8
v -1.6 4 -0.8
v -1.6 4.1 -0.8
v -1.6 4.9 -0.8
v -1.6 5 -0.8
v -1.6 5.1 -0.8
v -1.6 5.9 -0.8
v -1.6 6 -0.8
v -1.6 6.1 -0.8
v -1.6 6.2 -0.8
v -1.6 7.9 -0.8
v -1.6 8 -0.8
v -1.6 8.7 -0.8
v -1.6 8.8 -0.8
v -1.6 8.9 -0.8
v -1.5 0.1 -0.8
v -1.5 0.2 -0.8
v -1.5 0.3 -0.8
v -1.5 2.1 -0.8
v -1.5 2.2 -0.8
v -1.5 2.3 -0.8
v -1.5 2.9 -0.8
v -1.5 3 -0.8
v -1.5 3.1 -0.8
v -1.5 4.1 -0.8
v -1.5 4.2 -0.8
v -1.5 4.3 -0.8
v -1.5 5.1 -0.8
v -1.5 5.2 -0.8
v -1.5 5.3 -0.8
v -1.5 6.7 -0.8
v -1.5 6.8 -0.8
v -1.5 6.9 -0.8
v -1.5 7.1 -0.8
v -1.5 7.2 -0.8
v -1.5 7.3 -0.8
v -1.5 8 -0.8
v -1.5 8.1 -0.8
v -1.5 8.2 -0.8
v -1.5 8.9 -0.8
v -1.5 9 -0.8
v -1.4 0.2 -0.8
v -1.4 0.3 -0.8
v -1.4 0.4 -0.8
v -1.4 0.9 -0.8
v -1.4 1 -0.8
v -1.4 1.1 -0.8
v -1.4 1.3 -0.8
v -1.4 1.4 -0.8
v -1.4 1.5 -0.8
v -1.4 1.8 -0.8
v -1.4 1.9 -0.8
v -1.4 2 -0.8
v -1.4 2.2 -0.8
v -1.4 2.3 -0.8
v -1.4 2.4 -0.8
v -1.4 3.2 -0.8
v -1.4 3.3 -0.8
v -1.4 3.4 -0.8
v -1.4 3.8 -0.8
v -1.4 3.9 -0.8
v -1.4 4 -0.8
v -1.4 4.8 -0.8
v -1.4 4.9 -0.8
v -1.4 5 -0.8
v -1.4 5.8 -0.8
v -1.4 5.9 -0.8
v -1.4 6 -0.8
v -1.4 6.1 -0.8
v -1.4 6.2 -0.8
v -1.4 6.3 -0.8
v -1.4 7.8 -0.8
v -1.4 7.9 -0.8
v -1.4 8 -0.8
v -1.4 8.6 -0.8
v -1.4 8.7 -0.8
v -1.4 8.8 -0.8
v -1.4 9 -0.8
v -1.3 0.8 -0.8
v -1.3 0.9 -0.8
v -1.3 1 -0.8
v -1.3 2.8 -0.8
v -1.3 2.9 -0.8
v -1.3 3 -0.8
v -1.3 4.2 -0.8
v -1.3 4.3 -0.8
v -1.3 4.4 -0.8
v -1.3 5.2 -0.8
v -1.3 5.3 -0.8
v -1.3 5.4 -0.8
v -1.3 5.8 -0.8
v -1.3 5.9 -0.8
v -1.3 6.6 -0.8
v -1.3 6.7 -0.8
v -1.3 6.8 -0.8
v -1.3 7.2 -0.8
v -1.3 7.3 -0.8
v -1.3 7.4 -0.8
v -1.3 8.1 -0.8
v -1.3 8.2 -0.8
v -1.3 8.3 -0.8
v -1.2 0.3 -0.8
v -1.2 0.4 -0.8
v -1.2 0.5 -0.8
v -1.2 1.4 -0.8
v -1.2 1.5 -0.8
v -1.2 1.6 -0.8
v -1.2 1.7 -0.8
v -1.2 1.8 -0.8
v -1.2 1.9 -0.8
v -1.2 2.3 -0.8
v -1.2 2.4 -0.8
v -1.2 2.5 -0.8
v -1.2 3.3 -0.8
v -1.2 3.4 -0.8
v -1.2 3.5 -0.8
v -1.2 3.7 -0.8
v -1.2 3.8 -0.8
v -1.2 3.9 -0.8
v -1.2 4.3 -0.8
v -1.2 4.4 -0.8
v -1.2 4.5 -0.8
v -1.2 4.7 -0.8
v -1.2 4.8 -0.8
v -1.2 4.9 -0.8
v -1.2 5.3 -0.8
v -1.2 5.4 -0.8
v -1.2 5.5 -0.8
v -1.2 5.7 -0.8
v -1.2 5.8 -0.8
v -1.2 5.9 -0.8
v -1.2 6.2 -0.8
v -1.2 6.3 -0.8
v -1.2 6.4 -0.8
v -1.2 7.7 -0.8
v -1.2 7.8 -0.8
v -1.2 7.9 -0.8
v -1.2 8.5 -0.8
v -1.2 8.6 -0.8
v -1.2 8.7 -0.8
v -1.1 0.4 -0.8
v -1.1 0.5 -0.8
v -1.1 0.6 -0.8
v -1.1 0.7 -0.8
v -1.1 0.8 -0.8
v -1.1 0.9 -0.8
v -1.1 2.4 -0.8
v -1.1 2.5 -0.8
v -1.1 2.6 -0.8
v -1.1 2.7 -0.8
v -1.1 2.8 -0.8
v -1.1 2.9 -0.8
v -1.1 5.5 -0.8
v -1.1 5.6 -0.8
v -1.1 5.7 -0.8
v -1.1 5.8 -0.8
v -1.1 6.3 -0.8
v -1.1 6.4 -0.8
v -1.1 6.6 -0.8
v -1.1 6.7 -0.8
v -1.1 7.3 -0.8
v -1.1 7.4 -0.8
v -1.1 7.5 -0.8
v -1.1 7.6 -0.8
v -1.1 7.7 -0.8
v -1.1 7.8 -0.8
v -1 0.5 -0.8
v -1 0.6 -0.8
v -1 0.7 -0.8
v -1 0.8 -0.8
v -1 1.5 -0.8
v -1 1.6 -0.8
v -1 1.7 -0.8
v -1 1.8 -0.8
v -1 3.4 -0.8
v -1 3.5 -0.8
v -1 3.7 -0.8
v -1 3.8 -0.8
v -1 4.4 -0.8
v -1 4.5 -0.8
v -1 4.7 -0.8
v -1 4.8 -0.8
v -1 8.2 -0.8
v -1 8.3 -0.8
v -1 8.5 -0.8
v -1 8.6 -0.8
v -0.9 1.7 -0.8
v -0.9 1.8 -0.8
v -0.9 2.5 -0.8
v -0.9 2.6 -0.8
v -0.9 2.7 -0.8
v -0.9 2.8 -0.8
v -0.9 3.5 -0.8
v -0.9 3.6 -0.8
v -0.9 5.4 -0.8
v -0.9 5.5 -0.8
v -0.9 5.6 -0.8
v -0.9 5.7 -0.8
v -0.9 7.4 -0.8
v -0.9 7.5 -0.8
v -0.9 7.6 -0.8
v -0.9 7.7 -0.8
v -0.8 0.5 -0.8
v -0.8 0.6 -0.8
v -0.8 0.7 -0.8
v -0.8 0.8 -0.8
v -0.8 1.5 -0.8
v -0.8 1.6 -0.8
v -0.8 1.7 -0.8
v -0.8 3.5 -0.8
v -0.8 3.6 -0.8
v -0.7 0.4 -0.8
v -0.7 0.5 -0.8
v -0.7 0.6 -0.8
v -0.7 0.7 -0.8
v -0.7 0.8 -0.8
v -0.7 0.9 -0.8
v -0.7 1.7 -0.8
v -0.7 1.8 -0.8
v -0.7 1.9 -0.8
v -0.7 2.5 -0.8
v -0.7 2.6 -0.8
v -0.7 2.7 -0.8
v -0.7 2.8 -0.8
v -0.7 3.6 -0.8
v -0.7 3.7 -0.8
v -0.7 3.8 -0.8
v -0.7 4.4 -0.8
v -0.7 4.5 -0.8
v -0.7 4.6 -0.8
v -0.7 5.6 -0.8
v -0.7 5.7 -0.8
v -0.7 5.8 -0.8
v -0.7 6.3 -0.8
v -0.7 6.4 -0.8
v -0.7 6.6 -0.8
v -0.7 6.7 -0.8
v -0.7 7.4 -0.8
v -0.7 7.5 -0.8
v -0.7 7.6 -0.8
v -0.7 7.7 -0.8
v -0.6 0.3 -0.8
v -0.6 0.4 -0.8
v -0.6 0.5 -0.8
v -0.6 1.4 -0.8
v -0.6 1.5 -0.8
v -0.6 1.6 -0.8
v -0.6 2.7 -0.8
v -0.6 2.8 -0.8
v -0.6 2.9 -0.8
v -0.6 3.4 -0.8
v -0.6 3.5 -0.8
v -0.6 3.6 -0.8
v -0.6 4.6 -0.8
v -0.6 4.7 -0.8
v -0.6 4.8 -0.8
v -0.6 8.2 -0.8
v -0.6 8.3 -0.8
v -0.6 8.5 -0.8
v -0.6 8.6 -0.8
v -0.5 0.8 -0.8
v -0.5 0.9 -0.8
v -0.5 1 -0.8
v -0.5 1.8 -0.8
v -0.5 1.9 -0.8
v -0.5 2 -0.8
v -0.5 2.4 -0.8
v -0.5 2.5 -0.8
v -0.5 2.6 -0.8
v -0.5 3.7 -0.8
v -0.5 3.8 -0.8
v -0.5 3.9 -0.8
v -0.5 4.3 -0.8
v -0.5 4.4 -0.8
v -0.5 4.5 -0.8
v -0.5 4.7 -0.8
v -0.5 4.8 -0.8
v -0.5 4.9 -0.8
v -0.5 5.3 -0.8
v -0.5 5.4 -0.8
v -0.5 5.5 -0.8
v -0.5 5.6 -0.8
v -0.5 5.7 -0.8
v -0.5 5.8 -0.8
v -0.5 5.9 -0.8
v -0.5 6.2 -0.8
v -0.5 6.3 -0.8
v -0.5 6.4 -0.8
v -0.5 6.6 -0.8
v -0.5 6.7 -0.8
v -0.5 6.8 -0.8
v -0.5 7.3 -0.8
v -0.5 7.4 -0.8
v -0.5 7.5 -0.8
v -0.5 7.6 -0.8
v -0.5 7.7 -0.8
v -0.5 7.8 -0.8
v -0.4 0.2 -0.8
v -0.4 0.3 -0.8
v -0.4 0.4 -0.8
v -0.4 0.9 -0.8
v -0.4 1 -0.8
v -0.4 1.1 -0.8
v -0.4 1.3 -0.8
v -0.4 1.4 -0.8
v -0.4 1.5 -0.8
v -0.4 2.8 -0.8
v -0.4 2.9 -0.8
v -0.4 3 -0.8
v -0.4 3.3 -0.8
v -0.4 3.4 -0.8
v -0.4 3.5 -0.8
v -0.4 5.2 -0.8
v -0.4 5.3 -0.8
v -0.4 5.4 -0.8
v -0.4 5.7 -0.8
v -0.4 5.8 -0.8
v -0.4 5.9 -0.8
v -0.4 6.7 -0.8
v -0.4 6.8 -0.8
v -0.4 6.9 -0.8
v -0.4 7.2 -0.8
v -0.4 7.3 -0.8
v -0.4 7.4 -0.8
v -0.4 8.1 -0.8
v -0.4 8.2 -0.8
v -0.4 8.3 -0.8
v -0.4 9 -0.8
v -0.3 0.1 -0.8
v -0.3 0.2 -0.8
v -0.3 0.3 -0.8
v -0.3 1 -0.8
v -0.3 1.1 -0.8
v -0.3 1.2 -0.8
v -0.3 1.9 -0.8
v -0.3 2 -0.8
v -0.3 2.1 -0.8
v -0.3 2.3 -0.8
v -0.3 2.4 -0.8
v -0.3 2.5 -0.8
v -0.3 2.9 -0.8
v -0.3 3 -0.8
v -0.3 3.1 -0.8
v -0.3 3.8 -0.8
v -0.3 3.9 -0.8
v -0.3 4 -0.8
v -0.3 4.2 -0.8
v -0.3 4.3 -0.8
v -0.3 4.4 -0.8
v -0.3 4.8 -0.8
v -0.3 4.9 -0.8
v -0.3 5 -0.8
v -0.3 5.7 -0.8
v -0.3 5.8 -0.8
v -0.3 5.9 -0.8
v -0.3 6.1 -0.8
v -0.3 6.2 -0.8
v -0.3 6.3 -0.8
v -0.3 7.7 -0.8
v -0.3 7.8 -0.8
v -0.3 7.9 -0.8
v -0.3 8.5 -0.8
v -0.3 8.6 -0.8
v -0.3 8.7 -0.8
v -0.3 8.9 -0.8
v -0.3 9 -0.8
v -0.2 1.2 -0.8
v -0.2 1.3 -0.8
v -0.2 1.4 -0.8
v -0.2 3.2 -0.8
v -0.2 3.3 -0.8
v -0.2 3.4 -0.8
v -0.2 5.1 -0.8
v -0.2 5.2 -0.8
v -0.2 5.3 -0.8
v -0.2 6.8 -0.8
v -0.2 6.9 -0.8
v -0.2 7 -0.8
v -0.2 7.1 -0.8
v -0.2 7.2 -0.8
v -0.2 7.3 -0.8
v -0.2 8 -0.8
v -0.2 8.1 -0.8
v -0.2 8.2 -0.8
v -0.2 8.8 -0.8
v -0.2 8.9 -0.8
v -0.2 9 -0.8
v -0.0999999 0 -0.8
v -0.0999999 0.1 -0.8
v -0.0999999 0.2 -0.8
v -0.0999999 1.1 -0.8
v -0.0999999 1.2 -0.8
v -0.0999999 2 -0.8
v -0.0999999 2.1 -0.8
v -0.0999999 2.3 -0.8
v -0.0999999 2.4 -0.8
v -0.0999999 3 -0.8
v -0.0999999 3.1 -0.8
v -0.0999999 3.2 -0.8
v -0.0999999 3.9 -0.8
v -0.0999999 4 -0.8
v -0.0999999 4.2 -0.8
v -0.0999999 4.3 -0.8
v -0.0999999 4.9 -0.8
v -0.0999999 5 -0.8
v -0.0999999 5.1 -0.8
v -0.0999999 5.8 -0.8
v -0.0999999 5.9 -0.8
v -0.0999999 6.1 -0.8
v -0.0999999 6.2 -0.8
v -0.0999999 7.8 -0.8
v -0.0999999 7.9 -0.8
v -0.0999999 8 -0.8
v -0.0999999 8.6 -0.8
v -0.0999999 8.7 -0.8
v -0.0999999 8.8 -0.8
v -0.0999999 9 -0.8
v -0.0999999 9.1 -0.8
v 0 0.1 -0.8
v 0 1.2 -0.8
v 0 1.3 -0.8
v 0 2.1 -0.8
v 0 2.3 -0.8
v 0 3.1 -0.8
v 0 3.3 -0.8
v 0 4 -0.8
v 0 4.2 -0.8
v 0 5 -0.8
v 0 5.2 -0.8
v 0 5.9 -0.8
v 0 6.1 -0.8
v 0 6.9 -0.8
v 0 7 -0.8
v 0 7.1 -0.8
v 0 7.2 -0.8
v 0 7.9 -0.8
v 0 8.1 -0.8
v 0 8.7 -0.8
v 0 8.9 -0.8
v 0 9.1 -0.8
v 0.0999999 0 -0.8
v 0.0999999 9.1 -0.8
v 0.0999999 9.9 -0.8
v 0.0999999 10 -0.8
v 0.2 0 -0.8
v 0.2 9.1 -0.8
v 0.2 9.9 -0.8
v 0.2 10 -0.8
v 1.2 9.2 -0.8
v 1.2 9.3 -0.8
v 1.2 9.7 -0.8
v 1.2 9.8 -0.8
v 1.3 9.2 -0.8
v 1.3 9.3 -0.8
v 1.3 9.7 -0.8
v 1.3 9.8 -0.8
v -3.4 9.3 -0.9
v -3.4 9.4 -0.9
v -3.4 9.6 -0.9
v -3.4 9.7 -0.9
v -3.3 9.3 -0.9
v -3.3 9.4 -0.9
v -3.3 9.6 -0.9
v -3.3 9.7 -0.9
v -1.9 4.5 -0.9
v -1.9 4.6 -0.9
v -1.8 0 -0.9
v -1.8 4.5 -0.9
v -1.8 4.6 -0.9
v -1.8 9 -0.9
v -1.7 0.1 -0.9
v -1.7 1.1 -0.9
v -1.7 1.3 -0.9
v -1.7 2 -0.9
v -1.7 2.2 -0.9
v -1.7 3 -0.9
v -1.7 3.2 -0.9
v -1.7 4 -0.9
v -1.7 4.2 -0.9
v -1.7 5 -0.9
v -1.7 5.2 -0.9
v -1.7 6 -0.9
v -1.7 6.1 -0.9
v -1.7 6.8 -0.9
v -1.7 6.9 -0.9
v -1.7 7.1 -0.9
v -1.7 7.2 -0.9
v -1.7 8 -0.9
v -1.7 8.1 -0.9
v -1.7 8.8 -0.9
v -1.6 0 -0.9
v -1.6 0.1 -0.9
v -1.6 0.2 -0.9
v -1.6 1 -0.9
v -1.6 1.1 -0.9
v -1.6 1.3 -0.9
v -1.6 1.4 -0.9
v -1.6 1.9 -0.9
v -1.6 2 -0.9
v -1.6 2.1 -0.9
v -1.6 3.1 -0.9
v -1.6 3.2 -0.9
v -1.6 3.3 -0.9
v -1.6 3.9 -0.9
v -1.6 4 -0.9
v -1.6 4.1 -0.9
v -1.6 4.9 -0.9
v -1.6 5 -0.9
v -1.6 5.1 -0.9
v -1.6 5.9 -0.9
v -1.6 6 -0.9
v -1.6 6.1 -0.9
v -1.6 6.2 -0.9
v -1.6 7.9 -0.9
v -1.6 8 -0.9
v -1.6 8.7 -0.9
v -1.6 8.8 -0.9
v -1.6 8.9 -0.9
v -1.5 0.1 -0.9
v -1.5 0.2 -0.9
v -1.5 0.3 -0.9
v -1.5 2.1 -0.9
v -1.5 2.2 -0.9
v -1.5 2.3 -0.9
v -1.5 2.9 -0.9
v -1.5 3 -0.9
v -1.5 3.1 -0.9
v -1.5 4.1 -0.9
v -1.5 4.2 -0.9
v -1.5 4.3 -0.9
v -1.5 5.1 -0.9
v -1.5 5.2 -0.9
v -1.5 5.3 -0.9
v -1.5 6.7 -0.9
v -1.5 6.8 -0.9
v -1.5 6.9 -0.9
v -1.5 7.1 -0.9
v -1.5 7.2 -0.9
v -1.5 7.3 -0.9
v -1.5 8 -0.9
v -1.5 8.1 -0.9
v -1.5 8.2 -0.9
v -1.5 8.9 -0.9
v -1.5 9 -0.9
v -1.4 0.2 -0.9
v -1.4 0.3 -0.9
v -1.4 0.4 -0.9
v -1.4 0.9 -0.9
v -1.4 1 -0.9
v -1.4 1.1 -0.9
v -1.4 1.3 -0.9
v -1.4 1.4 -0.9
v -1.4 1.5 -0.9
v -1.4 1.8 -0.9
v -1.4 1.9 -0.9
v -1.4 2 -0.9
v -1.4 2.2 -0.9
v -1.4 2.3 -0.9
v -1.4 2.4 -0.9
v -1.4 3.2 -0.9
v -1.4 3.3 -0.9
v -1.4 3.4 -0.9
v -1.4 3.8 -0.9
v -1.4 3.9 -0.9
v -1.4 4 -0.9
v -1.4 4.8 -0.9
v -1.4 4.9 -0.9
v -1.4 5 -0.9
v -1.4 5.8 -0.9
v -1.4 5.9 -0.9
v -1.4 6 -0.9
v -1.4 6.1 -0.9
v -1.4 6.2 -0.9
v -1.4 6.3 -0.9
v -1.4 7.8 -0.9
v -1.4 7.9 -0.9
v -1.4 8 -0.9
v -1.4 8.6 -0.9
v -1.4 8.7 -0.9
v -1.4 8.8 -0.9
v -1.3 0.8 -0.9
v -1.3 0.9 -0.9
v -1.3 1 -0.9
v -1.3 2.8 -0.9
v -1.3 2.9 -0.9
v -1.3 3 -0.9
v -1.3 4.2 -0.9
v -1.3 4.3 -0.9
v -1.3 4.4 -0.9
v -1.3 5.2 -0.9
v -1.3 5.3 -0.9
v -1.3 5.4 -0.9
v -1.3 5.8 -0.9
v -1.3 5.9 -0.9
v -1.3 6.6 -0.9
v -1.3 6.7 -0.9
v -1.3 6.8 -0.9
v -1.3 7.2 -0.9
v -1.3 7.3 -0.9
v -1.3 7.4 -0.9
v -1.3 8.1 -0.9
v -1.3 8.2 -0.9
v -1.3 8.3 -0.9
v -1.2 0.3 -0.9
v -1.2 0.4 -0.9
v -1.2 0.5 -0.9
v -1.2 1.4 -0.9
v -1.2 1.5 -0.9
v -1.2 1.6 -0.9
v -1.2 1.7 -0.9
v -1.2 1.8 -0.9
v -1.2 1.9 -0.9
v -1.2 2.3 -0.9
v -1.2 2.4 -0.9
v -1.2 2.5 -0.9
v -1.2 3.3 -0.9
v -1.2 3.4 -0.9
v -1.2 3.5 -0.9
v -1.2 3.7 -0.9
v -1.2 3.8 -0.9
v -1.2 3.9 -0.9
v -1.2 4.3 -0.9
v -1.2 4.4 -0.9
v -1.2 4.5 -0.9
v -1.2 4.7 -0.9
v -1.2 4.8 -0.9
v -1.2 4.9 -0.9
v -1.2 5.3 -0.9
v -1.2 5.4 -0.9
v -1.2 5.5 -0.9
v -1.2 5.7 -0.9
v -1.2 5.8 -0.9
v -1.2 5.9 -0.9
v -1.2 6.2 -0.9
v -1.2 6.3 -0.9
v -1.2 6.4 -0.9
v -1.2 7.7 -0.9
v -1.2 7.8 -0.9
v -1.2 7.9 -0.9
v -1.2 8.5 -0.9
v -1.2 8.6 -0.9
v -1.2 8.7 -0.9
v -1.1 0.4 -0.9
v -1.1 0.5 -0.9
v -1.1 0.6 -0.9
v -1.1 0.7 -0.9
v -1.1 0.8 -0.9
v -1.1 0.9 -0.9
v -1.1 2.4 -0.9
v -1.1 2.5 -0.9
v -1.1 2.6 -0.9
v -1.1 2.7 -0.9
v -1.1 2.8 -0.9
v -1.1 2.9 -0.9
v -1.1 5.5 -0.9
v -1.1 5.6 -0.9
v -1.1 5.7 -0.9
v -1.1 5.8 -0.9
v -1.1 6.3 -0.9
v -1.1 6.4 -0.9
v -1.1 6.6 -0.9
v -1.1 6.7 -0.9
v -1.1 7.3 -0.9
v -1.1 7.4 -0.9
v -1.1 7.5 -0.9
v -1.1 7.6 -0.9
v -1.1 7.7 -0.9
v -1.1 7.8 -0.9
v -1 0.5 -0.9
v -1 0.6 -0.9
v -1 0.7 -0.9
v -1 0.8 -0.9
v -1 1.5 -0.9
v -1 1.6 -0.9
v -1 1.7 -0.9
v -1 1.8 -0.9
v -1 3.4 -0.9
v -1 3.5 -0.9
v -1 3.7 -0.9
v -1 3.8 -0.9
v -1 4.4 -0.9
v -1 4.5 -0.9
v -1 4.7 -0.9
v -1 4.8 -0.9
v -1 8.2 -0.9
v -1 8.3 -0.9
v -1 8.5 -0.9
v -1 8.6 -0.9
v -0.9 1.7 -0.9
v -0.9 1.8 -0.9
v -0.9 2.5 -0.9
v -0.9 2.6 -0.9
v -0.9 2.7 -0.9
v -0.9 2.8 -0.9
v -0.9 3.5 -0.9
v -0.9 3.6 -0.9
v -0.9 5.4 -0.9
v -0.9 5.5 -0.9
v -0.9 5.6 -0.9
v -0.9 5.7 -0.9
v -0.9 7.4 -0.9
v -0.9 7.5 -0.9
v -0.9 7.6 -0.9
v -0.9 7.7 -0.9
v -0.8 0.5 -0.9
v -0.8 0.6 -0.9
v -0.8 0.7 -0.9
v -0.8 0.8 -0.9
v -0.8 1.5 -0.9
v -0.8 1.6 -0.9
v -0.8 1.7 -0.9
v -0.8 3.5 -0.9
v -0.8 3.6 -0.9
v -0.7 0.4 -0.9
v -0.7 0.5 -0.9
v -0.7 0.6 -0.9
v -0.7 0.7 -0.9
v -0.7 0.8 -0.9
v -0.7 0.9 -0.9
v -0.7 1.7 -0.9
v -0.7 1.8 -0.9
v -0.7 1.9 -0.9
v -0.7 2.5 -0.9
v -0.7 2.6 -0.9
v -0.7 2.7 -0.9
v -0.7 2.8 -0.9
v -0.7 3.6 -0.9
v -0.7 3.7 -0.9
v -0.7 3.8 -0.9
v -0.7 4.4 -0.9
v -0.7 4.5 -0.9
v -0.7 4.6 -0.9
v -0.7 5.6 -0.9
v -0.7 5.7 -0.9
v -0.7 5.8 -0.9
v -0.7 6.3 -0.9
v -0.7 6.4 -0.9
v -0.7 6.6 -0.9
v -0.7 6.7 -0.9
v -0.7 7.4 -0.9
v -0.7 7.5 -0.9
v -0.7 7.6 -0.9
v -0.7 7.7 -0.9
v -0.6 0.3 -0.9
v -0.6 0.4 -0.9
v -0.6 0.5 -0.9
v -0.6 1.4 -0.9
v -0.6 1.5 -0.9
v -0.6 1.6 -0.9
v -0.6 2.7 -0.9
v -0.6 2.8 -0.9
v -0.6 2.9 -0.9
v -0.6 3.4 -0.9
v -0.6 3.5 -0.9
v -0.6 3.6 -0.9
v -0.6 4.6 -0.9
v -0.6 4.7 -0.9
v -0.6 4.8 -0.9
v -0.6 8.2 -0.9
v -0.6 8.3 -0.9
v -0.6 8.5 -0.9
v -0.6 8.6 -0.9
v -0.5 0.8 -0.9
v -0.5 0.9 -0.9
v -0.5 1 -0.9
v -0.5 1.8 -0.9
v -0.5 1.9 -0.9
v -0.5 2 -0.9
v -0.5 2.4 -0.9
v -0.5 2.5 -0.9
v -0.5 2.6 -0.9
v -0.5 3.7 -0.9
v -0.5 3.8 -0.9
v -0.5 3.9 -0.9
v -0.5 4.3 -0.9
v -0.5 4.4 -0.9
v -0.5 4.5 -0.9
v -0.5 4.7 -0.9
v -0.5 4.8 -0.9
v -0.5 4.9 -0.9
v -0.5 5.3 -0.9
v -0.5 5.4 -0.9
v -0.5 5.5 -0.9
v -0.5 5.6 -0.9
v -0.5 5.7 -0.9
v -0.5 5.8 -0.9
v -0.5 5.9 -0.9
v -0.5 6.2 -0.9
v -0.5 6.3 -0.9
v -0.5 6.4 -0.9
v -0.5 6.6 -0.9
v -0.5 6.7 -0.9
v -0.5 6.8 -0.9
v -0.5 7.3 -0.9
v -0.5 7.4 -0.9
v -0.5 7.5 -0.9
v -0.5 7.6 -0.9
v -0.5 7.7 -0.9
v -0.5 7.8 -0.9
v -0.4 0.2 -0.9
v -0.4 0.3 -0.9
v -0.4 0.4 -0.9
v -0.4 0.9 -0.9
v -0.4 1 -0.9
v -0.4 1.1 -0.9
v -0.4 1.3 -0.9
v -0.4 1.4 -0.9
v -0.4 1.5 -0.9
v -0.4 2.8 -0.9
v -0.4 2.9 -0.9
v -0.4 3 -0.9
v -0.4 3.3 -0.9
v -0.4 3.4 -0.9
v -0.4 3.5 -0.9
v -0.4 5.2 -0.9
v -0.4 5.3 -0.9
v -0.4 5.4 -0.9
v -0.4 5.7 -0.9
v -0.4 5.8 -0.9
v -0.4 5.9 -0.9
v -0.4 6.7 -0.9
v -0.4 6.8 -0.9
v -0.4 6.9 -0.9
v -0.4 7.2 -0.9
v -0.4 7.3 -0.9
v -0.4 7.4 -0.9
v -0.4 8.1 -0.9
v -0.4 8.2 -0.9
v -0.4 8.3 -0.9
v -0.3 0.1 -0.9
v -0.3 0.2 -0.9
v -0.3 0.3 -0.9
v -0.3 1 -0.9
v -0.3 1.1 -0.9
v -0.3 1.2 -0.9
v -0.3 1.9 -0.9
v -0.3 2 -0.9
v -0.3 2.1 -0.9
v -0.3 2.3 -0.9
v -0.3 2.4 -0.9
v -0.3 2.5 -0.9
v -0.3 2.9 -0.9
v -0.3 3 -0.9
v -0.3 3.1 -0.9
v -0.3 3.8 -0.9
v -0.3 3.9 -0.9
v -0.3 4 -0.9
v -0.3 4.2 -0.9
v -0.3 4.3 -0.9
v -0.3 4.4 -0.9
v -0.3 4.8 -0.9
v -0.3 4.9 -0.9
v -0.3 5 -0.9
v -0.3 5.7 -0.9
v -0.3 5.8 -0.9
v -0.3 5.9 -0.9
v -0.3 6.1 -0.9
v -0.3 6.2 -0.9
v -0.3 6.3 -0.9
v -0.3 7.7 -0.9
v -0.3 7.8 -0.9
v -0.3 7.9 -0.9
v -0.3 8.5 -0.9
v -0.3 8.6 -0.9
v -0.3 8.7 -0.9
v -0.3 8.9 -0.9
v -0.3 9 -0.9
v -0.2 1.2 -0.9
v -0.2 1.3 -0.9
v -0.2 1.4 -0.9
v -0.2 3.2 -0.9
v -0.2 3.3 -0.9
v -0.2 3.4 -0.9
v -0.2 5.1 -0.9
v -0.2 5.2 -0.9
v -0.2 5.3 -0.9
v -0.2 6.8 -0.9
v -0.2 6.9 -0.9
v -0.2 7 -0.9
v -0.2 7.1 -0.9
v -0.2 7.2 -0.9
v -0.2 7.3 -0.9
v -0.2 8 -0.9
v -0.2 8.1 -0.9
v -0.2 8.2 -0.9
v -0.2 8.8 -0.9
v -0.2 8.9 -0.9
v -0.2 9 -0.9
v -0.0999999 0 -0.9
v -0.0999999 0.1 -0.9
v -0.0999999 0.2 -0.9
v -0.0999999 1.1 -0.9
v -0.0999999 1.2 -0.9
v -0.0999999 2 -0.9
v -0.0999999 2.1 -0.9
v -0.0999999 2.3 -0.9
v -0.0999999 2.4 -0.9
v -0.0999999 3 -0.9
v -0.0999999 3.1 -0.9
v -0.0999999 3.2 -0.9
v -0.0999999 3.9 -0.9
v -0.0999999 4 -0.9
v -0.0999999 4.2 -0.9
v -0.0999999 4.3 -0.9
v -0.0999999 4.9 -0.9
v -0.0999999 5 -0.9
v -0.0999999 5.1 -0.9
v -0.0999999 5.8 -0.9
v -0.0999999 5.9 -0.9
v -0.0999999 6.1 -0.9
v -0.0999999 6.2 -0.9
v -0.0999999 7.8 -0.9
v -0.0999999 7.9 -0.9
v -0.0999999 8 -0.9
v -0.0999999 8.6 -0.9
v -0.0999999 8.7 -0.9
v -0.0999999 8.8 -0.9
v -0.0999999 9.9 -0.9
v -0.0999999 10 -0.9
v 0 0.1 -0.9
v 0 1.2 -0.9
v 0 1.3 -0.9
v 0 2.1 -0.9
v 0 2.3 -0.9
v 0 3.1 -0.9
v 0 3.3 -0.9
v 0 4 -0.9
v 0 4.2 -0.9
v 0 5 -0.9
v 0 5.2 -0.9
v 0 5.9 -0.9
v 0 6.1 -0.9
v 0 6.9 -0.9
v 0 7 -0.9
v 0 7.1 -0.9
v 0 7.2 -0.9
v 0 7.9 -0.9
v 0 8.1 -0.9
v 0 8.7 -0.9
v 0 8.9 -0.9
v 0 9.1 -0.9
v 0.0999999 0 -0.9
v 0.0999999 9.1 -0.9
v 0.0999999 9.9 -0.9
v 0.0999999 10 -0.9
v 1.4 9.3 -0.9
v 1.4 9.4 -0.9
v 1.4 9.6 -0.9
v 1.4 9.7 -0.9
v 1.5 9.3 -0.9
v 1.5 9.4 -0.9
v 1.5 9.6 -0.9
v 1.5 9.7 -0.9
v -3.5 9.4 -1
v -3.5 9.6 -1
v -3.4 9.4 -1
v -3.4 9.6 -1
v -3.1 9.2 -1
v -3.1 9.3 -1
v -3.1 9.7 -1
v -3.1 9.8 -1
v -3 9.2 -1
v -3 9.3 -1
v -3 9.7 -1
v -3 9.8 -1
v -2.7 9.1 -1
v -2.7 9.2 -1
v -2.7 9.8 -1
v -2.7 9.9 -1
v -2.6 9.1 -1
v -2.6 9.2 -1
v -2.6 9.8 -1
v -2.6 9.9 -1
v -1.8 9 -1
v -1.8 9.1 -1
v -1.8 9.9 -1
v -1.8 10 -1
v -1.6 9 -1
v -1.6 9.1 -1
v -1.6 9.9 -1
v -1.6 10 -1
v -0.3 9 -1
v -0.3 9.1 -1
v -0.3 9.9 -1
v -0.3 10 -1
v -0.0999999 9 -1
v -0.0999999 9.1 -1
v -0.0999999 9.9 -1
v -0.0999999 10 -1
v 0.7 9.1 -1
v 0.7 9.2 -1
v 0.7 9.8 -1
v 0.7 9.9 -1
v 0.8 9.1 -1
v 0.8 9.2 -1
v 0.8 9.8 -1
v 0.8 9.9 -1
v 1.1 9.2 -1
v 1.1 9.3 -1
v 1.1 9.7 -1
v 1.1 9.8 -1
v 1.2 9.2 -1
v 1.2 9.3 -1
v 1.2 9.7 -1
v 1.2 9.8 -1
v 1.5 9.4 -1
v 1.5 9.6 -1
v 1.6 9.4 -1
v 1.6 9.6 -1
v -2.6 9.1 -1.1
v -2.6 9.2 -1.1
v -2.6 9.8 -1.1
v -2.6 9.9 -1.1
v -2.5 9.1 -1.1
v -2.5 9.2 -1.1
v -2.5 9.8 -1.1
v -2.5 9.9 -1.1
v -1.6 9 -1.1
v -1.6 9.1 -1.1
v -1.6 9.9 -1.1
v -1.6 10 -1.1
v -1.5 9 -1.1
v -1.5 9.1 -1.1
v -1.5 9.9 -1.1
v -1.5 10 -1.1
v -0.4 9 -1.1
v -0.4 9.1 -1.1
v -0.4 9.9 -1.1
v -0.4 10 -1.1
v -0.3 9 -1.1
v -0.3 9.1 -1.1
v -0.3 9.9 -1.1
v -0.3 10 -1.1
v 0.6 9.1 -1.1
v 0.6 9.2 -1.1
v 0.6 9.8 -1.1
v 0.6 9.9 -1.1
v 0.7 9.1 -1.1
v 0.7 9.2 -1.1
v 0.7 9.8 -1.1
v 0.7 9.9 -1.1
v -3.4 9.4 -1.2
v -3.4 9.6 -1.2
v -3.3 9.3 -1.2
v -3.3 9.4 -1.2
v -3.3 9.6 -1.2
v -3.3 9.7 -1.2
v -3.2 9.3 -1.2
v -3.2 9.4 -1.2
v -3.2 9.6 -1.2
v -3.2 9.7 -1.2
v -3 9.2 -1.2
v -3 9.3 -1.2
v -3 9.7 -1.2
v -3 9.8 -1.2
v -2.9 9.2 -1.2
v -2.9 9.3 -1.2
v -2.9 9.7 -1.2
v -2.9 9.8 -1.2
v -1.5 9 -1.2
v -1.5 9.1 -1.2
v -1.5 9.9 -1.2
v -1.5 10 -1.2
v -1.1 9 -1.2
v -1.1 9.1 -1.2
v -1.1 9.9 -1.2
v -1.1 10 -1.2
v -0.8 9 -1.2
v -0.8 9.1 -1.2
v -0.8 9.9 -1.2
v -0.8 10 -1.2
v -0.4 9 -1.2
v -0.4 9.1 -1.2
v -0.4 9.9 -1.2
v -0.4 10 -1.2
v 1 9.2 -1.2
v 1 9.3 -1.2
v 1 9.7 -1.2
v 1 9.8 -1.2
v 1.1 9.2 -1.2
v 1.1 9.3 -1.2
v 1.1 9.7 -1.2
v 1.1 9.8 -1.2
v 1.3 9.3 -1.2
v 1.3 9.4 -1.2
v 1.3 9.6 -1.2
v 1.3 9.7 -1.2
v 1.4 9.3 -1.2
v 1.4 9.4 -1.2
v 1.4 9.6 -1.2
v 1.4 9.7 -1.2
v 1.5 9.4 -1.2
v 1.5 9.6 -1.2
v -3.2 9.3 -1.3
v -3.2 9.4 -1.3
v -3.2 9.6 -1.3
v -3.2 9.7 -1.3
v -3.1 9.3 -1.3
v -3.1 9.4 -1.3
v -3.1 9.6 -1.3
v -3.1 9.7 -1.3
v -3 5.4 -1.3
v -3 5.8 -1.3
v -2.7 5.4 -1.3
v -2.7 5.8 -1.3
v -2.5 9.1 -1.3
v -2.5 9.2 -1.3
v -2.5 9.8 -1.3
v -2.5 9.9 -1.3
v -2.4 9.1 -1.3
v -2.4 9.2 -1.3
v -2.4 9.8 -1.3
v -2.4 9.9 -1.3
v -1.1 9 -1.3
v -1.1 9.1 -1.3
v -1.1 9.9 -1.3
v -1.1 10 -1.3
v -0.8 9 -1.3
v -0.8 9.1 -1.3
v -0.8 9.9 -1.3
v -0.8 10 -1.3
v 0.5 9.1 -1.3
v 0.5 9.2 -1.3
v 0.5 9.8 -1.3
v 0.5 9.9 -1.3
v 0.6 9.1 -1.3
v 0.6 9.2 -1.3
v 0.6 9.8 -1.3
v 0.6 9.9 -1.3
v 1 5.4 -1.3
v 1 5.7 -1.3
v 1.2 9.3 -1.3
v 1.2 9.4 -1.3
v 1.2 9.6 -1.3
v 1.2 9.7 -1.3
v 1.3 5.4 -1.3
v 1.3 5.7 -1.3
v 1.3 9.3 -1.3
v 1.3 9.4 -1.3
v 1.3 9.6 -1.3
v 1.3 9.7 -1.3
v -3.3 9.4 -1.4
v -3.3 9.6 -1.4
v -3.2 9.4 -1.4
v -3.2 9.6 -1.4
v -2.9 9.2 -1.4
v -2.9 9.3 -1.4
v -2.9 9.7 -1.4
v -2.9 9.8 -1.4
v -2.8 9.2 -1.4
v -2.8 9.3 -1.4
v -2.8 9.7 -1.4
v -2.8 9.8 -1.4
v -2.4 9.1 -1.4
v -2.4 9.2 -1.4
v -2.4 9.8 -1.4
v -2.4 9.9 -1.4
v -2.3 9.1 -1.4
v -2.3 9.2 -1.4
v -2.3 9.8 -1.4
v -2.3 9.9 -1.4
v 0.4 9.1 -1.4
v 0.4 9.2 -1.4
v 0.4 9.8 -1.4
v 0.4 9.9 -1.4
v 0.5 9.1 -1.4
v 0.5 9.2 -1.4
v 0.5 9.8 -1.4
v 0.5 9.9 -1.4
v 0.9 9.2 -1.4
v 0.9 9.3 -1.4
v 0.9 9.7 -1.4
v 0.9 9.8 -1.4
v 1 9.2 -1.4
v 1 9.3 -1.4
v 1 9.7 -1.4
v 1 9.8 -1.4
v 1.3 9.4 -1.4
v 1.3 9.6 -1.4
v 1.4 9.4 -1.4
v 1.4 9.6 -1.4
v -3.2 9.4 -1.5
v -3.2 9.6 -1.5
v -3.1 9.3 -1.5
v -3.1 9.4 -1.5
v -3.1 9.6 -1.5
v -3.1 9.7 -1.5
v -3 9.3 -1.5
v -3 9.4 -1.5
v -3 9.6 -1.5
v -3 9.7 -1.5
v -2.8 9.2 -1.5
v -2.8 9.3 -1.5
v -2.8 9.7 -1.5
v -2.8 9.8 -1.5
v -2.7 9.2 -1.5
v -2.7 9.3 -1.5
v -2.7 9.7 -1.5
v -2.7 9.8 -1.5
v -2.3 9.1 -1.5
v -2.3 9.2 -1.5
v -2.3 9.8 -1.5
v -2.3 9.9 -1.5
v -2.2 9.1 -1.5
v -2.2 9.2 -1.5
v -2.2 9.8 -1.5
v -2.2 9.9 -1.5
v 0.3 9.1 -1.5
v 0.3 9.2 -1.5
v 0.3 9.8 -1.5
v 0.3 9.9 -1.5
v 0.4 9.1 -1.5
v 0.4 9.2 -1.5
v 0.4 9.8 -1.5
v 0.4 9.9 -1.5
v 0.8 9.2 -1.5
v 0.8 9.3 -1.5
v 0.8 9.7 -1.5
v 0.8 9.8 -1.5
v 0.9 9.2 -1.5
v 0.9 9.3 -1.5
v 0.9 9.7 -1.5
v 0.9 9.8 -1.5
v 1.1 9.3 -1.5
v 1.1 9.4 -1.5
v 1.1 9.6 -1.5
v 1.1 9.7 -1.5
v 1.2 9.3 -1.5
v 1.2 9.4 -1.5
v 1.2 9.6 -1.5
v 1.2 9.7 -1.5
v 1.3 9.4 -1.5
v 1.3 9.6 -1.5
v -3 9.3 -1.6
v -3 9.4 -1.6
v -3 9.6 -1.6
v -3 9.7 -1.6
v -2.9 9.3 -1.6
v -2.9 9.4 -1.6
v -2.9 9.6 -1.6
v -2.9 9.7 -1.6
v -2.7 9.2 -1.6
v -2.7 9.3 -1.6
v -2.7 9.7 -1.6
v -2.7 9.8 -1.6
v -2.6 9.2 -1.6
v -2.6 9.3 -1.6
v -2.6 9.7 -1.6
v -2.6 9.8 -1.6
v -2.3 5.7 -1.6
v -2.3 6.2 -1.6
v -2.2 9.1 -1.6
v -2.2 9.2 -1.6
v -2.2 9.8 -1.6
v -2.2 9.9 -1.6
v -2 9.1 -1.6
v -2 9.2 -1.6
v -2 9.8 -1.6
v -2 9.9 -1.6
v 0.0999999 9.1 -1.6
v 0.0999999 9.2 -1.6
v 0.0999999 9.8 -1.6
v 0.0999999 9.9 -1.6
v 0.3 9.1 -1.6
v 0.3 9.2 -1.6
v 0.3 9.8 -1.6
v 0.3 9.9 -1.6
v 0.7 5.7 -1.6
v 0.7 6.2 -1.6
v 0.7 9.2 -1.6
v 0.7 9.3 -1.6
v 0.7 9.7 -1.6
v 0.7 9.8 -1.6
v 0.8 9.2 -1.6
v 0.8 9.3 -1.6
v 0.8 9.7 -1.6
v 0.8 9.8 -1.6
v 1 9.3 -1.6
v 1 9.4 -1.6
v 1 9.6 -1.6
v 1 9.7 -1.6
v 1.1 9.3 -1.6
v 1.1 9.4 -1.6
v 1.1 9.6 -1.6
v 1.1 9.7 -1.6
v -3.1 9.4 -1.7
v -3.1 9.6 -1.7
v -3 9.4 -1.7
v -3 9.6 -1.7
v -2.7 5.4 -1.7
v -2.7 6.2 -1.7
v -2.6 9.2 -1.7
v -2.6 9.3 -1.7
v -2.6 9.7 -1.7
v -2.6 9.8 -1.7
v -2.5 9.2 -1.7
v -2.5 9.3 -1.7
v -2.5 9.7 -1.7
v -2.5 9.8 -1.7
v -2.3 5.4 -1.7
v -2.3 5.7 -1.7
v -2.3 6.2 -1.7
v -2 9.1 -1.7
v -2 9.2 -1.7
v -2 9.8 -1.7
v -2 9.9 -1.7
v -1.9 9.1 -1.7
v -1.9 9.2 -1.7
v -1.9 9.8 -1.7
v -1.9 9.9 -1.7
v 0 9.1 -1.7
v 0 9.2 -1.7
v 0 9.8 -1.7
v 0 9.9 -1.7
v 0.0999999 9.1 -1.7
v 0.0999999 9.2 -1.7
v 0.0999999 9.8 -1.7
v 0.0999999 9.9 -1.7
v 0.6 9.2 -1.7
v 0.6 9.3 -1.7
v 0.6 9.7 -1.7
v 0.6 9.8 -1.7
v 0.7 5.4 -1.7
v 0.7 5.7 -1.7
v 0.7 6.2 -1.7
v 0.7 9.2 -1.7
v 0.7 9.3 -1.7
v 0.7 9.7 -1.7
v 0.7 9.8 -1.7
v 1 5.4 -1.7
v 1 6.2 -1.7
v 1.1 9.4 -1.7
v 1.1 9.6 -1.7
v 1.2 9.4 -1.7
v 1.2 9.6 -1.7
v -3 9.4 -1.8
v -3 9.6 -1.8
v -2.9 9.3 -1.8
v -2.9 9.4 -1.8
v -2.9 9.6 -1.8
v -2.9 9.7 -1.8
v -2.8 9.3 -1.8
v -2.8 9.4 -1.8
v -2.8 9.6 -1.8
v -2.8 9.7 -1.8
v -2.5 9.2 -1.8
v -2.5 9.3 -1.8
v -2.5 9.7 -1.8
v -2.5 9.8 -1.8
v -2.4 9.2 -1.8
v -2.4 9.3 -1.8
v -2.4 9.7 -1.8
v -2.4 9.8 -1.8
v -1.9 9.1 -1.8
v -1.9 9.2 -1.8
v -1.9 9.8 -1.8
v -1.9 9.9 -1.8
v -1.6 9.1 -1.8
v -1.6 9.2 -1.8
v -1.6 9.8 -1.8
v -1.6 9.9 -1.8
v -0.3 9.1 -1.8
v -0.3 9.2 -1.8
v -0.3 9.8 -1.8
v -0.3 9.9 -1.8
v 0 9.1 -1.8
v 0 9.2 -1.8
v 0 9.8 -1.8
v 0 9.9 -1.8
v 0.5 9.2 -1.8
v 0.5 9.3 -1.8
v 0.5 9.7 -1.8
v 0.5 9.8 -1.8
v 0.6 9.2 -1.8
v 0.6 9.3 -1.8
v 0.6 9.7 -1.8
v 0.6 9.8 -1.8
v 0.9 9.3 -1.8
v 0.9 9.4 -1.8
v 0.9 9.6 -1.8
v 0.9 9.7 -1.8
v 1 9.3 -1.8
v 1 9.4 -1.8
v 1 9.6 -1.8
v 1 9.7 -1.8
v 1.1 9.4 -1.8
v 1.1 9.6 -1.8
v -2.9 9.4 -1.9
v -2.9 9.6 -1.9
v -2.8 9.3 -1.9
v -2.8 9.4 -1.9
v -2.8 9.6 -1.9
v -2.8 9.7 -1.9
v -2.7 9.3 -1.9
v -2.7 9.4 -1.9
v -2.7 9.6 -1.9
v -2.7 9.7 -1.9
v -2.4 9.2 -1.9
v -2.4 9.3 -1.9
v -2.4 9.7 -1.9
v -2.4 9.8 -1.9
v -2.3 9.2 -1.9
v -2.3 9.3 -1.9
v -2.3 9.7 -1.9
v -2.3 9.8 -1.9
v -1.6 9.1 -1.9
v -1.6 9.2 -1.9
v -1.6 9.8 -1.9
v -1.6 9.9 -1.9
v -1.2 9.1 -1.9
v -1.2 9.2 -1.9
v -1.2 9.8 -1.9
v -1.2 9.9 -1.9
v -0.7 9.1 -1.9
v -0.7 9.2 -1.9
v -0.7 9.8 -1.9
v -0.7 9.9 -1.9
v -0.3 9.1 -1.9
v -0.3 9.2 -1.9
v -0.3 9.8 -1.9
v -0.3 9.9 -1.9
v 0.4 9.2 -1.9
v 0.4 9.3 -1.9
v 0.4 9.7 -1.9
v 0.4 9.8 -1.9
v 0.5 9.2 -1.9
v 0.5 9.3 -1.9
v 0.5 9.7 -1.9
v 0.5 9.8 -1.9
v 0.8 9.3 -1.9
v 0.8 9.4 -1.9
v 0.8 9.6 -1.9
v 0.8 9.7 -1.9
v 0.9 9.3 -1.9
v 0.9 9.4 -1.9
v 0.9 9.6 -1.9
v 0.9 9.7 -1.9
v 1 9.4 -1.9
v 1 9.6 -1.9
v -2.8 9.4 -2
v -2.8 9.6 -2
v -2.7 9.3 -2
v -2.7 9.4 -2
v -2.7 9.6 -2
v -2.7 9.7 -2
v -2.5 9.3 -2
v -2.5 9.4 -2
v -2.5 9.6 -2
v -2.5 9.7 -2
v -2.3 5.4 -2
v -2.3 5.7 -2
v -2.3 9.2 -2
v -2.3 9.3 -2
v -2.3 9.7 -2
v -2.3 9.8 -2
v -2.1 9.2 -2
v -2.1 9.3 -2
v -2.1 9.7 -2
v -2.1 9.8 -2
v -1.2 9.1 -2
v -1.2 9.2 -2
v -1.2 9.8 -2
v -1.2 9.9 -2
v -0.7 9.1 -2
v -0.7 9.2 -2
v -0.7 9.8 -2
v -0.7 9.9 -2
v 0.2 9.2 -2
v 0.2 9.3 -2
v 0.2 9.7 -2
v 0.2 9.8 -2
v 0.4 9.2 -2
v 0.4 9.3 -2
v 0.4 9.7 -2
v 0.4 9.8 -2
v 0.6 9.3 -2
v 0.6 9.4 -2
v 0.6 9.6 -2
v 0.6 9.7 -2
v 0.7 5.4 -2
v 0.7 5.7 -2
v 0.8 9.3 -2
v 0.8 9.4 -2
v 0.8 9.6 -2
v 0.8 9.7 -2
v 0.9 9.4 -2
v 0.9 9.6 -2
v -2.7 9.4 -2.1
v -2.7 9.6 -2.1
v -2.6 9.4 -2.1
v -2.6 9.6 -2.1
v -2.5 9.3 -2.1
v -2.5 9.4 -2.1
v -2.5 9.6 -2.1
v -2.5 9.7 -2.1
v -2.4 9.3 -2.1
v -2.4 9.4 -2.1
v -2.4 9.6 -2.1
v -2.4 9.7 -2.1
v -2.1 9.2 -2.1
v -2.1 9.3 -2.1
v -2.1 9.7 -2.1
v -2.1 9.8 -2.1
v -1.9 9.2 -2.1
v -1.9 9.3 -2.1
v -1.9 9.7 -2.1
v -1.9 9.8 -2.1
v 0 9.2 -2.1
v 0 9.3 -2.1
v 0 9.7 -2.1
v 0 9.8 -2.1
v 0.2 9.2 -2.1
v 0.2 9.3 -2.1
v 0.2 9.7 -2.1
v 0.2 9.8 -2.1
v 0.5 9.3 -2.1
v 0.5 9.4 -2.1
v 0.5 9.6 -2.1
v 0.5 9.7 -2.1
v 0.6 9.3 -2.1
v 0.6 9.4 -2.1
v 0.6 9.6 -2.1
v 0.6 9.7 -2.1
v 0.7 9.4 -2.1
v 0.7 9.6 -2.1
v 0.8 9.4 -2.1
v 0.8 9.6 -2.1
v -2.6 9.4 -2.2
v -2.6 9.6 -2.2
v -2.4 9.3 -2.2
v -2.4 9.4 -2.2
v -2.4 9.6 -2.2
v -2.4 9.7 -2.2
v -2.2 9.3 -2.2
v -2.2 9.4 -2.2
v -2.2 9.6 -2.2
v -2.2 9.7 -2.2
v -1.9 9.2 -2.2
v -1.9 9.3 -2.2
v -1.9 9.7 -2.2
v -1.9 9.8 -2.2
v -1.7 9.2 -2.2
v -1.7 9.3 -2.2
v -1.7 9.7 -2.2
v -1.7 9.8 -2.2
v -0.2 9.2 -2.2
v -0.2 9.3 -2.2
v -0.2 9.7 -2.2
v -0.2 9.8 -2.2
v 0 9.2 -2.2
v 0 9.3 -2.2
v 0 9.7 -2.2
v 0 9.8 -2.2
v 0.3 9.3 -2.2
v 0.3 9.4 -2.2
v 0.3 9.6 -2.2
v 0.3 9.7 -2.2
v 0.5 9.3 -2.2
v 0.5 9.4 -2.2
v 0.5 9.6 -2.2
v 0.5 9.7 -2.2
v 0.7 9.4 -2.2
v 0.7 9.6 -2.2
v -2.4 9.4 -2.3
v -2.4 9.6 -2.3
v -2.3 9.4 -2.3
v -2.3 9.6 -2.3
v -2.2 9.3 -2.3
v -2.2 9.4 -2.3
v -2.2 9.6 -2.3
v -2.2 9.7 -2.3
v -2 9.3 -2.3
v -2 9.4 -2.3
v -2 9.6 -2.3
v -2 9.7 -2.3
v -1.7 9.2 -2.3
v -1.7 9.3 -2.3
v -1.7 9.7 -2.3
v -1.7 9.8 -2.3
v -1.1 9.2 -2.3
v -1.1 9.3 -2.3
v -1.1 9.7 -2.3
v -1.1 9.8 -2.3
v -0.8 9.2 -2.3
v -0.8 9.3 -2.3
v -0.8 9.7 -2.3
v -0.8 9.8 -2.3
v -0.2 9.2 -2.3
v -0.2 9.3 -2.3
v -0.2 9.7 -2.3
v -0.2 9.8 -2.3
v 0.0999999 9.3 -2.3
v 0.0999999 9.4 -2.3
v 0.0999999 9.6 -2.3
v 0.0999999 9.7 -2.3
v 0.3 9.3 -2.3
v 0.3 9.4 -2.3
v 0.3 9.6 -2.3
v 0.3 9.7 -2.3
v 0.4 9.4 -2.3
v 0.4 9.6 -2.3
v 0.5 9.4 -2.3
v 0.5 9.6 -2.3
v -2.3 9.4 -2.4
v -2.3 9.6 -2.4
v -2.1 9.4 -2.4
v -2.1 9.6 -2.4
v -2 9.3 -2.4
v -2 9.4 -2.4
v -2 9.6 -2.4
v -2 9.7 -2.4
v -1.8 9.3 -2.4
v -1.8 9.4 -2.4
v -1.8 9.6 -2.4
v -1.8 9.7 -2.4
v -1.1 9.2 -2.4
v -1.1 9.3 -2.4
v -1.1 9.7 -2.4
v -1.1 9.8 -2.4
v -0.8 9.2 -2.4
v -0.8 9.3 -2.4
v -0.8 9.7 -2.4
v -0.8 9.8 -2.4
v -0.0999999 9.3 -2.4
v -0.0999999 9.4 -2.4
v -0.0999999 9.6 -2.4
v -0.0999999 9.7 -2.4
v 0.0999999 9.3 -2.4
v 0.0999999 9.4 -2.4
v 0.0999999 9.6 -2.4
v 0.0999999 9.7 -2.4
v 0.2 9.4 -2.4
v 0.2 9.6 -2.4
v 0.4 9.4 -2.4
v 0.4 9.6 -2.4
v -2.1 9.4 -2.5
v -2.1 9.6 -2.5
v -1.8 9.3 -2.5
v -1.8 9.4 -2.5
v -1.8 9.6 -2.5
v -1.8 9.7 -2.5
v -1.4 9.3 -2.5
v -1.4 9.4 -2.5
v -1.4 9.6 -2.5
v -1.4 9.7 -2.5
v -0.5 9.3 -2.5
v -0.5 9.4 -2.5
v -0.5 9.6 -2.5
v -0.5 9.7 -2.5
v -0.0999999 9.3 -2.5
v -0.0999999 9.4 -2.5
v -0.0999999 9.6 -2.5
v -0.0999999 9.7 -2.5
v 0.2 9.4 -2.5
v 0.2 9.6 -2.5
v -1.8 9.4 -2.6
v -1.8 9.6 -2.6
v -1.4 9.3 -2.6
v -1.4 9.4 -2.6
v -1.4 9.6 -2.6
v -1.4 9.7 -2.6
v -0.5 9.3 -2.6
v -0.5 9.4 -2.6
v -0.5 9.6 -2.6
v -0.5 9.7 -2.6
v -0.0999999 9.4 -2.6
v -0.0999999 9.6 -2.6
v -1.4 9.4 -2.7
v -1.4 9.6 -2.7
v -0.5 9.4 -2.7
v -0.5 9.6 -2.7
v -1.9 0 0.8
v -1.7 0 0.8
v -0.0999999 0 0.8
v 0.2 0 0.8
v -1.8 0 0.7
v -1.7 0 0.7
v -0.0999999 0 0.7
v 0.0999999 0 0.7
v 0.2 0 0.7
v -1.9 0 0.6
v -1.8 0 0.6
v -1.7 0 0.6
v 0.0999999 0 0.6
v 0.2 0 0.6
v 0.0999999 0 0.5
v 0.2 0 0.5
v 0.0999999 0 -0.6
v 0.2 0 -0.6
v -1.9 0 -0.7
v -1.8 0 -0.7
v -1.7 0 -0.7
v -1.9 0 -0.8
v -1.8 0 -0.8
v -1.6 0 -0.8
v -0.0999999 0 -0.8
v 0.0999999 0 -0.8
v 0.2 0 -0.8
v -1.8 0 -0.9
v -1.6 0 -0.9
v -0.0999999 0 -0.9
v 0.0999999 0 -0.9
v -0.3 0.1 0.8
v -0.0999999 0.1 0.8
v -0.3 0.1 0.7
v -0.0999999 0.1 0.7
v -1.9 0.1 0.6
v -1.8 0.1 0.6
v -1.7 0.1 0.6
v -1.9 0.1 0.5
v -1.8 0.1 0.5
v -1.7 0.1 0.5
v 0.0999999 0.1 0.5
v 0.2 0.1 0.5
v 0.0999999 0.1 0.3
v 0.2 0.1 0.3
v 0.0999999 0.1 -0.4
v 0.2 0.1 -0.4
v -1.9 0.1 -0.5
v -1.8 0.1 -0.5
v -1.7 0.1 -0.5
v -1.9 0.1 -0.6
v -1.8 0.1 -0.6
v -1.7 0.1 -0.6
v 0.0999999 0.1 -0.6
v 0.2 0.1 -0.6
v -1.6 0.1 -0.8
v -1.5 0.1 -0.8
v -0.3 0.1 -0.8
v -0.0999999 0.1 -0.8
v -1.6 0.1 -0.9
v -1.5 0.1 -0.9
v -0.3 0.1 -0.9
v -0.0999999 0.1 -0.9
v -1.7 0.2 0.8
v -1.5 0.2 0.8
v -0.5 0.2 0.8
v -0.3 0.2 0.8
v -1.7 0.2 0.7
v -1.5 0.2 0.7
v -0.5 0.2 0.7
v -0.3 0.2 0.7
v -1.9 0.2 0.5
v -1.8 0.2 0.5
v -1.7 0.2 0.5
v -1.9 0.2 0.4
v -1.8 0.2 0.4
v -1.7 0.2 0.4
v 0.0999999 0.2 0.3
v 0.2 0.2 0.3
v 0.0999999 0.2 0.2
v 0.2 0.2 0.2
v 0.0999999 0.2 -0.2
v 0.2 0.2 -0.2
v -1.9 0.2 -0.4
v -1.8 0.2 -0.4
v -1.7 0.2 -0.4
v 0.0999999 0.2 -0.4
v 0.2 0.2 -0.4
v -1.9 0.2 -0.5
v -1.8 0.2 -0.5
v -1.7 0.2 -0.5
v -1.5 0.2 -0.8
v -1.4 0.2 -0.8
v -0.4 0.2 -0.8
v -0.3 0.2 -0.8
v -1.5 0.2 -0.9
v -1.4 0.2 -0.9
v -0.4 0.2 -0.9
v -0.3 0.2 -0.9
v -1.5 0.3 0.8
v -1.2 0.3 0.8
v -0.7 0.3 0.8
v -0.5 0.3 0.8
v -1.5 0.3 0.7
v -1.2 0.3 0.7
v -0.7 0.3 0.7
v -0.5 0.3 0.7
v -1.9 0.3 0.4
v -1.8 0.3 0.4
v -1.7 0.3 0.4
v -1.9 0.3 0.3
v -1.8 0.3 0.3
v -1.7 0.3 0.3
v 0.0999999 0.3 0.2
v 0.2 0.3 0.2
v -1.9 0.3 -0.2
v -1.8 0.3 -0.2
v -1.7 0.3 -0.2
v 0.0999999 0.3 -0.2
v 0.2 0.3 -0.2
v -1.9 0.3 -0.4
v -1.8 0.3 -0.4
v -1.7 0.3 -0.4
v -1.4 0.3 -0.8
v -1.2 0.3 -0.8
v -0.6 0.3 -0.8
v -0.4 0.3 -0.8
v -1.4 0.3 -0.9
v -1.2 0.3 -0.9
v -0.6 0.3 -0.9
v -0.4 0.3 -0.9
v -1.2 0.4 0.8
v -0.9 0.4 0.8
v -0.8 0.4 0.8
v -0.7 0.4 0.8
v -1.2 0.4 0.7
v -0.9 0.4 0.7
v -0.8 0.4 0.7
v -0.7 0.4 0.7
v -1.9 0.4 0.3
v -1.8 0.4 0.3
v -1.7 0.4 0.3
v -1.9 0.4 0.2
v -1.8 0.4 0.2
v -1.7 0.4 0.2
v -1.9 0.4 -0.1
v -1.8 0.4 -0.1
v -1.7 0.4 -0.1
v -1.9 0.4 -0.2
v -1.8 0.4 -0.2
v -1.7 0.4 -0.2
v -1.2 0.4 -0.8
v -1.1 0.4 -0.8
v -0.7 0.4 -0.8
v -0.6 0.4 -0.8
v -1.2 0.4 -0.9
v -1.1 0.4 -0.9
v -0.7 0.4 -0.9
v -0.6 0.4 -0.9
v -0.9 0.5 0.8
v -0.8 0.5 0.8
v -0.9 0.5 0.7
v -0.8 0.5 0.7
v 0.0999999 0.5 0.4
v 0.2 0.5 0.4
v -1.9 0.5 0.2
v -1.8 0.5 0.2
v -1.7 0.5 0.2
v 0.0999999 0.5 0.2
v 0.2 0.5 0.2
v -1.9 0.5 0.0999999
v -1.8 0.5 0.0999999
v -1.7 0.5 0.0999999
v -1.9 0.5 0
v -1.8 0.5 0
v -1.7 0.5 0
v -1.9 0.5 -0.1
v -1.8 0.5 -0.1
v -1.7 0.5 -0.1
v 0.0999999 0.5 -0.1
v 0.2 0.5 -0.1
v 0.0999999 0.5 -0.3
v 0.2 0.5 -0.3
v -1.1 0.5 -0.8
v -1 0.5 -0.8
v -0.8 0.5 -0.8
v -0.7 0.5 -0.8
v -1.1 0.5 -0.9
v -1 0.5 -0.9
v -0.8 0.5 -0.9
v -0.7 0.5 -0.9
v -1.2 0.6 0.8
v -1 0.6 0.8
v -0.7 0.6 0.8
v -0.4 0.6 0.8
v -1.2 0.6 0.7
v -1 0.6 0.7
v -0.7 0.6 0.7
v -0.4 0.6 0.7
v 0.0999999 0.6 0.6
v 0.2 0.6 0.6
v 0.0999999 0.6 0.4
v 0.2 0.6 0.4
v -1.9 0.6 0.0999999
v -1.8 0.6 0.0999999
v -1.7 0.6 0.0999999
v -1.9 0.6 0
v -1.8 0.6 0
v -1.7 0.6 0
v 0.0999999 0.6 -0.3
v 0.2 0.6 -0.3
v 0.0999999 0.6 -0.4
v 0.2 0.6 -0.4
v -1 0.6 -0.8
v -0.8 0.6 -0.8
v -1 0.6 -0.9
v -0.8 0.6 -0.9
v -1.4 0.7 0.8
v -1.2 0.7 0.8
v -0.4 0.7 0.8
v -0.0999999 0.7 0.8
v -1.4 0.7 0.7
v -1.2 0.7 0.7
v -0.4 0.7 0.7
v -0.0999999 0.7 0.7
v 0.0999999 0.7 0.7
v 0.2 0.7 0.7
v 0.0999999 0.7 0.6
v 0.2 0.7 0.6
v -1.9 0.7 0.3
v -1.8 0.7 0.3
v -1.9 0.7 0.2
v -1.8 0.7 0.2
v -1.9 0.7 0
v -1.8 0.7 0
v -1.7 0.7 0
v -1.9 0.7 -0.1
v -1.8 0.7 -0.1
v -1.7 0.7 -0.1
v 0.0999999 0.7 -0.4
v 0.2 0.7 -0.4
v 0.0999999 0.7 -0.6
v 0.2 0.7 -0.6
v -1.1 0.7 -0.8
v -1 0.7 -0.8
v -0.8 0.7 -0.8
v -0.7 0.7 -0.8
v -1.1 0.7 -0.9
v -1 0.7 -0.9
v -0.8 0.7 -0.9
v -0.7 0.7 -0.9
v -1.6 0.8 0.8
v -1.4 0.8 0.8
v -0.0999999 0.8 0.8
v 0 0.8 0.8
v -1.6 0.8 0.7
v -1.4 0.8 0.7
v -0.0999999 0.8 0.7
v 0 0.8 0.7
v -1.9 0.8 0.4
v -1.8 0.8 0.4
v -1.9 0.8 0.3
v -1.8 0.8 0.3
v -1.9 0.8 -0.1
v -1.8 0.8 -0.1
v -1.7 0.8 -0.1
v -1.9 0.8 -0.2
v -1.8 0.8 -0.2
v -1.7 0.8 -0.2
v 0.0999999 0.8 -0.6
v 0.2 0.8 -0.6
v 0.0999999 0.8 -0.7
v 0.2 0.8 -0.7
v -1.3 0.8 -0.8
v -1.1 0.8 -0.8
v -0.7 0.8 -0.8
v -0.5 0.8 -0.8
v -1.3 0.8 -0.9
v -1.1 0.8 -0.9
v -0.7 0.8 -0.9
v -0.5 0.8 -0.9
v -1.7 0.9 0.8
v -1.6 0.9 0.8
v -0.2 0.9 0.8
v -0.0999999 0.9 0.8
v -1.7 0.9 0.7
v -1.6 0.9 0.7
v -0.2 0.9 0.7
v -0.0999999 0.9 0.7
v -1.9 0.9 0.6
v -1.8 0.9 0.6
v 0.0999999 0.9 0.6
v 0.2 0.9 0.6
v 0.0999999 0.9 0.5
v 0.2 0.9 0.5
v -1.9 0.9 0.4
v -1.8 0.9 0.4
v -1.9 0.9 -0.2
v -1.8 0.9 -0.2
v -1.7 0.9 -0.2
v -1.9 0.9 -0.3
v -1.8 0.9 -0.3
v -1.7 0.9 -0.3
v -1.4 0.9 -0.8
v -1.3 0.9 -0.8
v -0.5 0.9 -0.8
v -0.4 0.9 -0.8
v -1.4 0.9 -0.9
v -1.3 0.9 -0.9
v -0.5 0.9 -0.9
v -0.4 0.9 -0.9
v -1.6 1 0.8
v -1.4 1 0.8
v -0.4 1 0.8
v -0.2 1 0.8
v -1.9 1 0.7
v -1.8 1 0.7
v -1.6 1 0.7
v -1.4 1 0.7
v -0.4 1 0.7
v -0.2 1 0.7
v -1.9 1 0.6
v -1.8 1 0.6
v 0.0999999 1 0.5
v 0.2 1 0.5
v 0.0999999 1 0.3
v 0.2 1 0.3
v -1.9 1 -0.3
v -1.8 1 -0.3
v -1.7 1 -0.3
v -1.9 1 -0.4
v -1.8 1 -0.4
v -1.7 1 -0.4
v 0.0999999 1 -0.4
v 0.2 1 -0.4
v 0.0999999 1 -0.6
v 0.2 1 -0.6
v -1.6 1 -0.8
v -1.4 1 -0.8
v -0.4 1 -0.8
v -0.3 1 -0.8
v -1.6 1 -0.9
v -1.4 1 -0.9
v -0.4 1 -0.9
v -0.3 1 -0.9
v -1.4 1.1 0.8
v -1.2 1.1 0.8
v -0.6 1.1 0.8
v -0.4 1.1 0.8
v -1.4 1.1 0.7
v -1.2 1.1 0.7
v -0.6 1.1 0.7
v -0.4 1.1 0.7
v -1.9 1.1 0.6
v -1.8 1.1 0.6
v -1.9 1.1 0.5
v -1.8 1.1 0.5
v 0.0999999 1.1 0.3
v 0.2 1.1 0.3
v 0.0999999 1.1 0.2
v 0.2 1.1 0.2
v 0.0999999 1.1 -0.3
v 0.2 1.1 -0.3
v -1.9 1.1 -0.4
v -1.8 1.1 -0.4
v -1.7 1.1 -0.4
v 0.0999999 1.1 -0.4
v 0.2 1.1 -0.4
v -1.9 1.1 -0.5
v -1.8 1.1 -0.5
v -1.7 1.1 -0.5
v -1.7 1.1 -0.8
v -1.6 1.1 -0.8
v -0.3 1.1 -0.8
v -0.0999999 1.1 -0.8
v -1.7 1.1 -0.9
v -1.6 1.1 -0.9
v -0.3 1.1 -0.9
v -0.0999999 1.1 -0.9
v -1.2 1.2 0.8
v -1 1.2 0.8
v -0.8 1.2 0.8
v -0.6 1.2 0.8
v -1.2 1.2 0.7
v -1 1.2 0.7
v -0.8 1.2 0.7
v -0.6 1.2 0.7
v -1.9 1.2 0.5
v -1.8 1.2 0.5
v -1.9 1.2 0.4
v -1.8 1.2 0.4
v 0.0999999 1.2 0.2
v 0.2 1.2 0.2
v 0.0999999 1.2 0.0999999
v 0.2 1.2 0.0999999
v 0.0999999 1.2 -0.1
v 0.2 1.2 -0.1
v 0.0999999 1.2 -0.3
v 0.2 1.2 -0.3
v -1.9 1.2 -0.5
v -1.8 1.2 -0.5
v -1.7 1.2 -0.5
v -1.9 1.2 -0.6
v -1.8 1.2 -0.6
v -1.7 1.2 -0.6
v -0.0999999 1.2 -0.8
v 0 1.2 -0.8
v -0.0999999 1.2 -0.9
v 0 1.2 -0.9
v -1 1.3 0.8
v -0.8 1.3 0.8
v -1 1.3 0.7
v -0.8 1.3 0.7
v -1.9 1.3 0.4
v -1.8 1.3 0.4
v -1.9 1.3 0.3
v -1.8 1.3 0.3
v 0.0999999 1.3 0.0999999
v 0.2 1.3 0.0999999
v 0.0999999 1.3 -0.1
v 0.2 1.3 -0.1
v -1.9 1.3 -0.6
v -1.8 1.3 -0.6
v -1.7 1.3 -0.6
v -1.9 1.3 -0.7
v -1.8 1.3 -0.7
v -1.7 1.3 -0.7
v -1.6 1.3 -0.8
v -1.4 1.3 -0.8
v -0.4 1.3 -0.8
v -0.2 1.3 -0.8
v -1.6 1.3 -0.9
v -1.4 1.3 -0.9
v -0.4 1.3 -0.9
v -0.2 1.3 -0.9
v -1.1 1.4 0.8
v -1 1.4 0.8
v -0.8 1.4 0.8
v -0.7 1.4 0.8
v -1.1 1.4 0.7
v -1 1.4 0.7
v -0.8 1.4 0.7
v -0.7 1.4 0.7
v -1.9 1.4 -0.4
v -1.8 1.4 -0.4
v -1.9 1.4 -0.6
v -1.8 1.4 -0.6
v -1.4 1.4 -0.8
v -1.2 1.4 -0.8
v -0.6 1.4 -0.8
v -0.4 1.4 -0.8
v -1.4 1.4 -0.9
v -1.2 1.4 -0.9
v -0.6 1.4 -0.9
v -0.4 1.4 -0.9
v -1.3 1.5 0.8
v -1.1 1.5 0.8
v -0.7 1.5 0.8
v -0.5 1.5 0.8
v -1.3 1.5 0.7
v -1.1 1.5 0.7
v -0.7 1.5 0.7
v -0.5 1.5 0.7
v -1.9 1.5 0.3
v -1.8 1.5 0.3
v 0.0999999 1.5 0.3
v 0.2 1.5 0.3
v -1.9 1.5 0.2
v -1.8 1.5 0.2
v 0.0999999 1.5 0.0999999
v 0.2 1.5 0.0999999
v 0.0999999 1.5 -0.1
v 0.2 1.5 -0.1
v -1.9 1.5 -0.2
v -1.8 1.5 -0.2
v 0.0999999 1.5 -0.2
v 0.2 1.5 -0.2
v -1.9 1.5 -0.4
v -1.8 1.5 -0.4
v -1.2 1.5 -0.8
v -1 1.5 -0.8
v -0.8 1.5 -0.8
v -0.6 1.5 -0.8
v -1.2 1.5 -0.9
v -1 1.5 -0.9
v -0.8 1.5 -0.9
v -0.6 1.5 -0.9
v -1.5 1.6 0.8
v -1.3 1.6 0.8
v -0.5 1.6 0.8
v -0.3 1.6 0.8
v -1.5 1.6 0.7
v -1.3 1.6 0.7
v -0.5 1.6 0.7
v -0.3 1.6 0.7
v 0.0999999 1.6 0.4
v 0.2 1.6 0.4
v 0.0999999 1.6 0.3
v 0.2 1.6 0.3
v -1.9 1.6 0.2
v -1.8 1.6 0.2
v -1.9 1.6 0.0999999
v -1.8 1.6 0.0999999
v -1.9 1.6 0
v -1.8 1.6 0
v -1.9 1.6 -0.2
v -1.8 1.6 -0.2
v 0.0999999 1.6 -0.2
v 0.2 1.6 -0.2
v 0.0999999 1.6 -0.4
v 0.2 1.6 -0.4
v -1 1.6 -0.8
v -0.8 1.6 -0.8
v -1 1.6 -0.9
v -0.8 1.6 -0.9
v -1.7 1.7 0.8
v -1.5 1.7 0.8
v -0.3 1.7 0.8
v -0.0999999 1.7 0.8
v -1.7 1.7 0.7
v -1.5 1.7 0.7
v -0.3 1.7 0.7
v -0.0999999 1.7 0.7
v 0.0999999 1.7 0.6
v 0.2 1.7 0.6
v 0.0999999 1.7 0.4
v 0.2 1.7 0.4
v -1.9 1.7 0.0999999
v -1.8 1.7 0.0999999
v -1.9 1.7 0
v -1.8 1.7 0
v 0.0999999 1.7 -0.4
v 0.2 1.7 -0.4
v 0.0999999 1.7 -0.5
v 0.2 1.7 -0.5
v -1.2 1.7 -0.8
v -1 1.7 -0.8
v -0.8 1.7 -0.8
v -0.7 1.7 -0.8
v -1.2 1.7 -0.9
v -1 1.7 -0.9
v -0.8 1.7 -0.9
v -0.7 1.7 -0.9
v -0.0999999 1.8 0.8
v 0 1.8 0.8
v -0.0999999 1.8 0.7
v 0 1.8 0.7
v 0.0999999 1.8 0.7
v 0.2 1.8 0.7
v 0.0999999 1.8 0.6
v 0.2 1.8 0.6
v -1.9 1.8 0.3
v -1.8 1.8 0.3
v -1.9 1.8 0.0999999
v -1.8 1.8 0.0999999
v -1.9 1.8 0
v -1.8 1.8 0
v -1.9 1.8 -0.1
v -1.8 1.8 -0.1
v 0.0999999 1.8 -0.5
v 0.2 1.8 -0.5
v 0.0999999 1.8 -0.6
v 0.2 1.8 -0.6
v -1.4 1.8 -0.8
v -1.2 1.8 -0.8
v -0.7 1.8 -0.8
v -0.5 1.8 -0.8
v -1.4 1.8 -0.9
v -1.2 1.8 -0.9
v -0.7 1.8 -0.9
v -0.5 1.8 -0.9
v -1.6 1.9 0.8
v -1.4 1.9 0.8
v -0.3 1.9 0.8
v -0.2 1.9 0.8
v -1.6 1.9 0.7
v -1.4 1.9 0.7
v -0.3 1.9 0.7
v -0.2 1.9 0.7
v -1.9 1.9 0.5
v -1.8 1.9 0.5
v -1.9 1.9 0.3
v -1.8 1.9 0.3
v -1.9 1.9 -0.1
v -1.8 1.9 -0.1
v -1.9 1.9 -0.2
v -1.8 1.9 -0.2
v 0.0999999 1.9 -0.6
v 0.2 1.9 -0.6
v 0.0999999 1.9 -0.7
v 0.2 1.9 -0.7
v -1.6 1.9 -0.8
v -1.4 1.9 -0.8
v -0.5 1.9 -0.8
v -0.3 1.9 -0.8
v -1.6 1.9 -0.9
v -1.4 1.9 -0.9
v -0.5 1.9 -0.9
v -0.3 1.9 -0.9
v -1.4 2 0.8
v -1.2 2 0.8
v -0.5 2 0.8
v -0.3 2 0.8
v -1.9 2 0.7
v -1.8 2 0.7
v -1.4 2 0.7
v -1.2 2 0.7
v -0.5 2 0.7
v -0.3 2 0.7
v 0.0999999 2 0.7
v 0.2 2 0.7
v -1.9 2 0.5
v -1.8 2 0.5
v 0.0999999 2 0.5
v 0.2 2 0.5
v -1.9 2 -0.2
v -1.8 2 -0.2
v -1.9 2 -0.3
v -1.8 2 -0.3
v -1.7 2 -0.8
v -1.6 2 -0.8
v -0.3 2 -0.8
v -0.0999999 2 -0.8
v -1.7 2 -0.9
v -1.6 2 -0.9
v -0.3 2 -0.9
v -0.0999999 2 -0.9
v -1.2 2.1 0.8
v -1 2.1 0.8
v -0.6 2.1 0.8
v -0.5 2.1 0.8
v -1.2 2.1 0.7
v -1 2.1 0.7
v -0.6 2.1 0.7
v -0.5 2.1 0.7
v 0.0999999 2.1 0.5
v 0.2 2.1 0.5
v 0.0999999 2.1 0.4
v 0.2 2.1 0.4
v -1.9 2.1 -0.3
v -1.8 2.1 -0.3
v -1.9 2.1 -0.4
v -1.8 2.1 -0.4
v 0.0999999 2.1 -0.5
v 0.2 2.1 -0.5
v 0.0999999 2.1 -0.6
v 0.2 2.1 -0.6
v -1.6 2.1 -0.8
v -1.5 2.1 -0.8
v -0.0999999 2.1 -0.8
v 0 2.1 -0.8
v -1.6 2.1 -0.9
v -1.5 2.1 -0.9
v -0.0999999 2.1 -0.9
v 0 2.1 -0.9
v -1 2.2 0.8
v -0.9 2.2 0.8
v -0.8 2.2 0.8
v -0.6 2.2 0.8
v -1.9 2.2 0.7
v -1.8 2.2 0.7
v -1 2.2 0.7
v -0.9 2.2 0.7
v -0.8 2.2 0.7
v -0.6 2.2 0.7
v -1.9 2.2 0.6
v -1.8 2.2 0.6
v 0.0999999 2.2 0.4
v 0.2 2.2 0.4
v 0.0999999 2.2 0.3
v 0.2 2.2 0.3
v 0.0999999 2.2 -0.3
v 0.2 2.2 -0.3
v 0.0999999 2.2 -0.5
v 0.2 2.2 -0.5
v -1.5 2.2 -0.8
v -1.4 2.2 -0.8
v -1.5 2.2 -0.9
v -1.4 2.2 -0.9
v -0.9 2.3 0.8
v -0.8 2.3 0.8
v -0.9 2.3 0.7
v -0.8 2.3 0.7
v -1.9 2.3 0.6
v -1.8 2.3 0.6
v -1.9 2.3 0.5
v -1.8 2.3 0.5
v 0.0999999 2.3 0.3
v 0.2 2.3 0.3
v 0.0999999 2.3 0.0999999
v 0.2 2.3 0.0999999
v 0.0999999 2.3 -0.2
v 0.2 2.3 -0.2
v 0.0999999 2.3 -0.3
v 0.2 2.3 -0.3
v -1.9 2.3 -0.4
v -1.8 2.3 -0.4
v -1.9 2.3 -0.5
v -1.8 2.3 -0.5
v -1.4 2.3 -0.8
v -1.2 2.3 -0.8
v -0.3 2.3 -0.8
v -0.0999999 2.3 -0.8
v -1.4 2.3 -0.9
v -1.2 2.3 -0.9
v -0.3 2.3 -0.9
v -0.0999999 2.3 -0.9
v -1.1 2.4 0.8
v -1 2.4 0.8
v -0.7 2.4 0.8
v -0.5 2.4 0.8
v -1.1 2.4 0.7
v -1 2.4 0.7
v -0.7 2.4 0.7
v -0.5 2.4 0.7
v -1.9 2.4 0.5
v -1.8 2.4 0.5
v -1.9 2.4 0.4
v -1.8 2.4 0.4
v 0.0999999 2.4 0.0999999
v 0.2 2.4 0.0999999
v 0.0999999 2.4 0
v 0.2 2.4 0
v 0.0999999 2.4 -0.1
v 0.2 2.4 -0.1
v 0.0999999 2.4 -0.2
v 0.2 2.4 -0.2
v -1.9 2.4 -0.5
v -1.8 2.4 -0.5
v -1.9 2.4 -0.6
v -1.8 2.4 -0.6
v -1.2 2.4 -0.8
v -1.1 2.4 -0.8
v -0.5 2.4 -0.8
v -0.3 2.4 -0.8
v -1.2 2.4 -0.9
v -1.1 2.4 -0.9
v -0.5 2.4 -0.9
v -0.3 2.4 -0.9
v -1.3 2.5 0.8
v -1.1 2.5 0.8
v -0.5 2.5 0.8
v -0.3 2.5 0.8
v -1.3 2.5 0.7
v -1.1 2.5 0.7
v -0.5 2.5 0.7
v -0.3 2.5 0.7
v 0.0999999 2.5 0
v 0.2 2.5 0
v 0.0999999 2.5 -0.1
v 0.2 2.5 -0.1
v -1.9 2.5 -0.6
v -1.8 2.5 -0.6
v -1.9 2.5 -0.7
v -1.8 2.5 -0.7
v -1.1 2.5 -0.8
v -0.9 2.5 -0.8
v -0.7 2.5 -0.8
v -0.5 2.5 -0.8
v -1.1 2.5 -0.9
v -0.9 2.5 -0.9
v -0.7 2.5 -0.9
v -0.5 2.5 -0.9
v -1.4 2.6 0.8
v -1.3 2.6 0.8
v -0.3 2.6 0.8
v -0.0999999 2.6 0.8
v -1.4 2.6 0.7
v -1.3 2.6 0.7
v -0.3 2.6 0.7
v -0.0999999 2.6 0.7
v -1.9 2.6 0.4
v -1.8 2.6 0.4
v -1.9 2.6 0.3
v -1.8 2.6 0.3
v 0.0999999 2.6 0.0999999
v 0.2 2.6 0.0999999
v 0.0999999 2.6 0
v 0.2 2.6 0
v 0.0999999 2.6 -0.2
v 0.2 2.6 -0.2
v 0.0999999 2.6 -0.3
v 0.2 2.6 -0.3
v -1.9 2.6 -0.4
v -1.8 2.6 -0.4
v -1.9 2.6 -0.5
v -1.8 2.6 -0.5
v -0.9 2.6 -0.8
v -0.7 2.6 -0.8
v -0.9 2.6 -0.9
v -0.7 2.6 -0.9
v -1.6 2.7 0.8
v -1.4 2.7 0.8
v -0.0999999 2.7 0.8
v 0 2.7 0.8
v -1.6 2.7 0.7
v -1.4 2.7 0.7
v -0.0999999 2.7 0.7
v 0 2.7 0.7
v -1.9 2.7 0.3
v -1.8 2.7 0.3
v -1.9 2.7 0.2
v -1.8 2.7 0.2
v 0.0999999 2.7 0.2
v 0.2 2.7 0.2
v 0.0999999 2.7 0.0999999
v 0.2 2.7 0.0999999
v -1.9 2.7 -0.3
v -1.8 2.7 -0.3
v 0.0999999 2.7 -0.3
v 0.2 2.7 -0.3
v -1.9 2.7 -0.4
v -1.8 2.7 -0.4
v 0.0999999 2.7 -0.4
v 0.2 2.7 -0.4
v -1.1 2.7 -0.8
v -0.9 2.7 -0.8
v -0.7 2.7 -0.8
v -0.6 2.7 -0.8
v -1.1 2.7 -0.9
v -0.9 2.7 -0.9
v -0.7 2.7 -0.9
v -0.6 2.7 -0.9
v -1.7 2.8 0.8
v -1.6 2.8 0.8
v -0.2 2.8 0.8
v -0.0999999 2.8 0.8
v -1.7 2.8 0.7
v -1.6 2.8 0.7
v -0.2 2.8 0.7
v -0.0999999 2.8 0.7
v 0.0999999 2.8 0.4
v 0.2 2.8 0.4
v -1.9 2.8 0.2
v -1.8 2.8 0.2
v 0.0999999 2.8 0.2
v 0.2 2.8 0.2
v -1.9 2.8 0.0999999
v -1.8 2.8 0.0999999
v -1.9 2.8 -0.1
v -1.8 2.8 -0.1
v -1.9 2.8 -0.3
v -1.8 2.8 -0.3
v 0.0999999 2.8 -0.4
v 0.2 2.8 -0.4
v 0.0999999 2.8 -0.6
v 0.2 2.8 -0.6
v -1.3 2.8 -0.8
v -1.1 2.8 -0.8
v -0.6 2.8 -0.8
v -0.4 2.8 -0.8
v -1.3 2.8 -0.9
v -1.1 2.8 -0.9
v -0.6 2.8 -0.9
v -0.4 2.8 -0.9
v -1.6 2.9 0.8
v -1.4 2.9 0.8
v -0.4 2.9 0.8
v -0.2 2.9 0.8
v -1.6 2.9 0.7
v -1.4 2.9 0.7
v -0.4 2.9 0.7
v -0.2 2.9 0.7
v 0.0999999 2.9 0.5
v 0.2 2.9 0.5
v 0.0999999 2.9 0.4
v 0.2 2.9 0.4
v -1.9 2.9 0.0999999
v -1.8 2.9 0.0999999
v -1.9 2.9 -0.1
v -1.8 2.9 -0.1
v 0.0999999 2.9 -0.6
v 0.2 2.9 -0.6
v 0.0999999 2.9 -0.7
v 0.2 2.9 -0.7
v -1.5 2.9 -0.8
v -1.3 2.9 -0.8
v -0.4 2.9 -0.8
v -0.3 2.9 -0.8
v -1.5 2.9 -0.9
v -1.3 2.9 -0.9
v -0.4 2.9 -0.9
v -0.3 2.9 -0.9
v -1.4 3 0.8
v -1.3 3 0.8
v -0.5 3 0.8
v -0.4 3 0.8
v -1.4 3 0.7
v -1.3 3 0.7
v -0.5 3 0.7
v -0.4 3 0.7
v 0.0999999 3 0.6
v 0.2 3 0.6
v 0.0999999 3 0.5
v 0.2 3 0.5
v -1.7 3 -0.8
v -1.5 3 -0.8
v -0.3 3 -0.8
v -0.0999999 3 -0.8
v -1.7 3 -0.9
v -1.5 3 -0.9
v -0.3 3 -0.9
v -0.0999999 3 -0.9
v -1.3 3.1 0.8
v -1.1 3.1 0.8
v -0.6 3.1 0.8
v -0.5 3.1 0.8
v -1.3 3.1 0.7
v -1.1 3.1 0.7
v -0.6 3.1 0.7
v -0.5 3.1 0.7
v 0.0999999 3.1 0.7
v 0.2 3.1 0.7
v 0.0999999 3.1 0.6
v 0.2 3.1 0.6
v -1.9 3.1 0.2
v -1.8 3.1 0.2
v -1.9 3.1 0.0999999
v -1.8 3.1 0.0999999
v -1.9 3.1 -0.1
v -1.8 3.1 -0.1
v -1.9 3.1 -0.2
v -1.8 3.1 -0.2
v 0.0999999 3.1 -0.6
v 0.2 3.1 -0.6
v 0.0999999 3.1 -0.7
v 0.2 3.1 -0.7
v -0.0999999 3.1 -0.8
v 0 3.1 -0.8
v -0.0999999 3.1 -0.9
v 0 3.1 -0.9
v -1.1 3.2 0.8
v -0.9 3.2 0.8
v -0.7 3.2 0.8
v -0.6 3.2 0.8
v -1.1 3.2 0.7
v -0.9 3.2 0.7
v -0.7 3.2 0.7
v -0.6 3.2 0.7
v 0.0999999 3.2 0.6
v 0.2 3.2 0.6
v 0.0999999 3.2 0.5
v 0.2 3.2 0.5
v -1.9 3.2 0.3
v -1.8 3.2 0.3
v -1.9 3.2 0.2
v -1.8 3.2 0.2
v -1.9 3.2 -0.2
v -1.8 3.2 -0.2
v -1.9 3.2 -0.3
v -1.8 3.2 -0.3
v 0.0999999 3.2 -0.5
v 0.2 3.2 -0.5
v 0.0999999 3.2 -0.6
v 0.2 3.2 -0.6
v -1.6 3.2 -0.8
v -1.4 3.2 -0.8
v -0.2 3.2 -0.8
v -0.0999999 3.2 -0.8
v -1.6 3.2 -0.9
v -1.4 3.2 -0.9
v -0.2 3.2 -0.9
v -0.0999999 3.2 -0.9
v -0.9 3.3 0.8
v -0.7 3.3 0.8
v -0.9 3.3 0.7
v -0.7 3.3 0.7
v -1.9 3.3 0.5
v -1.8 3.3 0.5
v 0.0999999 3.3 0.5
v 0.2 3.3 0.5
v 0.0999999 3.3 0.4
v 0.2 3.3 0.4
v -1.9 3.3 0.3
v -1.8 3.3 0.3
v 0.0999999 3.3 -0.3
v 0.2 3.3 -0.3
v 0.0999999 3.3 -0.5
v 0.2 3.3 -0.5
v -1.4 3.3 -0.8
v -1.2 3.3 -0.8
v -0.4 3.3 -0.8
v -0.2 3.3 -0.8
v -1.4 3.3 -0.9
v -1.2 3.3 -0.9
v -0.4 3.3 -0.9
v -0.2 3.3 -0.9
v -1 3.4 0.8
v -0.9 3.4 0.8
v -0.7 3.4 0.8
v -0.6 3.4 0.8
v -1 3.4 0.7
v -0.9 3.4 0.7
v -0.7 3.4 0.7
v -0.6 3.4 0.7
v -1.9 3.4 0.6
v -1.8 3.4 0.6
v -1.9 3.4 0.5
v -1.8 3.4 0.5
v 0.0999999 3.4 0.4
v 0.2 3.4 0.4
v 0.0999999 3.4 0.2
v 0.2 3.4 0.2
v 0.0999999 3.4 -0.2
v 0.2 3.4 -0.2
v -1.9 3.4 -0.3
v -1.8 3.4 -0.3
v 0.0999999 3.4 -0.3
v 0.2 3.4 -0.3
v -1.9 3.4 -0.4
v -1.8 3.4 -0.4
v -1.2 3.4 -0.8
v -1 3.4 -0.8
v -0.6 3.4 -0.8
v -0.4 3.4 -0.8
v -1.2 3.4 -0.9
v -1 3.4 -0.9
v -0.6 3.4 -0.9
v -0.4 3.4 -0.9
v -1.1 3.5 0.8
v -1 3.5 0.8
v -0.6 3.5 0.8
v -0.5 3.5 0.8
v -1.9 3.5 0.7
v -1.8 3.5 0.7
v -1.1 3.5 0.7
v -1 3.5 0.7
v -0.6 3.5 0.7
v -0.5 3.5 0.7
v -1.9 3.5 0.6
v -1.8 3.5 0.6
v 0.0999999 3.5 0.2
v 0.2 3.5 0.2
v 0.0999999 3.5 0.0999999
v 0.2 3.5 0.0999999
v 0.0999999 3.5 -0.1
v 0.2 3.5 -0.1
v 0.0999999 3.5 -0.2
v 0.2 3.5 -0.2
v -1.9 3.5 -0.4
v -1.8 3.5 -0.4
v -1.9 3.5 -0.5
v -1.8 3.5 -0.5
v -1 3.5 -0.8
v -0.9 3.5 -0.8
v -0.8 3.5 -0.8
v -0.6 3.5 -0.8
v -1 3.5 -0.9
v -0.9 3.5 -0.9
v -0.8 3.5 -0.9
v -0.6 3.5 -0.9
v -1.2 3.6 0.8
v -1.1 3.6 0.8
v -0.5 3.6 0.8
v -0.3 3.6 0.8
v -1.2 3.6 0.7
v -1.1 3.6 0.7
v -0.5 3.6 0.7
v -0.3 3.6 0.7
v -1.9 3.6 0.6
v -1.8 3.6 0.6
v -1.9 3.6 0.5
v -1.8 3.6 0.5
v 0.0999999 3.6 0.0999999
v 0.2 3.6 0.0999999
v 0.0999999 3.6 -0.1
v 0.2 3.6 -0.1
v -1.9 3.6 -0.5
v -1.8 3.6 -0.5
v -1.9 3.6 -0.7
v -1.8 3.6 -0.7
v -0.9 3.6 -0.8
v -0.8 3.6 -0.8
v -0.9 3.6 -0.9
v -0.8 3.6 -0.9
v -1.3 3.7 0.8
v -1.2 3.7 0.8
v -0.3 3.7 0.8
v -0.0999999 3.7 0.8
v -1.3 3.7 0.7
v -1.2 3.7 0.7
v -0.3 3.7 0.7
v -0.0999999 3.7 0.7
v -1.9 3.7 0.5
v -1.8 3.7 0.5
v -1.9 3.7 0.4
v -1.8 3.7 0.4
v 0.0999999 3.7 0.2
v 0.2 3.7 0.2
v 0.0999999 3.7 0.0999999
v 0.2 3.7 0.0999999
v -1.9 3.7 -0.4
v -1.8 3.7 -0.4
v -1.9 3.7 -0.5
v -1.8 3.7 -0.5
v -1.2 3.7 -0.8
v -1 3.7 -0.8
v -0.7 3.7 -0.8
v -0.5 3.7 -0.8
v -1.2 3.7 -0.9
v -1 3.7 -0.9
v -0.7 3.7 -0.9
v -0.5 3.7 -0.9
v -1.4 3.8 0.8
v -1.3 3.8 0.8
v -0.0999999 3.8 0.8
v 0 3.8 0.8
v -1.4 3.8 0.7
v -1.3 3.8 0.7
v -0.0999999 3.8 0.7
v 0 3.8 0.7
v -1.9 3.8 0.4
v -1.8 3.8 0.4
v -1.9 3.8 0.3
v -1.8 3.8 0.3
v 0.0999999 3.8 0.3
v 0.2 3.8 0.3
v 0.0999999 3.8 0.2
v 0.2 3.8 0.2
v 0.0999999 3.8 -0.1
v 0.2 3.8 -0.1
v -1.9 3.8 -0.2
v -1.8 3.8 -0.2
v 0.0999999 3.8 -0.2
v 0.2 3.8 -0.2
v -1.9 3.8 -0.4
v -1.8 3.8 -0.4
v -1.4 3.8 -0.8
v -1.2 3.8 -0.8
v -0.5 3.8 -0.8
v -0.3 3.8 -0.8
v -1.4 3.8 -0.9
v -1.2 3.8 -0.9
v -0.5 3.8 -0.9
v -0.3 3.8 -0.9
v -1.6 3.9 0.8
v -1.4 3.9 0.8
v -0.3 3.9 0.8
v -0.0999999 3.9 0.8
v -1.6 3.9 0.7
v -1.4 3.9 0.7
v -0.3 3.9 0.7
v -0.0999999 3.9 0.7
v 0.0999999 3.9 0.5
v 0.2 3.9 0.5
v -1.9 3.9 0.3
v -1.8 3.9 0.3
v 0.0999999 3.9 0.3
v 0.2 3.9 0.3
v -1.9 3.9 0.2
v -1.8 3.9 0.2
v -1.9 3.9 -0.1
v -1.8 3.9 -0.1
v -1.9 3.9 -0.2
v -1.8 3.9 -0.2
v 0.0999999 3.9 -0.2
v 0.2 3.9 -0.2
v 0.0999999 3.9 -0.4
v 0.2 3.9 -0.4
v -1.6 3.9 -0.8
v -1.4 3.9 -0.8
v -0.3 3.9 -0.8
v -0.0999999 3.9 -0.8
v -1.6 3.9 -0.9
v -1.4 3.9 -0.9
v -0.3 3.9 -0.9
v -0.0999999 3.9 -0.9
v -1.7 4 0.8
v -1.6 4 0.8
v -0.4 4 0.8
v -0.3 4 0.8
v -1.7 4 0.7
v -1.6 4 0.7
v -0.4 4 0.7
v -0.3 4 0.7
v 0.0999999 4 0.6
v 0.2 4 0.6
v 0.0999999 4 0.5
v 0.2 4 0.5
v -1.9 4 0.2
v -1.8 4 0.2
v -1.9 4 0.0999999
v -1.8 4 0.0999999
v -1.9 4 0
v -1.8 4 0
v -1.9 4 -0.1
v -1.8 4 -0.1
v 0.0999999 4 -0.4
v 0.2 4 -0.4
v 0.0999999 4 -0.5
v 0.2 4 -0.5
v -1.7 4 -0.8
v -1.6 4 -0.8
v -0.0999999 4 -0.8
v 0 4 -0.8
v -1.7 4 -0.9
v -1.6 4 -0.9
v -0.0999999 4 -0.9
v 0 4 -0.9
v -1.6 4.1 0.8
v -1.4 4.1 0.8
v -0.6 4.1 0.8
v -0.4 4.1 0.8
v -1.6 4.1 0.7
v -1.4 4.1 0.7
v -0.6 4.1 0.7
v -0.4 4.1 0.7
v 0.0999999 4.1 0.7
v 0.2 4.1 0.7
v 0.0999999 4.1 0.6
v 0.2 4.1 0.6
v -1.9 4.1 0.0999999
v -1.8 4.1 0.0999999
v -1.9 4.1 0
v -1.8 4.1 0
v 0.0999999 4.1 -0.5
v 0.2 4.1 -0.5
v 0.0999999 4.1 -0.6
v 0.2 4.1 -0.6
v -1.6 4.1 -0.8
v -1.5 4.1 -0.8
v -1.6 4.1 -0.9
v -1.5 4.1 -0.9
v -1.4 4.2 0.8
v -1.2 4.2 0.8
v -0.8 4.2 0.8
v -0.6 4.2 0.8
v -1.4 4.2 0.7
v -1.2 4.2 0.7
v -0.8 4.2 0.7
v -0.6 4.2 0.7
v -1.9 4.2 0.3
v -1.8 4.2 0.3
v -1.9 4.2 0.2
v -1.8 4.2 0.2
v 0.0999999 4.2 -0.6
v 0.2 4.2 -0.6
v 0.0999999 4.2 -0.7
v 0.2 4.2 -0.7
v -1.5 4.2 -0.8
v -1.3 4.2 -0.8
v -0.3 4.2 -0.8
v -0.0999999 4.2 -0.8
v -1.5 4.2 -0.9
v -1.3 4.2 -0.9
v -0.3 4.2 -0.9
v -0.0999999 4.2 -0.9
v -1.2 4.3 0.8
v -1 4.3 0.8
v -0.9 4.3 0.8
v -0.8 4.3 0.8
v -1.2 4.3 0.7
v -1 4.3 0.7
v -0.9 4.3 0.7
v -0.8 4.3 0.7
v 0.0999999 4.3 0.6
v 0.2 4.3 0.6
v -1.9 4.3 0.4
v -1.8 4.3 0.4
v 0.0999999 4.3 0.4
v 0.2 4.3 0.4
v -1.9 4.3 0.3
v -1.8 4.3 0.3
v -1.9 4.3 0
v -1.8 4.3 0
v -1.9 4.3 -0.1
v -1.8 4.3 -0.1
v 0.0999999 4.3 -0.5
v 0.2 4.3 -0.5
v 0.0999999 4.3 -0.6
v 0.2 4.3 -0.6
v -1.3 4.3 -0.8
v -1.2 4.3 -0.8
v -0.5 4.3 -0.8
v -0.3 4.3 -0.8
v -1.3 4.3 -0.9
v -1.2 4.3 -0.9
v -0.5 4.3 -0.9
v -0.3 4.3 -0.9
v -1 4.4 0.8
v -0.9 4.4 0.8
v -0.8 4.4 0.8
v -0.7 4.4 0.8
v -1 4.4 0.7
v -0.9 4.4 0.7
v -0.8 4.4 0.7
v -0.7 4.4 0.7
v -1.9 4.4 0.6
v -1.8 4.4 0.6
v -1.9 4.4 0.4
v -1.8 4.4 0.4
v 0.0999999 4.4 0.4
v 0.2 4.4 0.4
v 0.0999999 4.4 0.3
v 0.2 4.4 0.3
v -1.9 4.4 -0.1
v -1.8 4.4 -0.1
v -1.9 4.4 -0.2
v -1.8 4.4 -0.2
v 0.0999999 4.4 -0.4
v 0.2 4.4 -0.4
v 0.0999999 4.4 -0.5
v 0.2 4.4 -0.5
v -1.2 4.4 -0.8
v -1 4.4 -0.8
v -0.7 4.4 -0.8
v -0.5 4.4 -0.8
v -1.2 4.4 -0.9
v -1 4.4 -0.9
v -0.7 4.4 -0.9
v -0.5 4.4 -0.9
v -1.2 4.5 0.8
v -1.1 4.5 0.8
v -0.7 4.5 0.8
v -0.5 4.5 0.8
v -1.9 4.5 0.7
v -1.8 4.5 0.7
v -1.2 4.5 0.7
v -1.1 4.5 0.7
v -0.7 4.5 0.7
v -0.5 4.5 0.7
v -1.9 4.5 0.6
v -1.8 4.5 0.6
v 0.0999999 4.5 0.3
v 0.2 4.5 0.3
v 0.0999999 4.5 0.0999999
v 0.2 4.5 0.0999999
v -1.9 4.5 -0.2
v -1.8 4.5 -0.2
v -1.9 4.5 -0.3
v -1.8 4.5 -0.3
v 0.0999999 4.5 -0.3
v 0.2 4.5 -0.3
v 0.0999999 4.5 -0.4
v 0.2 4.5 -0.4
v -1.9 4.5 -0.8
v -1.8 4.5 -0.8
v -1 4.5 -0.8
v -0.7 4.5 -0.8
v -1.9 4.5 -0.9
v -1.8 4.5 -0.9
v -1 4.5 -0.9
v -0.7 4.5 -0.9
v -1.4 4.6 0.8
v -1.2 4.6 0.8
v -0.5 4.6 0.8
v -0.3 4.6 0.8
v -1.4 4.6 0.7
v -1.2 4.6 0.7
v -0.5 4.6 0.7
v -0.3 4.6 0.7
v 0.0999999 4.6 0.0999999
v 0.2 4.6 0.0999999
v 0.0999999 4.6 0
v 0.2 4.6 0
v 0.0999999 4.6 -0.1
v 0.2 4.6 -0.1
v -1.9 4.6 -0.3
v -1.8 4.6 -0.3
v 0.0999999 4.6 -0.3
v 0.2 4.6 -0.3
v -1.9 4.6 -0.4
v -1.8 4.6 -0.4
v -0.7 4.6 -0.8
v -0.6 4.6 -0.8
v -0.7 4.6 -0.9
v -0.6 4.6 -0.9
v -1.6 4.7 0.8
v -1.4 4.7 0.8
v -0.3 4.7 0.8
v -0.0999999 4.7 0.8
v -1.9 4.7 0.7
v -1.8 4.7 0.7
v -1.6 4.7 0.7
v -1.4 4.7 0.7
v -0.3 4.7 0.7
v -0.0999999 4.7 0.7
v -1.9 4.7 0.6
v -1.8 4.7 0.6
v 0.0999999 4.7 0
v 0.2 4.7 0
v 0.0999999 4.7 -0.1
v 0.2 4.7 -0.1
v -1.9 4.7 -0.4
v -1.8 4.7 -0.4
v -1.9 4.7 -0.5
v -1.8 4.7 -0.5
v -1.2 4.7 -0.8
v -1 4.7 -0.8
v -0.6 4.7 -0.8
v -0.5 4.7 -0.8
v -1.2 4.7 -0.9
v -1 4.7 -0.9
v -0.6 4.7 -0.9
v -0.5 4.7 -0.9
v -1.7 4.8 0.8
v -1.6 4.8 0.8
v -0.0999999 4.8 0.8
v 0 4.8 0.8
v -1.7 4.8 0.7
v -1.6 4.8 0.7
v -0.0999999 4.8 0.7
v 0 4.8 0.7
v -1.9 4.8 0.6
v -1.8 4.8 0.6
v -1.9 4.8 0.5
v -1.8 4.8 0.5
v 0.0999999 4.8 0.2
v 0.2 4.8 0.2
v 0.0999999 4.8 0
v 0.2 4.8 0
v 0.0999999 4.8 -0.1
v 0.2 4.8 -0.1
v 0.0999999 4.8 -0.3
v 0.2 4.8 -0.3
v -1.9 4.8 -0.5
v -1.8 4.8 -0.5
v -1.9 4.8 -0.6
v -1.8 4.8 -0.6
v -1.4 4.8 -0.8
v -1.2 4.8 -0.8
v -0.5 4.8 -0.8
v -0.3 4.8 -0.8
v -1.4 4.8 -0.9
v -1.2 4.8 -0.9
v -0.5 4.8 -0.9
v -0.3 4.8 -0.9
v -1.6 4.9 0.8
v -1.4 4.9 0.8
v -1.6 4.9 0.7
v -1.4 4.9 0.7
v -1.9 4.9 0.5
v -1.8 4.9 0.5
v -1.9 4.9 0.4
v -1.8 4.9 0.4
v 0.0999999 4.9 0.3
v 0.2 4.9 0.3
v 0.0999999 4.9 0.2
v 0.2 4.9 0.2
v 0.0999999 4.9 -0.3
v 0.2 4.9 -0.3
v 0.0999999 4.9 -0.4
v 0.2 4.9 -0.4
v -1.9 4.9 -0.6
v -1.8 4.9 -0.6
v -1.9 4.9 -0.7
v -1.8 4.9 -0.7
v -1.6 4.9 -0.8
v -1.4 4.9 -0.8
v -0.3 4.9 -0.8
v -0.0999999 4.9 -0.8
v -1.6 4.9 -0.9
v -1.4 4.9 -0.9
v -0.3 4.9 -0.9
v -0.0999999 4.9 -0.9
v -1.4 5 0.8
v -1.3 5 0.8
v -0.2 5 0.8
v 0 5 0.8
v -1.4 5 0.7
v -1.3 5 0.7
v -0.2 5 0.7
v 0 5 0.7
v -1.9 5 0.4
v -1.8 5 0.4
v 0.0999999 5 0.4
v 0.2 5 0.4
v -1.9 5 0.3
v -1.8 5 0.3
v 0.0999999 5 0.3
v 0.2 5 0.3
v 0.0999999 5 -0.4
v 0.2 5 -0.4
v -1.9 5 -0.5
v -1.8 5 -0.5
v -1.9 5 -0.6
v -1.8 5 -0.6
v 0.0999999 5 -0.6
v 0.2 5 -0.6
v -1.7 5 -0.8
v -1.6 5 -0.8
v -0.0999999 5 -0.8
v 0 5 -0.8
v -1.7 5 -0.9
v -1.6 5 -0.9
v -0.0999999 5 -0.9
v 0 5 -0.9
v -1.3 5.1 0.8
v -1.1 5.1 0.8
v -0.4 5.1 0.8
v -0.2 5.1 0.8
v -1.3 5.1 0.7
v -1.1 5.1 0.7
v -0.4 5.1 0.7
v -0.2 5.1 0.7
v 0.0999999 5.1 0.6
v 0.2 5.1 0.6
v 0.0999999 5.1 0.4
v 0.2 5.1 0.4
v -1.9 5.1 0.3
v -1.8 5.1 0.3
v -1.9 5.1 0.2
v -1.8 5.1 0.2
v -1.9 5.1 -0.3
v -1.8 5.1 -0.3
v -1.9 5.1 -0.5
v -1.8 5.1 -0.5
v 0.0999999 5.1 -0.6
v 0.2 5.1 -0.6
v 0.0999999 5.1 -0.7
v 0.2 5.1 -0.7
v -1.6 5.1 -0.8
v -1.5 5.1 -0.8
v -0.2 5.1 -0.8
v -0.0999999 5.1 -0.8
v -1.6 5.1 -0.9
v -1.5 5.1 -0.9
v -0.2 5.1 -0.9
v -0.0999999 5.1 -0.9
v -1.1 5.2 0.8
v -0.9 5.2 0.8
v -0.5 5.2 0.8
v -0.4 5.2 0.8
v -1.1 5.2 0.7
v -0.9 5.2 0.7
v -0.5 5.2 0.7
v -0.4 5.2 0.7
v 0.0999999 5.2 0.7
v 0.2 5.2 0.7
v 0.0999999 5.2 0.6
v 0.2 5.2 0.6
v -1.9 5.2 0.2
v -1.8 5.2 0.2
v -1.9 5.2 0.0999999
v -1.8 5.2 0.0999999
v -1.9 5.2 -0.2
v -1.8 5.2 -0.2
v -1.9 5.2 -0.3
v -1.8 5.2 -0.3
v -1.5 5.2 -0.8
v -1.3 5.2 -0.8
v -0.4 5.2 -0.8
v -0.2 5.2 -0.8
v -1.5 5.2 -0.9
v -1.3 5.2 -0.9
v -0.4 5.2 -0.9
v -0.2 5.2 -0.9
v -0.9 5.3 0.8
v -0.8 5.3 0.8
v -0.7 5.3 0.8
v -0.5 5.3 0.8
v -0.9 5.3 0.7
v -0.8 5.3 0.7
v -0.7 5.3 0.7
v -0.5 5.3 0.7
v -1.9 5.3 0.0999999
v -1.8 5.3 0.0999999
v -1.9 5.3 0
v -1.8 5.3 0
v -1.9 5.3 -0.1
v -1.8 5.3 -0.1
v -1.9 5.3 -0.2
v -1.8 5.3 -0.2
v 0 5.3 -0.4
v 0.0999999 5.3 -0.4
v 0.2 5.3 -0.4
v 0 5.3 -0.6
v 0.0999999 5.3 -0.6
v 0.2 5.3 -0.6
v -1.3 5.3 -0.8
v -1.2 5.3 -0.8
v -0.5 5.3 -0.8
v -0.4 5.3 -0.8
v -1.3 5.3 -0.9
v -1.2 5.3 -0.9
v -0.5 5.3 -0.9
v -0.4 5.3 -0.9
v -2.3 5.4 2
v 0.6 5.4 2
v -2.7 5.4 1.7
v -2.3 5.4 1.7
v 0.6 5.4 1.7
v 1 5.4 1.7
v -3 5.4 1.3
v -2.7 5.4 1.3
v 1 5.4 1.3
v 1.3 5.4 1.3
v -2 5.4 1
v 0.3 5.4 1
v -0.8 5.4 0.8
v -0.7 5.4 0.8
v -0.8 5.4 0.7
v -0.7 5.4 0.7
v 0 5.4 0.6
v 0.0999999 5.4 0.6
v 0.2 5.4 0.6
v 0 5.4 0.5
v 0.0999999 5.4 0.5
v 0.2 5.4 0.5
v -1.9 5.4 0
v -1.8 5.4 0
v -1.9 5.4 -0.1
v -1.8 5.4 -0.1
v 0 5.4 -0.3
v 0.0999999 5.4 -0.3
v 0.2 5.4 -0.3
v 0 5.4 -0.4
v 0.0999999 5.4 -0.4
v 0.2 5.4 -0.4
v -1.2 5.4 -0.8
v -0.9 5.4 -0.8
v -1.2 5.4 -0.9
v -0.9 5.4 -0.9
v -2 5.4 -1
v 0.3 5.4 -1
v -3 5.4 -1.3
v -2.7 5.4 -1.3
v 1 5.4 -1.3
v 1.3 5.4 -1.3
v -2.7 5.4 -1.7
v -2.3 5.4 -1.7
v 0.7 5.4 -1.7
v 1 5.4 -1.7
v -2.3 5.4 -2
v 0.7 5.4 -2
v -1.1 5.5 0.8
v -0.9 5.5 0.8
v -0.6 5.5 0.8
v -0.5 5.5 0.8
v -1.1 5.5 0.7
v -0.9 5.5 0.7
v -0.6 5.5 0.7
v -0.5 5.5 0.7
v 0 5.5 0.5
v 0.0999999 5.5 0.5
v 0.2 5.5 0.5
v 0 5.5 0.3
v 0.0999999 5.5 0.3
v 0.2 5.5 0.3
v -1.9 5.5 0.2
v -1.8 5.5 0.2
v -1.9 5.5 0.0999999
v -1.8 5.5 0.0999999
v -1.9 5.5 -0.1
v -1.8 5.5 -0.1
v 0 5.5 -0.1
v 0.0999999 5.5 -0.1
v 0.2 5.5 -0.1
v -1.9 5.5 -0.2
v -1.8 5.5 -0.2
v 0 5.5 -0.3
v 0.0999999 5.5 -0.3
v 0.2 5.5 -0.3
v -0.9 5.5 -0.8
v -0.5 5.5 -0.8
v -0.9 5.5 -0.9
v -0.5 5.5 -0.9
v -1.2 5.6 0.8
v -1.1 5.6 0.8
v -0.5 5.6 0.8
v -0.3 5.6 0.8
v -1.2 5.6 0.7
v -1.1 5.6 0.7
v -0.5 5.6 0.7
v -0.3 5.6 0.7
v -1.9 5.6 0.3
v -1.8 5.6 0.3
v 0 5.6 0.3
v 0.0999999 5.6 0.3
v 0.2 5.6 0.3
v -1.9 5.6 0.2
v -1.8 5.6 0.2
v 0 5.6 0.2
v 0.0999999 5.6 0.2
v 0.2 5.6 0.2
v 0 5.6 0
v 0.0999999 5.6 0
v 0.2 5.6 0
v 0 5.6 -0.1
v 0.0999999 5.6 -0.1
v 0.2 5.6 -0.1
v -1.9 5.6 -0.2
v -1.8 5.6 -0.2
v -1.9 5.6 -0.3
v -1.8 5.6 -0.3
v -1.4 5.7 0.8
v -1.2 5.7 0.8
v -0.3 5.7 0.8
v -0.0999999 5.7 0.8
v -1.4 5.7 0.7
v -1.2 5.7 0.7
v -0.3 5.7 0.7
v -0.0999999 5.7 0.7
v -1.9 5.7 0.5
v -1.8 5.7 0.5
v -1.9 5.7 0.3
v -1.8 5.7 0.3
v 0 5.7 0.2
v 0.0999999 5.7 0.2
v 0.2 5.7 0.2
v 0 5.7 0
v 0.0999999 5.7 0
v 0.2 5.7 0
v -1.9 5.7 -0.3
v -1.8 5.7 -0.3
v -1.9 5.7 -0.4
v -1.8 5.7 -0.4
v -1.2 5.7 -0.8
v -1.1 5.7 -0.8
v -0.7 5.7 -0.8
v -0.5 5.7 -0.8
v -0.4 5.7 -0.8
v -0.3 5.7 -0.8
v -1.2 5.7 -0.9
v -1.1 5.7 -0.9
v -0.7 5.7 -0.9
v -0.5 5.7 -0.9
v -0.4 5.7 -0.9
v -0.3 5.7 -0.9
v -1.6 5.8 0.8
v -1.4 5.8 0.8
v -0.0999999 5.8 0.8
v 0 5.8 0.8
v -1.6 5.8 0.7
v -1.4 5.8 0.7
v -0.0999999 5.8 0.7
v 0 5.8 0.7
v -1.9 5.8 0.6
v -1.8 5.8 0.6
v -1.9 5.8 0.5
v -1.8 5.8 0.5
v 0.0999999 5.8 0
v 0.2 5.8 0
v 0.0999999 5.8 -0.1
v 0.2 5.8 -0.1
v -1.9 5.8 -0.4
v -1.8 5.8 -0.4
v -1.9 5.8 -0.5
v -1.8 5.8 -0.5
v -1.4 5.8 -0.8
v -1.3 5.8 -0.8
v -1.2 5.8 -0.8
v -0.5 5.8 -0.8
v -0.4 5.8 -0.8
v -0.3 5.8 -0.8
v -0.0999999 5.8 -0.8
v -1.4 5.8 -0.9
v -1.3 5.8 -0.9
v -1.2 5.8 -0.9
v -0.5 5.8 -0.9
v -0.4 5.8 -0.9
v -0.3 5.8 -0.9
v -0.0999999 5.8 -0.9
v -1.7 5.9 0.8
v -1.6 5.9 0.8
v -0.4 5.9 0.8
v -0.2 5.9 0.8
v -1.9 5.9 0.7
v -1.8 5.9 0.7
v -1.7 5.9 0.7
v -1.6 5.9 0.7
v -0.4 5.9 0.7
v -0.2 5.9 0.7
v -1.9 5.9 0.6
v -1.8 5.9 0.6
v 0.0999999 5.9 -0.1
v 0.2 5.9 -0.1
v 0.0999999 5.9 -0.2
v 0.2 5.9 -0.2
v -1.9 5.9 -0.5
v -1.8 5.9 -0.5
v -1.9 5.9 -0.6
v -1.8 5.9 -0.6
v -1.6 5.9 -0.8
v -1.4 5.9 -0.8
v -0.0999999 5.9 -0.8
v 0 5.9 -0.8
v -1.6 5.9 -0.9
v -1.4 5.9 -0.9
v -0.0999999 5.9 -0.9
v 0 5.9 -0.9
v -1.5 6 0.8
v -1.3 6 0.8
v -0.5 6 0.8
v -0.4 6 0.8
v -1.5 6 0.7
v -1.3 6 0.7
v -0.5 6 0.7
v -0.4 6 0.7
v -1.9 6 0.6
v -1.8 6 0.6
v -1.9 6 0.5
v -1.8 6 0.5
v 0.0999999 6 -0.2
v 0.2 6 -0.2
v 0.0999999 6 -0.3
v 0.2 6 -0.3
v -1.9 6 -0.6
v -1.8 6 -0.6
v -1.9 6 -0.7
v -1.8 6 -0.7
v -1.7 6 -0.8
v -1.6 6 -0.8
v -1.7 6 -0.9
v -1.6 6 -0.9
v -1.3 6.1 0.8
v -1.1 6.1 0.8
v -0.7 6.1 0.8
v -0.5 6.1 0.8
v -1.3 6.1 0.7
v -1.1 6.1 0.7
v -0.7 6.1 0.7
v -0.5 6.1 0.7
v -1.9 6.1 0.5
v -1.8 6.1 0.5
v -1.9 6.1 0.4
v -1.8 6.1 0.4
v 0.0999999 6.1 -0.3
v 0.2 6.1 -0.3
v -1.9 6.1 -0.4
v -1.8 6.1 -0.4
v 0.0999999 6.1 -0.5
v 0.2 6.1 -0.5
v -1.9 6.1 -0.6
v -1.8 6.1 -0.6
v -1.6 6.1 -0.8
v -1.4 6.1 -0.8
v -0.3 6.1 -0.8
v -0.0999999 6.1 -0.8
v -1.6 6.1 -0.9
v -1.4 6.1 -0.9
v -0.3 6.1 -0.9
v -0.0999999 6.1 -0.9
v -1.1 6.2 0.8
v -0.7 6.2 0.8
v -1.1 6.2 0.7
v -0.7 6.2 0.7
v 0.0999999 6.2 0.6
v 0.2 6.2 0.6
v 0.0999999 6.2 0.5
v 0.2 6.2 0.5
v -1.9 6.2 0.4
v -1.8 6.2 0.4
v -1.9 6.2 0.3
v -1.8 6.2 0.3
v -1.9 6.2 -0.3
v -1.8 6.2 -0.3
v -1.9 6.2 -0.4
v -1.8 6.2 -0.4
v 0.0999999 6.2 -0.5
v 0.2 6.2 -0.5
v 0.0999999 6.2 -0.6
v 0.2 6.2 -0.6
v -1.4 6.2 -0.8
v -1.2 6.2 -0.8
v -0.5 6.2 -0.8
v -0.3 6.2 -0.8
v -1.4 6.2 -0.9
v -1.2 6.2 -0.9
v -0.5 6.2 -0.9
v -0.3 6.2 -0.9
v 0.0999999 6.3 0.5
v 0.2 6.3 0.5
v 0.0999999 6.3 0.4
v 0.2 6.3 0.4
v -1.9 6.3 0.3
v -1.8 6.3 0.3
v -1.9 6.3 0.2
v -1.8 6.3 0.2
v -1.9 6.3 -0.2
v -1.8 6.3 -0.2
v -1.9 6.3 -0.3
v -1.8 6.3 -0.3
v 0.0999999 6.3 -0.6
v 0.2 6.3 -0.6
v 0.0999999 6.3 -0.7
v 0.2 6.3 -0.7
v -1.2 6.3 -0.8
v -1.1 6.3 -0.8
v -0.7 6.3 -0.8
v -0.5 6.3 -0.8
v -1.2 6.3 -0.9
v -1.1 6.3 -0.9
v -0.7 6.3 -0.9
v -0.5 6.3 -0.9
v -1.2 6.4 0.8
v -1.1 6.4 0.8
v -0.7 6.4 0.8
v -0.5 6.4 0.8
v -1.2 6.4 0.7
v -1.1 6.4 0.7
v -0.7 6.4 0.7
v -0.5 6.4 0.7
v 0.0999999 6.4 0.4
v 0.2 6.4 0.4
v 0.0999999 6.4 0.3
v 0.2 6.4 0.3
v -1.9 6.4 0.2
v -1.8 6.4 0.2
v -1.9 6.4 -0.2
v -1.8 6.4 -0.2
v 0.0999999 6.4 -0.4
v 0.2 6.4 -0.4
v 0.0999999 6.4 -0.6
v 0.2 6.4 -0.6
v -1.1 6.4 -0.8
v -0.7 6.4 -0.8
v -1.1 6.4 -0.9
v -0.7 6.4 -0.9
v -1.4 6.5 0.8
v -1.2 6.5 0.8
v -0.5 6.5 0.8
v -0.3 6.5 0.8
v -1.4 6.5 0.7
v -1.2 6.5 0.7
v -0.5 6.5 0.7
v -0.3 6.5 0.7
v 0.0999999 6.5 0.3
v 0.2 6.5 0.3
v 0.0999999 6.5 0.0999999
v 0.2 6.5 0.0999999
v 0.0999999 6.5 -0.2
v 0.2 6.5 -0.2
v 0.0999999 6.5 -0.4
v 0.2 6.5 -0.4
v -1.6 6.6 0.8
v -1.4 6.6 0.8
v -0.3 6.6 0.8
v -0.0999999 6.6 0.8
v -1.6 6.6 0.7
v -1.4 6.6 0.7
v -0.3 6.6 0.7
v -0.0999999 6.6 0.7
v -1.9 6.6 0.3
v -1.8 6.6 0.3
v -1.9 6.6 0.0999999
v -1.8 6.6 0.0999999
v 0.0999999 6.6 0.0999999
v 0.2 6.6 0.0999999
v -1.9 6.6 -0.1
v -1.8 6.6 -0.1
v -1.9 6.6 -0.2
v -1.8 6.6 -0.2
v 0.0999999 6.6 -0.2
v 0.2 6.6 -0.2
v -1.3 6.6 -0.8
v -1.1 6.6 -0.8
v -0.7 6.6 -0.8
v -0.5 6.6 -0.8
v -1.3 6.6 -0.9
v -1.1 6.6 -0.9
v -0.7 6.6 -0.9
v -0.5 6.6 -0.9
v -1.7 6.7 0.8
v -1.6 6.7 0.8
v -0.0999999 6.7 0.8
v 0 6.7 0.8
v -1.7 6.7 0.7
v -1.6 6.7 0.7
v -0.0999999 6.7 0.7
v 0 6.7 0.7
v -1.9 6.7 0.4
v -1.8 6.7 0.4
v -1.9 6.7 0.3
v -1.8 6.7 0.3
v 0.0999999 6.7 0.2
v 0.2 6.7 0.2
v 0.0999999 6.7 0.0999999
v 0.2 6.7 0.0999999
v -1.9 6.7 -0.2
v -1.8 6.7 -0.2
v -1.9 6.7 -0.3
v -1.8 6.7 -0.3
v -1.5 6.7 -0.8
v -1.3 6.7 -0.8
v -0.5 6.7 -0.8
v -0.4 6.7 -0.8
v -1.5 6.7 -0.9
v -1.3 6.7 -0.9
v -0.5 6.7 -0.9
v -0.4 6.7 -0.9
v -1.6 6.8 0.8
v -1.3 6.8 0.8
v -0.4 6.8 0.8
v -0.2 6.8 0.8
v -1.6 6.8 0.7
v -1.3 6.8 0.7
v -0.4 6.8 0.7
v -0.2 6.8 0.7
v -1.9 6.8 0.5
v -1.8 6.8 0.5
v -1.9 6.8 0.4
v -1.8 6.8 0.4
v 0.0999999 6.8 0.4
v 0.2 6.8 0.4
v 0.0999999 6.8 0.2
v 0.2 6.8 0.2
v 0.0999999 6.8 -0.2
v 0.2 6.8 -0.2
v -1.9 6.8 -0.3
v -1.8 6.8 -0.3
v 0.0999999 6.8 -0.3
v 0.2 6.8 -0.3
v -1.9 6.8 -0.4
v -1.8 6.8 -0.4
v -1.7 6.8 -0.8
v -1.5 6.8 -0.8
v -0.4 6.8 -0.8
v -0.2 6.8 -0.8
v -1.7 6.8 -0.9
v -1.5 6.8 -0.9
v -0.4 6.8 -0.9
v -0.2 6.8 -0.9
v -1.3 6.9 0.8
v -1 6.9 0.8
v -0.6 6.9 0.8
v -0.4 6.9 0.8
v -1.9 6.9 0.7
v -1.8 6.9 0.7
v -1.3 6.9 0.7
v -1 6.9 0.7
v -0.6 6.9 0.7
v -0.4 6.9 0.7
v 0.0999999 6.9 0.6
v 0.2 6.9 0.6
v -1.9 6.9 0.5
v -1.8 6.9 0.5
v 0.0999999 6.9 0.4
v 0.2 6.9 0.4
v 0.0999999 6.9 -0.3
v 0.2 6.9 -0.3
v -1.9 6.9 -0.4
v -1.8 6.9 -0.4
v 0.0999999 6.9 -0.4
v 0.2 6.9 -0.4
v -1.9 6.9 -0.5
v -1.8 6.9 -0.5
v -0.2 6.9 -0.8
v 0 6.9 -0.8
v -0.2 6.9 -0.9
v 0 6.9 -0.9
v -1 7 0.8
v -0.6 7 0.8
v -1 7 0.7
v -0.6 7 0.7
v 0.0999999 7 0.7
v 0.2 7 0.7
v 0.0999999 7 0.6
v 0.2 7 0.6
v 0.0999999 7 -0.4
v 0.2 7 -0.4
v -1.9 7 -0.5
v -1.8 7 -0.5
v 0.0999999 7 -0.6
v 0.2 7 -0.6
v -1.9 7 -0.7
v -1.8 7 -0.7
v -0.6 7.1 0.8
v -0.5 7.1 0.8
v -1.9 7.1 0.7
v -1.8 7.1 0.7
v -0.6 7.1 0.7
v -0.5 7.1 0.7
v -1.9 7.1 0.6
v -1.8 7.1 0.6
v -1.9 7.1 -0.4
v -1.8 7.1 -0.4
v -1.9 7.1 -0.5
v -1.8 7.1 -0.5
v 0.0999999 7.1 -0.6
v 0.2 7.1 -0.6
v 0.0999999 7.1 -0.7
v 0.2 7.1 -0.7
v -1.7 7.1 -0.8
v -1.5 7.1 -0.8
v -0.2 7.1 -0.8
v 0 7.1 -0.8
v -1.7 7.1 -0.9
v -1.5 7.1 -0.9
v -0.2 7.1 -0.9
v 0 7.1 -0.9
v -1.2 7.2 0.8
v -1 7.2 0.8
v -0.5 7.2 0.8
v -0.2 7.2 0.8
v -1.2 7.2 0.7
v -1 7.2 0.7
v -0.5 7.2 0.7
v -0.2 7.2 0.7
v -1.9 7.2 0.6
v -1.8 7.2 0.6
v 0.0999999 7.2 0.6
v 0.2 7.2 0.6
v -1.9 7.2 0.4
v -1.8 7.2 0.4
v 0.0999999 7.2 0.4
v 0.2 7.2 0.4
v -1.9 7.2 -0.3
v -1.8 7.2 -0.3
v -1.9 7.2 -0.4
v -1.8 7.2 -0.4
v -1.5 7.2 -0.8
v -1.3 7.2 -0.8
v -0.4 7.2 -0.8
v -0.2 7.2 -0.8
v -1.5 7.2 -0.9
v -1.3 7.2 -0.9
v -0.4 7.2 -0.9
v -0.2 7.2 -0.9
v -1.4 7.3 0.8
v -1.2 7.3 0.8
v -0.2 7.3 0.8
v 0 7.3 0.8
v -1.4 7.3 0.7
v -1.2 7.3 0.7
v -0.2 7.3 0.7
v 0 7.3 0.7
v -1.9 7.3 0.4
v -1.8 7.3 0.4
v 0.0999999 7.3 0.4
v 0.2 7.3 0.4
v -1.9 7.3 0.3
v -1.8 7.3 0.3
v 0.0999999 7.3 0.3
v 0.2 7.3 0.3
v -1.9 7.3 -0.1
v -1.8 7.3 -0.1
v -1.9 7.3 -0.3
v -1.8 7.3 -0.3
v 0.0999999 7.3 -0.4
v 0.2 7.3 -0.4
v 0.0999999 7.3 -0.6
v 0.2 7.3 -0.6
v -1.3 7.3 -0.8
v -1.1 7.3 -0.8
v -0.5 7.3 -0.8
v -0.4 7.3 -0.8
v -1.3 7.3 -0.9
v -1.1 7.3 -0.9
v -0.5 7.3 -0.9
v -0.4 7.3 -0.9
v -1.6 7.4 0.8
v -1.4 7.4 0.8
v -1.6 7.4 0.7
v -1.4 7.4 0.7
v -1.9 7.4 0.3
v -1.8 7.4 0.3
v 0.0999999 7.4 0.3
v 0.2 7.4 0.3
v -1.9 7.4 0.2
v -1.8 7.4 0.2
v 0.0999999 7.4 0.2
v 0.2 7.4 0.2
v -1.9 7.4 0
v -1.8 7.4 0
v -1.9 7.4 -0.1
v -1.8 7.4 -0.1
v 0.0999999 7.4 -0.2
v 0.2 7.4 -0.2
v 0.0999999 7.4 -0.4
v 0.2 7.4 -0.4
v -1.1 7.4 -0.8
v -0.9 7.4 -0.8
v -0.7 7.4 -0.8
v -0.5 7.4 -0.8
v -1.1 7.4 -0.9
v -0.9 7.4 -0.9
v -0.7 7.4 -0.9
v -0.5 7.4 -0.9
v -1.7 7.5 0.8
v -1.6 7.5 0.8
v -0.3 7.5 0.8
v -0.0999999 7.5 0.8
v -1.7 7.5 0.7
v -1.6 7.5 0.7
v -0.3 7.5 0.7
v -0.0999999 7.5 0.7
v -1.9 7.5 0.2
v -1.8 7.5 0.2
v 0.0999999 7.5 0.2
v 0.2 7.5 0.2
v -1.9 7.5 0
v -1.8 7.5 0
v 0.0999999 7.5 0
v 0.2 7.5 0
v 0.0999999 7.5 -0.1
v 0.2 7.5 -0.1
v 0.0999999 7.5 -0.2
v 0.2 7.5 -0.2
v -0.9 7.5 -0.8
v -0.7 7.5 -0.8
v -0.9 7.5 -0.9
v -0.7 7.5 -0.9
v -1.6 7.6 0.8
v -1.5 7.6 0.8
v -0.5 7.6 0.8
v -0.3 7.6 0.8
v -1.6 7.6 0.7
v -1.5 7.6 0.7
v -0.5 7.6 0.7
v -0.3 7.6 0.7
v -1.9 7.6 0.3
v -1.8 7.6 0.3
v -1.9 7.6 0.2
v -1.8 7.6 0.2
v -1.9 7.6 0
v -1.8 7.6 0
v 0.0999999 7.6 0
v 0.2 7.6 0
v -1.9 7.6 -0.1
v -1.8 7.6 -0.1
v 0.0999999 7.6 -0.1
v 0.2 7.6 -0.1
v -1.1 7.6 -0.8
v -0.9 7.6 -0.8
v -0.7 7.6 -0.8
v -0.5 7.6 -0.8
v -1.1 7.6 -0.9
v -0.9 7.6 -0.9
v -0.7 7.6 -0.9
v -0.5 7.6 -0.9
v -1.5 7.7 0.8
v -1.3 7.7 0.8
v -0.7 7.7 0.8
v -0.5 7.7 0.8
v -1.5 7.7 0.7
v -1.3 7.7 0.7
v -0.7 7.7 0.7
v -0.5 7.7 0.7
v -1.9 7.7 0.4
v -1.8 7.7 0.4
v -1.9 7.7 0.3
v -1.8 7.7 0.3
v 0.0999999 7.7 0.2
v 0.2 7.7 0.2
v 0.0999999 7.7 0.0999999
v 0.2 7.7 0.0999999
v -1.9 7.7 -0.1
v -1.8 7.7 -0.1
v 0.0999999 7.7 -0.1
v 0.2 7.7 -0.1
v -1.9 7.7 -0.2
v -1.8 7.7 -0.2
v 0.0999999 7.7 -0.2
v 0.2 7.7 -0.2
v -1.2 7.7 -0.8
v -1.1 7.7 -0.8
v -0.5 7.7 -0.8
v -0.3 7.7 -0.8
v -1.2 7.7 -0.9
v -1.1 7.7 -0.9
v -0.5 7.7 -0.9
v -0.3 7.7 -0.9
v -1.3 7.8 0.8
v -1 7.8 0.8
v -0.8 7.8 0.8
v -0.7 7.8 0.8
v -1.3 7.8 0.7
v -1 7.8 0.7
v -0.8 7.8 0.7
v -0.7 7.8 0.7
v -1.9 7.8 0.6
v -1.8 7.8 0.6
v -1.9 7.8 0.4
v -1.8 7.8 0.4
v 0.0999999 7.8 0.4
v 0.2 7.8 0.4
v 0.0999999 7.8 0.2
v 0.2 7.8 0.2
v -1.9 7.8 -0.2
v -1.8 7.8 -0.2
v 0.0999999 7.8 -0.2
v 0.2 7.8 -0.2
v -1.9 7.8 -0.3
v -1.8 7.8 -0.3
v 0.0999999 7.8 -0.3
v 0.2 7.8 -0.3
v -1.4 7.8 -0.8
v -1.2 7.8 -0.8
v -0.3 7.8 -0.8
v -0.0999999 7.8 -0.8
v -1.4 7.8 -0.9
v -1.2 7.8 -0.9
v -0.3 7.8 -0.9
v -0.0999999 7.8 -0.9
v -1 7.9 0.8
v -0.8 7.9 0.8
v -1.9 7.9 0.7
v -1.8 7.9 0.7
v -1 7.9 0.7
v -0.8 7.9 0.7
v -1.9 7.9 0.6
v -1.8 7.9 0.6
v 0.0999999 7.9 0.6
v 0.2 7.9 0.6
v 0.0999999 7.9 0.4
v 0.2 7.9 0.4
v -1.9 7.9 -0.3
v -1.8 7.9 -0.3
v 0.0999999 7.9 -0.3
v 0.2 7.9 -0.3
v -1.9 7.9 -0.5
v -1.8 7.9 -0.5
v 0.0999999 7.9 -0.5
v 0.2 7.9 -0.5
v -1.6 7.9 -0.8
v -1.4 7.9 -0.8
v -0.0999999 7.9 -0.8
v 0 7.9 -0.8
v -1.6 7.9 -0.9
v -1.4 7.9 -0.9
v -0.0999999 7.9 -0.9
v 0 7.9 -0.9
v -1.2 8 0.8
v -1 8 0.8
v -0.7 8 0.8
v -0.5 8 0.8
v -1.2 8 0.7
v -1 8 0.7
v -0.7 8 0.7
v -0.5 8 0.7
v 0.0999999 8 0.7
v 0.2 8 0.7
v -1.9 8 0.6
v -1.8 8 0.6
v 0.0999999 8 0.6
v 0.2 8 0.6
v -1.9 8 0.5
v -1.8 8 0.5
v -1.9 8 -0.5
v -1.8 8 -0.5
v 0.0999999 8 -0.5
v 0.2 8 -0.5
v -1.9 8 -0.6
v -1.8 8 -0.6
v 0.0999999 8 -0.6
v 0.2 8 -0.6
v -1.7 8 -0.8
v -1.6 8 -0.8
v -0.2 8 -0.8
v -0.0999999 8 -0.8
v -1.7 8 -0.9
v -1.6 8 -0.9
v -0.2 8 -0.9
v -0.0999999 8 -0.9
v -1.4 8.1 0.8
v -1.2 8.1 0.8
v -0.5 8.1 0.8
v -0.2 8.1 0.8
v -1.4 8.1 0.7
v -1.2 8.1 0.7
v -0.5 8.1 0.7
v -0.2 8.1 0.7
v -1.9 8.1 0.5
v -1.8 8.1 0.5
v -1.9 8.1 0.4
v -1.8 8.1 0.4
v -1.9 8.1 -0.6
v -1.8 8.1 -0.6
v 0.0999999 8.1 -0.6
v 0.2 8.1 -0.6
v -1.9 8.1 -0.7
v -1.8 8.1 -0.7
v 0.0999999 8.1 -0.7
v 0.2 8.1 -0.7
v -1.5 8.1 -0.8
v -1.3 8.1 -0.8
v -0.4 8.1 -0.8
v -0.2 8.1 -0.8
v -1.5 8.1 -0.9
v -1.3 8.1 -0.9
v -0.4 8.1 -0.9
v -0.2 8.1 -0.9
v -1.6 8.2 0.8
v -1.4 8.2 0.8
v -0.2 8.2 0.8
v 0 8.2 0.8
v -1.6 8.2 0.7
v -1.4 8.2 0.7
v -0.2 8.2 0.7
v 0 8.2 0.7
v 0.0999999 8.2 0.6
v 0.2 8.2 0.6
v -1.9 8.2 0.4
v -1.8 8.2 0.4
v 0.0999999 8.2 0.4
v 0.2 8.2 0.4
v -1.9 8.2 0.3
v -1.8 8.2 0.3
v -1.9 8.2 -0.4
v -1.8 8.2 -0.4
v 0.0999999 8.2 -0.4
v 0.2 8.2 -0.4
v 0.0999999 8.2 -0.5
v 0.2 8.2 -0.5
v -1.9 8.2 -0.6
v -1.8 8.2 -0.6
v -1.3 8.2 -0.8
v -1 8.2 -0.8
v -0.6 8.2 -0.8
v -0.4 8.2 -0.8
v -1.3 8.2 -0.9
v -1 8.2 -0.9
v -0.6 8.2 -0.9
v -0.4 8.2 -0.9
v -1.7 8.3 0.8
v -1.6 8.3 0.8
v -1.7 8.3 0.7
v -1.6 8.3 0.7
v 0.0999999 8.3 0.4
v 0.2 8.3 0.4
v -1.9 8.3 0.3
v -1.8 8.3 0.3
v 0.0999999 8.3 0.3
v 0.2 8.3 0.3
v -1.9 8.3 0.0999999
v -1.8 8.3 0.0999999
v 0.0999999 8.3 -0.2
v 0.2 8.3 -0.2
v -1.9 8.3 -0.3
v -1.8 8.3 -0.3
v -1.9 8.3 -0.4
v -1.8 8.3 -0.4
v 0.0999999 8.3 -0.4
v 0.2 8.3 -0.4
v -1 8.3 -0.8
v -0.6 8.3 -0.8
v -1 8.3 -0.9
v -0.6 8.3 -0.9
v -1.5 8.4 0.8
v -1.3 8.4 0.8
v -0.4 8.4 0.8
v -0.2 8.4 0.8
v -1.5 8.4 0.7
v -1.3 8.4 0.7
v -0.4 8.4 0.7
v -0.2 8.4 0.7
v 0.0999999 8.4 0.3
v 0.2 8.4 0.3
v -1.9 8.4 0.0999999
v -1.8 8.4 0.0999999
v 0.0999999 8.4 0.0999999
v 0.2 8.4 0.0999999
v -1.9 8.4 0
v -1.8 8.4 0
v 0.0999999 8.4 0
v 0.2 8.4 0
v -1.9 8.4 -0.1
v -1.8 8.4 -0.1
v 0.0999999 8.4 -0.2
v 0.2 8.4 -0.2
v -1.9 8.4 -0.3
v -1.8 8.4 -0.3
v -1.3 8.5 0.8
v -1.1 8.5 0.8
v -0.6 8.5 0.8
v -0.4 8.5 0.8
v -1.3 8.5 0.7
v -1.1 8.5 0.7
v -0.6 8.5 0.7
v -0.4 8.5 0.7
v 0.0999999 8.5 0.0999999
v 0.2 8.5 0.0999999
v -1.9 8.5 0
v -1.8 8.5 0
v 0.0999999 8.5 0
v 0.2 8.5 0
v -1.9 8.5 -0.1
v -1.8 8.5 -0.1
v -1.2 8.5 -0.8
v -1 8.5 -0.8
v -0.6 8.5 -0.8
v -0.3 8.5 -0.8
v -1.2 8.5 -0.9
v -1 8.5 -0.9
v -0.6 8.5 -0.9
v -0.3 8.5 -0.9
v -1.1 8.6 0.8
v -0.9 8.6 0.8
v -0.8 8.6 0.8
v -0.6 8.6 0.8
v -1.1 8.6 0.7
v -0.9 8.6 0.7
v -0.8 8.6 0.7
v -0.6 8.6 0.7
v 0.0999999 8.6 0.3
v 0.2 8.6 0.3
v -1.9 8.6 0.0999999
v -1.8 8.6 0.0999999
v 0.0999999 8.6 0.0999999
v 0.2 8.6 0.0999999
v -1.9 8.6 0
v -1.8 8.6 0
v 0.0999999 8.6 0
v 0.2 8.6 0
v 0.0999999 8.6 -0.1
v 0.2 8.6 -0.1
v -1.9 8.6 -0.2
v -1.8 8.6 -0.2
v -1.9 8.6 -0.3
v -1.8 8.6 -0.3
v -1.4 8.6 -0.8
v -1.2 8.6 -0.8
v -0.3 8.6 -0.8
v -0.0999999 8.6 -0.8
v -1.4 8.6 -0.9
v -1.2 8.6 -0.9
v -0.3 8.6 -0.9
v -0.0999999 8.6 -0.9
v -0.9 8.7 0.8
v -0.8 8.7 0.8
v -0.9 8.7 0.7
v -0.8 8.7 0.7
v 0.0999999 8.7 0.4
v 0.2 8.7 0.4
v -1.9 8.7 0.3
v -1.8 8.7 0.3
v 0.0999999 8.7 0.3
v 0.2 8.7 0.3
v -1.9 8.7 0.0999999
v -1.8 8.7 0.0999999
v 0.0999999 8.7 -0.1
v 0.2 8.7 -0.1
v -1.9 8.7 -0.3
v -1.8 8.7 -0.3
v 0.0999999 8.7 -0.3
v 0.2 8.7 -0.3
v -1.9 8.7 -0.4
v -1.8 8.7 -0.4
v -1.6 8.7 -0.8
v -1.4 8.7 -0.8
v -0.0999999 8.7 -0.8
v 0 8.7 -0.8
v -1.6 8.7 -0.9
v -1.4 8.7 -0.9
v -0.0999999 8.7 -0.9
v 0 8.7 -0.9
v -1.2 8.8 0.8
v -1 8.8 0.8
v -0.6 8.8 0.8
v -0.4 8.8 0.8
v -1.2 8.8 0.7
v -1 8.8 0.7
v -0.6 8.8 0.7
v -0.4 8.8 0.7
v 0.0999999 8.8 0.6
v 0.2 8.8 0.6
v -1.9 8.8 0.4
v -1.8 8.8 0.4
v 0.0999999 8.8 0.4
v 0.2 8.8 0.4
v -1.9 8.8 0.3
v -1.8 8.8 0.3
v 0.0999999 8.8 -0.3
v 0.2 8.8 -0.3
v -1.9 8.8 -0.4
v -1.8 8.8 -0.4
v 0.0999999 8.8 -0.4
v 0.2 8.8 -0.4
v -1.9 8.8 -0.6
v -1.8 8.8 -0.6
v -1.7 8.8 -0.8
v -1.6 8.8 -0.8
v -0.2 8.8 -0.8
v -0.0999999 8.8 -0.8
v -1.7 8.8 -0.9
v -1.6 8.8 -0.9
v -0.2 8.8 -0.9
v -0.0999999 8.8 -0.9
v -1.4 8.9 0.8
v -1.2 8.9 0.8
v -0.4 8.9 0.8
v -0.2 8.9 0.8
v -1.4 8.9 0.7
v -1.2 8.9 0.7
v -0.4 8.9 0.7
v -0.2 8.9 0.7
v 0.0999999 8.9 0.7
v 0.2 8.9 0.7
v -1.9 8.9 0.6
v -1.8 8.9 0.6
v 0.0999999 8.9 0.6
v 0.2 8.9 0.6
v -1.9 8.9 0.4
v -1.8 8.9 0.4
v 0.0999999 8.9 -0.4
v 0.2 8.9 -0.4
v -1.9 8.9 -0.6
v -1.8 8.9 -0.6
v 0.0999999 8.9 -0.6
v 0.2 8.9 -0.6
v -1.9 8.9 -0.7
v -1.8 8.9 -0.7
v -1.6 8.9 -0.8
v -1.5 8.9 -0.8
v -0.3 8.9 -0.8
v -0.2 8.9 -0.8
v -1.6 8.9 -0.9
v -1.5 8.9 -0.9
v -0.3 8.9 -0.9
v -0.2 8.9 -0.9
v -1.1 9 1
v -0.8 9 1
v -1.5 9 0.9
v -1.1 9 0.9
v -0.8 9 0.9
v -0.4 9 0.9
v -1.6 9 0.8
v -1.5 9 0.8
v -1.4 9 0.8
v -1.2 9 0.8
v -0.4 9 0.8
v -0.2 9 0.8
v 0 9 0.8
v -1.9 9 0.7
v -1.8 9 0.7
v -1.6 9 0.7
v -1.4 9 0.7
v -1.2 9 0.7
v -0.4 9 0.7
v -0.2 9 0.7
v 0 9 0.7
v -1.9 9 0.6
v -1.8 9 0.6
v -2 9 0.4
v -1.9 9 0.4
v -1.8 9 0.4
v -2.1 9 0.2
v -2 9 0.2
v 0.0999999 9 0.2
v 0.2 9 0.2
v 0.0999999 9 -0.4
v 0.2 9 -0.4
v -2.1 9 -0.5
v -2 9 -0.5
v -1.9 9 -0.5
v -1.8 9 -0.5
v -1.9 9 -0.6
v -1.8 9 -0.6
v 0.0999999 9 -0.6
v 0.2 9 -0.6
v -2 9 -0.7
v -1.9 9 -0.7
v 0.0999999 9 -0.7
v 0.2 9 -0.7
v -1.5 9 -0.8
v -1.4 9 -0.8
v -0.4 9 -0.8
v -0.3 9 -0.8
v -0.2 9 -0.8
v -0.0999999 9 -0.8
v -1.8 9 -0.9
v -1.5 9 -0.9
v -1.4 9 -0.9
v -0.4 9 -0.9
v -0.3 9 -0.9
v -0.2 9 -0.9
v -1.8 9 -1
v -1.6 9 -1
v -0.3 9 -1
v -0.0999999 9 -1
v -1.6 9 -1.1
v -1.5 9 -1.1
v -0.4 9 -1.1
v -0.3 9 -1.1
v -1.5 9 -1.2
v -1.1 9 -1.2
v -0.8 9 -1.2
v -0.4 9 -1.2
v -1.1 9 -1.3
v -0.8 9 -1.3
v -1.2 9.1 1.7
v -0.7 9.1 1.7
v -1.6 9.1 1.6
v -1.2 9.1 1.6
v -0.7 9.1 1.6
v -0.3 9.1 1.6
v -1.9 9.1 1.5
v -1.6 9.1 1.5
v -0.3 9.1 1.5
v 0 9.1 1.5
v -2 9.1 1.4
v -1.9 9.1 1.4
v 0 9.1 1.4
v 0.0999999 9.1 1.4
v -2.2 9.1 1.3
v -2 9.1 1.3
v 0.0999999 9.1 1.3
v 0.3 9.1 1.3
v -2.3 9.1 1.2
v -2.2 9.1 1.2
v 0.3 9.1 1.2
v 0.4 9.1 1.2
v -2.4 9.1 1.1
v -2.3 9.1 1.1
v 0.4 9.1 1.1
v 0.5 9.1 1.1
v -2.5 9.1 1
v -2.4 9.1 1
v -1.1 9.1 1
v -0.8 9.1 1
v 0.5 9.1 1
v 0.6 9.1 1
v -1.5 9.1 0.9
v -1.1 9.1 0.9
v -0.8 9.1 0.9
v -0.4 9.1 0.9
v -2.6 9.1 0.8
v -2.5 9.1 0.8
v -1.9 9.1 0.8
v -1.7 9.1 0.8
v -1.6 9.1 0.8
v -1.5 9.1 0.8
v -0.4 9.1 0.8
v -0.3 9.1 0.8
v -0.2 9.1 0.8
v 0.2 9.1 0.8
v 0.6 9.1 0.8
v 0.7 9.1 0.8
v -2.7 9.1 0.7
v -2.6 9.1 0.7
v -1.7 9.1 0.7
v -1.6 9.1 0.7
v -0.3 9.1 0.7
v -0.2 9.1 0.7
v 0.0999999 9.1 0.7
v 0.2 9.1 0.7
v 0.7 9.1 0.7
v 0.8 9.1 0.7
v -1.9 9.1 0.6
v -1.8 9.1 0.6
v -1.9 9.1 0.5
v -1.8 9.1 0.5
v 0.0999999 9.1 0.5
v 0.2 9.1 0.5
v -2.8 9.1 0.4
v -2.7 9.1 0.4
v -2 9.1 0.4
v -1.9 9.1 0.4
v 0.8 9.1 0.4
v 0.9 9.1 0.4
v -2.1 9.1 0.2
v -2 9.1 0.2
v 0.0999999 9.1 0.2
v 0.2 9.1 0.2
v -2.1 9.1 -0.5
v -2 9.1 -0.5
v 0.0999999 9.1 -0.5
v 0.2 9.1 -0.5
v 0.0999999 9.1 -0.6
v 0.2 9.1 -0.6
v -2.8 9.1 -0.7
v -2.7 9.1 -0.7
v -2 9.1 -0.7
v -1.9 9.1 -0.7
v 0.8 9.1 -0.7
v 0.9 9.1 -0.7
v -1.9 9.1 -0.8
v -1.8 9.1 -0.8
v -0.0999999 9.1 -0.8
v 0 9.1 -0.8
v 0.0999999 9.1 -0.8
v 0.2 9.1 -0.8
v -1.8 9.1 -0.9
v 0 9.1 -0.9
v 0.0999999 9.1 -0.9
v -2.7 9.1 -1
v -2.6 9.1 -1
v -1.8 9.1 -1
v -1.6 9.1 -1
v -0.3 9.1 -1
v -0.0999999 9.1 -1
v 0.7 9.1 -1
v 0.8 9.1 -1
v -2.6 9.1 -1.1
v -2.5 9.1 -1.1
v -1.6 9.1 -1.1
v -1.5 9.1 -1.1
v -0.4 9.1 -1.1
v -0.3 9.1 -1.1
v 0.6 9.1 -1.1
v 0.7 9.1 -1.1
v -1.5 9.1 -1.2
v -1.1 9.1 -1.2
v -0.8 9.1 -1.2
v -0.4 9.1 -1.2
v -2.5 9.1 -1.3
v -2.4 9.1 -1.3
v -1.1 9.1 -1.3
v -0.8 9.1 -1.3
v 0.5 9.1 -1.3
v 0.6 9.1 -1.3
v -2.4 9.1 -1.4
v -2.3 9.1 -1.4
v 0.4 9.1 -1.4
v 0.5 9.1 -1.4
v -2.3 9.1 -1.5
v -2.2 9.1 -1.5
v 0.3 9.1 -1.5
v 0.4 9.1 -1.5
v -2.2 9.1 -1.6
v -2 9.1 -1.6
v 0.0999999 9.1 -1.6
v 0.3 9.1 -1.6
v -2 9.1 -1.7
v -1.9 9.1 -1.7
v 0 9.1 -1.7
v 0.0999999 9.1 -1.7
v -1.9 9.1 -1.8
v -1.6 9.1 -1.8
v -0.3 9.1 -1.8
v 0 9.1 -1.8
v -1.6 9.1 -1.9
v -1.2 9.1 -1.9
v -0.7 9.1 -1.9
v -0.3 9.1 -1.9
v -1.2 9.1 -2
v -0.7 9.1 -2
v -1.1 9.2 2.1
v -0.8 9.2 2.1
v -1.7 9.2 2
v -1.1 9.2 2
v -0.8 9.2 2
v -0.2 9.2 2
v -1.9 9.2 1.9
v -1.7 9.2 1.9
v -0.2 9.2 1.9
v 0 9.2 1.9
v -2.1 9.2 1.8
v -1.9 9.2 1.8
v 0 9.2 1.8
v 0.2 9.2 1.8
v -2.3 9.2 1.7
v -2.1 9.2 1.7
v -1.2 9.2 1.7
v -0.7 9.2 1.7
v 0.2 9.2 1.7
v 0.4 9.2 1.7
v -2.4 9.2 1.6
v -2.3 9.2 1.6
v -1.6 9.2 1.6
v -1.2 9.2 1.6
v -0.7 9.2 1.6
v -0.3 9.2 1.6
v 0.4 9.2 1.6
v 0.5 9.2 1.6
v -2.5 9.2 1.5
v -2.4 9.2 1.5
v -1.9 9.2 1.5
v -1.6 9.2 1.5
v -0.3 9.2 1.5
v 0 9.2 1.5
v 0.5 9.2 1.5
v 0.6 9.2 1.5
v -2.6 9.2 1.4
v -2.5 9.2 1.4
v -2 9.2 1.4
v -1.9 9.2 1.4
v 0 9.2 1.4
v 0.0999999 9.2 1.4
v 0.6 9.2 1.4
v 0.7 9.2 1.4
v -2.7 9.2 1.3
v -2.6 9.2 1.3
v -2.2 9.2 1.3
v -2 9.2 1.3
v 0.0999999 9.2 1.3
v 0.3 9.2 1.3
v 0.7 9.2 1.3
v 0.8 9.2 1.3
v -2.8 9.2 1.2
v -2.7 9.2 1.2
v -2.3 9.2 1.2
v -2.2 9.2 1.2
v 0.3 9.2 1.2
v 0.4 9.2 1.2
v 0.8 9.2 1.2
v 0.9 9.2 1.2
v -2.9 9.2 1.1
v -2.8 9.2 1.1
v -2.4 9.2 1.1
v -2.3 9.2 1.1
v 0.4 9.2 1.1
v 0.5 9.2 1.1
v 0.9 9.2 1.1
v 1 9.2 1.1
v -2.5 9.2 1
v -2.4 9.2 1
v 0.5 9.2 1
v 0.6 9.2 1
v -3 9.2 0.9
v -2.9 9.2 0.9
v 1 9.2 0.9
v 1.1 9.2 0.9
v -2.6 9.2 0.8
v -2.5 9.2 0.8
v 0.6 9.2 0.8
v 0.7 9.2 0.8
v -3.1 9.2 0.7
v -3 9.2 0.7
v -2.7 9.2 0.7
v -2.6 9.2 0.7
v 0.7 9.2 0.7
v 0.8 9.2 0.7
v 1.1 9.2 0.7
v 1.2 9.2 0.7
v -3.2 9.2 0.5
v -3.1 9.2 0.5
v 1.2 9.2 0.5
v 1.3 9.2 0.5
v -2.8 9.2 0.4
v -2.7 9.2 0.4
v 0.8 9.2 0.4
v 0.9 9.2 0.4
v -2.8 9.2 -0.7
v -2.7 9.2 -0.7
v 0.8 9.2 -0.7
v 0.9 9.2 -0.7
v -3.2 9.2 -0.8
v -3.1 9.2 -0.8
v 1.2 9.2 -0.8
v 1.3 9.2 -0.8
v -3.1 9.2 -1
v -3 9.2 -1
v -2.7 9.2 -1
v -2.6 9.2 -1
v 0.7 9.2 -1
v 0.8 9.2 -1
v 1.1 9.2 -1
v 1.2 9.2 -1
v -2.6 9.2 -1.1
v -2.5 9.2 -1.1
v 0.6 9.2 -1.1
v 0.7 9.2 -1.1
v -3 9.2 -1.2
v -2.9 9.2 -1.2
v 1 9.2 -1.2
v 1.1 9.2 -1.2
v -2.5 9.2 -1.3
v -2.4 9.2 -1.3
v 0.5 9.2 -1.3
v 0.6 9.2 -1.3
v -2.9 9.2 -1.4
v -2.8 9.2 -1.4
v -2.4 9.2 -1.4
v -2.3 9.2 -1.4
v 0.4 9.2 -1.4
v 0.5 9.2 -1.4
v 0.9 9.2 -1.4
v 1 9.2 -1.4
v -2.8 9.2 -1.5
v -2.7 9.2 -1.5
v -2.3 9.2 -1.5
v -2.2 9.2 -1.5
v 0.3 9.2 -1.5
v 0.4 9.2 -1.5
v 0.8 9.2 -1.5
v 0.9 9.2 -1.5
v -2.7 9.2 -1.6
v -2.6 9.2 -1.6
v -2.2 9.2 -1.6
v -2 9.2 -1.6
v 0.0999999 9.2 -1.6
v 0.3 9.2 -1.6
v 0.7 9.2 -1.6
v 0.8 9.2 -1.6
v -2.6 9.2 -1.7
v -2.5 9.2 -1.7
v -2 9.2 -1.7
v -1.9 9.2 -1.7
v 0 9.2 -1.7
v 0.0999999 9.2 -1.7
v 0.6 9.2 -1.7
v 0.7 9.2 -1.7
v -2.5 9.2 -1.8
v -2.4 9.2 -1.8
v -1.9 9.2 -1.8
v -1.6 9.2 -1.8
v -0.3 9.2 -1.8
v 0 9.2 -1.8
v 0.5 9.2 -1.8
v 0.6 9.2 -1.8
v -2.4 9.2 -1.9
v -2.3 9.2 -1.9
v -1.6 9.2 -1.9
v -1.2 9.2 -1.9
v -0.7 9.2 -1.9
v -0.3 9.2 -1.9
v 0.4 9.2 -1.9
v 0.5 9.2 -1.9
v -2.3 9.2 -2
v -2.1 9.2 -2
v -1.2 9.2 -2
v -0.7 9.2 -2
v 0.2 9.2 -2
v 0.4 9.2 -2
v -2.1 9.2 -2.1
v -1.9 9.2 -2.1
v 0 9.2 -2.1
v 0.2 9.2 -2.1
v -1.9 9.2 -2.2
v -1.7 9.2 -2.2
v -0.2 9.2 -2.2
v 0 9.2 -2.2
v -1.7 9.2 -2.3
v -1.1 9.2 -2.3
v -0.8 9.2 -2.3
v -0.2 9.2 -2.3
v -1.1 9.2 -2.4
v -0.8 9.2 -2.4
v -1.4 9.3 2.3
v -0.5 9.3 2.3
v -1.8 9.3 2.2
v -1.4 9.3 2.2
v -0.5 9.3 2.2
v -0.0999999 9.3 2.2
v -2 9.3 2.1
v -1.8 9.3 2.1
v -1.1 9.3 2.1
v -0.8 9.3 2.1
v -0.0999999 9.3 2.1
v 0.0999999 9.3 2.1
v -2.2 9.3 2
v -2 9.3 2
v -1.7 9.3 2
v -1.1 9.3 2
v -0.8 9.3 2
v -0.2 9.3 2
v 0.0999999 9.3 2
v 0.3 9.3 2
v -2.4 9.3 1.9
v -2.2 9.3 1.9
v -1.9 9.3 1.9
v -1.7 9.3 1.9
v -0.2 9.3 1.9
v 0 9.3 1.9
v 0.3 9.3 1.9
v 0.5 9.3 1.9
v -2.5 9.3 1.8
v -2.4 9.3 1.8
v -2.1 9.3 1.8
v -1.9 9.3 1.8
v 0 9.3 1.8
v 0.2 9.3 1.8
v 0.5 9.3 1.8
v 0.6 9.3 1.8
v -2.7 9.3 1.7
v -2.5 9.3 1.7
v -2.3 9.3 1.7
v -2.1 9.3 1.7
v 0.2 9.3 1.7
v 0.4 9.3 1.7
v 0.6 9.3 1.7
v 0.8 9.3 1.7
v -2.8 9.3 1.6
v -2.7 9.3 1.6
v -2.4 9.3 1.6
v -2.3 9.3 1.6
v 0.4 9.3 1.6
v 0.5 9.3 1.6
v 0.8 9.3 1.6
v 0.9 9.3 1.6
v -2.9 9.3 1.5
v -2.8 9.3 1.5
v -2.5 9.3 1.5
v -2.4 9.3 1.5
v 0.5 9.3 1.5
v 0.6 9.3 1.5
v 0.9 9.3 1.5
v 1 9.3 1.5
v -2.6 9.3 1.4
v -2.5 9.3 1.4
v 0.6 9.3 1.4
v 0.7 9.3 1.4
v -3 9.3 1.3
v -2.9 9.3 1.3
v -2.7 9.3 1.3
v -2.6 9.3 1.3
v 0.7 9.3 1.3
v 0.8 9.3 1.3
v 1 9.3 1.3
v 1.1 9.3 1.3
v -3.1 9.3 1.2
v -3 9.3 1.2
v -2.8 9.3 1.2
v -2.7 9.3 1.2
v 0.8 9.3 1.2
v 0.9 9.3 1.2
v 1.1 9.3 1.2
v 1.2 9.3 1.2
v -2.9 9.3 1.1
v -2.8 9.3 1.1
v 0.9 9.3 1.1
v 1 9.3 1.1
v -3.2 9.3 1
v -3.1 9.3 1
v 1.2 9.3 1
v 1.3 9.3 1
v -3.3 9.3 0.9
v -3.2 9.3 0.9
v -3 9.3 0.9
v -2.9 9.3 0.9
v 1 9.3 0.9
v 1.1 9.3 0.9
v 1.3 9.3 0.9
v 1.4 9.3 0.9
v -3.1 9.3 0.7
v -3 9.3 0.7
v 1.1 9.3 0.7
v 1.2 9.3 0.7
v -3.4 9.3 0.6
v -3.3 9.3 0.6
v 1.4 9.3 0.6
v 1.5 9.3 0.6
v -3.2 9.3 0.5
v -3.1 9.3 0.5
v 1.2 9.3 0.5
v 1.3 9.3 0.5
v -3.5 9.3 0.2
v -3.4 9.3 0.2
v 1.5 9.3 0.2
v 1.6 9.3 0.2
v -3.5 9.3 -0.5
v -3.4 9.3 -0.5
v 1.5 9.3 -0.5
v 1.6 9.3 -0.5
v -3.2 9.3 -0.8
v -3.1 9.3 -0.8
v 1.2 9.3 -0.8
v 1.3 9.3 -0.8
v -3.4 9.3 -0.9
v -3.3 9.3 -0.9
v 1.4 9.3 -0.9
v 1.5 9.3 -0.9
v -3.1 9.3 -1
v -3 9.3 -1
v 1.1 9.3 -1
v 1.2 9.3 -1
v -3.3 9.3 -1.2
v -3.2 9.3 -1.2
v -3 9.3 -1.2
v -2.9 9.3 -1.2
v 1 9.3 -1.2
v 1.1 9.3 -1.2
v 1.3 9.3 -1.2
v 1.4 9.3 -1.2
v -3.2 9.3 -1.3
v -3.1 9.3 -1.3
v 1.2 9.3 -1.3
v 1.3 9.3 -1.3
v -2.9 9.3 -1.4
v -2.8 9.3 -1.4
v 0.9 9.3 -1.4
v 1 9.3 -1.4
v -3.1 9.3 -1.5
v -3 9.3 -1.5
v -2.8 9.3 -1.5
v -2.7 9.3 -1.5
v 0.8 9.3 -1.5
v 0.9 9.3 -1.5
v 1.1 9.3 -1.5
v 1.2 9.3 -1.5
v -3 9.3 -1.6
v -2.9 9.3 -1.6
v -2.7 9.3 -1.6
v -2.6 9.3 -1.6
v 0.7 9.3 -1.6
v 0.8 9.3 -1.6
v 1 9.3 -1.6
v 1.1 9.3 -1.6
v -2.6 9.3 -1.7
v -2.5 9.3 -1.7
v 0.6 9.3 -1.7
v 0.7 9.3 -1.7
v -2.9 9.3 -1.8
v -2.8 9.3 -1.8
v -2.5 9.3 -1.8
v -2.4 9.3 -1.8
v 0.5 9.3 -1.8
v 0.6 9.3 -1.8
v 0.9 9.3 -1.8
v 1 9.3 -1.8
v -2.8 9.3 -1.9
v -2.7 9.3 -1.9
v -2.4 9.3 -1.9
v -2.3 9.3 -1.9
v 0.4 9.3 -1.9
v 0.5 9.3 -1.9
v 0.8 9.3 -1.9
v 0.9 9.3 -1.9
v -2.7 9.3 -2
v -2.5 9.3 -2
v -2.3 9.3 -2
v -2.1 9.3 -2
v 0.2 9.3 -2
v 0.4 9.3 -2
v 0.6 9.3 -2
v 0.8 9.3 -2
v -2.5 9.3 -2.1
v -2.4 9.3 -2.1
v -2.1 9.3 -2.1
v -1.9 9.3 -2.1
v 0 9.3 -2.1
v 0.2 9.3 -2.1
v 0.5 9.3 -2.1
v 0.6 9.3 -2.1
v -2.4 9.3 -2.2
v -2.2 9.3 -2.2
v -1.9 9.3 -2.2
v -1.7 9.3 -2.2
v -0.2 9.3 -2.2
v 0 9.3 -2.2
v 0.3 9.3 -2.2
v 0.5 9.3 -2.2
v -2.2 9.3 -2.3
v -2 9.3 -2.3
v -1.7 9.3 -2.3
v -1.1 9.3 -2.3
v -0.8 9.3 -2.3
v -0.2 9.3 -2.3
v 0.0999999 9.3 -2.3
v 0.3 9.3 -2.3
v -2 9.3 -2.4
v -1.8 9.3 -2.4
v -1.1 9.3 -2.4
v -0.8 9.3 -2.4
v -0.0999999 9.3 -2.4
v 0.0999999 9.3 -2.4
v -1.8 9.3 -2.5
v -1.4 9.3 -2.5
v -0.5 9.3 -2.5
v -0.0999999 9.3 -2.5
v -1.4 9.3 -2.6
v -0.5 9.3 -2.6
v -1.4 9.4 2.4
v -0.5 9.4 2.4
v -1.8 9.4 2.3
v -1.4 9.4 2.3
v -0.5 9.4 2.3
v -0.0999999 9.4 2.3
v -2.1 9.4 2.2
v -1.8 9.4 2.2
v -1.4 9.4 2.2
v -0.5 9.4 2.2
v -0.0999999 9.4 2.2
v 0.2 9.4 2.2
v -2.3 9.4 2.1
v -2.1 9.4 2.1
v -2 9.4 2.1
v -1.8 9.4 2.1
v -0.0999999 9.4 2.1
v 0.0999999 9.4 2.1
v 0.2 9.4 2.1
v 0.4 9.4 2.1
v -2.4 9.4 2
v -2.3 9.4 2
v -2.2 9.4 2
v -2 9.4 2
v 0.0999999 9.4 2
v 0.3 9.4 2
v 0.4 9.4 2
v 0.5 9.4 2
v -2.6 9.4 1.9
v -2.4 9.4 1.9
v -2.2 9.4 1.9
v 0.3 9.4 1.9
v 0.5 9.4 1.9
v 0.7 9.4 1.9
v -2.7 9.4 1.8
v -2.6 9.4 1.8
v -2.5 9.4 1.8
v -2.4 9.4 1.8
v 0.5 9.4 1.8
v 0.6 9.4 1.8
v 0.7 9.4 1.8
v 0.8 9.4 1.8
v -2.8 9.4 1.7
v -2.7 9.4 1.7
v -2.5 9.4 1.7
v 0.6 9.4 1.7
v 0.8 9.4 1.7
v 0.9 9.4 1.7
v -2.9 9.4 1.6
v -2.8 9.4 1.6
v -2.7 9.4 1.6
v 0.8 9.4 1.6
v 0.9 9.4 1.6
v 1 9.4 1.6
v -3 9.4 1.5
v -2.9 9.4 1.5
v -2.8 9.4 1.5
v 0.9 9.4 1.5
v 1 9.4 1.5
v 1.1 9.4 1.5
v -3.1 9.4 1.4
v -3 9.4 1.4
v 1.1 9.4 1.4
v 1.2 9.4 1.4
v -3 9.4 1.3
v -2.9 9.4 1.3
v 1 9.4 1.3
v 1.1 9.4 1.3
v -3.2 9.4 1.2
v -3.1 9.4 1.2
v -3 9.4 1.2
v 1.1 9.4 1.2
v 1.2 9.4 1.2
v 1.3 9.4 1.2
v -3.3 9.4 1.1
v -3.2 9.4 1.1
v 1.3 9.4 1.1
v 1.4 9.4 1.1
v -3.2 9.4 1
v -3.1 9.4 1
v 1.2 9.4 1
v 1.3 9.4 1
v -3.4 9.4 0.9
v -3.3 9.4 0.9
v -3.2 9.4 0.9
v 1.3 9.4 0.9
v 1.4 9.4 0.9
v 1.5 9.4 0.9
v -3.5 9.4 0.7
v -3.4 9.4 0.7
v 1.5 9.4 0.7
v 1.6 9.4 0.7
v -3.4 9.4 0.6
v -3.3 9.4 0.6
v 1.4 9.4 0.6
v 1.5 9.4 0.6
v -3.6 9.4 0.3
v -3.5 9.4 0.3
v 1.6 9.4 0.3
v 1.7 9.4 0.3
v -3.5 9.4 0.2
v -3.4 9.4 0.2
v 1.5 9.4 0.2
v 1.6 9.4 0.2
v -3.5 9.4 -0.5
v -3.4 9.4 -0.5
v 1.5 9.4 -0.5
v 1.6 9.4 -0.5
v -3.6 9.4 -0.6
v -3.5 9.4 -0.6
v 1.6 9.4 -0.6
v 1.7 9.4 -0.6
v -3.4 9.4 -0.9
v -3.3 9.4 -0.9
v 1.4 9.4 -0.9
v 1.5 9.4 -0.9
v -3.5 9.4 -1
v -3.4 9.4 -1
v 1.5 9.4 -1
v 1.6 9.4 -1
v -3.4 9.4 -1.2
v -3.3 9.4 -1.2
v -3.2 9.4 -1.2
v 1.3 9.4 -1.2
v 1.4 9.4 -1.2
v 1.5 9.4 -1.2
v -3.2 9.4 -1.3
v -3.1 9.4 -1.3
v 1.2 9.4 -1.3
v 1.3 9.4 -1.3
v -3.3 9.4 -1.4
v -3.2 9.4 -1.4
v 1.3 9.4 -1.4
v 1.4 9.4 -1.4
v -3.2 9.4 -1.5
v -3.1 9.4 -1.5
v -3 9.4 -1.5
v 1.1 9.4 -1.5
v 1.2 9.4 -1.5
v 1.3 9.4 -1.5
v -3 9.4 -1.6
v -2.9 9.4 -1.6
v 1 9.4 -1.6
v 1.1 9.4 -1.6
v -3.1 9.4 -1.7
v -3 9.4 -1.7
v 1.1 9.4 -1.7
v 1.2 9.4 -1.7
v -3 9.4 -1.8
v -2.9 9.4 -1.8
v -2.8 9.4 -1.8
v 0.9 9.4 -1.8
v 1 9.4 -1.8
v 1.1 9.4 -1.8
v -2.9 9.4 -1.9
v -2.8 9.4 -1.9
v -2.7 9.4 -1.9
v 0.8 9.4 -1.9
v 0.9 9.4 -1.9
v 1 9.4 -1.9
v -2.8 9.4 -2
v -2.7 9.4 -2
v -2.5 9.4 -2
v 0.6 9.4 -2
v 0.8 9.4 -2
v 0.9 9.4 -2
v -2.7 9.4 -2.1
v -2.6 9.4 -2.1
v -2.5 9.4 -2.1
v -2.4 9.4 -2.1
v 0.5 9.4 -2.1
v 0.6 9.4 -2.1
v 0.7 9.4 -2.1
v 0.8 9.4 -2.1
v -2.6 9.4 -2.2
v -2.4 9.4 -2.2
v -2.2 9.4 -2.2
v 0.3 9.4 -2.2
v 0.5 9.4 -2.2
v 0.7 9.4 -2.2
v -2.4 9.4 -2.3
v -2.3 9.4 -2.3
v -2.2 9.4 -2.3
v -2 9.4 -2.3
v 0.0999999 9.4 -2.3
v 0.3 9.4 -2.3
v 0.4 9.4 -2.3
v 0.5 9.4 -2.3
v -2.3 9.4 -2.4
v -2.1 9.4 -2.4
v -2 9.4 -2.4
v -1.8 9.4 -2.4
v -0.0999999 9.4 -2.4
v 0.0999999 9.4 -2.4
v 0.2 9.4 -2.4
v 0.4 9.4 -2.4
v -2.1 9.4 -2.5
v -1.8 9.4 -2.5
v -1.4 9.4 -2.5
v -0.5 9.4 -2.5
v -0.0999999 9.4 -2.5
v 0.2 9.4 -2.5
v -1.8 9.4 -2.6
v -1.4 9.4 -2.6
v -0.5 9.4 -2.6
v -0.0999999 9.4 -2.6
v -1.4 9.4 -2.7
v -0.5 9.4 -2.7
v -0.0999999 0.1 0.8
v 0 0.1 0.8
v -1.9 0.1 0.7
v -1.8 0.1 0.7
v -0.0999999 0.1 0.7
v 0 0.1 0.7
v -1.9 0.1 0.6
v -1.8 0.1 0.6
v 0.0999999 0.1 0.6
v 0.2 0.1 0.6
v 0.0999999 0.1 0.5
v 0.2 0.1 0.5
v 0.0999999 0.1 -0.6
v 0.2 0.1 -0.6
v 0.0999999 0.1 -0.7
v 0.2 0.1 -0.7
v -1.7 0.1 -0.8
v -1.6 0.1 -0.8
v -0.0999999 0.1 -0.8
v 0 0.1 -0.8
v -1.7 0.1 -0.9
v -1.6 0.1 -0.9
v -0.0999999 0.1 -0.9
v 0 0.1 -0.9
v -0.3 0.2 0.8
v -0.0999999 0.2 0.8
v -0.3 0.2 0.7
v -0.0999999 0.2 0.7
v -1.9 0.2 0.6
v -1.8 0.2 0.6
v -1.9 0.2 0.5
v -1.8 0.2 0.5
v 0.0999999 0.2 0.5
v 0.2 0.2 0.5
v 0.0999999 0.2 0.3
v 0.2 0.2 0.3
v 0.0999999 0.2 -0.4
v 0.2 0.2 -0.4
v -1.9 0.2 -0.5
v -1.8 0.2 -0.5
v -1.7 0.2 -0.5
v -1.9 0.2 -0.6
v -1.8 0.2 -0.6
v -1.7 0.2 -0.6
v 0.0999999 0.2 -0.6
v 0.2 0.2 -0.6
v -1.6 0.2 -0.8
v -1.5 0.2 -0.8
v -0.3 0.2 -0.8
v -0.0999999 0.2 -0.8
v -1.6 0.2 -0.9
v -1.5 0.2 -0.9
v -0.3 0.2 -0.9
v -0.0999999 0.2 -0.9
v -1.7 0.3 0.8
v -1.5 0.3 0.8
v -0.5 0.3 0.8
v -0.3 0.3 0.8
v -1.7 0.3 0.7
v -1.5 0.3 0.7
v -0.5 0.3 0.7
v -0.3 0.3 0.7
v -1.9 0.3 0.5
v -1.8 0.3 0.5
v -1.9 0.3 0.4
v -1.8 0.3 0.4
v 0.0999999 0.3 0.3
v 0.2 0.3 0.3
v 0.0999999 0.3 0.2
v 0.2 0.3 0.2
v 0.0999999 0.3 -0.2
v 0.2 0.3 -0.2
v -1.9 0.3 -0.4
v -1.8 0.3 -0.4
v -1.7 0.3 -0.4
v 0.0999999 0.3 -0.4
v 0.2 0.3 -0.4
v -1.9 0.3 -0.5
v -1.8 0.3 -0.5
v -1.7 0.3 -0.5
v -1.5 0.3 -0.8
v -1.4 0.3 -0.8
v -0.4 0.3 -0.8
v -0.3 0.3 -0.8
v -1.5 0.3 -0.9
v -1.4 0.3 -0.9
v -0.4 0.3 -0.9
v -0.3 0.3 -0.9
v -1.5 0.4 0.8
v -1.2 0.4 0.8
v -0.7 0.4 0.8
v -0.5 0.4 0.8
v -1.5 0.4 0.7
v -1.2 0.4 0.7
v -0.7 0.4 0.7
v -0.5 0.4 0.7
v -1.9 0.4 0.4
v -1.8 0.4 0.4
v -1.9 0.4 0.3
v -1.8 0.4 0.3
v 0.0999999 0.4 -0.1
v 0.2 0.4 -0.1
v -1.9 0.4 -0.2
v -1.8 0.4 -0.2
v -1.7 0.4 -0.2
v 0.0999999 0.4 -0.2
v 0.2 0.4 -0.2
v -1.9 0.4 -0.4
v -1.8 0.4 -0.4
v -1.7 0.4 -0.4
v -1.4 0.4 -0.8
v -1.2 0.4 -0.8
v -0.6 0.4 -0.8
v -0.4 0.4 -0.8
v -1.4 0.4 -0.9
v -1.2 0.4 -0.9
v -0.6 0.4 -0.9
v -0.4 0.4 -0.9
v -1.2 0.5 0.8
v -1 0.5 0.8
v -1.2 0.5 0.7
v -1 0.5 0.7
v -1.9 0.5 0.3
v -1.8 0.5 0.3
v -1.9 0.5 0.2
v -1.8 0.5 0.2
v 0.0999999 0.5 0.2
v 0.2 0.5 0.2
v -1.9 0.5 -0.1
v -1.8 0.5 -0.1
v -1.7 0.5 -0.1
v 0.0999999 0.5 -0.1
v 0.2 0.5 -0.1
v -1.9 0.5 -0.2
v -1.8 0.5 -0.2
v -1.7 0.5 -0.2
v -1.2 0.5 -0.8
v -1.1 0.5 -0.8
v -0.7 0.5 -0.8
v -0.6 0.5 -0.8
v -1.2 0.5 -0.9
v -1.1 0.5 -0.9
v -0.7 0.5 -0.9
v -0.6 0.5 -0.9
v -1 0.6 0.8
v -0.7 0.6 0.8
v -1 0.6 0.7
v -0.7 0.6 0.7
v 0.0999999 0.6 0.4
v 0.2 0.6 0.4
v 0.0999999 0.6 0.2
v 0.2 0.6 0.2
v -1.9 0.6 0
v -1.8 0.6 0
v -1.7 0.6 0
v -1.9 0.6 -0.1
v -1.8 0.6 -0.1
v -1.7 0.6 -0.1
v 0.0999999 0.6 -0.1
v 0.2 0.6 -0.1
v 0.0999999 0.6 -0.3
v 0.2 0.6 -0.3
v -1.1 0.6 -0.8
v -1 0.6 -0.8
v -0.8 0.6 -0.8
v -0.7 0.6 -0.8
v -1.1 0.6 -0.9
v -1 0.6 -0.9
v -0.8 0.6 -0.9
v -0.7 0.6 -0.9
v -1.2 0.7 0.8
v -1 0.7 0.8
v -0.7 0.7 0.8
v -0.4 0.7 0.8
v -1.2 0.7 0.7
v -1 0.7 0.7
v -0.7 0.7 0.7
v -0.4 0.7 0.7
v 0.0999999 0.7 0.6
v 0.2 0.7 0.6
v 0.0999999 0.7 0.4
v 0.2 0.7 0.4
v -1.9 0.7 0.2
v -1.8 0.7 0.2
v -1.9 0.7 0
v -1.8 0.7 0
v 0.0999999 0.7 -0.3
v 0.2 0.7 -0.3
v 0.0999999 0.7 -0.4
v 0.2 0.7 -0.4
v -1 0.7 -0.8
v -0.8 0.7 -0.8
v -1 0.7 -0.9
v -0.8 0.7 -0.9
v -1.4 0.8 0.8
v -1.2 0.8 0.8
v -0.4 0.8 0.8
v -0.0999999 0.8 0.8
v -1.4 0.8 0.7
v -1.2 0.8 0.7
v -0.4 0.8 0.7
v -0.0999999 0.8 0.7
v -1.9 0.8 0.3
v -1.8 0.8 0.3
v -1.9 0.8 0.2
v -1.8 0.8 0.2
v -1.9 0.8 0
v -1.8 0.8 0
v -1.9 0.8 -0.1
v -1.8 0.8 -0.1
v 0.0999999 0.8 -0.4
v 0.2 0.8 -0.4
v 0.0999999 0.8 -0.6
v 0.2 0.8 -0.6
v -1.1 0.8 -0.8
v -1 0.8 -0.8
v -0.8 0.8 -0.8
v -0.7 0.8 -0.8
v -1.1 0.8 -0.9
v -1 0.8 -0.9
v -0.8 0.8 -0.9
v -0.7 0.8 -0.9
v -1.6 0.9 0.8
v -1.4 0.9 0.8
v -0.0999999 0.9 0.8
v 0 0.9 0.8
v -1.6 0.9 0.7
v -1.4 0.9 0.7
v -0.0999999 0.9 0.7
v 0 0.9 0.7
v 0.0999999 0.9 0.7
v 0.2 0.9 0.7
v 0.0999999 0.9 0.6
v 0.2 0.9 0.6
v -1.9 0.9 0.4
v -1.8 0.9 0.4
v -1.9 0.9 0.3
v -1.8 0.9 0.3
v -1.9 0.9 -0.1
v -1.8 0.9 -0.1
v -1.9 0.9 -0.2
v -1.8 0.9 -0.2
v -1.3 0.9 -0.8
v -1.1 0.9 -0.8
v -0.7 0.9 -0.8
v -0.5 0.9 -0.8
v -1.3 0.9 -0.9
v -1.1 0.9 -0.9
v -0.7 0.9 -0.9
v -0.5 0.9 -0.9
v -1.7 1 0.8
v -1.6 1 0.8
v -0.2 1 0.8
v -0.0999999 1 0.8
v -1.7 1 0.7
v -1.6 1 0.7
v -0.2 1 0.7
v -0.0999999 1 0.7
v -1.9 1 0.6
v -1.8 1 0.6
v 0.0999999 1 0.6
v 0.2 1 0.6
v 0.0999999 1 0.5
v 0.2 1 0.5
v -1.9 1 0.4
v -1.8 1 0.4
v -1.9 1 -0.2
v -1.8 1 -0.2
v -1.9 1 -0.3
v -1.8 1 -0.3
v 0.0999999 1 -0.6
v 0.2 1 -0.6
v 0.0999999 1 -0.7
v 0.2 1 -0.7
v -1.4 1 -0.8
v -1.3 1 -0.8
v -0.5 1 -0.8
v -0.4 1 -0.8
v -1.4 1 -0.9
v -1.3 1 -0.9
v -0.5 1 -0.9
v -0.4 1 -0.9
v -1.6 1.1 0.8
v -1.4 1.1 0.8
v -0.4 1.1 0.8
v -0.2 1.1 0.8
v -1.9 1.1 0.7
v -1.8 1.1 0.7
v -1.6 1.1 0.7
v -1.4 1.1 0.7
v -0.4 1.1 0.7
v -0.2 1.1 0.7
v -1.9 1.1 0.6
v -1.8 1.1 0.6
v 0.0999999 1.1 0.5
v 0.2 1.1 0.5
v 0.0999999 1.1 0.3
v 0.2 1.1 0.3
v -1.9 1.1 -0.3
v -1.8 1.1 -0.3
v -1.9 1.1 -0.4
v -1.8 1.1 -0.4
v 0.0999999 1.1 -0.4
v 0.2 1.1 -0.4
v 0.0999999 1.1 -0.6
v 0.2 1.1 -0.6
v -1.6 1.1 -0.8
v -1.4 1.1 -0.8
v -0.4 1.1 -0.8
v -0.3 1.1 -0.8
v -1.6 1.1 -0.9
v -1.4 1.1 -0.9
v -0.4 1.1 -0.9
v -0.3 1.1 -0.9
v -1.4 1.2 0.8
v -1.2 1.2 0.8
v -0.6 1.2 0.8
v -0.4 1.2 0.8
v -1.4 1.2 0.7
v -1.2 1.2 0.7
v -0.6 1.2 0.7
v -0.4 1.2 0.7
v -1.9 1.2 0.6
v -1.8 1.2 0.6
v -1.9 1.2 0.5
v -1.8 1.2 0.5
v 0.0999999 1.2 0.3
v 0.2 1.2 0.3
v 0.0999999 1.2 0.2
v 0.2 1.2 0.2
v 0.0999999 1.2 -0.3
v 0.2 1.2 -0.3
v -1.9 1.2 -0.4
v -1.8 1.2 -0.4
v 0.0999999 1.2 -0.4
v 0.2 1.2 -0.4
v -1.9 1.2 -0.5
v -1.8 1.2 -0.5
v -0.3 1.2 -0.8
v -0.2 1.2 -0.8
v -0.3 1.2 -0.9
v -0.2 1.2 -0.9
v -1.2 1.3 0.8
v -1 1.3 0.8
v -0.8 1.3 0.8
v -0.6 1.3 0.8
v -1.2 1.3 0.7
v -1 1.3 0.7
v -0.8 1.3 0.7
v -0.6 1.3 0.7
v -1.9 1.3 0.5
v -1.8 1.3 0.5
v -1.9 1.3 0.4
v -1.8 1.3 0.4
v 0.0999999 1.3 0.2
v 0.2 1.3 0.2
v 0.0999999 1.3 0.0999999
v 0.2 1.3 0.0999999
v 0.0999999 1.3 -0.1
v 0.2 1.3 -0.1
v 0.0999999 1.3 -0.3
v 0.2 1.3 -0.3
v -1.9 1.3 -0.5
v -1.8 1.3 -0.5
v -1.9 1.3 -0.6
v -1.8 1.3 -0.6
v -1.7 1.3 -0.8
v -1.6 1.3 -0.8
v -0.2 1.3 -0.8
v 0 1.3 -0.8
v -1.7 1.3 -0.9
v -1.6 1.3 -0.9
v -0.2 1.3 -0.9
v 0 1.3 -0.9
v -1.9 1.4 -0.6
v -1.8 1.4 -0.6
v -1.9 1.4 -0.7
v -1.8 1.4 -0.7
v -1.6 1.4 -0.8
v -1.4 1.4 -0.8
v -0.4 1.4 -0.8
v -0.2 1.4 -0.8
v -1.6 1.4 -0.9
v -1.4 1.4 -0.9
v -0.4 1.4 -0.9
v -0.2 1.4 -0.9
v -1.1 1.5 0.8
v -0.7 1.5 0.8
v -1.1 1.5 0.7
v -0.7 1.5 0.7
v -1.9 1.5 0.4
v -1.8 1.5 0.4
v -1.9 1.5 0.3
v -1.8 1.5 0.3
v 0.0999999 1.5 0.0999999
v 0.2 1.5 0.0999999
v 0.0999999 1.5 -0.1
v 0.2 1.5 -0.1
v -1.9 1.5 -0.4
v -1.8 1.5 -0.4
v -1.9 1.5 -0.6
v -1.8 1.5 -0.6
v -1.4 1.5 -0.8
v -1.2 1.5 -0.8
v -0.6 1.5 -0.8
v -0.4 1.5 -0.8
v -1.4 1.5 -0.9
v -1.2 1.5 -0.9
v -0.6 1.5 -0.9
v -0.4 1.5 -0.9
v -1.3 1.6 0.8
v -1.1 1.6 0.8
v -0.7 1.6 0.8
v -0.5 1.6 0.8
v -1.3 1.6 0.7
v -1.1 1.6 0.7
v -0.7 1.6 0.7
v -0.5 1.6 0.7
v -1.9 1.6 0.3
v -1.8 1.6 0.3
v 0.0999999 1.6 0.3
v 0.2 1.6 0.3
v -1.9 1.6 0.2
v -1.8 1.6 0.2
v 0.0999999 1.6 0.0999999
v 0.2 1.6 0.0999999
v 0.0999999 1.6 -0.1
v 0.2 1.6 -0.1
v -1.9 1.6 -0.2
v -1.8 1.6 -0.2
v 0.0999999 1.6 -0.2
v 0.2 1.6 -0.2
v -1.9 1.6 -0.4
v -1.8 1.6 -0.4
v -1.2 1.6 -0.8
v -1 1.6 -0.8
v -0.8 1.6 -0.8
v -0.6 1.6 -0.8
v -1.2 1.6 -0.9
v -1 1.6 -0.9
v -0.8 1.6 -0.9
v -0.6 1.6 -0.9
v -1.5 1.7 0.8
v -1.3 1.7 0.8
v -0.5 1.7 0.8
v -0.3 1.7 0.8
v -1.5 1.7 0.7
v -1.3 1.7 0.7
v -0.5 1.7 0.7
v -0.3 1.7 0.7
v 0.0999999 1.7 0.4
v 0.2 1.7 0.4
v 0.0999999 1.7 0.3
v 0.2 1.7 0.3
v -1.9 1.7 0.2
v -1.8 1.7 0.2
v -1.9 1.7 0.0999999
v -1.8 1.7 0.0999999
v -1.9 1.7 0
v -1.8 1.7 0
v -1.9 1.7 -0.2
v -1.8 1.7 -0.2
v 0.0999999 1.7 -0.2
v 0.2 1.7 -0.2
v 0.0999999 1.7 -0.4
v 0.2 1.7 -0.4
v -1 1.7 -0.8
v -0.9 1.7 -0.8
v -1 1.7 -0.9
v -0.9 1.7 -0.9
v -1.6 1.8 0.8
v -1.5 1.8 0.8
v -0.3 1.8 0.8
v -0.2 1.8 0.8
v -1.6 1.8 0.7
v -1.5 1.8 0.7
v -0.3 1.8 0.7
v -0.2 1.8 0.7
v 0.0999999 1.8 0.6
v 0.2 1.8 0.6
v 0.0999999 1.8 0.4
v 0.2 1.8 0.4
v -1.9 1.8 0.0999999
v -1.8 1.8 0.0999999
v -1.9 1.8 0
v -1.8 1.8 0
v 0.0999999 1.8 -0.4
v 0.2 1.8 -0.4
v 0.0999999 1.8 -0.5
v 0.2 1.8 -0.5
v -1.2 1.8 -0.8
v -1 1.8 -0.8
v -0.9 1.8 -0.8
v -0.7 1.8 -0.8
v -1.2 1.8 -0.9
v -1 1.8 -0.9
v -0.9 1.8 -0.9
v -0.7 1.8 -0.9
v -1.7 1.9 0.8
v -1.6 1.9 0.8
v -0.2 1.9 0.8
v 0 1.9 0.8
v -1.7 1.9 0.7
v -1.6 1.9 0.7
v -0.2 1.9 0.7
v 0 1.9 0.7
v 0.0999999 1.9 0.7
v 0.2 1.9 0.7
v 0.0999999 1.9 0.6
v 0.2 1.9 0.6
v -1.9 1.9 0.3
v -1.8 1.9 0.3
v -1.9 1.9 0.0999999
v -1.8 1.9 0.0999999
v -1.9 1.9 0
v -1.8 1.9 0
v -1.9 1.9 -0.1
v -1.8 1.9 -0.1
v 0.0999999 1.9 -0.5
v 0.2 1.9 -0.5
v 0.0999999 1.9 -0.6
v 0.2 1.9 -0.6
v -1.4 1.9 -0.8
v -1.2 1.9 -0.8
v -0.7 1.9 -0.8
v -0.5 1.9 -0.8
v -1.4 1.9 -0.9
v -1.2 1.9 -0.9
v -0.7 1.9 -0.9
v -0.5 1.9 -0.9
v -1.6 2 0.8
v -1.4 2 0.8
v -0.3 2 0.8
v -0.2 2 0.8
v -1.6 2 0.7
v -1.4 2 0.7
v -0.3 2 0.7
v -0.2 2 0.7
v -1.9 2 0.5
v -1.8 2 0.5
v -1.9 2 0.3
v -1.8 2 0.3
v -1.9 2 -0.1
v -1.8 2 -0.1
v -1.9 2 -0.2
v -1.8 2 -0.2
v -1.6 2 -0.8
v -1.4 2 -0.8
v -0.5 2 -0.8
v -0.3 2 -0.8
v -1.6 2 -0.9
v -1.4 2 -0.9
v -0.5 2 -0.9
v -0.3 2 -0.9
v -1.4 2.1 0.8
v -1.2 2.1 0.8
v -0.5 2.1 0.8
v -0.3 2.1 0.8
v -1.9 2.1 0.7
v -1.8 2.1 0.7
v -1.4 2.1 0.7
v -1.2 2.1 0.7
v -0.5 2.1 0.7
v -0.3 2.1 0.7
v 0.0999999 2.1 0.7
v 0.2 2.1 0.7
v -1.9 2.1 0.5
v -1.8 2.1 0.5
v 0.0999999 2.1 0.5
v 0.2 2.1 0.5
v -1.9 2.1 -0.2
v -1.8 2.1 -0.2
v -1.9 2.1 -0.3
v -1.8 2.1 -0.3
v 0.0999999 2.1 -0.6
v 0.2 2.1 -0.6
v 0.0999999 2.1 -0.7
v 0.2 2.1 -0.7
v -0.3 2.1 -0.8
v -0.0999999 2.1 -0.8
v -0.3 2.1 -0.9
v -0.0999999 2.1 -0.9
v -1.2 2.2 0.8
v -1 2.2 0.8
v -0.6 2.2 0.8
v -0.5 2.2 0.8
v -1.2 2.2 0.7
v -1 2.2 0.7
v -0.6 2.2 0.7
v -0.5 2.2 0.7
v 0.0999999 2.2 0.5
v 0.2 2.2 0.5
v 0.0999999 2.2 0.4
v 0.2 2.2 0.4
v 0.0999999 2.2 -0.5
v 0.2 2.2 -0.5
v 0.0999999 2.2 -0.6
v 0.2 2.2 -0.6
v -1.7 2.2 -0.8
v -1.5 2.2 -0.8
v -1.7 2.2 -0.9
v -1.5 2.2 -0.9
v -0.7 2.3 0.8
v -0.6 2.3 0.8
v -1.9 2.3 0.7
v -1.8 2.3 0.7
v -0.7 2.3 0.7
v -0.6 2.3 0.7
v -1.9 2.3 0.6
v -1.8 2.3 0.6
v 0.0999999 2.3 0.4
v 0.2 2.3 0.4
v 0.0999999 2.3 0.3
v 0.2 2.3 0.3
v -1.9 2.3 -0.3
v -1.8 2.3 -0.3
v 0.0999999 2.3 -0.3
v 0.2 2.3 -0.3
v -1.9 2.3 -0.4
v -1.8 2.3 -0.4
v 0.0999999 2.3 -0.5
v 0.2 2.3 -0.5
v -1.5 2.3 -0.8
v -1.4 2.3 -0.8
v -0.0999999 2.3 -0.8
v 0 2.3 -0.8
v -1.5 2.3 -0.9
v -1.4 2.3 -0.9
v -0.0999999 2.3 -0.9
v 0 2.3 -0.9
v -1 2.4 0.8
v -0.7 2.4 0.8
v -1 2.4 0.7
v -0.7 2.4 0.7
v -1.9 2.4 0.6
v -1.8 2.4 0.6
v -1.9 2.4 0.5
v -1.8 2.4 0.5
v 0.0999999 2.4 0.3
v 0.2 2.4 0.3
v 0.0999999 2.4 0.0999999
v 0.2 2.4 0.0999999
v 0.0999999 2.4 -0.2
v 0.2 2.4 -0.2
v 0.0999999 2.4 -0.3
v 0.2 2.4 -0.3
v -1.9 2.4 -0.4
v -1.8 2.4 -0.4
v -1.9 2.4 -0.5
v -1.8 2.4 -0.5
v -1.4 2.4 -0.8
v -1.2 2.4 -0.8
v -0.3 2.4 -0.8
v -0.0999999 2.4 -0.8
v -1.4 2.4 -0.9
v -1.2 2.4 -0.9
v -0.3 2.4 -0.9
v -0.0999999 2.4 -0.9
v -1.1 2.5 0.8
v -1 2.5 0.8
v -0.7 2.5 0.8
v -0.5 2.5 0.8
v -1.1 2.5 0.7
v -1 2.5 0.7
v -0.7 2.5 0.7
v -0.5 2.5 0.7
v 0.0999999 2.5 0.0999999
v 0.2 2.5 0.0999999
v 0.0999999 2.5 0
v 0.2 2.5 0
v -1.2 2.5 -0.8
v -1.1 2.5 -0.8
v -0.5 2.5 -0.8
v -0.3 2.5 -0.8
v -1.2 2.5 -0.9
v -1.1 2.5 -0.9
v -0.5 2.5 -0.9
v -0.3 2.5 -0.9
v -1.3 2.6 0.8
v -1.1 2.6 0.8
v -0.5 2.6 0.8
v -0.3 2.6 0.8
v -1.3 2.6 0.7
v -1.1 2.6 0.7
v -0.5 2.6 0.7
v -0.3 2.6 0.7
v -1.9 2.6 0.5
v -1.8 2.6 0.5
v -1.9 2.6 0.4
v -1.8 2.6 0.4
v 0.0999999 2.6 0
v 0.2 2.6 0
v 0.0999999 2.6 -0.2
v 0.2 2.6 -0.2
v -1.9 2.6 -0.5
v -1.8 2.6 -0.5
v -1.9 2.6 -0.7
v -1.8 2.6 -0.7
v -1.1 2.6 -0.8
v -0.9 2.6 -0.8
v -0.7 2.6 -0.8
v -0.5 2.6 -0.8
v -1.1 2.6 -0.9
v -0.9 2.6 -0.9
v -0.7 2.6 -0.9
v -0.5 2.6 -0.9
v -1.4 2.7 0.8
v -1.3 2.7 0.8
v -0.3 2.7 0.8
v -0.0999999 2.7 0.8
v -1.4 2.7 0.7
v -1.3 2.7 0.7
v -0.3 2.7 0.7
v -0.0999999 2.7 0.7
v -1.9 2.7 0.4
v -1.8 2.7 0.4
v -1.9 2.7 0.3
v -1.8 2.7 0.3
v 0.0999999 2.7 0.0999999
v 0.2 2.7 0.0999999
v 0.0999999 2.7 0
v 0.2 2.7 0
v 0.0999999 2.7 -0.2
v 0.2 2.7 -0.2
v 0.0999999 2.7 -0.3
v 0.2 2.7 -0.3
v -1.9 2.7 -0.4
v -1.8 2.7 -0.4
v -1.9 2.7 -0.5
v -1.8 2.7 -0.5
v -0.9 2.7 -0.8
v -0.7 2.7 -0.8
v -0.9 2.7 -0.9
v -0.7 2.7 -0.9
v -1.6 2.8 0.8
v -1.4 2.8 0.8
v -0.0999999 2.8 0.8
v 0 2.8 0.8
v -1.6 2.8 0.7
v -1.4 2.8 0.7
v -0.0999999 2.8 0.7
v 0 2.8 0.7
v -1.9 2.8 0.3
v -1.8 2.8 0.3
v -1.9 2.8 0.2
v -1.8 2.8 0.2
v 0.0999999 2.8 0.2
v 0.2 2.8 0.2
v 0.0999999 2.8 0.0999999
v 0.2 2.8 0.0999999
v -1.9 2.8 -0.3
v -1.8 2.8 -0.3
v 0.0999999 2.8 -0.3
v 0.2 2.8 -0.3
v -1.9 2.8 -0.4
v -1.8 2.8 -0.4
v 0.0999999 2.8 -0.4
v 0.2 2.8 -0.4
v -1.1 2.8 -0.8
v -0.9 2.8 -0.8
v -0.7 2.8 -0.8
v -0.6 2.8 -0.8
v -1.1 2.8 -0.9
v -0.9 2.8 -0.9
v -0.7 2.8 -0.9
v -0.6 2.8 -0.9
v -1.7 2.9 0.8
v -1.6 2.9 0.8
v -0.2 2.9 0.8
v -0.0999999 2.9 0.8
v -1.7 2.9 0.7
v -1.6 2.9 0.7
v -0.2 2.9 0.7
v -0.0999999 2.9 0.7
v 0.0999999 2.9 0.4
v 0.2 2.9 0.4
v -1.9 2.9 0.2
v -1.8 2.9 0.2
v 0.0999999 2.9 0.2
v 0.2 2.9 0.2
v -1.9 2.9 0.0999999
v -1.8 2.9 0.0999999
v -1.9 2.9 -0.1
v -1.8 2.9 -0.1
v -1.9 2.9 -0.3
v -1.8 2.9 -0.3
v 0.0999999 2.9 -0.4
v 0.2 2.9 -0.4
v 0.0999999 2.9 -0.6
v 0.2 2.9 -0.6
v -1.3 2.9 -0.8
v -1.1 2.9 -0.8
v -0.6 2.9 -0.8
v -0.4 2.9 -0.8
v -1.3 2.9 -0.9
v -1.1 2.9 -0.9
v -0.6 2.9 -0.9
v -0.4 2.9 -0.9
v -1.6 3 0.8
v -1.4 3 0.8
v -0.4 3 0.8
v -0.2 3 0.8
v -1.6 3 0.7
v -1.4 3 0.7
v -0.4 3 0.7
v -0.2 3 0.7
v 0.0999999 3 0.5
v 0.2 3 0.5
v 0.0999999 3 0.4
v 0.2 3 0.4
v 0.0999999 3 -0.6
v 0.2 3 -0.6
v 0.0999999 3 -0.7
v 0.2 3 -0.7
v -1.5 3 -0.8
v -1.3 3 -0.8
v -0.4 3 -0.8
v -0.3 3 -0.8
v -1.5 3 -0.9
v -1.3 3 -0.9
v -0.4 3 -0.9
v -0.3 3 -0.9
v -1.4 3.1 0.8
v -1.3 3.1 0.8
v -0.5 3.1 0.8
v -0.4 3.1 0.8
v -1.4 3.1 0.7
v -1.3 3.1 0.7
v -0.5 3.1 0.7
v -0.4 3.1 0.7
v 0.0999999 3.1 0.6
v 0.2 3.1 0.6
v 0.0999999 3.1 0.5
v 0.2 3.1 0.5
v -1.9 3.1 0.0999999
v -1.8 3.1 0.0999999
v -1.9 3.1 -0.1
v -1.8 3.1 -0.1
v -1.6 3.1 -0.8
v -1.5 3.1 -0.8
v -0.3 3.1 -0.8
v -0.0999999 3.1 -0.8
v -1.6 3.1 -0.9
v -1.5 3.1 -0.9
v -0.3 3.1 -0.9
v -0.0999999 3.1 -0.9
v -1.3 3.2 0.8
v -1.1 3.2 0.8
v -0.6 3.2 0.8
v -0.5 3.2 0.8
v -1.3 3.2 0.7
v -1.1 3.2 0.7
v -0.6 3.2 0.7
v -0.5 3.2 0.7
v 0.0999999 3.2 0.7
v 0.2 3.2 0.7
v 0.0999999 3.2 0.6
v 0.2 3.2 0.6
v -1.9 3.2 0.2
v -1.8 3.2 0.2
v -1.9 3.2 0.0999999
v -1.8 3.2 0.0999999
v -1.9 3.2 -0.1
v -1.8 3.2 -0.1
v -1.9 3.2 -0.2
v -1.8 3.2 -0.2
v 0.0999999 3.2 -0.6
v 0.2 3.2 -0.6
v 0.0999999 3.2 -0.7
v 0.2 3.2 -0.7
v -1.7 3.2 -0.8
v -1.6 3.2 -0.8
v -1.7 3.2 -0.9
v -1.6 3.2 -0.9
v -1.1 3.3 0.8
v -0.9 3.3 0.8
v -0.7 3.3 0.8
v -0.6 3.3 0.8
v -1.1 3.3 0.7
v -0.9 3.3 0.7
v -0.7 3.3 0.7
v -0.6 3.3 0.7
v 0.0999999 3.3 0.6
v 0.2 3.3 0.6
v 0.0999999 3.3 0.5
v 0.2 3.3 0.5
v -1.9 3.3 0.3
v -1.8 3.3 0.3
v -1.9 3.3 0.2
v -1.8 3.3 0.2
v 0.0999999 3.3 -0.5
v 0.2 3.3 -0.5
v 0.0999999 3.3 -0.6
v 0.2 3.3 -0.6
v -1.6 3.3 -0.8
v -1.4 3.3 -0.8
v -0.2 3.3 -0.8
v 0 3.3 -0.8
v -1.6 3.3 -0.9
v -1.4 3.3 -0.9
v -0.2 3.3 -0.9
v 0 3.3 -0.9
v -1.9 3.4 0.5
v -1.8 3.4 0.5
v 0.0999999 3.4 0.5
v 0.2 3.4 0.5
v 0.0999999 3.4 0.4
v 0.2 3.4 0.4
v -1.9 3.4 0.3
v -1.8 3.4 0.3
v -1.9 3.4 -0.2
v -1.8 3.4 -0.2
v -1.9 3.4 -0.3
v -1.8 3.4 -0.3
v 0.0999999 3.4 -0.3
v 0.2 3.4 -0.3
v 0.0999999 3.4 -0.5
v 0.2 3.4 -0.5
v -1.4 3.4 -0.8
v -1.2 3.4 -0.8
v -0.4 3.4 -0.8
v -0.2 3.4 -0.8
v -1.4 3.4 -0.9
v -1.2 3.4 -0.9
v -0.4 3.4 -0.9
v -0.2 3.4 -0.9
v -1 3.5 0.8
v -0.6 3.5 0.8
v -1 3.5 0.7
v -0.6 3.5 0.7
v -1.9 3.5 0.6
v -1.8 3.5 0.6
v -1.9 3.5 0.5
v -1.8 3.5 0.5
v 0.0999999 3.5 0.4
v 0.2 3.5 0.4
v 0.0999999 3.5 0.2
v 0.2 3.5 0.2
v 0.0999999 3.5 -0.2
v 0.2 3.5 -0.2
v -1.9 3.5 -0.3
v -1.8 3.5 -0.3
v 0.0999999 3.5 -0.3
v 0.2 3.5 -0.3
v -1.9 3.5 -0.4
v -1.8 3.5 -0.4
v -1.2 3.5 -0.8
v -1 3.5 -0.8
v -0.6 3.5 -0.8
v -0.4 3.5 -0.8
v -1.2 3.5 -0.9
v -1 3.5 -0.9
v -0.6 3.5 -0.9
v -0.4 3.5 -0.9
v -1.1 3.6 0.8
v -1 3.6 0.8
v -0.6 3.6 0.8
v -0.5 3.6 0.8
v -1.9 3.6 0.7
v -1.8 3.6 0.7
v -1.1 3.6 0.7
v -1 3.6 0.7
v -0.6 3.6 0.7
v -0.5 3.6 0.7
v -1.9 3.6 0.6
v -1.8 3.6 0.6
v 0.0999999 3.6 0.2
v 0.2 3.6 0.2
v 0.0999999 3.6 0.0999999
v 0.2 3.6 0.0999999
v 0.0999999 3.6 -0.1
v 0.2 3.6 -0.1
v 0.0999999 3.6 -0.2
v 0.2 3.6 -0.2
v -1.9 3.6 -0.4
v -1.8 3.6 -0.4
v -1.9 3.6 -0.5
v -1.8 3.6 -0.5
v -0.7 3.6 -0.8
v -0.6 3.6 -0.8
v -0.7 3.6 -0.9
v -0.6 3.6 -0.9
v -1.2 3.7 0.8
v -1.1 3.7 0.8
v -0.5 3.7 0.8
v -0.3 3.7 0.8
v -1.2 3.7 0.7
v -1.1 3.7 0.7
v -0.5 3.7 0.7
v -0.3 3.7 0.7
v -1.9 3.7 0.6
v -1.8 3.7 0.6
v -1.9 3.7 0.5
v -1.8 3.7 0.5
v 0.0999999 3.7 0.0999999
v 0.2 3.7 0.0999999
v 0.0999999 3.7 0
v 0.2 3.7 0
v -1.9 3.7 -0.5
v -1.8 3.7 -0.5
v -1.9 3.7 -0.7
v -1.8 3.7 -0.7
v -1 3.7 -0.8
v -0.7 3.7 -0.8
v -1 3.7 -0.9
v -0.7 3.7 -0.9
v -1.3 3.8 0.8
v -1.2 3.8 0.8
v -0.3 3.8 0.8
v -0.0999999 3.8 0.8
v -1.3 3.8 0.7
v -1.2 3.8 0.7
v -0.3 3.8 0.7
v -0.0999999 3.8 0.7
v -1.9 3.8 0.5
v -1.8 3.8 0.5
v -1.9 3.8 0.4
v -1.8 3.8 0.4
v 0.0999999 3.8 0.2
v 0.2 3.8 0.2
v 0.0999999 3.8 0.0999999
v 0.2 3.8 0.0999999
v 0.0999999 3.8 0
v 0.2 3.8 0
v 0.0999999 3.8 -0.1
v 0.2 3.8 -0.1
v -1.9 3.8 -0.4
v -1.8 3.8 -0.4
v -1.9 3.8 -0.5
v -1.8 3.8 -0.5
v -1.2 3.8 -0.8
v -1 3.8 -0.8
v -0.7 3.8 -0.8
v -0.5 3.8 -0.8
v -1.2 3.8 -0.9
v -1 3.8 -0.9
v -0.7 3.8 -0.9
v -0.5 3.8 -0.9
v -1.4 3.9 0.8
v -1.3 3.9 0.8
v -0.0999999 3.9 0.8
v 0 3.9 0.8
v -1.4 3.9 0.7
v -1.3 3.9 0.7
v -0.0999999 3.9 0.7
v 0 3.9 0.7
v -1.9 3.9 0.4
v -1.8 3.9 0.4
v -1.9 3.9 0.3
v -1.8 3.9 0.3
v 0.0999999 3.9 0.3
v 0.2 3.9 0.3
v 0.0999999 3.9 0.2
v 0.2 3.9 0.2
v 0.0999999 3.9 -0.1
v 0.2 3.9 -0.1
v -1.9 3.9 -0.2
v -1.8 3.9 -0.2
v 0.0999999 3.9 -0.2
v 0.2 3.9 -0.2
v -1.9 3.9 -0.4
v -1.8 3.9 -0.4
v -1.4 3.9 -0.8
v -1.2 3.9 -0.8
v -0.5 3.9 -0.8
v -0.3 3.9 -0.8
v -1.4 3.9 -0.9
v -1.2 3.9 -0.9
v -0.5 3.9 -0.9
v -0.3 3.9 -0.9
v -1.6 4 0.8
v -1.4 4 0.8
v -0.3 4 0.8
v -0.0999999 4 0.8
v -1.6 4 0.7
v -1.4 4 0.7
v -0.3 4 0.7
v -0.0999999 4 0.7
v 0.0999999 4 0.5
v 0.2 4 0.5
v -1.9 4 0.3
v -1.8 4 0.3
v 0.0999999 4 0.3
v 0.2 4 0.3
v -1.9 4 0.2
v -1.8 4 0.2
v -1.9 4 -0.1
v -1.8 4 -0.1
v -1.9 4 -0.2
v -1.8 4 -0.2
v 0.0999999 4 -0.2
v 0.2 4 -0.2
v 0.0999999 4 -0.4
v 0.2 4 -0.4
v -1.6 4 -0.8
v -1.4 4 -0.8
v -0.3 4 -0.8
v -0.0999999 4 -0.8
v -1.6 4 -0.9
v -1.4 4 -0.9
v -0.3 4 -0.9
v -0.0999999 4 -0.9
v -1.7 4.1 0.8
v -1.6 4.1 0.8
v -0.4 4.1 0.8
v -0.3 4.1 0.8
v -1.7 4.1 0.7
v -1.6 4.1 0.7
v -0.4 4.1 0.7
v -0.3 4.1 0.7
v 0.0999999 4.1 0.6
v 0.2 4.1 0.6
v 0.0999999 4.1 0.5
v 0.2 4.1 0.5
v -1.9 4.1 0
v -1.8 4.1 0
v -1.9 4.1 -0.1
v -1.8 4.1 -0.1
v 0.0999999 4.1 -0.4
v 0.2 4.1 -0.4
v 0.0999999 4.1 -0.5
v 0.2 4.1 -0.5
v -1.6 4.2 0.8
v -1.4 4.2 0.8
v -0.6 4.2 0.8
v -0.4 4.2 0.8
v -1.6 4.2 0.7
v -1.4 4.2 0.7
v -0.6 4.2 0.7
v -0.4 4.2 0.7
v -1.9 4.2 0.2
v -1.8 4.2 0.2
v -1.9 4.2 0.0999999
v -1.8 4.2 0.0999999
v 0.0999999 4.2 -0.5
v 0.2 4.2 -0.5
v 0.0999999 4.2 -0.6
v 0.2 4.2 -0.6
v -1.7 4.2 -0.8
v -1.5 4.2 -0.8
v -0.0999999 4.2 -0.8
v 0 4.2 -0.8
v -1.7 4.2 -0.9
v -1.5 4.2 -0.9
v -0.0999999 4.2 -0.9
v 0 4.2 -0.9
v -1.4 4.3 0.8
v -1.2 4.3 0.8
v -0.8 4.3 0.8
v -0.6 4.3 0.8
v -1.4 4.3 0.7
v -1.2 4.3 0.7
v -0.8 4.3 0.7
v -0.6 4.3 0.7
v 0.0999999 4.3 0.7
v 0.2 4.3 0.7
v 0.0999999 4.3 0.6
v 0.2 4.3 0.6
v -1.9 4.3 0.3
v -1.8 4.3 0.3
v -1.9 4.3 0.2
v -1.8 4.3 0.2
v -1.9 4.3 0.0999999
v -1.8 4.3 0.0999999
v -1.9 4.3 0
v -1.8 4.3 0
v -1.5 4.3 -0.8
v -1.3 4.3 -0.8
v -0.3 4.3 -0.8
v -0.0999999 4.3 -0.8
v -1.5 4.3 -0.9
v -1.3 4.3 -0.9
v -0.3 4.3 -0.9
v -0.0999999 4.3 -0.9
v -1.2 4.4 0.8
v -1.1 4.4 0.8
v -1.2 4.4 0.7
v -1.1 4.4 0.7
v 0.0999999 4.4 0.6
v 0.2 4.4 0.6
v 0.0999999 4.4 0.5
v 0.2 4.4 0.5
v -1.9 4.4 0.4
v -1.8 4.4 0.4
v -1.9 4.4 0.3
v -1.8 4.4 0.3
v -1.9 4.4 0
v -1.8 4.4 0
v -1.9 4.4 -0.1
v -1.8 4.4 -0.1
v 0.0999999 4.4 -0.5
v 0.2 4.4 -0.5
v 0.0999999 4.4 -0.7
v 0.2 4.4 -0.7
v -1.3 4.4 -0.8
v -1.2 4.4 -0.8
v -0.5 4.4 -0.8
v -0.3 4.4 -0.8
v -1.3 4.4 -0.9
v -1.2 4.4 -0.9
v -0.5 4.4 -0.9
v -0.3 4.4 -0.9
v -1.1 4.5 0.8
v -0.7 4.5 0.8
v -1.1 4.5 0.7
v -0.7 4.5 0.7
v -1.9 4.5 0.6
v -1.8 4.5 0.6
v 0.0999999 4.5 0.5
v 0.2 4.5 0.5
v -1.9 4.5 0.4
v -1.8 4.5 0.4
v 0.0999999 4.5 0.4
v 0.2 4.5 0.4
v 0.0999999 4.5 0.3
v 0.2 4.5 0.3
v -1.9 4.5 -0.1
v -1.8 4.5 -0.1
v -1.9 4.5 -0.2
v -1.8 4.5 -0.2
v 0.0999999 4.5 -0.4
v 0.2 4.5 -0.4
v 0.0999999 4.5 -0.5
v 0.2 4.5 -0.5
v -1.2 4.5 -0.8
v -1 4.5 -0.8
v -0.7 4.5 -0.8
v -0.5 4.5 -0.8
v -1.2 4.5 -0.9
v -1 4.5 -0.9
v -0.7 4.5 -0.9
v -0.5 4.5 -0.9
v -1.2 4.6 0.8
v -1.1 4.6 0.8
v -0.7 4.6 0.8
v -0.5 4.6 0.8
v -1.9 4.6 0.7
v -1.8 4.6 0.7
v -1.2 4.6 0.7
v -1.1 4.6 0.7
v -0.7 4.6 0.7
v -0.5 4.6 0.7
v -1.9 4.6 0.6
v -1.8 4.6 0.6
v 0.0999999 4.6 0.3
v 0.2 4.6 0.3
v 0.0999999 4.6 0.0999999
v 0.2 4.6 0.0999999
v -1.9 4.6 -0.2
v -1.8 4.6 -0.2
v -1.9 4.6 -0.3
v -1.8 4.6 -0.3
v 0.0999999 4.6 -0.3
v 0.2 4.6 -0.3
v 0.0999999 4.6 -0.4
v 0.2 4.6 -0.4
v -1.9 4.6 -0.8
v -1.8 4.6 -0.8
v -1.9 4.6 -0.9
v -1.8 4.6 -0.9
v -1.4 4.7 0.8
v -1.2 4.7 0.8
v -0.5 4.7 0.8
v -0.3 4.7 0.8
v -1.4 4.7 0.7
v -1.2 4.7 0.7
v -0.5 4.7 0.7
v -0.3 4.7 0.7
v 0.0999999 4.7 0.0999999
v 0.2 4.7 0.0999999
v 0.0999999 4.7 0
v 0.2 4.7 0
v 0.0999999 4.7 -0.1
v 0.2 4.7 -0.1
v -1.9 4.7 -0.3
v -1.8 4.7 -0.3
v 0.0999999 4.7 -0.3
v 0.2 4.7 -0.3
v -1.9 4.7 -0.4
v -1.8 4.7 -0.4
v -1 4.7 -0.8
v -0.6 4.7 -0.8
v -1 4.7 -0.9
v -0.6 4.7 -0.9
v -1.6 4.8 0.8
v -1.4 4.8 0.8
v -0.3 4.8 0.8
v -0.0999999 4.8 0.8
v -1.9 4.8 0.7
v -1.8 4.8 0.7
v -1.6 4.8 0.7
v -1.4 4.8 0.7
v -0.3 4.8 0.7
v -0.0999999 4.8 0.7
v -1.9 4.8 0.6
v -1.8 4.8 0.6
v 0 4.8 0
v 0.0999999 4.8 0
v 0.2 4.8 0
v 0 4.8 -0.1
v 0.0999999 4.8 -0.1
v 0.2 4.8 -0.1
v -1.9 4.8 -0.4
v -1.8 4.8 -0.4
v -1.9 4.8 -0.5
v -1.8 4.8 -0.5
v -1.2 4.8 -0.8
v -1 4.8 -0.8
v -0.6 4.8 -0.8
v -0.5 4.8 -0.8
v -1.2 4.8 -0.9
v -1 4.8 -0.9
v -0.6 4.8 -0.9
v -0.5 4.8 -0.9
v -1.7 4.9 0.8
v -1.6 4.9 0.8
v -0.0999999 4.9 0.8
v 0 4.9 0.8
v -1.7 4.9 0.7
v -1.6 4.9 0.7
v -0.0999999 4.9 0.7
v 0 4.9 0.7
v -1.9 4.9 0.6
v -1.8 4.9 0.6
v -1.9 4.9 0.5
v -1.8 4.9 0.5
v 0 4.9 0.2
v 0.0999999 4.9 0.2
v 0.2 4.9 0.2
v 0 4.9 0
v 0.0999999 4.9 0
v 0.2 4.9 0
v 0 4.9 -0.1
v 0.0999999 4.9 -0.1
v 0.2 4.9 -0.1
v 0 4.9 -0.3
v 0.0999999 4.9 -0.3
v 0.2 4.9 -0.3
v -1.9 4.9 -0.5
v -1.8 4.9 -0.5
v -1.9 4.9 -0.6
v -1.8 4.9 -0.6
v -1.4 4.9 -0.8
v -1.2 4.9 -0.8
v -0.5 4.9 -0.8
v -0.3 4.9 -0.8
v -1.4 4.9 -0.9
v -1.2 4.9 -0.9
v -0.5 4.9 -0.9
v -0.3 4.9 -0.9
v -1.6 5 0.8
v -1.4 5 0.8
v -1.6 5 0.7
v -1.4 5 0.7
v -1.9 5 0.5
v -1.8 5 0.5
v -1.9 5 0.4
v -1.8 5 0.4
v 0 5 0.3
v 0.0999999 5 0.3
v 0.2 5 0.3
v 0 5 0.2
v 0.0999999 5 0.2
v 0.2 5 0.2
v 0 5 -0.3
v 0.0999999 5 -0.3
v 0.2 5 -0.3
v 0 5 -0.4
v 0.0999999 5 -0.4
v 0.2 5 -0.4
v -1.9 5 -0.6
v -1.8 5 -0.6
v -1.9 5 -0.7
v -1.8 5 -0.7
v -1.6 5 -0.8
v -1.4 5 -0.8
v -0.3 5 -0.8
v -0.0999999 5 -0.8
v -1.6 5 -0.9
v -1.4 5 -0.9
v -0.3 5 -0.9
v -0.0999999 5 -0.9
v -1.4 5.1 0.8
v -1.3 5.1 0.8
v -0.2 5.1 0.8
v 0 5.1 0.8
v -1.4 5.1 0.7
v -1.3 5.1 0.7
v -0.2 5.1 0.7
v 0 5.1 0.7
v -1.9 5.1 0.4
v -1.8 5.1 0.4
v 0 5.1 0.4
v 0.0999999 5.1 0.4
v 0.2 5.1 0.4
v -1.9 5.1 0.3
v -1.8 5.1 0.3
v 0 5.1 0.3
v 0.0999999 5.1 0.3
v 0.2 5.1 0.3
v 0 5.1 -0.4
v 0.0999999 5.1 -0.4
v 0.2 5.1 -0.4
v -1.9 5.1 -0.5
v -1.8 5.1 -0.5
v -1.9 5.1 -0.6
v -1.8 5.1 -0.6
v 0 5.1 -0.6
v 0.0999999 5.1 -0.6
v 0.2 5.1 -0.6
v -1.3 5.2 0.8
v -1.1 5.2 0.8
v -0.4 5.2 0.8
v -0.2 5.2 0.8
v -1.3 5.2 0.7
v -1.1 5.2 0.7
v -0.4 5.2 0.7
v -0.2 5.2 0.7
v 0 5.2 0.6
v 0.0999999 5.2 0.6
v 0.2 5.2 0.6
v 0 5.2 0.4
v 0.0999999 5.2 0.4
v 0.2 5.2 0.4
v -1.9 5.2 0.3
v -1.8 5.2 0.3
v -1.9 5.2 0.2
v -1.8 5.2 0.2
v -1.9 5.2 -0.3
v -1.8 5.2 -0.3
v -1.9 5.2 -0.5
v -1.8 5.2 -0.5
v -1.7 5.2 -0.8
v -1.5 5.2 -0.8
v -0.2 5.2 -0.8
v 0 5.2 -0.8
v -1.7 5.2 -0.9
v -1.5 5.2 -0.9
v -0.2 5.2 -0.9
v 0 5.2 -0.9
v -1.1 5.3 0.8
v -0.9 5.3 0.8
v -0.5 5.3 0.8
v -0.4 5.3 0.8
v -1.1 5.3 0.7
v -0.9 5.3 0.7
v -0.5 5.3 0.7
v -0.4 5.3 0.7
v -1.9 5.3 0.2
v -1.8 5.3 0.2
v -1.9 5.3 0.0999999
v -1.8 5.3 0.0999999
v -1.9 5.3 -0.2
v -1.8 5.3 -0.2
v -1.9 5.3 -0.3
v -1.8 5.3 -0.3
v 0.0999999 5.3 -0.6
v 0.2 5.3 -0.6
v 0.0999999 5.3 -0.7
v 0.2 5.3 -0.7
v -1.5 5.3 -0.8
v -1.3 5.3 -0.8
v -0.4 5.3 -0.8
v -0.2 5.3 -0.8
v -1.5 5.3 -0.9
v -1.3 5.3 -0.9
v -0.4 5.3 -0.9
v -0.2 5.3 -0.9
v -0.6 5.4 0.8
v -0.5 5.4 0.8
v -0.6 5.4 0.7
v -0.5 5.4 0.7
v -1.9 5.4 -0.1
v -1.8 5.4 -0.1
v -1.9 5.4 -0.2
v -1.8 5.4 -0.2
v 0.0999999 5.4 -0.4
v 0.2 5.4 -0.4
v 0.0999999 5.4 -0.6
v 0.2 5.4 -0.6
v -1.3 5.4 -0.8
v -1.2 5.4 -0.8
v -0.5 5.4 -0.8
v -0.4 5.4 -0.8
v -1.3 5.4 -0.9
v -1.2 5.4 -0.9
v -0.5 5.4 -0.9
v -0.4 5.4 -0.9
v -0.9 5.5 0.8
v -0.6 5.5 0.8
v -0.9 5.5 0.7
v -0.6 5.5 0.7
v -1.9 5.5 0.0999999
v -1.8 5.5 0.0999999
v -1.9 5.5 -0.1
v -1.8 5.5 -0.1
v 0.0999999 5.5 -0.3
v 0.2 5.5 -0.3
v 0.0999999 5.5 -0.4
v 0.2 5.5 -0.4
v -1.2 5.5 -0.8
v -1.1 5.5 -0.8
v -1.2 5.5 -0.9
v -1.1 5.5 -0.9
v -1.1 5.6 0.8
v -0.9 5.6 0.8
v -0.6 5.6 0.8
v -0.5 5.6 0.8
v -1.1 5.6 0.7
v -0.9 5.6 0.7
v -0.6 5.6 0.7
v -0.5 5.6 0.7
v -1.9 5.6 0.2
v -1.8 5.6 0.2
v -1.9 5.6 0.0999999
v -1.8 5.6 0.0999999
v -1.9 5.6 -0.1
v -1.8 5.6 -0.1
v 0.0999999 5.6 -0.1
v 0.2 5.6 -0.1
v -1.9 5.6 -0.2
v -1.8 5.6 -0.2
v 0.0999999 5.6 -0.3
v 0.2 5.6 -0.3
v -1.1 5.6 -0.8
v -0.9 5.6 -0.8
v -0.7 5.6 -0.8
v -0.5 5.6 -0.8
v -1.1 5.6 -0.9
v -0.9 5.6 -0.9
v -0.7 5.6 -0.9
v -0.5 5.6 -0.9
v 0.9 5.7 1.3
v 1 5.7 1.3
v 1.3 5.7 1.3
v -1.2 5.7 0.8
v -1.1 5.7 0.8
v -0.5 5.7 0.8
v -0.3 5.7 0.8
v -1.2 5.7 0.7
v -1.1 5.7 0.7
v -0.5 5.7 0.7
v -0.3 5.7 0.7
v -1.9 5.7 0.3
v -1.8 5.7 0.3
v -1.9 5.7 0.2
v -1.8 5.7 0.2
v 0.0999999 5.7 0
v 0.2 5.7 0
v 0.0999999 5.7 -0.1
v 0.2 5.7 -0.1
v -1.9 5.7 -0.2
v -1.8 5.7 -0.2
v -1.9 5.7 -0.3
v -1.8 5.7 -0.3
v -0.9 5.7 -0.8
v -0.7 5.7 -0.8
v -0.9 5.7 -0.9
v -0.7 5.7 -0.9
v 0.9 5.7 -1.3
v 1 5.7 -1.3
v 1.3 5.7 -1.3
v -2.3 5.7 -1.6
v 0.7 5.7 -1.6
v -2.3 5.7 -1.7
v 0.7 5.7 -1.7
v -2.3 5.7 -2
v 0.7 5.7 -2
v -2.3 5.8 2
v 0.6 5.8 2
v -2.3 5.8 1.7
v 0.6 5.8 1.7
v -2.3 5.8 1.6
v 0.6 5.8 1.6
v -3 5.8 1.3
v -2.7 5.8 1.3
v -2.6 5.8 1.3
v -1.4 5.8 0.8
v -1.2 5.8 0.8
v -0.3 5.8 0.8
v -0.2 5.8 0.8
v -1.4 5.8 0.7
v -1.2 5.8 0.7
v -0.3 5.8 0.7
v -0.2 5.8 0.7
v -1.9 5.8 0.5
v -1.8 5.8 0.5
v -1.9 5.8 0.3
v -1.8 5.8 0.3
v -1.9 5.8 -0.3
v -1.8 5.8 -0.3
v -1.9 5.8 -0.4
v -1.8 5.8 -0.4
v -1.2 5.8 -0.8
v -1.1 5.8 -0.8
v -0.7 5.8 -0.8
v -0.5 5.8 -0.8
v -0.4 5.8 -0.8
v -0.3 5.8 -0.8
v -1.2 5.8 -0.9
v -1.1 5.8 -0.9
v -0.7 5.8 -0.9
v -0.5 5.8 -0.9
v -0.4 5.8 -0.9
v -0.3 5.8 -0.9
v -3 5.8 -1.3
v -2.7 5.8 -1.3
v -2.6 5.8 -1.3
v -1.5 5.9 0.8
v -1.4 5.9 0.8
v -0.2 5.9 0.8
v 0 5.9 0.8
v -1.5 5.9 0.7
v -1.4 5.9 0.7
v -0.2 5.9 0.7
v 0 5.9 0.7
v -1.9 5.9 0.6
v -1.8 5.9 0.6
v -1.9 5.9 0.5
v -1.8 5.9 0.5
v 0.0999999 5.9 0.3
v 0.2 5.9 0.3
v 0.0999999 5.9 -0.1
v 0.2 5.9 -0.1
v -1.9 5.9 -0.4
v -1.8 5.9 -0.4
v -1.9 5.9 -0.5
v -1.8 5.9 -0.5
v -1.4 5.9 -0.8
v -1.3 5.9 -0.8
v -1.2 5.9 -0.8
v -0.5 5.9 -0.8
v -0.4 5.9 -0.8
v -0.3 5.9 -0.8
v -0.0999999 5.9 -0.8
v -1.4 5.9 -0.9
v -1.3 5.9 -0.9
v -1.2 5.9 -0.9
v -0.5 5.9 -0.9
v -0.4 5.9 -0.9
v -0.3 5.9 -0.9
v -0.0999999 5.9 -0.9
v -1.7 6 0.8
v -1.5 6 0.8
v -0.4 6 0.8
v -0.2 6 0.8
v -1.9 6 0.7
v -1.8 6 0.7
v -1.7 6 0.7
v -1.5 6 0.7
v -0.4 6 0.7
v -0.2 6 0.7
v -1.9 6 0.6
v -1.8 6 0.6
v 0.0999999 6 0.4
v 0.2 6 0.4
v 0.0999999 6 0.3
v 0.2 6 0.3
v 0.0999999 6 -0.1
v 0.2 6 -0.1
v 0.0999999 6 -0.2
v 0.2 6 -0.2
v -1.9 6 -0.5
v -1.8 6 -0.5
v -1.9 6 -0.6
v -1.8 6 -0.6
v -1.6 6 -0.8
v -1.4 6 -0.8
v -1.6 6 -0.9
v -1.4 6 -0.9
v -1.5 6.1 0.8
v -1.3 6.1 0.8
v -0.5 6.1 0.8
v -0.4 6.1 0.8
v -1.5 6.1 0.7
v -1.3 6.1 0.7
v -0.5 6.1 0.7
v -0.4 6.1 0.7
v -1.9 6.1 0.6
v -1.8 6.1 0.6
v 0.0999999 6.1 0.6
v 0.2 6.1 0.6
v -1.9 6.1 0.5
v -1.8 6.1 0.5
v 0.0999999 6.1 0.4
v 0.2 6.1 0.4
v 0.0999999 6.1 -0.2
v 0.2 6.1 -0.2
v 0.0999999 6.1 -0.3
v 0.2 6.1 -0.3
v -1.9 6.1 -0.6
v -1.8 6.1 -0.6
v -1.9 6.1 -0.7
v -1.8 6.1 -0.7
v -1.7 6.1 -0.8
v -1.6 6.1 -0.8
v -0.0999999 6.1 -0.8
v 0 6.1 -0.8
v -1.7 6.1 -0.9
v -1.6 6.1 -0.9
v -0.0999999 6.1 -0.9
v 0 6.1 -0.9
v -2.7 6.2 1.7
v -2.3 6.2 1.7
v 0.6 6.2 1.7
v 1 6.2 1.7
v -2.3 6.2 1.6
v 0.6 6.2 1.6
v -2.7 6.2 1.3
v -2.6 6.2 1.3
v 0.9 6.2 1.3
v 1 6.2 1.3
v -2 6.2 1
v 0.3 6.2 1
v -1.3 6.2 0.8
v -1.1 6.2 0.8
v -0.7 6.2 0.8
v -0.5 6.2 0.8
v -1.3 6.2 0.7
v -1.1 6.2 0.7
v -0.7 6.2 0.7
v -0.5 6.2 0.7
v -1.9 6.2 0.5
v -1.8 6.2 0.5
v -1.9 6.2 0.4
v -1.8 6.2 0.4
v 0.0999999 6.2 -0.3
v 0.2 6.2 -0.3
v -1.9 6.2 -0.4
v -1.8 6.2 -0.4
v 0.0999999 6.2 -0.5
v 0.2 6.2 -0.5
v -1.9 6.2 -0.6
v -1.8 6.2 -0.6
v -1.6 6.2 -0.8
v -1.4 6.2 -0.8
v -0.3 6.2 -0.8
v -0.0999999 6.2 -0.8
v -1.6 6.2 -0.9
v -1.4 6.2 -0.9
v -0.3 6.2 -0.9
v -0.0999999 6.2 -0.9
v -2 6.2 -1
v 0.3 6.2 -1
v -2.7 6.2 -1.3
v -2.6 6.2 -1.3
v 0.9 6.2 -1.3
v 1 6.2 -1.3
v -2.3 6.2 -1.6
v 0.7 6.2 -1.6
v -2.7 6.2 -1.7
v -2.3 6.2 -1.7
v 0.7 6.2 -1.7
v 1 6.2 -1.7
v 0.0999999 6.3 0.7
v 0.2 6.3 0.7
v 0.0999999 6.3 0.5
v 0.2 6.3 0.5
v -1.9 6.3 0.4
v -1.8 6.3 0.4
v -1.9 6.3 0.3
v -1.8 6.3 0.3
v -1.9 6.3 -0.3
v -1.8 6.3 -0.3
v -1.9 6.3 -0.4
v -1.8 6.3 -0.4
v 0.0999999 6.3 -0.5
v 0.2 6.3 -0.5
v 0.0999999 6.3 -0.6
v 0.2 6.3 -0.6
v -1.4 6.3 -0.8
v -1.2 6.3 -0.8
v -0.5 6.3 -0.8
v -0.3 6.3 -0.8
v -1.4 6.3 -0.9
v -1.2 6.3 -0.9
v -0.5 6.3 -0.9
v -0.3 6.3 -0.9
v -1.1 6.4 0.8
v -0.7 6.4 0.8
v -1.1 6.4 0.7
v -0.7 6.4 0.7
v 0.0999999 6.4 0.5
v 0.2 6.4 0.5
v 0.0999999 6.4 0.4
v 0.2 6.4 0.4
v -1.9 6.4 0.3
v -1.8 6.4 0.3
v -1.9 6.4 0.2
v -1.8 6.4 0.2
v -1.9 6.4 -0.2
v -1.8 6.4 -0.2
v -1.9 6.4 -0.3
v -1.8 6.4 -0.3
v 0.0999999 6.4 -0.6
v 0.2 6.4 -0.6
v 0.0999999 6.4 -0.7
v 0.2 6.4 -0.7
v -1.2 6.4 -0.8
v -1.1 6.4 -0.8
v -0.7 6.4 -0.8
v -0.5 6.4 -0.8
v -1.2 6.4 -0.9
v -1.1 6.4 -0.9
v -0.7 6.4 -0.9
v -0.5 6.4 -0.9
v -1.2 6.5 0.8
v -1.1 6.5 0.8
v -0.7 6.5 0.8
v -0.5 6.5 0.8
v -1.2 6.5 0.7
v -1.1 6.5 0.7
v -0.7 6.5 0.7
v -0.5 6.5 0.7
v 0.0999999 6.5 0.4
v 0.2 6.5 0.4
v 0.0999999 6.5 0.3
v 0.2 6.5 0.3
v -1.9 6.5 0.2
v -1.8 6.5 0.2
v -1.9 6.5 0.0999999
v -1.8 6.5 0.0999999
v -1.9 6.5 -0.1
v -1.8 6.5 -0.1
v -1.9 6.5 -0.2
v -1.8 6.5 -0.2
v 0.0999999 6.5 -0.4
v 0.2 6.5 -0.4
v 0.0999999 6.5 -0.6
v 0.2 6.5 -0.6
v -1.4 6.6 0.8
v -1.2 6.6 0.8
v -0.5 6.6 0.8
v -0.3 6.6 0.8
v -1.4 6.6 0.7
v -1.2 6.6 0.7
v -0.5 6.6 0.7
v -0.3 6.6 0.7
v 0.0999999 6.6 0.3
v 0.2 6.6 0.3
v -1.9 6.6 0.0999999
v -1.8 6.6 0.0999999
v 0.0999999 6.6 0.0999999
v 0.2 6.6 0.0999999
v -1.9 6.6 -0.1
v -1.8 6.6 -0.1
v 0.0999999 6.6 -0.2
v 0.2 6.6 -0.2
v 0.0999999 6.6 -0.4
v 0.2 6.6 -0.4
v -1.1 6.6 -0.8
v -0.7 6.6 -0.8
v -1.1 6.6 -0.9
v -0.7 6.6 -0.9
v -1.6 6.7 0.8
v -1.4 6.7 0.8
v -0.3 6.7 0.8
v -0.2 6.7 0.8
v -1.6 6.7 0.7
v -1.4 6.7 0.7
v -0.3 6.7 0.7
v -0.2 6.7 0.7
v -1.9 6.7 0.3
v -1.8 6.7 0.3
v -1.9 6.7 0.0999999
v -1.8 6.7 0.0999999
v -1.9 6.7 -0.1
v -1.8 6.7 -0.1
v -1.9 6.7 -0.2
v -1.8 6.7 -0.2
v -1.3 6.7 -0.8
v -1.1 6.7 -0.8
v -0.7 6.7 -0.8
v -0.5 6.7 -0.8
v -1.3 6.7 -0.9
v -1.1 6.7 -0.9
v -0.7 6.7 -0.9
v -0.5 6.7 -0.9
v -1.7 6.8 0.8
v -1.6 6.8 0.8
v -0.2 6.8 0.8
v 0 6.8 0.8
v -1.7 6.8 0.7
v -1.6 6.8 0.7
v -0.2 6.8 0.7
v 0 6.8 0.7
v -1.9 6.8 0.4
v -1.8 6.8 0.4
v -1.9 6.8 0.3
v -1.8 6.8 0.3
v 0.0999999 6.8 0.2
v 0.2 6.8 0.2
v -1.9 6.8 -0.2
v -1.8 6.8 -0.2
v 0.0999999 6.8 -0.2
v 0.2 6.8 -0.2
v -1.9 6.8 -0.3
v -1.8 6.8 -0.3
v -1.5 6.8 -0.8
v -1.3 6.8 -0.8
v -0.5 6.8 -0.8
v -0.4 6.8 -0.8
v -1.5 6.8 -0.9
v -1.3 6.8 -0.9
v -0.5 6.8 -0.9
v -0.4 6.8 -0.9
v -1.6 6.9 0.8
v -1.3 6.9 0.8
v -0.4 6.9 0.8
v -0.2 6.9 0.8
v -1.6 6.9 0.7
v -1.3 6.9 0.7
v -0.4 6.9 0.7
v -0.2 6.9 0.7
v -1.9 6.9 0.5
v -1.8 6.9 0.5
v -1.9 6.9 0.4
v -1.8 6.9 0.4
v 0.0999999 6.9 0.4
v 0.2 6.9 0.4
v 0.0999999 6.9 0.2
v 0.2 6.9 0.2
v 0.0999999 6.9 -0.2
v 0.2 6.9 -0.2
v -1.9 6.9 -0.3
v -1.8 6.9 -0.3
v 0.0999999 6.9 -0.3
v 0.2 6.9 -0.3
v -1.9 6.9 -0.4
v -1.8 6.9 -0.4
v -1.7 6.9 -0.8
v -1.5 6.9 -0.8
v -0.4 6.9 -0.8
v -0.2 6.9 -0.8
v -1.7 6.9 -0.9
v -1.5 6.9 -0.9
v -0.4 6.9 -0.9
v -0.2 6.9 -0.9
v -1.3 7 0.8
v -1 7 0.8
v -0.6 7 0.8
v -0.4 7 0.8
v -1.9 7 0.7
v -1.8 7 0.7
v -1.3 7 0.7
v -1 7 0.7
v -0.6 7 0.7
v -0.4 7 0.7
v 0.0999999 7 0.6
v 0.2 7 0.6
v -1.9 7 0.5
v -1.8 7 0.5
v 0.0999999 7 0.4
v 0.2 7 0.4
v 0.0999999 7 -0.3
v 0.2 7 -0.3
v -1.9 7 -0.4
v -1.8 7 -0.4
v 0.0999999 7 -0.4
v 0.2 7 -0.4
v -1.9 7 -0.5
v -1.8 7 -0.5
v -0.2 7 -0.8
v 0 7 -0.8
v -0.2 7 -0.9
v 0 7 -0.9
v 0.0999999 7.1 -0.4
v 0.2 7.1 -0.4
v -1.9 7.1 -0.6
v -1.8 7.1 -0.6
v 0.0999999 7.1 -0.6
v 0.2 7.1 -0.6
v -1.9 7.1 -0.7
v -1.8 7.1 -0.7
v -1 7.2 0.8
v -0.5 7.2 0.8
v -1.9 7.2 0.7
v -1.8 7.2 0.7
v -1 7.2 0.7
v -0.5 7.2 0.7
v 0.0999999 7.2 0.7
v 0.2 7.2 0.7
v -1.9 7.2 0.6
v -1.8 7.2 0.6
v 0.0999999 7.2 0.6
v 0.2 7.2 0.6
v -1.9 7.2 -0.4
v -1.8 7.2 -0.4
v -1.9 7.2 -0.6
v -1.8 7.2 -0.6
v -1.7 7.2 -0.8
v -1.5 7.2 -0.8
v -0.2 7.2 -0.8
v 0 7.2 -0.8
v -1.7 7.2 -0.9
v -1.5 7.2 -0.9
v -0.2 7.2 -0.9
v 0 7.2 -0.9
v -1.2 7.3 0.8
v -1 7.3 0.8
v -0.5 7.3 0.8
v -0.2 7.3 0.8
v -1.2 7.3 0.7
v -1 7.3 0.7
v -0.5 7.3 0.7
v -0.2 7.3 0.7
v -1.9 7.3 0.6
v -1.8 7.3 0.6
v 0.0999999 7.3 0.6
v 0.2 7.3 0.6
v -1.9 7.3 0.4
v -1.8 7.3 0.4
v 0.0999999 7.3 0.4
v 0.2 7.3 0.4
v -1.9 7.3 -0.3
v -1.8 7.3 -0.3
v -1.9 7.3 -0.4
v -1.8 7.3 -0.4
v 0.0999999 7.3 -0.6
v 0.2 7.3 -0.6
v 0.0999999 7.3 -0.7
v 0.2 7.3 -0.7
v -1.5 7.3 -0.8
v -1.3 7.3 -0.8
v -0.4 7.3 -0.8
v -0.2 7.3 -0.8
v -1.5 7.3 -0.9
v -1.3 7.3 -0.9
v -0.4 7.3 -0.9
v -0.2 7.3 -0.9
v -1.4 7.4 0.8
v -1.2 7.4 0.8
v -0.2 7.4 0.8
v -0.0999999 7.4 0.8
v -1.4 7.4 0.7
v -1.2 7.4 0.7
v -0.2 7.4 0.7
v -0.0999999 7.4 0.7
v -1.9 7.4 0.4
v -1.8 7.4 0.4
v 0.0999999 7.4 0.4
v 0.2 7.4 0.4
v -1.9 7.4 0.3
v -1.8 7.4 0.3
v 0.0999999 7.4 0.3
v 0.2 7.4 0.3
v -1.9 7.4 -0.1
v -1.8 7.4 -0.1
v -1.9 7.4 -0.3
v -1.8 7.4 -0.3
v 0.0999999 7.4 -0.4
v 0.2 7.4 -0.4
v 0.0999999 7.4 -0.6
v 0.2 7.4 -0.6
v -1.3 7.4 -0.8
v -1.1 7.4 -0.8
v -0.5 7.4 -0.8
v -0.4 7.4 -0.8
v -1.3 7.4 -0.9
v -1.1 7.4 -0.9
v -0.5 7.4 -0.9
v -0.4 7.4 -0.9
v -1.6 7.5 0.8
v -1.4 7.5 0.8
v -0.0999999 7.5 0.8
v 0 7.5 0.8
v -1.6 7.5 0.7
v -1.4 7.5 0.7
v -0.0999999 7.5 0.7
v 0 7.5 0.7
v -1.9 7.5 0.3
v -1.8 7.5 0.3
v 0.0999999 7.5 0.3
v 0.2 7.5 0.3
v -1.9 7.5 0.2
v -1.8 7.5 0.2
v 0.0999999 7.5 0.2
v 0.2 7.5 0.2
v -1.9 7.5 0
v -1.8 7.5 0
v -1.9 7.5 -0.1
v -1.8 7.5 -0.1
v 0.0999999 7.5 -0.2
v 0.2 7.5 -0.2
v 0.0999999 7.5 -0.4
v 0.2 7.5 -0.4
v -1.1 7.5 -0.8
v -0.9 7.5 -0.8
v -0.7 7.5 -0.8
v -0.5 7.5 -0.8
v -1.1 7.5 -0.9
v -0.9 7.5 -0.9
v -0.7 7.5 -0.9
v -0.5 7.5 -0.9
v -0.3 7.6 0.8
v -0.0999999 7.6 0.8
v -0.3 7.6 0.7
v -0.0999999 7.6 0.7
v 0.0999999 7.6 0.2
v 0.2 7.6 0.2
v -1.9 7.6 0.0999999
v -1.8 7.6 0.0999999
v 0.0999999 7.6 0.0999999
v 0.2 7.6 0.0999999
v -1.9 7.6 0
v -1.8 7.6 0
v 0.0999999 7.6 -0.1
v 0.2 7.6 -0.1
v 0.0999999 7.6 -0.2
v 0.2 7.6 -0.2
v -0.9 7.6 -0.8
v -0.7 7.6 -0.8
v -0.9 7.6 -0.9
v -0.7 7.6 -0.9
v -1.7 7.7 0.8
v -1.5 7.7 0.8
v -0.5 7.7 0.8
v -0.3 7.7 0.8
v -1.7 7.7 0.7
v -1.5 7.7 0.7
v -0.5 7.7 0.7
v -0.3 7.7 0.7
v -1.9 7.7 0.3
v -1.8 7.7 0.3
v -1.9 7.7 0.0999999
v -1.8 7.7 0.0999999
v 0.0999999 7.7 0.0999999
v 0.2 7.7 0.0999999
v -1.9 7.7 0
v -1.8 7.7 0
v -1.9 7.7 -0.1
v -1.8 7.7 -0.1
v 0.0999999 7.7 -0.1
v 0.2 7.7 -0.1
v -1.1 7.7 -0.8
v -0.9 7.7 -0.8
v -0.7 7.7 -0.8
v -0.5 7.7 -0.8
v -1.1 7.7 -0.9
v -0.9 7.7 -0.9
v -0.7 7.7 -0.9
v -0.5 7.7 -0.9
v -1.5 7.8 0.8
v -1.3 7.8 0.8
v -0.7 7.8 0.8
v -0.5 7.8 0.8
v -1.5 7.8 0.7
v -1.3 7.8 0.7
v -0.7 7.8 0.7
v -0.5 7.8 0.7
v -1.9 7.8 0.4
v -1.8 7.8 0.4
v -1.9 7.8 0.3
v -1.8 7.8 0.3
v 0.0999999 7.8 0.2
v 0.2 7.8 0.2
v 0.0999999 7.8 0.0999999
v 0.2 7.8 0.0999999
v -1.9 7.8 -0.1
v -1.8 7.8 -0.1
v 0.0999999 7.8 -0.1
v 0.2 7.8 -0.1
v -1.9 7.8 -0.2
v -1.8 7.8 -0.2
v 0.0999999 7.8 -0.2
v 0.2 7.8 -0.2
v -1.2 7.8 -0.8
v -1.1 7.8 -0.8
v -0.5 7.8 -0.8
v -0.3 7.8 -0.8
v -1.2 7.8 -0.9
v -1.1 7.8 -0.9
v -0.5 7.8 -0.9
v -0.3 7.8 -0.9
v -1.3 7.9 0.8
v -1 7.9 0.8
v -1.3 7.9 0.7
v -1 7.9 0.7
v -1.9 7.9 0.6
v -1.8 7.9 0.6
v -1.9 7.9 0.4
v -1.8 7.9 0.4
v 0.0999999 7.9 0.4
v 0.2 7.9 0.4
v 0.0999999 7.9 0.2
v 0.2 7.9 0.2
v -1.9 7.9 -0.2
v -1.8 7.9 -0.2
v 0.0999999 7.9 -0.2
v 0.2 7.9 -0.2
v -1.9 7.9 -0.3
v -1.8 7.9 -0.3
v 0.0999999 7.9 -0.3
v 0.2 7.9 -0.3
v -1.4 7.9 -0.8
v -1.2 7.9 -0.8
v -0.3 7.9 -0.8
v -0.0999999 7.9 -0.8
v -1.4 7.9 -0.9
v -1.2 7.9 -0.9
v -0.3 7.9 -0.9
v -0.0999999 7.9 -0.9
v -1 8 0.8
v -0.7 8 0.8
v -1 8 0.7
v -0.7 8 0.7
v 0.0999999 8 0.6
v 0.2 8 0.6
v 0.0999999 8 0.4
v 0.2 8 0.4
v -1.9 8 -0.3
v -1.8 8 -0.3
v 0.0999999 8 -0.3
v 0.2 8 -0.3
v -1.9 8 -0.5
v -1.8 8 -0.5
v 0.0999999 8 -0.5
v 0.2 8 -0.5
v -1.5 8 -0.8
v -1.4 8 -0.8
v -1.5 8 -0.9
v -1.4 8 -0.9
v -1.2 8.1 0.8
v -1 8.1 0.8
v -0.7 8.1 0.8
v -0.5 8.1 0.8
v -1.9 8.1 0.7
v -1.8 8.1 0.7
v -1.2 8.1 0.7
v -1 8.1 0.7
v -0.7 8.1 0.7
v -0.5 8.1 0.7
v -1.9 8.1 0.5
v -1.8 8.1 0.5
v -1.9 8.1 -0.5
v -1.8 8.1 -0.5
v -1.9 8.1 -0.6
v -1.8 8.1 -0.6
v -1.7 8.1 -0.8
v -1.5 8.1 -0.8
v -0.2 8.1 -0.8
v 0 8.1 -0.8
v -1.7 8.1 -0.9
v -1.5 8.1 -0.9
v -0.2 8.1 -0.9
v 0 8.1 -0.9
v -1.4 8.2 0.8
v -1.2 8.2 0.8
v -0.5 8.2 0.8
v -0.2 8.2 0.8
v -1.4 8.2 0.7
v -1.2 8.2 0.7
v -0.5 8.2 0.7
v -0.2 8.2 0.7
v 0.0999999 8.2 0.7
v 0.2 8.2 0.7
v 0.0999999 8.2 0.6
v 0.2 8.2 0.6
v -1.9 8.2 0.5
v -1.8 8.2 0.5
v -1.9 8.2 0.4
v -1.8 8.2 0.4
v 0.0999999 8.2 -0.5
v 0.2 8.2 -0.5
v -1.9 8.2 -0.6
v -1.8 8.2 -0.6
v -1.9 8.2 -0.7
v -1.8 8.2 -0.7
v 0.0999999 8.2 -0.7
v 0.2 8.2 -0.7
v -1.5 8.2 -0.8
v -1.3 8.2 -0.8
v -0.4 8.2 -0.8
v -0.2 8.2 -0.8
v -1.5 8.2 -0.9
v -1.3 8.2 -0.9
v -0.4 8.2 -0.9
v -0.2 8.2 -0.9
v -1.5 8.3 0.8
v -1.4 8.3 0.8
v -1.5 8.3 0.7
v -1.4 8.3 0.7
v 0.0999999 8.3 0.6
v 0.2 8.3 0.6
v -1.9 8.3 0.4
v -1.8 8.3 0.4
v 0.0999999 8.3 0.4
v 0.2 8.3 0.4
v -1.9 8.3 0.3
v -1.8 8.3 0.3
v -1.9 8.3 -0.4
v -1.8 8.3 -0.4
v 0.0999999 8.3 -0.4
v 0.2 8.3 -0.4
v 0.0999999 8.3 -0.5
v 0.2 8.3 -0.5
v -1.9 8.3 -0.6
v -1.8 8.3 -0.6
v -1.3 8.3 -0.8
v -1 8.3 -0.8
v -0.6 8.3 -0.8
v -0.4 8.3 -0.8
v -1.3 8.3 -0.9
v -1 8.3 -0.9
v -0.6 8.3 -0.9
v -0.4 8.3 -0.9
v -1.7 8.4 0.8
v -1.5 8.4 0.8
v -0.2 8.4 0.8
v 0 8.4 0.8
v -1.7 8.4 0.7
v -1.5 8.4 0.7
v -0.2 8.4 0.7
v 0 8.4 0.7
v 0.0999999 8.4 0.4
v 0.2 8.4 0.4
v -1.9 8.4 0.3
v -1.8 8.4 0.3
v 0.0999999 8.4 0.3
v 0.2 8.4 0.3
v -1.9 8.4 0.0999999
v -1.8 8.4 0.0999999
v 0.0999999 8.4 -0.2
v 0.2 8.4 -0.2
v -1.9 8.4 -0.3
v -1.8 8.4 -0.3
v -1.9 8.4 -0.4
v -1.8 8.4 -0.4
v 0.0999999 8.4 -0.4
v 0.2 8.4 -0.4
v -1.5 8.5 0.8
v -1.3 8.5 0.8
v -0.4 8.5 0.8
v -0.2 8.5 0.8
v -1.5 8.5 0.7
v -1.3 8.5 0.7
v -0.4 8.5 0.7
v -0.2 8.5 0.7
v 0.0999999 8.5 0.3
v 0.2 8.5 0.3
v -1.9 8.5 0.0999999
v -1.8 8.5 0.0999999
v 0.0999999 8.5 0.0999999
v 0.2 8.5 0.0999999
v -1.9 8.5 0
v -1.8 8.5 0
v 0.0999999 8.5 0
v 0.2 8.5 0
v -1.9 8.5 -0.2
v -1.8 8.5 -0.2
v 0.0999999 8.5 -0.2
v 0.2 8.5 -0.2
v -1.9 8.5 -0.3
v -1.8 8.5 -0.3
v -1 8.5 -0.8
v -0.6 8.5 -0.8
v -1 8.5 -0.9
v -0.6 8.5 -0.9
v -1.3 8.6 0.8
v -1.1 8.6 0.8
v -0.6 8.6 0.8
v -0.4 8.6 0.8
v -1.3 8.6 0.7
v -1.1 8.6 0.7
v -0.6 8.6 0.7
v -0.4 8.6 0.7
v 0.0999999 8.6 0.0999999
v 0.2 8.6 0.0999999
v -1.9 8.6 0
v -1.8 8.6 0
v 0.0999999 8.6 0
v 0.2 8.6 0
v -1.9 8.6 -0.2
v -1.8 8.6 -0.2
v -1.2 8.6 -0.8
v -1 8.6 -0.8
v -0.6 8.6 -0.8
v -0.3 8.6 -0.8
v -1.2 8.6 -0.9
v -1 8.6 -0.9
v -0.6 8.6 -0.9
v -0.3 8.6 -0.9
v -1.1 8.7 0.8
v -1 8.7 0.8
v -1.1 8.7 0.7
v -1 8.7 0.7
v 0.0999999 8.7 0.3
v 0.2 8.7 0.3
v -1.9 8.7 0.0999999
v -1.8 8.7 0.0999999
v 0.0999999 8.7 0.0999999
v 0.2 8.7 0.0999999
v -1.9 8.7 0
v -1.8 8.7 0
v 0.0999999 8.7 0
v 0.2 8.7 0
v 0.0999999 8.7 -0.1
v 0.2 8.7 -0.1
v -1.9 8.7 -0.2
v -1.8 8.7 -0.2
v -1.9 8.7 -0.3
v -1.8 8.7 -0.3
v -1.4 8.7 -0.8
v -1.2 8.7 -0.8
v -0.3 8.7 -0.8
v -0.0999999 8.7 -0.8
v -1.4 8.7 -0.9
v -1.2 8.7 -0.9
v -0.3 8.7 -0.9
v -0.0999999 8.7 -0.9
v -1 8.8 0.8
v -0.6 8.8 0.8
v -1 8.8 0.7
v -0.6 8.8 0.7
v 0.0999999 8.8 0.4
v 0.2 8.8 0.4
v -1.9 8.8 0.3
v -1.8 8.8 0.3
v 0.0999999 8.8 0.3
v 0.2 8.8 0.3
v -1.9 8.8 0.0999999
v -1.8 8.8 0.0999999
v 0.0999999 8.8 -0.1
v 0.2 8.8 -0.1
v -1.9 8.8 -0.3
v -1.8 8.8 -0.3
v 0.0999999 8.8 -0.3
v 0.2 8.8 -0.3
v -1.9 8.8 -0.4
v -1.8 8.8 -0.4
v -1.6 8.8 -0.8
v -1.4 8.8 -0.8
v -1.6 8.8 -0.9
v -1.4 8.8 -0.9
v -1.2 8.9 0.8
v -1 8.9 0.8
v -0.6 8.9 0.8
v -0.4 8.9 0.8
v -1.2 8.9 0.7
v -1 8.9 0.7
v -0.6 8.9 0.7
v -0.4 8.9 0.7
v 0.0999999 8.9 0.6
v 0.2 8.9 0.6
v -1.9 8.9 0.4
v -1.8 8.9 0.4
v 0.0999999 8.9 0.4
v 0.2 8.9 0.4
v -1.9 8.9 0.3
v -1.8 8.9 0.3
v 0.0999999 8.9 -0.3
v 0.2 8.9 -0.3
v -1.9 8.9 -0.4
v -1.8 8.9 -0.4
v 0.0999999 8.9 -0.4
v 0.2 8.9 -0.4
v -1.9 8.9 -0.6
v -1.8 8.9 -0.6
v -0.2 8.9 -0.8
v 0 8.9 -0.8
v -0.2 8.9 -0.9
v 0 8.9 -0.9
v -0.3 9 0.8
v -0.2 9 0.8
v -0.3 9 0.7
v -0.2 9 0.7
v 0.0999999 9 0.7
v 0.2 9 0.7
v -1.9 9 0.6
v -1.8 9 0.6
v 0.0999999 9 0.6
v 0.2 9 0.6
v -1.9 9 0.5
v -1.8 9 0.5
v 0.0999999 9 -0.5
v 0.2 9 -0.5
v 0.0999999 9 -0.6
v 0.2 9 -0.6
v -1.4 9.6 2.4
v -0.5 9.6 2.4
v -1.8 9.6 2.3
v -1.4 9.6 2.3
v -0.5 9.6 2.3
v -0.0999999 9.6 2.3
v -2.1 9.6 2.2
v -1.8 9.6 2.2
v -1.4 9.6 2.2
v -0.5 9.6 2.2
v -0.0999999 9.6 2.2
v 0.2 9.6 2.2
v -2.3 9.6 2.1
v -2.1 9.6 2.1
v -2 9.6 2.1
v -1.8 9.6 2.1
v -0.0999999 9.6 2.1
v 0.0999999 9.6 2.1
v 0.2 9.6 2.1
v 0.4 9.6 2.1
v -2.4 9.6 2
v -2.3 9.6 2
v -2.2 9.6 2
v -2 9.6 2
v 0.0999999 9.6 2
v 0.3 9.6 2
v 0.4 9.6 2
v 0.5 9.6 2
v -2.6 9.6 1.9
v -2.4 9.6 1.9
v -2.2 9.6 1.9
v 0.3 9.6 1.9
v 0.5 9.6 1.9
v 0.7 9.6 1.9
v -2.7 9.6 1.8
v -2.6 9.6 1.8
v -2.5 9.6 1.8
v -2.4 9.6 1.8
v 0.5 9.6 1.8
v 0.6 9.6 1.8
v 0.7 9.6 1.8
v 0.8 9.6 1.8
v -2.8 9.6 1.7
v -2.7 9.6 1.7
v -2.5 9.6 1.7
v 0.6 9.6 1.7
v 0.8 9.6 1.7
v 0.9 9.6 1.7
v -2.9 9.6 1.6
v -2.8 9.6 1.6
v -2.7 9.6 1.6
v 0.8 9.6 1.6
v 0.9 9.6 1.6
v 1 9.6 1.6
v -3 9.6 1.5
v -2.9 9.6 1.5
v -2.8 9.6 1.5
v 0.9 9.6 1.5
v 1 9.6 1.5
v 1.1 9.6 1.5
v -3.1 9.6 1.4
v -3 9.6 1.4
v 1.1 9.6 1.4
v 1.2 9.6 1.4
v -3 9.6 1.3
v -2.9 9.6 1.3
v 1 9.6 1.3
v 1.1 9.6 1.3
v -3.2 9.6 1.2
v -3.1 9.6 1.2
v -3 9.6 1.2
v 1.1 9.6 1.2
v 1.2 9.6 1.2
v 1.3 9.6 1.2
v -3.3 9.6 1.1
v -3.2 9.6 1.1
v 1.3 9.6 1.1
v 1.4 9.6 1.1
v -3.2 9.6 1
v -3.1 9.6 1
v 1.2 9.6 1
v 1.3 9.6 1
v -3.4 9.6 0.9
v -3.3 9.6 0.9
v -3.2 9.6 0.9
v 1.3 9.6 0.9
v 1.4 9.6 0.9
v 1.5 9.6 0.9
v -3.5 9.6 0.7
v -3.4 9.6 0.7
v 1.5 9.6 0.7
v 1.6 9.6 0.7
v -3.4 9.6 0.6
v -3.3 9.6 0.6
v 1.4 9.6 0.6
v 1.5 9.6 0.6
v -3.6 9.6 0.3
v -3.5 9.6 0.3
v 1.6 9.6 0.3
v 1.7 9.6 0.3
v -3.5 9.6 0.2
v -3.4 9.6 0.2
v 1.5 9.6 0.2
v 1.6 9.6 0.2
v -3.5 9.6 -0.5
v -3.4 9.6 -0.5
v 1.5 9.6 -0.5
v 1.6 9.6 -0.5
v -3.6 9.6 -0.6
v -3.5 9.6 -0.6
v 1.6 9.6 -0.6
v 1.7 9.6 -0.6
v -3.4 9.6 -0.9
v -3.3 9.6 -0.9
v 1.4 9.6 -0.9
v 1.5 9.6 -0.9
v -3.5 9.6 -1
v -3.4 9.6 -1
v 1.5 9.6 -1
v 1.6 9.6 -1
v -3.4 9.6 -1.2
v -3.3 9.6 -1.2
v -3.2 9.6 -1.2
v 1.3 9.6 -1.2
v 1.4 9.6 -1.2
v 1.5 9.6 -1.2
v -3.2 9.6 -1.3
v -3.1 9.6 -1.3
v 1.2 9.6 -1.3
v 1.3 9.6 -1.3
v -3.3 9.6 -1.4
v -3.2 9.6 -1.4
v 1.3 9.6 -1.4
v 1.4 9.6 -1.4
v -3.2 9.6 -1.5
v -3.1 9.6 -1.5
v -3 9.6 -1.5
v 1.1 9.6 -1.5
v 1.2 9.6 -1.5
v 1.3 9.6 -1.5
v -3 9.6 -1.6
v -2.9 9.6 -1.6
v 1 9.6 -1.6
v 1.1 9.6 -1.6
v -3.1 9.6 -1.7
v -3 9.6 -1.7
v 1.1 9.6 -1.7
v 1.2 9.6 -1.7
v -3 9.6 -1.8
v -2.9 9.6 -1.8
v -2.8 9.6 -1.8
v 0.9 9.6 -1.8
v 1 9.6 -1.8
v 1.1 9.6 -1.8
v -2.9 9.6 -1.9
v -2.8 9.6 -1.9
v -2.7 9.6 -1.9
v 0.8 9.6 -1.9
v 0.9 9.6 -1.9
v 1 9.6 -1.9
v -2.8 9.6 -2
v -2.7 9.6 -2
v -2.5 9.6 -2
v 0.6 9.6 -2
v 0.8 9.6 -2
v 0.9 9.6 -2
v -2.7 9.6 -2.1
v -2.6 9.6 -2.1
v -2.5 9.6 -2.1
v -2.4 9.6 -2.1
v 0.5 9.6 -2.1
v 0.6 9.6 -2.1
v 0.7 9.6 -2.1
v 0.8 9.6 -2.1
v -2.6 9.6 -2.2
v -2.4 9.6 -2.2
v -2.2 9.6 -2.2
v 0.3 9.6 -2.2
v 0.5 9.6 -2.2
v 0.7 9.6 -2.2
v -2.4 9.6 -2.3
v -2.3 9.6 -2.3
v -2.2 9.6 -2.3
v -2 9.6 -2.3
v 0.0999999 9.6 -2.3
v 0.3 9.6 -2.3
v 0.4 9.6 -2.3
v 0.5 9.6 -2.3
v -2.3 9.6 -2.4
v -2.1 9.6 -2.4
v -2 9.6 -2.4
v -1.8 9.6 -2.4
v -0.0999999 9.6 -2.4
v 0.0999999 9.6 -2.4
v 0.2 9.6 -2.4
v 0.4 9.6 -2.4
v -2.1 9.6 -2.5
v -1.8 9.6 -2.5
v -1.4 9.6 -2.5
v -0.5 9.6 -2.5
v -0.0999999 9.6 -2.5
v 0.2 9.6 -2.5
v -1.8 9.6 -2.6
v -1.4 9.6 -2.6
v -0.5 9.6 -2.6
v -0.0999999 9.6 -2.6
v -1.4 9.6 -2.7
v -0.5 9.6 -2.7
v -1.4 9.7 2.3
v -0.5 9.7 2.3
v -1.8 9.7 2.2
v -1.4 9.7 2.2
v -0.5 9.7 2.2
v -0.0999999 9.7 2.2
v -2 9.7 2.1
v -1.8 9.7 2.1
v -1.1 9.7 2.1
v -0.8 9.7 2.1
v -0.0999999 9.7 2.1
v 0.0999999 9.7 2.1
v -2.2 9.7 2
v -2 9.7 2
v -1.7 9.7 2
v -1.1 9.7 2
v -0.8 9.7 2
v -0.2 9.7 2
v 0.0999999 9.7 2
v 0.3 9.7 2
v -2.4 9.7 1.9
v -2.2 9.7 1.9
v -1.9 9.7 1.9
v -1.7 9.7 1.9
v -0.2 9.7 1.9
v 0 9.7 1.9
v 0.3 9.7 1.9
v 0.5 9.7 1.9
v -2.5 9.7 1.8
v -2.4 9.7 1.8
v -2.1 9.7 1.8
v -1.9 9.7 1.8
v 0 9.7 1.8
v 0.2 9.7 1.8
v 0.5 9.7 1.8
v 0.6 9.7 1.8
v -2.7 9.7 1.7
v -2.5 9.7 1.7
v -2.3 9.7 1.7
v -2.1 9.7 1.7
v 0.2 9.7 1.7
v 0.4 9.7 1.7
v 0.6 9.7 1.7
v 0.8 9.7 1.7
v -2.8 9.7 1.6
v -2.7 9.7 1.6
v -2.4 9.7 1.6
v -2.3 9.7 1.6
v 0.4 9.7 1.6
v 0.5 9.7 1.6
v 0.8 9.7 1.6
v 0.9 9.7 1.6
v -2.9 9.7 1.5
v -2.8 9.7 1.5
v -2.5 9.7 1.5
v -2.4 9.7 1.5
v 0.5 9.7 1.5
v 0.6 9.7 1.5
v 0.9 9.7 1.5
v 1 9.7 1.5
v -2.6 9.7 1.4
v -2.5 9.7 1.4
v 0.6 9.7 1.4
v 0.7 9.7 1.4
v -3 9.7 1.3
v -2.9 9.7 1.3
v -2.7 9.7 1.3
v -2.6 9.7 1.3
v 0.7 9.7 1.3
v 0.8 9.7 1.3
v 1 9.7 1.3
v 1.1 9.7 1.3
v -3.1 9.7 1.2
v -3 9.7 1.2
v -2.8 9.7 1.2
v -2.7 9.7 1.2
v 0.8 9.7 1.2
v 0.9 9.7 1.2
v 1.1 9.7 1.2
v 1.2 9.7 1.2
v -2.9 9.7 1.1
v -2.8 9.7 1.1
v 0.9 9.7 1.1
v 1 9.7 1.1
v -3.2 9.7 1
v -3.1 9.7 1
v 1.2 9.7 1
v 1.3 9.7 1
v -3.3 9.7 0.9
v -3.2 9.7 0.9
v -3 9.7 0.9
v -2.9 9.7 0.9
v 1 9.7 0.9
v 1.1 9.7 0.9
v 1.3 9.7 0.9
v 1.4 9.7 0.9
v -3.1 9.7 0.7
v -3 9.7 0.7
v 1.1 9.7 0.7
v 1.2 9.7 0.7
v -3.4 9.7 0.6
v -3.3 9.7 0.6
v 1.4 9.7 0.6
v 1.5 9.7 0.6
v -3.2 9.7 0.5
v -3.1 9.7 0.5
v 1.2 9.7 0.5
v 1.3 9.7 0.5
v -3.5 9.7 0.2
v -3.4 9.7 0.2
v 1.5 9.7 0.2
v 1.6 9.7 0.2
v -3.5 9.7 -0.5
v -3.4 9.7 -0.5
v 1.5 9.7 -0.5
v 1.6 9.7 -0.5
v -3.2 9.7 -0.8
v -3.1 9.7 -0.8
v 1.2 9.7 -0.8
v 1.3 9.7 -0.8
v -3.4 9.7 -0.9
v -3.3 9.7 -0.9
v 1.4 9.7 -0.9
v 1.5 9.7 -0.9
v -3.1 9.7 -1
v -3 9.7 -1
v 1.1 9.7 -1
v 1.2 9.7 -1
v -3.3 9.7 -1.2
v -3.2 9.7 -1.2
v -3 9.7 -1.2
v -2.9 9.7 -1.2
v 1 9.7 -1.2
v 1.1 9.7 -1.2
v 1.3 9.7 -1.2
v 1.4 9.7 -1.2
v -3.2 9.7 -1.3
v -3.1 9.7 -1.3
v 1.2 9.7 -1.3
v 1.3 9.7 -1.3
v -2.9 9.7 -1.4
v -2.8 9.7 -1.4
v 0.9 9.7 -1.4
v 1 9.7 -1.4
v -3.1 9.7 -1.5
v -3 9.7 -1.5
v -2.8 9.7 -1.5
v -2.7 9.7 -1.5
v 0.8 9.7 -1.5
v 0.9 9.7 -1.5
v 1.1 9.7 -1.5
v 1.2 9.7 -1.5
v -3 9.7 -1.6
v -2.9 9.7 -1.6
v -2.7 9.7 -1.6
v -2.6 9.7 -1.6
v 0.7 9.7 -1.6
v 0.8 9.7 -1.6
v 1 9.7 -1.6
v 1.1 9.7 -1.6
v -2.6 9.7 -1.7
v -2.5 9.7 -1.7
v 0.6 9.7 -1.7
v 0.7 9.7 -1.7
v -2.9 9.7 -1.8
v -2.8 9.7 -1.8
v -2.5 9.7 -1.8
v -2.4 9.7 -1.8
v 0.5 9.7 -1.8
v 0.6 9.7 -1.8
v 0.9 9.7 -1.8
v 1 9.7 -1.8
v -2.8 9.7 -1.9
v -2.7 9.7 -1.9
v -2.4 9.7 -1.9
v -2.3 9.7 -1.9
v 0.4 9.7 -1.9
v 0.5 9.7 -1.9
v 0.8 9.7 -1.9
v 0.9 9.7 -1.9
v -2.7 9.7 -2
v -2.5 9.7 -2
v -2.3 9.7 -2
v -2.1 9.7 -2
v 0.2 9.7 -2
v 0.4 9.7 -2
v 0.6 9.7 -2
v 0.8 9.7 -2
v -2.5 9.7 -2.1
v -2.4 9.7 -2.1
v -2.1 9.7 -2.1
v -1.9 9.7 -2.1
v 0 9.7 -2.1
v 0.2 9.7 -2.1
v 0.5 9.7 -2.1
v 0.6 9.7 -2.1
v -2.4 9.7 -2.2
v -2.2 9.7 -2.2
v -1.9 9.7 -2.2
v -1.7 9.7 -2.2
v -0.2 9.7 -2.2
v 0 9.7 -2.2
v 0.3 9.7 -2.2
v 0.5 9.7 -2.2
v -2.2 9.7 -2.3
v -2 9.7 -2.3
v -1.7 9.7 -2.3
v -1.1 9.7 -2.3
v -0.8 9.7 -2.3
v -0.2 9.7 -2.3
v 0.0999999 9.7 -2.3
v 0.3 9.7 -2.3
v -2 9.7 -2.4
v -1.8 9.7 -2.4
v -1.1 9.7 -2.4
v -0.8 9.7 -2.4
v -0.0999999 9.7 -2.4
v 0.0999999 9.7 -2.4
v -1.8 9.7 -2.5
v -1.4 9.7 -2.5
v -0.5 9.7 -2.5
v -0.0999999 9.7 -2.5
v -1.4 9.7 -2.6
v -0.5 9.7 -2.6
v -1.1 9.8 2.1
v -0.8 9.8 2.1
v -1.7 9.8 2
v -1.1 9.8 2
v -0.8 9.8 2
v -0.2 9.8 2
v -1.9 9.8 1.9
v -1.7 9.8 1.9
v -0.2 9.8 1.9
v 0 9.8 1.9
v -2.1 9.8 1.8
v -1.9 9.8 1.8
v 0 9.8 1.8
v 0.2 9.8 1.8
v -2.3 9.8 1.7
v -2.1 9.8 1.7
v -1.2 9.8 1.7
v -0.7 9.8 1.7
v 0.2 9.8 1.7
v 0.4 9.8 1.7
v -2.4 9.8 1.6
v -2.3 9.8 1.6
v -1.6 9.8 1.6
v -1.2 9.8 1.6
v -0.7 9.8 1.6
v -0.3 9.8 1.6
v 0.4 9.8 1.6
v 0.5 9.8 1.6
v -2.5 9.8 1.5
v -2.4 9.8 1.5
v -1.9 9.8 1.5
v -1.6 9.8 1.5
v -0.3 9.8 1.5
v 0 9.8 1.5
v 0.5 9.8 1.5
v 0.6 9.8 1.5
v -2.6 9.8 1.4
v -2.5 9.8 1.4
v -2 9.8 1.4
v -1.9 9.8 1.4
v 0 9.8 1.4
v 0.0999999 9.8 1.4
v 0.6 9.8 1.4
v 0.7 9.8 1.4
v -2.7 9.8 1.3
v -2.6 9.8 1.3
v -2.2 9.8 1.3
v -2 9.8 1.3
v 0.0999999 9.8 1.3
v 0.3 9.8 1.3
v 0.7 9.8 1.3
v 0.8 9.8 1.3
v -2.8 9.8 1.2
v -2.7 9.8 1.2
v -2.3 9.8 1.2
v -2.2 9.8 1.2
v 0.3 9.8 1.2
v 0.4 9.8 1.2
v 0.8 9.8 1.2
v 0.9 9.8 1.2
v -2.9 9.8 1.1
v -2.8 9.8 1.1
v -2.4 9.8 1.1
v -2.3 9.8 1.1
v 0.4 9.8 1.1
v 0.5 9.8 1.1
v 0.9 9.8 1.1
v 1 9.8 1.1
v -2.5 9.8 1
v -2.4 9.8 1
v 0.5 9.8 1
v 0.6 9.8 1
v -3 9.8 0.9
v -2.9 9.8 0.9
v 1 9.8 0.9
v 1.1 9.8 0.9
v -2.6 9.8 0.8
v -2.5 9.8 0.8
v 0.6 9.8 0.8
v 0.7 9.8 0.8
v -3.1 9.8 0.7
v -3 9.8 0.7
v -2.7 9.8 0.7
v -2.6 9.8 0.7
v 0.7 9.8 0.7
v 0.8 9.8 0.7
v 1.1 9.8 0.7
v 1.2 9.8 0.7
v -3.2 9.8 0.5
v -3.1 9.8 0.5
v 1.2 9.8 0.5
v 1.3 9.8 0.5
v -2.8 9.8 0.4
v -2.7 9.8 0.4
v 0.8 9.8 0.4
v 0.9 9.8 0.4
v -2.8 9.8 -0.7
v -2.7 9.8 -0.7
v 0.8 9.8 -0.7
v 0.9 9.8 -0.7
v -3.2 9.8 -0.8
v -3.1 9.8 -0.8
v 1.2 9.8 -0.8
v 1.3 9.8 -0.8
v -3.1 9.8 -1
v -3 9.8 -1
v -2.7 9.8 -1
v -2.6 9.8 -1
v 0.7 9.8 -1
v 0.8 9.8 -1
v 1.1 9.8 -1
v 1.2 9.8 -1
v -2.6 9.8 -1.1
v -2.5 9.8 -1.1
v 0.6 9.8 -1.1
v 0.7 9.8 -1.1
v -3 9.8 -1.2
v -2.9 9.8 -1.2
v 1 9.8 -1.2
v 1.1 9.8 -1.2
v -2.5 9.8 -1.3
v -2.4 9.8 -1.3
v 0.5 9.8 -1.3
v 0.6 9.8 -1.3
v -2.9 9.8 -1.4
v -2.8 9.8 -1.4
v -2.4 9.8 -1.4
v -2.3 9.8 -1.4
v 0.4 9.8 -1.4
v 0.5 9.8 -1.4
v 0.9 9.8 -1.4
v 1 9.8 -1.4
v -2.8 9.8 -1.5
v -2.7 9.8 -1.5
v -2.3 9.8 -1.5
v -2.2 9.8 -1.5
v 0.3 9.8 -1.5
v 0.4 9.8 -1.5
v 0.8 9.8 -1.5
v 0.9 9.8 -1.5
v -2.7 9.8 -1.6
v -2.6 9.8 -1.6
v -2.2 9.8 -1.6
v -2 9.8 -1.6
v 0.0999999 9.8 -1.6
v 0.3 9.8 -1.6
v 0.7 9.8 -1.6
v 0.8 9.8 -1.6
v -2.6 9.8 -1.7
v -2.5 9.8 -1.7
v -2 9.8 -1.7
v -1.9 9.8 -1.7
v 0 9.8 -1.7
v 0.0999999 9.8 -1.7
v 0.6 9.8 -1.7
v 0.7 9.8 -1.7
v -2.5 9.8 -1.8
v -2.4 9.8 -1.8
v -1.9 9.8 -1.8
v -1.6 9.8 -1.8
v -0.3 9.8 -1.8
v 0 9.8 -1.8
v 0.5 9.8 -1.8
v 0.6 9.8 -1.8
v -2.4 9.8 -1.9
v -2.3 9.8 -1.9
v -1.6 9.8 -1.9
v -1.2 9.8 -1.9
v -0.7 9.8 -1.9
v -0.3 9.8 -1.9
v 0.4 9.8 -1.9
v 0.5 9.8 -1.9
v -2.3 9.8 -2
v -2.1 9.8 -2
v -1.2 9.8 -2
v -0.7 9.8 -2
v 0.2 9.8 -2
v 0.4 9.8 -2
v -2.1 9.8 -2.1
v -1.9 9.8 -2.1
v 0 9.8 -2.1
v 0.2 9.8 -2.1
v -1.9 9.8 -2.2
v -1.7 9.8 -2.2
v -0.2 9.8 -2.2
v 0 9.8 -2.2
v -1.7 9.8 -2.3
v -1.1 9.8 -2.3
v -0.8 9.8 -2.3
v -0.2 9.8 -2.3
v -1.1 9.8 -2.4
v -0.8 9.8 -2.4
v -1.2 9.9 1.7
v -0.7 9.9 1.7
v -1.6 9.9 1.6
v -1.2 9.9 1.6
v -0.7 9.9 1.6
v -0.3 9.9 1.6
v -1.9 9.9 1.5
v -1.6 9.9 1.5
v -0.3 9.9 1.5
v 0 9.9 1.5
v -2 9.9 1.4
v -1.9 9.9 1.4
v 0 9.9 1.4
v 0.0999999 9.9 1.4
v -2.2 9.9 1.3
v -2 9.9 1.3
v 0.0999999 9.9 1.3
v 0.3 9.9 1.3
v -2.3 9.9 1.2
v -2.2 9.9 1.2
v 0.3 9.9 1.2
v 0.4 9.9 1.2
v -2.4 9.9 1.1
v -2.3 9.9 1.1
v 0.4 9.9 1.1
v 0.5 9.9 1.1
v -2.5 9.9 1
v -2.4 9.9 1
v -1.1 9.9 1
v -0.8 9.9 1
v 0.5 9.9 1
v 0.6 9.9 1
v -1.5 9.9 0.9
v -1.1 9.9 0.9
v -0.8 9.9 0.9
v -0.4 9.9 0.9
v -2.6 9.9 0.8
v -2.5 9.9 0.8
v -1.9 9.9 0.8
v -1.5 9.9 0.8
v -0.4 9.9 0.8
v -0.3 9.9 0.8
v -0.2 9.9 0.8
v 0.2 9.9 0.8
v 0.6 9.9 0.8
v 0.7 9.9 0.8
v -2.7 9.9 0.7
v -2.6 9.9 0.7
v -1.9 9.9 0.7
v -1.8 9.9 0.7
v -0.3 9.9 0.7
v -0.2 9.9 0.7
v 0.7 9.9 0.7
v 0.8 9.9 0.7
v 0.0999999 9.9 0.6
v 0.2 9.9 0.6
v -1.9 9.9 0.5
v -1.8 9.9 0.5
v -2.8 9.9 0.4
v -2.7 9.9 0.4
v -2 9.9 0.4
v -1.9 9.9 0.4
v 0.8 9.9 0.4
v 0.9 9.9 0.4
v -2.1 9.9 0.2
v -2 9.9 0.2
v 0.0999999 9.9 0.2
v 0.2 9.9 0.2
v -2.1 9.9 -0.5
v -2 9.9 -0.5
v -2.8 9.9 -0.7
v -2.7 9.9 -0.7
v -2 9.9 -0.7
v -1.9 9.9 -0.7
v 0.8 9.9 -0.7
v 0.9 9.9 -0.7
v -1.9 9.9 -0.8
v -1.8 9.9 -0.8
v 0.0999999 9.9 -0.8
v 0.2 9.9 -0.8
v -0.0999999 9.9 -0.9
v 0.0999999 9.9 -0.9
v -2.7 9.9 -1
v -2.6 9.9 -1
v -1.8 9.9 -1
v -1.6 9.9 -1
v -0.3 9.9 -1
v -0.0999999 9.9 -1
v 0.7 9.9 -1
v 0.8 9.9 -1
v -2.6 9.9 -1.1
v -2.5 9.9 -1.1
v -1.6 9.9 -1.1
v -1.5 9.9 -1.1
v -0.4 9.9 -1.1
v -0.3 9.9 -1.1
v 0.6 9.9 -1.1
v 0.7 9.9 -1.1
v -1.5 9.9 -1.2
v -1.1 9.9 -1.2
v -0.8 9.9 -1.2
v -0.4 9.9 -1.2
v -2.5 9.9 -1.3
v -2.4 9.9 -1.3
v -1.1 9.9 -1.3
v -0.8 9.9 -1.3
v 0.5 9.9 -1.3
v 0.6 9.9 -1.3
v -2.4 9.9 -1.4
v -2.3 9.9 -1.4
v 0.4 9.9 -1.4
v 0.5 9.9 -1.4
v -2.3 9.9 -1.5
v -2.2 9.9 -1.5
v 0.3 9.9 -1.5
v 0.4 9.9 -1.5
v -2.2 9.9 -1.6
v -2 9.9 -1.6
v 0.0999999 9.9 -1.6
v 0.3 9.9 -1.6
v -2 9.9 -1.7
v -1.9 9.9 -1.7
v 0 9.9 -1.7
v 0.0999999 9.9 -1.7
v -1.9 9.9 -1.8
v -1.6 9.9 -1.8
v -0.3 9.9 -1.8
v 0 9.9 -1.8
v -1.6 9.9 -1.9
v -1.2 9.9 -1.9
v -0.7 9.9 -1.9
v -0.3 9.9 -1.9
v -1.2 9.9 -2
v -0.7 9.9 -2
v -1.1 10 1
v -0.8 10 1
v -1.5 10 0.9
v -1.1 10 0.9
v -0.8 10 0.9
v -0.4 10 0.9
v -1.9 10 0.8
v -1.5 10 0.8
v -0.4 10 0.8
v -0.3 10 0.8
v -0.2 10 0.8
v 0.2 10 0.8
v -1.9 10 0.7
v -1.8 10 0.7
v -0.3 10 0.7
v -0.2 10 0.7
v 0.0999999 10 0.6
v 0.2 10 0.6
v -1.9 10 0.5
v -1.8 10 0.5
v -2 10 0.4
v -1.9 10 0.4
v -2.1 10 0.2
v -2 10 0.2
v 0.0999999 10 0.2
v 0.2 10 0.2
v -2.1 10 -0.5
v -2 10 -0.5
v -2 10 -0.7
v -1.9 10 -0.7
v -1.9 10 -0.8
v -1.8 10 -0.8
v 0.0999999 10 -0.8
v 0.2 10 -0.8
v -0.0999999 10 -0.9
v 0.0999999 10 -0.9
v -1.8 10 -1
v -1.6 10 -1
v -0.3 10 -1
v -0.0999999 10 -1
v -1.6 10 -1.1
v -1.5 10 -1.1
v -0.4 10 -1.1
v -0.3 10 -1.1
v -1.5 10 -1.2
v -1.1 10 -1.2
v -0.8 10 -1.2
v -0.4 10 -1.2
v -1.1 10 -1.3
v -0.8 10 -1.3

# faces
f 3/2/1 2/2/1 1/2/1
f 4/2/1 2/2/1 3/2/1
f 9/2/1 6/2/1 5/2/1
f 10/2/1 6/2/1 9/2/1
f 13/2/1 8/2/1 7/2/1
f 14/2/1 8/2/1 13/2/1
f 17/2/1 12/2/1 11/2/1
f 18/2/1 12/2/1 17/2/1
f 19/2/1 16/2/1 15/2/1
f 20/2/1 16/2/1 19/2/1
f 27/2/1 22/2/1 21/2/1
f 28/2/1 22/2/1 27/2/1
f 29/2/1 24/2/1 23/2/1
f 30/2/1 24/2/1 29/2/1
f 33/2/1 26/2/1 25/2/1
f 34/2/1 26/2/1 33/2/1
f 39/2/1 32/2/1 31/2/1
f 40/2/1 32/2/1 39/2/1
f 41/2/1 36/2/1 35/2/1
f 42/2/1 36/2/1 41/2/1
f 43/2/1 38/2/1 37/2/1
f 44/2/1 38/2/1 43/2/1
f 50/2/1 46/2/1 45/2/1
f 51/2/1 46/2/1 50/2/1
f 52/2/1 48/2/1 47/2/1
f 53/2/1 48/2/1 52/2/1
f 55/2/1 50/2/1 49/2/1
f 56/2/1 50/2/1 55/2/1
f 59/2/1 54/2/1 53/2/1
f 60/2/1 54/2/1 59/2/1
f 61/2/1 57/2/1 56/2/1
f 62/2/1 57/2/1 61/2/1
f 63/2/1 59/2/1 58/2/1
f 64/2/1 59/2/1 63/2/1
f 69/2/1 66/2/1 65/2/1
f 70/2/1 66/2/1 69/2/1
f 75/2/1 68/2/1 67/2/1
f 76/2/1 68/2/1 75/2/1
f 77/2/1 72/2/1 71/2/1
f 78/2/1 72/2/1 77/2/1
f 81/2/1 74/2/1 73/2/1
f 82/2/1 74/2/1 81/2/1
f 87/2/1 80/2/1 79/2/1
f 88/2/1 80/2/1 87/2/1
f 89/2/1 84/2/1 83/2/1
f 90/2/1 84/2/1 89/2/1
f 93/2/1 86/2/1 85/2/1
f 94/2/1 86/2/1 93/2/1
f 95/2/1 92/2/1 91/2/1
f 96/2/1 92/2/1 95/2/1
f 103/2/1 98/2/1 97/2/1
f 104/2/1 98/2/1 103/2/1
f 105/2/1 100/2/1 99/2/1
f 106/2/1 100/2/1 105/2/1
f 110/2/1 102/2/1 101/2/1
f 111/2/1 102/2/1 110/2/1
f 112/2/1 108/2/1 107/2/1
f 113/2/1 108/2/1 112/2/1
f 115/2/1 110/2/1 109/2/1
f 116/2/1 110/2/1 115/2/1
f 119/2/1 114/2/1 113/2/1
f 120/2/1 114/2/1 119/2/1
f 121/2/1 117/2/1 116/2/1
f 122/2/1 117/2/1 121/2/1
f 127/2/1 119/2/1 118/2/1
f 128/2/1 119/2/1 127/2/1
f 129/2/1 124/2/1 123/2/1
f 130/2/1 124/2/1 129/2/1
f 131/2/1 126/2/1 125/2/1
f 132/2/1 126/2/1 131/2/1
f 135/6/1 134/6/1 133/6/1
f 136/6/1 134/6/1 135/6/1
f 143/2/1 138/2/1 137/2/1
f 144/2/1 138/2/1 143/2/1
f 145/2/1 140/2/1 139/2/1
f 146/2/1 140/2/1 145/2/1
f 151/2/1 142/2/1 141/2/1
f 152/2/1 142/2/1 151/2/1
f 153/2/1 148/2/1 147/2/1
f 154/2/1 148/2/1 153/2/1
f 157/2/1 150/2/1 149/2/1
f 158/2/1 150/2/1 157/2/1
f 163/2/1 156/2/1 155/2/1
f 164/2/1 156/2/1 163/2/1
f 165/2/1 160/2/1 159/2/1
f 166/2/1 160/2/1 165/2/1
f 171/2/1 162/2/1 161/2/1
f 172/2/1 162/2/1 171/2/1
f 173/2/1 168/2/1 167/2/1
f 174/2/1 168/2/1 173/2/1
f 175/2/1 170/2/1 169/2/1
f 176/2/1 170/2/1 175/2/1
f 183/2/1 178/2/1 177/2/1
f 184/2/1 178/2/1 183/2/1
f 185/2/1 180/2/1 179/2/1
f 186/2/1 180/2/1 185/2/1
f 190/2/1 182/2/1 181/2/1
f 191/2/1 182/2/1 190/2/1
f 192/2/1 188/2/1 187/2/1
f 193/2/1 188/2/1 192/2/1
f 195/2/1 190/2/1 189/2/1
f 196/2/1 190/2/1 195/2/1
f 199/2/1 194/2/1 193/2/1
f 200/2/1 194/2/1 199/2/1
f 201/2/1 197/2/1 196/2/1
f 202/2/1 197/2/1 201/2/1
f 207/2/1 199/2/1 198/2/1
f 208/2/1 199/2/1 207/2/1
f 209/2/1 204/2/1 203/2/1
f 210/2/1 204/2/1 209/2/1
f 211/2/1 206/2/1 205/2/1
f 212/2/1 206/2/1 211/2/1
f 217/2/1 214/2/1 213/2/1
f 218/2/1 214/2/1 217/2/1
f 223/2/1 216/2/1 215/2/1
f 224/2/1 216/2/1 223/2/1
f 225/2/1 220/2/1 219/2/1
f 226/2/1 220/2/1 225/2/1
f 230/2/1 222/2/1 221/2/1
f 231/2/1 222/2/1 230/2/1
f 232/2/1 228/2/1 227/2/1
f 233/2/1 228/2/1 232/2/1
f 235/2/1 230/2/1 229/2/1
f 236/2/1 230/2/1 235/2/1
f 239/2/1 234/2/1 233/2/1
f 240/2/1 234/2/1 239/2/1
f 241/2/1 237/2/1 236/2/1
f 242/2/1 237/2/1 241/2/1
f 247/2/1 239/2/1 238/2/1
f 248/2/1 239/2/1 247/2/1
f 249/2/1 244/2/1 243/2/1
f 250/2/1 244/2/1 249/2/1
f 253/2/1 246/2/1 245/2/1
f 254/2/1 246/2/1 253/2/1
f 255/2/1 252/2/1 251/2/1
f 256/2/1 252/2/1 255/2/1
f 261/6/1 258/6/1 257/6/1
f 262/6/1 260/6/1 259/6/1
f 263/6/1 261/6/1 257/6/1
f 264/6/1 261/6/1 263/6/1
f 265/6/1 260/6/1 262/6/1
f 266/6/1 260/6/1 265/6/1
f 273/2/1 268/2/1 267/2/1
f 274/2/1 268/2/1 273/2/1
f 275/2/1 270/2/1 269/2/1
f 276/2/1 270/2/1 275/2/1
f 281/2/1 272/2/1 271/2/1
f 282/2/1 272/2/1 281/2/1
f 283/2/1 278/2/1 277/2/1
f 284/2/1 278/2/1 283/2/1
f 288/2/1 280/2/1 279/2/1
f 289/2/1 280/2/1 288/2/1
f 290/2/1 286/2/1 285/2/1
f 291/2/1 286/2/1 290/2/1
f 293/2/1 288/2/1 287/2/1
f 294/2/1 288/2/1 293/2/1
f 297/2/1 292/2/1 291/2/1
f 298/2/1 292/2/1 297/2/1
f 299/2/1 295/2/1 294/2/1
f 300/2/1 295/2/1 299/2/1
f 305/2/1 297/2/1 296/2/1
f 306/2/1 297/2/1 305/2/1
f 307/2/1 302/2/1 301/2/1
f 308/2/1 302/2/1 307/2/1
f 313/2/1 304/2/1 303/2/1
f 314/2/1 304/2/1 313/2/1
f 315/2/1 310/2/1 309/2/1
f 316/2/1 310/2/1 315/2/1
f 317/2/1 312/2/1 311/2/1
f 318/2/1 312/2/1 317/2/1
f 321/6/1 320/6/1 319/6/1
f 322/6/1 320/6/1 321/6/1
f 329/2/1 324/2/1 323/2/1
f 330/2/1 324/2/1 329/2/1
f 331/2/1 326/2/1 325/2/1
f 332/2/1 326/2/1 331/2/1
f 335/2/1 328/2/1 327/2/1
f 336/2/1 328/2/1 335/2/1
f 337/2/1 334/2/1 333/2/1
f 338/2/1 334/2/1 337/2/1
f 343/2/1 340/2/1 339/2/1
f 344/2/1 340/2/1 343/2/1
f 345/2/1 342/2/1 341/2/1
f 346/2/1 342/2/1 345/2/1
f 351/2/1 348/2/1 347/2/1
f 352/2/1 348/2/1 351/2/1
f 357/2/1 350/2/1 349/2/1
f 358/2/1 350/2/1 357/2/1
f 359/2/1 354/2/1 353/2/1
f 360/2/1 354/2/1 359/2/1
f 361/2/1 356/2/1 355/2/1
f 362/2/1 356/2/1 361/2/1
f 369/2/1 364/2/1 363/2/1
f 370/2/1 364/2/1 369/2/1
f 371/2/1 366/2/1 365/2/1
f 372/2/1 366/2/1 371/2/1
f 377/2/1 368/2/1 367/2/1
f 378/2/1 368/2/1 377/2/1
f 379/2/1 374/2/1 373/2/1
f 380/2/1 374/2/1 379/2/1
f 383/2/1 376/2/1 375/2/1
f 384/2/1 376/2/1 383/2/1
f 385/2/1 382/2/1 381/2/1
f 386/2/1 382/2/1 385/2/1
f 391/2/1 388/2/1 387/2/1
f 392/2/1 388/2/1 391/2/1
f 397/2/1 390/2/1 389/2/1
f 398/2/1 390/2/1 397/2/1
f 399/2/1 394/2/1 393/2/1
f 400/2/1 394/2/1 399/2/1
f 405/2/1 396/2/1 395/2/1
f 406/2/1 396/2/1 405/2/1
f 407/2/1 402/2/1 401/2/1
f 408/2/1 402/2/1 407/2/1
f 409/2/1 404/2/1 403/2/1
f 410/2/1 404/2/1 409/2/1
f 417/2/1 412/2/1 411/2/1
f 418/2/1 412/2/1 417/2/1
f 419/2/1 414/2/1 413/2/1
f 420/2/1 414/2/1 419/2/1
f 425/2/1 416/2/1 415/2/1
f 426/2/1 416/2/1 425/2/1
f 427/2/1 422/2/1 421/2/1
f 428/2/1 422/2/1 427/2/1
f 432/2/1 424/2/1 423/2/1
f 433/2/1 424/2/1 432/2/1
f 434/2/1 430/2/1 429/2/1
f 435/2/1 430/2/1 434/2/1
f 437/2/1 432/2/1 431/2/1
f 438/2/1 432/2/1 437/2/1
f 441/2/1 436/2/1 435/2/1
f 442/2/1 436/2/1 441/2/1
f 443/2/1 439/2/1 438/2/1
f 444/2/1 439/2/1 443/2/1
f 449/2/1 441/2/1 440/2/1
f 450/2/1 441/2/1 449/2/1
f 451/2/1 446/2/1 445/2/1
f 452/2/1 446/2/1 451/2/1
f 457/2/1 448/2/1 447/2/1
f 458/2/1 448/2/1 457/2/1
f 459/2/1 454/2/1 453/2/1
f 460/2/1 454/2/1 459/2/1
f 461/2/1 456/2/1 455/2/1
f 462/2/1 456/2/1 461/2/1
f 467/6/1 466/6/1 465/6/1
f 468/6/1 466/6/1 467/6/1
f 469/6/1 464/6/1 463/6/1
f 470/6/1 464/6/1 469/6/1
f 477/2/1 472/2/1 471/2/1
f 478/2/1 472/2/1 477/2/1
f 479/2/1 474/2/1 473/2/1
f 480/2/1 474/2/1 479/2/1
f 483/2/1 476/2/1 475/2/1
f 484/2/1 476/2/1 483/2/1
f 485/2/1 482/2/1 481/2/1
f 486/2/1 482/2/1 485/2/1
f 491/2/1 488/2/1 487/2/1
f 492/2/1 488/2/1 491/2/1
f 493/2/1 490/2/1 489/2/1
f 494/2/1 490/2/1 493/2/1
f 499/2/1 496/2/1 495/2/1
f 500/2/1 496/2/1 499/2/1
f 505/2/1 498/2/1 497/2/1
f 506/2/1 498/2/1 505/2/1
f 507/2/1 502/2/1 501/2/1
f 508/2/1 502/2/1 507/2/1
f 509/2/1 504/2/1 503/2/1
f 510/2/1 504/2/1 509/2/1
f 515/2/1 512/2/1 511/2/1
f 516/2/1 512/2/1 515/2/1
f 517/2/1 514/2/1 513/2/1
f 518/2/1 514/2/1 517/2/1
f 523/2/1 520/2/1 519/2/1
f 524/2/1 520/2/1 523/2/1
f 525/2/1 522/2/1 521/2/1
f 526/2/1 522/2/1 525/2/1
f 531/2/1 528/2/1 527/2/1
f 532/2/1 528/2/1 531/2/1
f 533/2/1 530/2/1 529/2/1
f 534/2/1 530/2/1 533/2/1
f 539/2/1 536/2/1 535/2/1
f 540/2/1 536/2/1 539/2/1
f 541/2/1 538/2/1 537/2/1
f 542/2/1 538/2/1 541/2/1
f 545/2/1 544/2/1 543/2/1
f 546/2/1 544/2/1 545/2/1
f 551/2/1 548/2/1 547/2/1
f 552/2/1 548/2/1 551/2/1
f 553/2/1 550/2/1 549/2/1
f 554/2/1 550/2/1 553/2/1
f 559/2/1 556/2/1 555/2/1
f 560/2/1 556/2/1 559/2/1
f 561/2/1 558/2/1 557/2/1
f 562/2/1 558/2/1 561/2/1
f 567/2/1 564/2/1 563/2/1
f 568/2/1 564/2/1 567/2/1
f 569/2/1 566/2/1 565/2/1
f 570/2/1 566/2/1 569/2/1
f 573/2/1 572/2/1 571/2/1
f 574/2/1 572/2/1 573/2/1
f 581/2/1 576/2/1 575/2/1
f 582/2/1 576/2/1 581/2/1
f 583/2/1 578/2/1 577/2/1
f 584/2/1 578/2/1 583/2/1
f 587/2/1 580/2/1 579/2/1
f 588/2/1 580/2/1 587/2/1
f 589/2/1 586/2/1 585/2/1
f 590/2/1 586/2/1 589/2/1
f 595/2/1 592/2/1 591/2/1
f 596/2/1 592/2/1 595/2/1
f 597/2/1 594/2/1 593/2/1
f 598/2/1 594/2/1 597/2/1
f 603/2/1 600/2/1 599/2/1
f 604/2/1 600/2/1 603/2/1
f 605/2/1 602/2/1 601/2/1
f 606/2/1 602/2/1 605/2/1
f 611/2/1 608/2/1 607/2/1
f 612/2/1 608/2/1 611/2/1
f 617/2/1 610/2/1 609/2/1
f 618/2/1 610/2/1 617/2/1
f 619/2/1 614/2/1 613/2/1
f 620/2/1 614/2/1 619/2/1
f 621/2/1 616/2/1 615/2/1
f 622/2/1 616/2/1 621/2/1
f 627/4/1 624/4/1 623/4/1
f 628/4/1 624/4/1 627/4/1
f 632/4/1 629/4/1 628/4/1
f 633/4/1 629/4/1 632/4/1
f 636/4/1 631/4/1 630/4/1
f 637/4/1 631/4/1 636/4/1
f 638/4/1 634/4/1 633/4/1
f 639/4/1 634/4/1 638/4/1
f 642/4/1 636/4/1 635/4/1
f 643/4/1 636/4/1 642/4/1
f 644/4/1 640/4/1 639/4/1
f 645/4/1 640/4/1 644/4/1
f 648/4/1 642/4/1 641/4/1
f 649/4/1 642/4/1 648/4/1
f 650/4/1 646/4/1 645/4/1
f 651/4/1 646/4/1 650/4/1
f 654/4/1 648/4/1 647/4/1
f 655/4/1 648/4/1 654/4/1
f 656/4/1 652/4/1 651/4/1
f 657/4/1 654/4/1 653/4/1
f 658/4/1 654/4/1 657/4/1
f 660/4/1 656/4/1 651/4/1
f 660/4/1 657/4/1 656/4/1
f 661/4/1 657/4/1 660/4/1
f 664/4/1 660/4/1 659/4/1
f 665/4/1 660/4/1 664/4/1
f 666/4/1 662/4/1 661/4/1
f 667/4/1 662/4/1 666/4/1
f 670/4/1 664/4/1 663/4/1
f 671/4/1 664/4/1 670/4/1
f 672/4/1 668/4/1 667/4/1
f 673/4/1 668/4/1 672/4/1
f 675/4/1 627/4/1 623/4/1
f 676/4/1 670/4/1 669/4/1
f 677/4/1 670/4/1 676/4/1
f 678/4/1 674/4/1 673/4/1
f 679/4/1 674/4/1 678/4/1
f 681/4/1 675/4/1 623/4/1
f 681/4/1 676/4/1 675/4/1
f 682/4/1 676/4/1 681/4/1
f 684/4/1 680/4/1 679/4/1
f 685/4/1 680/4/1 684/4/1
f 687/4/1 683/4/1 682/4/1
f 688/4/1 683/4/1 687/4/1
f 690/4/1 686/4/1 685/4/1
f 691/4/1 686/4/1 690/4/1
f 693/4/1 689/4/1 688/4/1
f 694/4/1 689/4/1 693/4/1
f 696/4/1 692/4/1 691/4/1
f 697/4/1 692/4/1 696/4/1
f 698/4/1 626/4/1 625/4/1
f 700/4/1 698/4/1 697/4/1
f 701/4/1 626/4/1 698/4/1
f 701/4/1 698/4/1 700/4/1
f 702/4/1 695/4/1 694/4/1
f 703/4/1 695/4/1 702/4/1
f 706/4/1 700/4/1 699/4/1
f 707/4/1 700/4/1 706/4/1
f 708/4/1 704/4/1 703/4/1
f 709/4/1 704/4/1 708/4/1
f 712/4/1 706/4/1 705/4/1
f 713/4/1 706/4/1 712/4/1
f 714/4/1 710/4/1 709/4/1
f 715/4/1 710/4/1 714/4/1
f 716/4/1 712/4/1 711/4/1
f 717/4/1 712/4/1 716/4/1
f 719/4/1 716/4/1 715/4/1
f 720/4/1 716/4/1 719/4/1
f 723/4/1 719/4/1 718/4/1
f 724/4/1 719/4/1 723/4/1
f 725/4/1 721/4/1 720/4/1
f 726/4/1 721/4/1 725/4/1
f 728/4/1 681/4/1 623/4/1
f 729/4/1 723/4/1 722/4/1
f 730/4/1 723/4/1 729/4/1
f 731/4/1 727/4/1 726/4/1
f 732/4/1 727/4/1 731/4/1
f 734/4/1 728/4/1 623/4/1
f 734/4/1 729/4/1 728/4/1
f 735/4/1 729/4/1 734/4/1
f 736/4/1 733/4/1 732/4/1
f 737/4/1 733/4/1 736/4/1
f 739/4/1 734/4/1 623/4/1
f 741/4/1 739/4/1 623/4/1
f 741/4/1 740/4/1 739/4/1
f 742/4/1 740/4/1 741/4/1
f 744/4/1 738/4/1 737/4/1
f 745/4/1 738/4/1 744/4/1
f 747/4/1 743/4/1 742/4/1
f 748/4/1 743/4/1 747/4/1
f 750/4/1 746/4/1 745/4/1
f 751/4/1 746/4/1 750/4/1
f 753/4/1 752/4/1 751/4/1
f 754/4/1 626/4/1 701/4/1
f 755/4/1 749/4/1 748/4/1
f 756/4/1 749/4/1 755/4/1
f 759/4/1 753/4/1 751/4/1
f 759/4/1 754/4/1 753/4/1
f 760/4/1 626/4/1 754/4/1
f 760/4/1 754/4/1 759/4/1
f 761/4/1 757/4/1 756/4/1
f 762/4/1 757/4/1 761/4/1
f 765/4/1 759/4/1 758/4/1
f 766/4/1 759/4/1 765/4/1
f 767/4/1 763/4/1 762/4/1
f 768/4/1 763/4/1 767/4/1
f 771/4/1 765/4/1 764/4/1
f 772/4/1 765/4/1 771/4/1
f 773/4/1 769/4/1 768/4/1
f 774/4/1 769/4/1 773/4/1
f 775/4/1 771/4/1 770/4/1
f 776/4/1 771/4/1 775/4/1
f 778/4/1 775/4/1 774/4/1
f 779/4/1 775/4/1 778/4/1
f 782/4/1 778/4/1 777/4/1
f 783/4/1 778/4/1 782/4/1
f 784/4/1 780/4/1 779/4/1
f 785/4/1 780/4/1 784/4/1
f 788/4/1 782/4/1 781/4/1
f 789/4/1 782/4/1 788/4/1
f 791/4/1 788/4/1 787/4/1
f 792/4/1 788/4/1 791/4/1
f 793/4/1 786/4/1 785/4/1
f 794/4/1 786/4/1 793/4/1
f 796/4/1 741/4/1 623/4/1
f 797/4/1 791/4/1 790/4/1
f 798/4/1 791/4/1 797/4/1
f 799/4/1 795/4/1 794/4/1
f 800/4/1 795/4/1 799/4/1
f 802/4/1 796/4/1 623/4/1
f 802/4/1 797/4/1 796/4/1
f 803/4/1 797/4/1 802/4/1
f 805/4/1 801/4/1 800/4/1
f 806/4/1 801/4/1 805/4/1
f 807/4/1 626/4/1 760/4/1
f 808/4/1 804/4/1 803/4/1
f 809/4/1 804/4/1 808/4/1
f 812/4/1 807/4/1 806/4/1
f 813/4/1 626/4/1 807/4/1
f 813/4/1 807/4/1 812/4/1
f 814/4/1 810/4/1 809/4/1
f 815/4/1 810/4/1 814/4/1
f 818/4/1 812/4/1 811/4/1
f 819/4/1 812/4/1 818/4/1
f 820/4/1 816/4/1 815/4/1
f 821/4/1 816/4/1 820/4/1
f 824/4/1 818/4/1 817/4/1
f 825/4/1 818/4/1 824/4/1
f 826/4/1 822/4/1 821/4/1
f 827/4/1 822/4/1 826/4/1
f 830/4/1 824/4/1 823/4/1
f 831/4/1 824/4/1 830/4/1
f 832/4/1 828/4/1 827/4/1
f 833/4/1 830/4/1 829/4/1
f 834/4/1 830/4/1 833/4/1
f 836/4/1 832/4/1 827/4/1
f 836/4/1 833/4/1 832/4/1
f 837/4/1 833/4/1 836/4/1
f 839/4/1 836/4/1 835/4/1
f 840/4/1 836/4/1 839/4/1
f 841/4/1 833/4/1 837/4/1
f 842/4/1 833/4/1 841/4/1
f 845/4/1 839/4/1 838/4/1
f 846/4/1 839/4/1 845/4/1
f 847/4/1 843/4/1 842/4/1
f 848/4/1 843/4/1 847/4/1
f 850/4/1 802/4/1 623/4/1
f 851/4/1 845/4/1 844/4/1
f 852/4/1 845/4/1 851/4/1
f 853/4/1 849/4/1 848/4/1
f 854/4/1 849/4/1 853/4/1
f 856/4/1 626/4/1 813/4/1
f 858/4/1 851/4/1 850/4/1
f 858/4/1 850/4/1 623/4/1
f 859/4/1 851/4/1 858/4/1
f 860/4/1 855/4/1 854/4/1
f 861/4/1 855/4/1 860/4/1
f 863/6/1 857/6/1 856/6/1
f 863/4/1 856/4/1 813/4/1
f 864/6/1 857/6/1 863/6/1
f 865/4/1 858/4/1 623/4/1
f 867/4/1 862/4/1 861/4/1
f 868/4/1 862/4/1 867/4/1
f 870/4/1 866/4/1 865/4/1
f 870/4/1 865/4/1 623/4/1
f 871/4/1 866/4/1 870/4/1
f 873/4/1 869/4/1 868/4/1
f 874/4/1 869/4/1 873/4/1
f 876/4/1 872/4/1 871/4/1
f 877/4/1 872/4/1 876/4/1
f 879/4/1 875/4/1 874/4/1
f 880/4/1 875/4/1 879/4/1
f 881/4/1 863/4/1 813/4/1
f 882/4/1 878/4/1 877/4/1
f 883/4/1 878/4/1 882/4/1
f 886/4/1 881/4/1 880/4/1
f 887/4/1 863/4/1 881/4/1
f 887/4/1 881/4/1 886/4/1
f 888/4/1 884/4/1 883/4/1
f 889/4/1 884/4/1 888/4/1
f 892/4/1 886/4/1 885/4/1
f 893/4/1 886/4/1 892/4/1
f 894/4/1 890/4/1 889/4/1
f 895/4/1 890/4/1 894/4/1
f 898/4/1 892/4/1 891/4/1
f 899/4/1 892/4/1 898/4/1
f 900/4/1 896/4/1 895/4/1
f 901/4/1 896/4/1 900/4/1
f 904/4/1 898/4/1 897/4/1
f 905/4/1 898/4/1 904/4/1
f 906/4/1 902/4/1 901/4/1
f 907/4/1 904/4/1 903/4/1
f 908/4/1 904/4/1 907/4/1
f 910/4/1 906/4/1 901/4/1
f 910/4/1 907/4/1 906/4/1
f 911/4/1 907/4/1 910/4/1
f 914/4/1 910/4/1 909/4/1
f 915/4/1 910/4/1 914/4/1
f 916/4/1 912/4/1 911/4/1
f 917/4/1 912/4/1 916/4/1
f 920/4/1 914/4/1 913/4/1
f 921/4/1 914/4/1 920/4/1
f 922/4/1 918/4/1 917/4/1
f 923/4/1 918/4/1 922/4/1
f 926/4/1 920/4/1 919/4/1
f 927/4/1 920/4/1 926/4/1
f 928/4/1 924/4/1 923/4/1
f 929/4/1 924/4/1 928/4/1
f 931/4/1 870/4/1 623/4/1
f 932/4/1 926/4/1 925/4/1
f 933/4/1 926/4/1 932/4/1
f 934/4/1 930/4/1 929/4/1
f 935/4/1 930/4/1 934/4/1
f 937/4/1 931/4/1 623/4/1
f 937/4/1 932/4/1 931/4/1
f 938/4/1 932/4/1 937/4/1
f 940/4/1 936/4/1 935/4/1
f 941/4/1 936/4/1 940/4/1
f 942/4/1 863/4/1 887/4/1
f 943/4/1 939/4/1 938/4/1
f 944/4/1 939/4/1 943/4/1
f 947/4/1 942/4/1 941/4/1
f 948/4/1 863/4/1 942/4/1
f 948/4/1 942/4/1 947/4/1
f 949/4/1 945/4/1 944/4/1
f 950/4/1 945/4/1 949/4/1
f 953/4/1 947/4/1 946/4/1
f 954/4/1 947/4/1 953/4/1
f 955/4/1 951/4/1 950/4/1
f 956/4/1 951/4/1 955/4/1
f 959/4/1 953/4/1 952/4/1
f 960/4/1 953/4/1 959/4/1
f 961/4/1 957/4/1 956/4/1
f 962/4/1 957/4/1 961/4/1
f 963/4/1 959/4/1 958/4/1
f 964/4/1 959/4/1 963/4/1
f 965/4/1 963/4/1 962/4/1
f 966/4/1 963/4/1 965/4/1
f 967/4/1 963/4/1 966/4/1
f 968/4/1 963/4/1 967/4/1
f 970/4/1 967/4/1 966/4/1
f 971/4/1 967/4/1 970/4/1
f 974/4/1 970/4/1 969/4/1
f 975/4/1 970/4/1 974/4/1
f 976/4/1 972/4/1 971/4/1
f 977/4/1 972/4/1 976/4/1
f 980/4/1 974/4/1 973/4/1
f 981/4/1 974/4/1 980/4/1
f 982/4/1 978/4/1 977/4/1
f 983/4/1 978/4/1 982/4/1
f 985/4/1 937/4/1 623/4/1
f 986/4/1 980/4/1 979/4/1
f 987/4/1 980/4/1 986/4/1
f 988/4/1 984/4/1 983/4/1
f 989/4/1 984/4/1 988/4/1
f 991/4/1 985/4/1 623/4/1
f 991/4/1 986/4/1 985/4/1
f 992/4/1 986/4/1 991/4/1
f 993/4/1 990/4/1 989/4/1
f 994/4/1 990/4/1 993/4/1
f 995/4/1 863/4/1 948/4/1
f 996/4/1 991/4/1 623/4/1
f 999/4/1 995/4/1 994/4/1
f 1000/4/1 995/4/1 999/4/1
f 1001/4/1 863/4/1 995/4/1
f 1001/4/1 995/4/1 1000/4/1
f 1002/4/1 997/4/1 996/4/1
f 1002/4/1 996/4/1 623/4/1
f 1003/4/1 997/4/1 1002/4/1
f 1006/4/1 1000/4/1 999/4/1
f 1006/4/1 999/4/1 998/4/1
f 1007/4/1 1000/4/1 1006/4/1
f 1008/4/1 1004/4/1 1003/4/1
f 1009/4/1 1004/4/1 1008/4/1
f 1012/4/1 1006/4/1 1005/4/1
f 1013/4/1 1006/4/1 1012/4/1
f 1014/4/1 1010/4/1 1009/4/1
f 1015/4/1 1010/4/1 1014/4/1
f 1018/4/1 1012/4/1 1011/4/1
f 1019/4/1 1012/4/1 1018/4/1
f 1020/4/1 1016/4/1 1015/4/1
f 1021/4/1 1016/4/1 1020/4/1
f 1022/4/1 1018/4/1 1017/4/1
f 1023/4/1 1018/4/1 1022/4/1
f 1025/4/1 1022/4/1 1021/4/1
f 1026/4/1 1022/4/1 1025/4/1
f 1027/4/1 1022/4/1 1026/4/1
f 1030/4/1 1025/4/1 1024/4/1
f 1030/4/1 1026/4/1 1025/4/1
f 1031/4/1 1026/4/1 1030/4/1
f 1032/4/1 1028/4/1 1027/4/1
f 1033/4/1 1028/4/1 1032/4/1
f 1036/4/1 1030/4/1 1029/4/1
f 1037/4/1 1030/4/1 1036/4/1
f 1038/4/1 1034/4/1 1033/4/1
f 1039/4/1 1034/4/1 1038/4/1
f 1041/4/1 1002/4/1 623/4/1
f 1042/4/1 1036/4/1 1035/4/1
f 1043/4/1 1036/4/1 1042/4/1
f 1044/4/1 1040/4/1 1039/4/1
f 1045/4/1 1040/4/1 1044/4/1
f 1047/4/1 1042/4/1 1041/4/1
f 1049/4/1 1046/4/1 1045/4/1
f 1050/4/1 1046/4/1 1049/4/1
f 1052/4/1 1048/4/1 1047/4/1
f 1052/4/1 1041/4/1 623/4/1
f 1052/4/1 1047/4/1 1041/4/1
f 1053/4/1 1048/4/1 1052/4/1
f 1055/4/1 1051/4/1 1050/4/1
f 1056/4/1 1051/4/1 1055/4/1
f 1057/4/1 863/4/1 1001/4/1
f 1058/4/1 1054/4/1 1053/4/1
f 1059/4/1 1054/4/1 1058/4/1
f 1062/4/1 1057/4/1 1056/4/1
f 1063/4/1 863/4/1 1057/4/1
f 1063/4/1 1057/4/1 1062/4/1
f 1064/4/1 1060/4/1 1059/4/1
f 1065/4/1 1060/4/1 1064/4/1
f 1068/4/1 1062/4/1 1061/4/1
f 1069/4/1 1062/4/1 1068/4/1
f 1070/4/1 1066/4/1 1065/4/1
f 1071/4/1 1066/4/1 1070/4/1
f 1074/4/1 1068/4/1 1067/4/1
f 1075/4/1 1068/4/1 1074/4/1
f 1076/4/1 1072/4/1 1071/4/1
f 1077/4/1 1072/4/1 1076/4/1
f 1078/4/1 1074/4/1 1073/4/1
f 1079/4/1 1074/4/1 1078/4/1
f 1080/4/1 1074/4/1 1079/4/1
f 1082/4/1 1078/4/1 1077/4/1
f 1082/4/1 1079/4/1 1078/4/1
f 1083/4/1 1079/4/1 1082/4/1
f 1086/4/1 1082/4/1 1081/4/1
f 1087/4/1 1082/4/1 1086/4/1
f 1088/4/1 1084/4/1 1083/4/1
f 1089/4/1 1084/4/1 1088/4/1
f 1092/4/1 1086/4/1 1085/4/1
f 1093/4/1 1086/4/1 1092/4/1
f 1094/4/1 1090/4/1 1089/4/1
f 1095/4/1 1090/4/1 1094/4/1
f 1098/4/1 1092/4/1 1091/4/1
f 1099/4/1 1092/4/1 1098/4/1
f 1100/4/1 1096/4/1 1095/4/1
f 1101/4/1 1096/4/1 1100/4/1
f 1102/4/1 863/4/1 1063/4/1
f 1103/4/1 1052/4/1 623/4/1
f 1104/4/1 1098/4/1 1097/4/1
f 1105/4/1 1098/4/1 1104/4/1
f 1106/4/1 1098/4/1 1105/4/1
f 1107/4/1 1102/4/1 1101/4/1
f 1108/4/1 863/4/1 1102/4/1
f 1108/4/1 1102/4/1 1107/4/1
f 1111/4/1 1103/4/1 623/4/1
f 1111/4/1 1104/4/1 1103/4/1
f 1112/4/1 1104/4/1 1111/4/1
f 1113/2/1 1106/2/1 1105/2/1
f 1114/2/1 1106/2/1 1113/2/1
f 1115/4/1 863/4/1 1108/4/1
f 1116/4/1 863/4/1 1115/4/1
f 1121/2/1 1110/2/1 1109/2/1
f 1122/2/1 1110/2/1 1121/2/1
f 1123/2/1 1118/2/1 1117/2/1
f 1124/2/1 1118/2/1 1123/2/1
f 1127/2/1 1120/2/1 1119/2/1
f 1128/2/1 1120/2/1 1127/2/1
f 1129/2/1 1126/2/1 1125/2/1
f 1130/2/1 1126/2/1 1129/2/1
f 1135/2/1 1132/2/1 1131/2/1
f 1136/2/1 1132/2/1 1135/2/1
f 1141/2/1 1134/2/1 1133/2/1
f 1142/2/1 1134/2/1 1141/2/1
f 1143/2/1 1138/2/1 1137/2/1
f 1144/2/1 1138/2/1 1143/2/1
f 1151/2/1 1140/2/1 1139/2/1
f 1152/2/1 1140/2/1 1151/2/1
f 1153/2/1 1146/2/1 1145/2/1
f 1154/2/1 1146/2/1 1153/2/1
f 1155/2/1 1148/2/1 1147/2/1
f 1156/2/1 1148/2/1 1155/2/1
f 1157/2/1 1150/2/1 1149/2/1
f 1158/2/1 1150/2/1 1157/2/1
f 1163/1/1 1162/1/1 1161/1/1
f 1165/1/1 1164/1/1 1163/1/1
f 1167/1/1 1166/1/1 1165/1/1
f 1169/1/1 1168/1/1 1167/1/1
f 1171/1/1 1169/1/1 1167/1/1
f 1171/1/1 1170/1/1 1169/1/1
f 1172/1/1 1170/1/1 1171/1/1
f 1174/1/1 1167/1/1 1165/1/1
f 1174/1/1 1171/1/1 1167/1/1
f 1175/1/1 1171/1/1 1174/1/1
f 1176/1/1 1173/1/1 1172/1/1
f 1177/1/1 1173/1/1 1176/1/1
f 1179/1/1 1163/1/1 1161/1/1
f 1179/1/1 1165/1/1 1163/1/1
f 1179/1/1 1174/1/1 1165/1/1
f 1180/1/1 1174/1/1 1179/1/1
f 1181/1/1 1178/1/1 1177/1/1
f 1181/1/1 1177/1/1 1176/1/1
f 1181/1/1 1176/1/1 1175/1/1
f 1182/1/1 1178/1/1 1181/1/1
f 1184/1/1 1179/1/1 1161/1/1
f 1185/1/1 1179/1/1 1184/1/1
f 1186/1/1 1183/1/1 1182/1/1
f 1186/1/1 1182/1/1 1181/1/1
f 1186/1/1 1181/1/1 1180/1/1
f 1187/1/1 1183/1/1 1186/1/1
f 1190/1/1 1188/1/1 1187/1/1
f 1190/1/1 1187/1/1 1186/1/1
f 1190/1/1 1186/1/1 1185/1/1
f 1191/1/1 1188/1/1 1190/1/1
f 1192/1/1 1188/1/1 1191/1/1
f 1194/1/1 1190/1/1 1189/1/1
f 1195/1/1 1193/1/1 1192/1/1
f 1195/1/1 1192/1/1 1191/1/1
f 1196/1/1 1193/1/1 1195/1/1
f 1197/1/1 1193/1/1 1196/1/1
f 1199/1/1 1195/1/1 1194/1/1
f 1200/1/1 1198/1/1 1197/1/1
f 1200/1/1 1197/1/1 1196/1/1
f 1201/1/1 1198/1/1 1200/1/1
f 1202/1/1 1198/1/1 1201/1/1
f 1204/1/1 1203/1/1 1202/1/1
f 1204/1/1 1202/1/1 1201/1/1
f 1205/1/1 1203/1/1 1204/1/1
f 1207/1/1 1200/1/1 1199/1/1
f 1208/1/1 1204/1/1 1201/1/1
f 1209/1/1 1204/1/1 1208/1/1
f 1210/1/1 1204/1/1 1209/1/1
f 1211/1/1 1204/1/1 1210/1/1
f 1212/1/1 1206/1/1 1205/1/1
f 1213/1/1 1208/1/1 1207/1/1
f 1214/1/1 1210/1/1 1209/1/1
f 1215/1/1 1210/1/1 1214/1/1
f 1216/1/1 1210/1/1 1215/1/1
f 1217/1/1 1210/1/1 1216/1/1
f 1218/1/1 1212/1/1 1211/1/1
f 1219/1/1 1214/1/1 1213/1/1
f 1220/1/1 1216/1/1 1215/1/1
f 1221/1/1 1216/1/1 1220/1/1
f 1222/1/1 1218/1/1 1217/1/1
f 1223/1/1 1213/1/1 1207/1/1
f 1223/1/1 1219/1/1 1213/1/1
f 1223/1/1 1220/1/1 1219/1/1
f 1224/1/1 1220/1/1 1223/1/1
f 1225/1/1 1222/1/1 1221/1/1
f 1226/1/1 1222/1/1 1225/1/1
f 1227/1/1 1199/1/1 1194/1/1
f 1227/1/1 1207/1/1 1199/1/1
f 1227/1/1 1223/1/1 1207/1/1
f 1228/1/1 1223/1/1 1227/1/1
f 1229/1/1 1225/1/1 1224/1/1
f 1230/1/1 1225/1/1 1229/1/1
f 1231/1/1 1222/1/1 1226/1/1
f 1232/1/1 1218/1/1 1222/1/1
f 1232/1/1 1222/1/1 1231/1/1
f 1233/1/1 1194/1/1 1189/1/1
f 1233/1/1 1227/1/1 1194/1/1
f 1234/1/1 1227/1/1 1233/1/1
f 1235/1/1 1230/1/1 1229/1/1
f 1235/1/1 1231/1/1 1230/1/1
f 1235/1/1 1229/1/1 1228/1/1
f 1236/1/1 1231/1/1 1235/1/1
f 1237/1/1 1218/1/1 1232/1/1
f 1238/1/1 1218/1/1 1237/1/1
f 1240/1/1 1236/1/1 1235/1/1
f 1240/1/1 1237/1/1 1236/1/1
f 1240/1/1 1235/1/1 1234/1/1
f 1241/1/1 1237/1/1 1240/1/1
f 1242/1/1 1218/1/1 1238/1/1
f 1243/1/1 1212/1/1 1218/1/1
f 1243/1/1 1218/1/1 1242/1/1
f 1244/1/1 1241/1/1 1240/1/1
f 1244/1/1 1242/1/1 1241/1/1
f 1244/1/1 1240/1/1 1239/1/1
f 1245/1/1 1242/1/1 1244/1/1
f 1247/1/1 1242/1/1 1245/1/1
f 1248/1/1 1242/1/1 1247/1/1
f 1249/1/1 1242/1/1 1248/1/1
f 1250/1/1 1212/1/1 1243/1/1
f 1251/1/1 1212/1/1 1250/1/1
f 1252/1/1 1247/1/1 1246/1/1
f 1253/1/1 1249/1/1 1248/1/1
f 1253/1/1 1250/1/1 1249/1/1
f 1254/1/1 1250/1/1 1253/1/1
f 1255/1/1 1250/1/1 1254/1/1
f 1256/1/1 1212/1/1 1251/1/1
f 1257/1/1 1206/1/1 1212/1/1
f 1257/1/1 1212/1/1 1256/1/1
f 1258/1/1 1206/1/1 1257/1/1
f 1259/1/1 1206/1/1 1258/1/1
f 1260/1/1 1253/1/1 1252/1/1
f 1261/1/1 1256/1/1 1255/1/1
f 1261/1/1 1255/1/1 1254/1/1
f 1262/1/1 1256/1/1 1261/1/1
f 1263/1/1 1256/1/1 1262/1/1
f 1264/1/1 1256/1/1 1263/1/1
f 1266/1/1 1261/1/1 1260/1/1
f 1267/1/1 1263/1/1 1262/1/1
f 1268/1/1 1263/1/1 1267/1/1
f 1269/1/1 1263/1/1 1268/1/1
f 1270/1/1 1263/1/1 1269/1/1
f 1271/1/1 1265/1/1 1264/1/1
f 1272/1/1 1267/1/1 1266/1/1
f 1273/1/1 1269/1/1 1268/1/1
f 1274/1/1 1269/1/1 1273/1/1
f 1275/1/1 1269/1/1 1274/1/1
f 1276/1/1 1269/1/1 1275/1/1
f 1277/1/1 1271/1/1 1270/1/1
f 1278/1/1 1273/1/1 1272/1/1
f 1279/1/1 1275/1/1 1274/1/1
f 1280/1/1 1275/1/1 1279/1/1
f 1281/1/1 1277/1/1 1276/1/1
f 1282/1/1 1278/1/1 1272/1/1
f 1282/1/1 1279/1/1 1278/1/1
f 1283/1/1 1279/1/1 1282/1/1
f 1284/1/1 1281/1/1 1280/1/1
f 1285/1/1 1281/1/1 1284/1/1
f 1286/1/1 1272/1/1 1266/1/1
f 1286/1/1 1282/1/1 1272/1/1
f 1287/1/1 1282/1/1 1286/1/1
f 1288/1/1 1284/1/1 1283/1/1
f 1289/1/1 1284/1/1 1288/1/1
f 1290/1/1 1281/1/1 1285/1/1
f 1291/1/1 1277/1/1 1281/1/1
f 1291/1/1 1281/1/1 1290/1/1
f 1292/1/1 1260/1/1 1252/1/1
f 1292/1/1 1266/1/1 1260/1/1
f 1292/1/1 1286/1/1 1266/1/1
f 1293/1/1 1286/1/1 1292/1/1
f 1294/1/1 1289/1/1 1288/1/1
f 1294/1/1 1288/1/1 1287/1/1
f 1294/1/1 1290/1/1 1289/1/1
f 1295/1/1 1252/1/1 1246/1/1
f 1295/1/1 1292/1/1 1252/1/1
f 1296/1/1 1292/1/1 1295/1/1
f 1297/1/1 1294/1/1 1293/1/1
f 1298/1/1 1290/1/1 1294/1/1
f 1298/1/1 1294/1/1 1297/1/1
f 1299/1/1 1277/1/1 1291/1/1
f 1300/1/1 1271/1/1 1277/1/1
f 1300/1/1 1277/1/1 1299/1/1
f 1301/1/1 1295/1/1 1246/1/1
f 1302/1/1 1295/1/1 1301/1/1
f 1303/1/1 1298/1/1 1297/1/1
f 1303/1/1 1297/1/1 1296/1/1
f 1303/1/1 1299/1/1 1298/1/1
f 1304/1/1 1299/1/1 1303/1/1
f 1305/1/1 1271/1/1 1300/1/1
f 1306/1/1 1265/1/1 1271/1/1
f 1306/1/1 1271/1/1 1305/1/1
f 1308/1/1 1304/1/1 1303/1/1
f 1308/1/1 1305/1/1 1304/1/1
f 1308/1/1 1303/1/1 1302/1/1
f 1309/1/1 1305/1/1 1308/1/1
f 1310/1/1 1305/1/1 1309/1/1
f 1311/1/1 1265/1/1 1306/1/1
f 1312/1/1 1265/1/1 1311/1/1
f 1313/1/1 1308/1/1 1307/1/1
f 1314/1/1 1310/1/1 1309/1/1
f 1314/1/1 1311/1/1 1310/1/1
f 1315/1/1 1311/1/1 1314/1/1
f 1316/1/1 1311/1/1 1315/1/1
f 1317/1/1 1311/1/1 1316/1/1
f 1319/1/1 1314/1/1 1313/1/1
f 1320/1/1 1316/1/1 1315/1/1
f 1321/1/1 1316/1/1 1320/1/1
f 1322/1/1 1316/1/1 1321/1/1
f 1323/1/1 1316/1/1 1322/1/1
f 1324/1/1 1318/1/1 1317/1/1
f 1325/1/1 1320/1/1 1319/1/1
f 1326/1/1 1322/1/1 1321/1/1
f 1327/1/1 1322/1/1 1326/1/1
f 1328/1/1 1322/1/1 1327/1/1
f 1329/1/1 1322/1/1 1328/1/1
f 1330/1/1 1324/1/1 1323/1/1
f 1331/1/1 1326/1/1 1325/1/1
f 1332/1/1 1328/1/1 1327/1/1
f 1333/1/1 1328/1/1 1332/1/1
f 1334/1/1 1328/1/1 1333/1/1
f 1335/1/1 1328/1/1 1334/1/1
f 1336/1/1 1330/1/1 1329/1/1
f 1337/1/1 1334/1/1 1333/1/1
f 1338/1/1 1334/1/1 1337/1/1
f 1339/1/1 1336/1/1 1335/1/1
f 1340/1/1 1331/1/1 1325/1/1
f 1340/1/1 1332/1/1 1331/1/1
f 1341/1/1 1332/1/1 1340/1/1
f 1343/1/1 1325/1/1 1319/1/1
f 1343/1/1 1340/1/1 1325/1/1
f 1344/1/1 1340/1/1 1343/1/1
f 1345/1/1 1342/1/1 1341/1/1
f 1346/1/1 1342/1/1 1345/1/1
f 1347/1/1 1339/1/1 1338/1/1
f 1348/1/1 1336/1/1 1339/1/1
f 1348/1/1 1339/1/1 1347/1/1
f 1349/1/1 1313/1/1 1307/1/1
f 1349/1/1 1319/1/1 1313/1/1
f 1349/1/1 1343/1/1 1319/1/1
f 1350/1/1 1343/1/1 1349/1/1
f 1351/1/1 1346/1/1 1345/1/1
f 1351/1/1 1345/1/1 1344/1/1
f 1351/1/1 1347/1/1 1346/1/1
f 1352/1/1 1347/1/1 1351/1/1
f 1353/1/1 1336/1/1 1348/1/1
f 1354/1/1 1330/1/1 1336/1/1
f 1354/1/1 1336/1/1 1353/1/1
f 1355/1/1 1349/1/1 1307/1/1
f 1356/1/1 1349/1/1 1355/1/1
f 1357/1/1 1352/1/1 1351/1/1
f 1357/1/1 1353/1/1 1352/1/1
f 1357/1/1 1351/1/1 1350/1/1
f 1358/1/1 1353/1/1 1357/1/1
f 1359/1/1 1330/1/1 1354/1/1
f 1360/1/1 1330/1/1 1359/1/1
f 1361/4/1 1160/4/1 1159/4/1
f 1362/4/1 1160/4/1 1361/4/1
f 1364/1/1 1359/1/1 1358/1/1
f 1364/1/1 1358/1/1 1357/1/1
f 1364/1/1 1357/1/1 1356/1/1
f 1365/1/1 1359/1/1 1364/1/1
f 1366/1/1 1330/1/1 1360/1/1
f 1367/1/1 1324/1/1 1330/1/1
f 1367/1/1 1330/1/1 1366/1/1
f 1370/1/1 1365/1/1 1364/1/1
f 1370/1/1 1366/1/1 1365/1/1
f 1370/1/1 1364/1/1 1363/1/1
f 1371/1/1 1366/1/1 1370/1/1
f 1372/1/1 1366/1/1 1371/1/1
f 1373/1/1 1324/1/1 1367/1/1
f 1374/1/1 1318/1/1 1324/1/1
f 1374/1/1 1324/1/1 1373/1/1
f 1376/1/1 1373/1/1 1372/1/1
f 1376/1/1 1372/1/1 1371/1/1
f 1377/1/1 1373/1/1 1376/1/1
f 1378/1/1 1373/1/1 1377/1/1
f 1379/1/1 1318/1/1 1374/1/1
f 1380/1/1 1318/1/1 1379/1/1
f 1381/1/1 1376/1/1 1375/1/1
f 1382/1/1 1378/1/1 1377/1/1
f 1382/1/1 1379/1/1 1378/1/1
f 1383/1/1 1379/1/1 1382/1/1
f 1384/1/1 1379/1/1 1383/1/1
f 1385/1/1 1318/1/1 1380/1/1
f 1386/1/1 1318/1/1 1385/1/1
f 1387/1/1 1382/1/1 1381/1/1
f 1388/1/1 1384/1/1 1383/1/1
f 1388/1/1 1385/1/1 1384/1/1
f 1389/1/1 1385/1/1 1388/1/1
f 1390/1/1 1385/1/1 1389/1/1
f 1391/1/1 1385/1/1 1390/1/1
f 1393/1/1 1388/1/1 1387/1/1
f 1394/1/1 1390/1/1 1389/1/1
f 1395/1/1 1390/1/1 1394/1/1
f 1396/1/1 1390/1/1 1395/1/1
f 1397/1/1 1390/1/1 1396/1/1
f 1398/1/1 1392/1/1 1391/1/1
f 1399/1/1 1394/1/1 1393/1/1
f 1400/1/1 1396/1/1 1395/1/1
f 1401/1/1 1396/1/1 1400/1/1
f 1402/1/1 1396/1/1 1401/1/1
f 1403/1/1 1396/1/1 1402/1/1
f 1404/1/1 1398/1/1 1397/1/1
f 1405/1/1 1400/1/1 1399/1/1
f 1406/1/1 1402/1/1 1401/1/1
f 1407/1/1 1402/1/1 1406/1/1
f 1408/1/1 1402/1/1 1407/1/1
f 1409/1/1 1402/1/1 1408/1/1
f 1410/1/1 1404/1/1 1403/1/1
f 1411/1/1 1408/1/1 1407/1/1
f 1412/1/1 1408/1/1 1411/1/1
f 1413/1/1 1410/1/1 1409/1/1
f 1414/1/1 1405/1/1 1399/1/1
f 1414/1/1 1406/1/1 1405/1/1
f 1415/1/1 1406/1/1 1414/1/1
f 1416/1/1 1413/1/1 1412/1/1
f 1417/1/1 1410/1/1 1413/1/1
f 1417/1/1 1413/1/1 1416/1/1
f 1418/1/1 1399/1/1 1393/1/1
f 1418/1/1 1414/1/1 1399/1/1
f 1419/1/1 1414/1/1 1418/1/1
f 1420/1/1 1416/1/1 1415/1/1
f 1421/1/1 1416/1/1 1420/1/1
f 1422/1/1 1410/1/1 1417/1/1
f 1423/1/1 1404/1/1 1410/1/1
f 1423/1/1 1410/1/1 1422/1/1
f 1424/1/1 1387/1/1 1381/1/1
f 1424/1/1 1393/1/1 1387/1/1
f 1424/1/1 1418/1/1 1393/1/1
f 1425/1/1 1418/1/1 1424/1/1
f 1426/1/1 1421/1/1 1420/1/1
f 1426/1/1 1420/1/1 1419/1/1
f 1426/1/1 1422/1/1 1421/1/1
f 1427/1/1 1422/1/1 1426/1/1
f 1428/1/1 1404/1/1 1423/1/1
f 1429/1/1 1404/1/1 1428/1/1
f 1430/1/1 1381/1/1 1375/1/1
f 1430/1/1 1424/1/1 1381/1/1
f 1431/1/1 1424/1/1 1430/1/1
f 1432/1/1 1427/1/1 1426/1/1
f 1432/1/1 1428/1/1 1427/1/1
f 1432/1/1 1426/1/1 1425/1/1
f 1433/1/1 1428/1/1 1432/1/1
f 1434/1/1 1404/1/1 1429/1/1
f 1435/1/1 1398/1/1 1404/1/1
f 1435/1/1 1404/1/1 1434/1/1
f 1436/1/1 1430/1/1 1375/1/1
f 1437/1/1 1430/1/1 1436/1/1
f 1438/1/1 1433/1/1 1432/1/1
f 1438/1/1 1434/1/1 1433/1/1
f 1438/1/1 1432/1/1 1431/1/1
f 1439/1/1 1434/1/1 1438/1/1
f 1440/1/1 1398/1/1 1435/1/1
f 1441/1/1 1392/1/1 1398/1/1
f 1441/1/1 1398/1/1 1440/1/1
f 1443/1/1 1439/1/1 1438/1/1
f 1443/1/1 1440/1/1 1439/1/1
f 1443/1/1 1438/1/1 1437/1/1
f 1444/1/1 1440/1/1 1443/1/1
f 1445/1/1 1440/1/1 1444/1/1
f 1446/1/1 1392/1/1 1441/1/1
f 1447/1/1 1392/1/1 1446/1/1
f 1448/1/1 1443/1/1 1442/1/1
f 1449/1/1 1445/1/1 1444/1/1
f 1449/1/1 1446/1/1 1445/1/1
f 1450/1/1 1446/1/1 1449/1/1
f 1451/1/1 1446/1/1 1450/1/1
f 1452/1/1 1446/1/1 1451/1/1
f 1454/1/1 1449/1/1 1448/1/1
f 1455/1/1 1451/1/1 1450/1/1
f 1456/1/1 1451/1/1 1455/1/1
f 1457/1/1 1451/1/1 1456/1/1
f 1458/1/1 1451/1/1 1457/1/1
f 1459/1/1 1453/1/1 1452/1/1
f 1460/1/1 1455/1/1 1454/1/1
f 1461/1/1 1457/1/1 1456/1/1
f 1462/1/1 1457/1/1 1461/1/1
f 1463/1/1 1457/1/1 1462/1/1
f 1464/1/1 1457/1/1 1463/1/1
f 1465/1/1 1459/1/1 1458/1/1
f 1466/1/1 1461/1/1 1460/1/1
f 1467/1/1 1463/1/1 1462/1/1
f 1468/1/1 1463/1/1 1467/1/1
f 1469/1/1 1465/1/1 1464/1/1
f 1470/1/1 1467/1/1 1466/1/1
f 1473/1/1 1469/1/1 1468/1/1
f 1474/1/1 1471/1/1 1470/1/1
f 1474/1/1 1466/1/1 1460/1/1
f 1474/1/1 1470/1/1 1466/1/1
f 1475/1/1 1471/1/1 1474/1/1
f 1476/1/1 1473/1/1 1472/1/1
f 1477/1/1 1469/1/1 1473/1/1
f 1477/1/1 1473/1/1 1476/1/1
f 1478/1/1 1460/1/1 1454/1/1
f 1478/1/1 1474/1/1 1460/1/1
f 1479/1/1 1474/1/1 1478/1/1
f 1480/1/1 1476/1/1 1475/1/1
f 1481/1/1 1476/1/1 1480/1/1
f 1482/1/1 1469/1/1 1477/1/1
f 1483/1/1 1465/1/1 1469/1/1
f 1483/1/1 1469/1/1 1482/1/1
f 1484/1/1 1454/1/1 1448/1/1
f 1484/1/1 1478/1/1 1454/1/1
f 1485/1/1 1478/1/1 1484/1/1
f 1486/1/1 1481/1/1 1480/1/1
f 1486/1/1 1482/1/1 1481/1/1
f 1486/1/1 1480/1/1 1479/1/1
f 1487/1/1 1482/1/1 1486/1/1
f 1488/1/1 1465/1/1 1483/1/1
f 1489/1/1 1459/1/1 1465/1/1
f 1489/1/1 1465/1/1 1488/1/1
f 1490/1/1 1448/1/1 1442/1/1
f 1490/1/1 1484/1/1 1448/1/1
f 1491/1/1 1484/1/1 1490/1/1
f 1492/1/1 1487/1/1 1486/1/1
f 1492/1/1 1488/1/1 1487/1/1
f 1492/1/1 1486/1/1 1485/1/1
f 1493/1/1 1488/1/1 1492/1/1
f 1494/1/1 1459/1/1 1489/1/1
f 1495/1/1 1459/1/1 1494/1/1
f 1497/1/1 1493/1/1 1492/1/1
f 1497/1/1 1494/1/1 1493/1/1
f 1497/1/1 1492/1/1 1491/1/1
f 1498/1/1 1494/1/1 1497/1/1
f 1499/1/1 1459/1/1 1495/1/1
f 1500/1/1 1453/1/1 1459/1/1
f 1500/1/1 1459/1/1 1499/1/1
f 1501/1/1 1498/1/1 1497/1/1
f 1501/1/1 1499/1/1 1498/1/1
f 1501/1/1 1497/1/1 1496/1/1
f 1502/1/1 1499/1/1 1501/1/1
f 1503/1/1 1499/1/1 1502/1/1
f 1504/1/1 1499/1/1 1503/1/1
f 1508/1/1 1503/1/1 1502/1/1
f 1509/1/1 1503/1/1 1508/1/1
f 1510/1/1 1503/1/1 1509/1/1
f 1511/1/1 1503/1/1 1510/1/1
f 1512/1/1 1506/1/1 1505/1/1
f 1513/1/1 1508/1/1 1507/1/1
f 1514/1/1 1510/1/1 1509/1/1
f 1515/1/1 1510/1/1 1514/1/1
f 1516/1/1 1510/1/1 1515/1/1
f 1517/1/1 1510/1/1 1516/1/1
f 1518/1/1 1512/1/1 1511/1/1
f 1519/1/1 1514/1/1 1513/1/1
f 1520/1/1 1516/1/1 1515/1/1
f 1521/1/1 1516/1/1 1520/1/1
f 1522/1/1 1516/1/1 1521/1/1
f 1523/1/1 1516/1/1 1522/1/1
f 1524/1/1 1518/1/1 1517/1/1
f 1525/1/1 1520/1/1 1519/1/1
f 1526/1/1 1522/1/1 1521/1/1
f 1527/1/1 1522/1/1 1526/1/1
f 1528/1/1 1524/1/1 1523/1/1
f 1529/1/1 1525/1/1 1519/1/1
f 1529/1/1 1526/1/1 1525/1/1
f 1530/1/1 1526/1/1 1529/1/1
f 1532/1/1 1528/1/1 1527/1/1
f 1533/1/1 1524/1/1 1528/1/1
f 1533/1/1 1528/1/1 1532/1/1
f 1534/1/1 1519/1/1 1513/1/1
f 1534/1/1 1529/1/1 1519/1/1
f 1535/1/1 1529/1/1 1534/1/1
f 1536/1/1 1532/1/1 1531/1/1
f 1537/1/1 1532/1/1 1536/1/1
f 1538/1/1 1524/1/1 1533/1/1
f 1539/1/1 1524/1/1 1538/1/1
f 1540/1/1 1513/1/1 1507/1/1
f 1540/1/1 1534/1/1 1513/1/1
f 1541/1/1 1534/1/1 1540/1/1
f 1542/1/1 1537/1/1 1536/1/1
f 1542/1/1 1538/1/1 1537/1/1
f 1542/1/1 1536/1/1 1535/1/1
f 1543/1/1 1538/1/1 1542/1/1
f 1544/1/1 1524/1/1 1539/1/1
f 1545/1/1 1518/1/1 1524/1/1
f 1545/1/1 1524/1/1 1544/1/1
f 1546/1/1 1540/1/1 1507/1/1
f 1547/1/1 1540/1/1 1546/1/1
f 1548/1/1 1543/1/1 1542/1/1
f 1548/1/1 1544/1/1 1543/1/1
f 1548/1/1 1542/1/1 1541/1/1
f 1549/1/1 1544/1/1 1548/1/1
f 1550/1/1 1518/1/1 1545/1/1
f 1551/1/1 1512/1/1 1518/1/1
f 1551/1/1 1518/1/1 1550/1/1
f 1552/1/1 1549/1/1 1548/1/1
f 1552/1/1 1550/1/1 1549/1/1
f 1552/1/1 1548/1/1 1547/1/1
f 1553/1/1 1550/1/1 1552/1/1
f 1554/1/1 1550/1/1 1553/1/1
f 1555/1/1 1512/1/1 1551/1/1
f 1556/1/1 1506/1/1 1512/1/1
f 1556/1/1 1512/1/1 1555/1/1
f 1558/1/1 1554/1/1 1553/1/1
f 1558/1/1 1555/1/1 1554/1/1
f 1559/1/1 1555/1/1 1558/1/1
f 1560/1/1 1555/1/1 1559/1/1
f 1561/1/1 1506/1/1 1556/1/1
f 1562/1/1 1506/1/1 1561/1/1
f 1563/1/1 1558/1/1 1557/1/1
f 1564/1/1 1560/1/1 1559/1/1
f 1564/1/1 1561/1/1 1560/1/1
f 1565/1/1 1561/1/1 1564/1/1
f 1566/1/1 1561/1/1 1565/1/1
f 1567/1/1 1561/1/1 1566/1/1
f 1569/1/1 1564/1/1 1563/1/1
f 1570/1/1 1566/1/1 1565/1/1
f 1571/1/1 1566/1/1 1570/1/1
f 1572/1/1 1566/1/1 1571/1/1
f 1573/1/1 1566/1/1 1572/1/1
f 1574/1/1 1568/1/1 1567/1/1
f 1575/1/1 1570/1/1 1569/1/1
f 1576/1/1 1572/1/1 1571/1/1
f 1577/1/1 1572/1/1 1576/1/1
f 1578/1/1 1572/1/1 1577/1/1
f 1579/1/1 1572/1/1 1578/1/1
f 1580/1/1 1574/1/1 1573/1/1
f 1581/1/1 1576/1/1 1575/1/1
f 1582/1/1 1578/1/1 1577/1/1
f 1583/1/1 1578/1/1 1582/1/1
f 1585/1/1 1580/1/1 1579/1/1
f 1586/1/1 1581/1/1 1575/1/1
f 1586/1/1 1582/1/1 1581/1/1
f 1587/1/1 1582/1/1 1586/1/1
f 1588/1/1 1585/1/1 1584/1/1
f 1589/1/1 1580/1/1 1585/1/1
f 1589/1/1 1585/1/1 1588/1/1
f 1590/1/1 1575/1/1 1569/1/1
f 1590/1/1 1586/1/1 1575/1/1
f 1591/1/1 1586/1/1 1590/1/1
f 1592/1/1 1588/1/1 1587/1/1
f 1593/1/1 1588/1/1 1592/1/1
f 1594/1/1 1580/1/1 1589/1/1
f 1595/1/1 1574/1/1 1580/1/1
f 1595/1/1 1580/1/1 1594/1/1
f 1596/1/1 1569/1/1 1563/1/1
f 1596/1/1 1590/1/1 1569/1/1
f 1597/1/1 1590/1/1 1596/1/1
f 1598/1/1 1593/1/1 1592/1/1
f 1598/1/1 1594/1/1 1593/1/1
f 1598/1/1 1592/1/1 1591/1/1
f 1599/1/1 1594/1/1 1598/1/1
f 1600/1/1 1574/1/1 1595/1/1
f 1601/1/1 1568/1/1 1574/1/1
f 1601/1/1 1574/1/1 1600/1/1
f 1602/1/1 1563/1/1 1557/1/1
f 1602/1/1 1596/1/1 1563/1/1
f 1603/1/1 1596/1/1 1602/1/1
f 1604/1/1 1599/1/1 1598/1/1
f 1604/1/1 1600/1/1 1599/1/1
f 1604/1/1 1598/1/1 1597/1/1
f 1605/1/1 1600/1/1 1604/1/1
f 1606/1/1 1568/1/1 1601/1/1
f 1607/1/1 1568/1/1 1606/1/1
f 1608/1/1 1602/1/1 1557/1/1
f 1609/1/1 1602/1/1 1608/1/1
f 1611/1/1 1605/1/1 1604/1/1
f 1611/1/1 1606/1/1 1605/1/1
f 1611/1/1 1604/1/1 1603/1/1
f 1612/1/1 1606/1/1 1611/1/1
f 1613/1/1 1606/1/1 1612/1/1
f 1614/4/1 1369/4/1 1368/4/1
f 1616/1/1 1610/1/1 1609/1/1
f 1617/1/1 1610/1/1 1616/1/1
f 1618/4/1 1614/4/1 1368/4/1
f 1619/2/1 1615/2/1 1614/2/1
f 1619/4/1 1614/4/1 1618/4/1
f 1620/2/1 1615/2/1 1619/2/1
f 1626/2/1 1622/2/1 1621/2/1
f 1627/2/1 1622/2/1 1626/2/1
f 1628/2/1 1624/2/1 1623/2/1
f 1629/2/1 1624/2/1 1628/2/1
f 1631/2/1 1626/2/1 1625/2/1
f 1632/2/1 1626/2/1 1631/2/1
f 1635/2/1 1630/2/1 1629/2/1
f 1636/2/1 1630/2/1 1635/2/1
f 1637/2/1 1633/2/1 1632/2/1
f 1638/2/1 1633/2/1 1637/2/1
f 1639/2/1 1635/2/1 1634/2/1
f 1640/2/1 1635/2/1 1639/2/1
f 1645/2/1 1642/2/1 1641/2/1
f 1646/2/1 1642/2/1 1645/2/1
f 1647/2/1 1644/2/1 1643/2/1
f 1648/2/1 1644/2/1 1647/2/1
f 1651/1/1 1650/1/1 1649/1/1
f 1652/1/1 1650/1/1 1651/1/1
f 1653/1/1 1650/1/1 1652/1/1
f 1654/1/1 1650/1/1 1653/1/1
f 1655/1/1 1653/1/1 1652/1/1
f 1656/1/1 1653/1/1 1655/1/1
f 1657/1/1 1653/1/1 1656/1/1
f 1658/1/1 1653/1/1 1657/1/1
f 1659/1/1 1650/1/1 1654/1/1
f 1660/1/1 1657/1/1 1656/1/1
f 1661/1/1 1657/1/1 1660/1/1
f 1662/1/1 1657/1/1 1661/1/1
f 1663/1/1 1657/1/1 1662/1/1
f 1664/1/1 1659/1/1 1658/1/1
f 1665/1/1 1662/1/1 1661/1/1
f 1666/1/1 1662/1/1 1665/1/1
f 1667/1/1 1662/1/1 1666/1/1
f 1668/1/1 1662/1/1 1667/1/1
f 1669/1/1 1664/1/1 1663/1/1
f 1670/1/1 1667/1/1 1666/1/1
f 1671/1/1 1667/1/1 1670/1/1
f 1672/1/1 1667/1/1 1671/1/1
f 1673/1/1 1667/1/1 1672/1/1
f 1674/1/1 1669/1/1 1668/1/1
f 1675/1/1 1672/1/1 1671/1/1
f 1676/1/1 1672/1/1 1675/1/1
f 1677/1/1 1674/1/1 1673/1/1
f 1678/1/1 1677/1/1 1676/1/1
f 1679/1/1 1674/1/1 1677/1/1
f 1679/1/1 1677/1/1 1678/1/1
f 1680/1/1 1674/1/1 1679/1/1
f 1681/1/1 1669/1/1 1674/1/1
f 1681/1/1 1674/1/1 1680/1/1
f 1682/1/1 1669/1/1 1681/1/1
f 1683/1/1 1669/1/1 1682/1/1
f 1684/1/1 1669/1/1 1683/1/1
f 1685/1/1 1664/1/1 1669/1/1
f 1685/1/1 1669/1/1 1684/1/1
f 1686/1/1 1664/1/1 1685/1/1
f 1687/1/1 1659/1/1 1664/1/1
f 1687/1/1 1664/1/1 1686/1/1
f 1688/1/1 1659/1/1 1687/1/1
f 1689/1/1 1650/1/1 1659/1/1
f 1689/1/1 1659/1/1 1688/1/1
f 1690/1/1 1650/1/1 1689/1/1
f 1691/1/1 1650/1/1 1690/1/1
f 1696/2/1 1693/2/1 1692/2/1
f 1697/2/1 1693/2/1 1696/2/1
f 1698/2/1 1695/2/1 1694/2/1
f 1699/2/1 1695/2/1 1698/2/1
f 1704/2/1 1701/2/1 1700/2/1
f 1705/2/1 1701/2/1 1704/2/1
f 1706/2/1 1703/2/1 1702/2/1
f 1707/2/1 1703/2/1 1706/2/1
f 1710/4/1 1709/4/1 1708/4/1
f 1711/4/1 1709/4/1 1710/4/1
f 1714/4/1 1713/4/1 1712/4/1
f 1715/4/1 1713/4/1 1714/4/1
f 1720/4/1 1717/4/1 1716/4/1
f 1721/4/1 1717/4/1 1720/4/1
f 1722/4/1 1719/4/1 1718/4/1
f 1723/4/1 1719/4/1 1722/4/1
f 1726/4/1 1725/4/1 1724/4/1
f 1727/4/1 1725/4/1 1726/4/1
f 1732/4/1 1729/4/1 1728/4/1
f 1733/4/1 1729/4/1 1732/4/1
f 1734/4/1 1731/4/1 1730/4/1
f 1735/4/1 1731/4/1 1734/4/1
f 1738/4/1 1737/4/1 1736/4/1
f 1739/4/1 1737/4/1 1738/4/1
f 1742/4/1 1741/4/1 1740/4/1
f 1743/4/1 1741/4/1 1742/4/1
f 1746/4/1 1745/4/1 1744/4/1
f 1747/4/1 1745/4/1 1746/4/1
f 1752/4/1 1749/4/1 1748/4/1
f 1753/4/1 1749/4/1 1752/4/1
f 1754/4/1 1751/4/1 1750/4/1
f 1755/4/1 1751/4/1 1754/4/1
f 1758/4/1 1757/4/1 1756/4/1
f 1759/4/1 1757/4/1 1758/4/1
f 1762/4/1 1761/4/1 1760/4/1
f 1763/4/1 1761/4/1 1762/4/1
f 1768/4/1 1765/4/1 1764/4/1
f 1769/4/1 1765/4/1 1768/4/1
f 1770/4/1 1767/4/1 1766/4/1
f 1771/4/1 1767/4/1 1770/4/1
f 1774/4/1 1773/4/1 1772/4/1
f 1775/4/1 1773/4/1 1774/4/1
f 1778/4/1 1777/4/1 1776/4/1
f 1779/4/1 1777/4/1 1778/4/1
f 1782/4/1 1781/4/1 1780/4/1
f 1783/4/1 1781/4/1 1782/4/1
f 1786/4/1 1785/4/1 1784/4/1
f 1787/4/1 1785/4/1 1786/4/1
f 1790/4/1 1789/4/1 1788/4/1
f 1791/4/1 1789/4/1 1790/4/1
f 1794/4/1 1793/4/1 1792/4/1
f 1795/4/1 1793/4/1 1794/4/1
f 1798/4/1 1797/4/1 1796/4/1
f 1799/4/1 1797/4/1 1798/4/1
f 1802/4/1 1801/4/1 1800/4/1
f 1803/4/1 1801/4/1 1802/4/1
f 1806/4/1 1805/4/1 1804/4/1
f 1807/4/1 1805/4/1 1806/4/1
f 1814/4/1 1809/4/1 1808/4/1
f 1815/4/1 1809/4/1 1814/4/1
f 1816/2/1 1811/2/1 1810/2/1
f 1817/2/1 1811/2/1 1816/2/1
f 1820/2/1 1813/2/1 1812/2/1
f 1821/2/1 1813/2/1 1820/2/1
f 1822/2/1 1819/2/1 1818/2/1
f 1823/2/1 1819/2/1 1822/2/1
f 1828/2/1 1825/2/1 1824/2/1
f 1829/2/1 1825/2/1 1828/2/1
f 1832/2/1 1827/2/1 1826/2/1
f 1833/2/1 1827/2/1 1832/2/1
f 1834/2/1 1831/2/1 1830/2/1
f 1835/2/1 1831/2/1 1834/2/1
f 1840/4/1 1837/4/1 1836/4/1
f 1841/4/1 1837/4/1 1840/4/1
f 1842/4/1 1839/4/1 1838/4/1
f 1843/4/1 1839/4/1 1842/4/1
f 1846/4/1 1845/4/1 1844/4/1
f 1847/4/1 1845/4/1 1846/4/1
f 1850/4/1 1849/4/1 1848/4/1
f 1851/4/1 1849/4/1 1850/4/1
f 1854/4/1 1853/4/1 1852/4/1
f 1855/4/1 1853/4/1 1854/4/1
f 1858/4/1 1857/4/1 1856/4/1
f 1859/4/1 1857/4/1 1858/4/1
f 1862/4/1 1861/4/1 1860/4/1
f 1863/4/1 1861/4/1 1862/4/1
f 1866/4/1 1865/4/1 1864/4/1
f 1867/4/1 1865/4/1 1866/4/1
f 1870/4/1 1869/4/1 1868/4/1
f 1871/4/1 1869/4/1 1870/4/1
f 1874/4/1 1873/4/1 1872/4/1
f 1875/4/1 1873/4/1 1874/4/1
f 1878/4/1 1877/4/1 1876/4/1
f 1879/4/1 1877/4/1 1878/4/1
f 1882/4/1 1881/4/1 1880/4/1
f 1883/4/1 1881/4/1 1882/4/1
f 1886/4/1 1885/4/1 1884/4/1
f 1887/4/1 1885/4/1 1886/4/1
f 1892/2/1 1889/2/1 1888/2/1
f 1893/2/1 1889/2/1 1892/2/1
f 1894/2/1 1891/2/1 1890/2/1
f 1895/2/1 1891/2/1 1894/2/1
f 1900/2/1 1897/2/1 1896/2/1
f 1901/2/1 1897/2/1 1900/2/1
f 1902/2/1 1899/2/1 1898/2/1
f 1903/2/1 1899/2/1 1902/2/1
f 1906/4/1 1905/4/1 1904/4/1
f 1907/4/1 1905/4/1 1906/4/1
f 1910/4/1 1909/4/1 1908/4/1
f 1911/4/1 1909/4/1 1910/4/1
f 1914/4/1 1913/4/1 1912/4/1
f 1915/4/1 1913/4/1 1914/4/1
f 1918/4/1 1917/4/1 1916/4/1
f 1919/4/1 1917/4/1 1918/4/1
f 1922/4/1 1921/4/1 1920/4/1
f 1923/4/1 1921/4/1 1922/4/1
f 1926/4/1 1925/4/1 1924/4/1
f 1927/4/1 1925/4/1 1926/4/1
f 1930/4/1 1929/4/1 1928/4/1
f 1931/4/1 1929/4/1 1930/4/1
f 1934/4/1 1933/4/1 1932/4/1
f 1935/4/1 1933/4/1 1934/4/1
f 1938/4/1 1937/4/1 1936/4/1
f 1939/4/1 1937/4/1 1938/4/1
f 1942/4/1 1941/4/1 1940/4/1
f 1943/4/1 1941/4/1 1942/4/1
f 1946/4/1 1945/4/1 1944/4/1
f 1947/4/1 1945/4/1 1946/4/1
f 1952/4/1 1949/4/1 1948/4/1
f 1953/4/1 1949/4/1 1952/4/1
f 1954/4/1 1951/4/1 1950/4/1
f 1955/4/1 1951/4/1 1954/4/1
f 1958/4/1 1957/4/1 1956/4/1
f 1959/4/1 1957/4/1 1958/4/1
f 1962/4/1 1961/4/1 1960/4/1
f 1963/4/1 1961/4/1 1962/4/1
f 1966/4/1 1965/4/1 1964/4/1
f 1967/4/1 1965/4/1 1966/4/1
f 1970/4/1 1969/4/1 1968/4/1
f 1971/4/1 1969/4/1 1970/4/1
f 1974/4/1 1973/4/1 1972/4/1
f 1975/4/1 1973/4/1 1974/4/1
f 1978/4/1 1977/4/1 1976/4/1
f 1979/4/1 1977/4/1 1978/4/1
f 1982/4/1 1981/4/1 1980/4/1
f 1983/4/1 1981/4/1 1982/4/1
f 1986/4/1 1985/4/1 1984/4/1
f 1987/4/1 1985/4/1 1986/4/1
f 1990/4/1 1989/4/1 1988/4/1
f 1991/4/1 1989/4/1 1990/4/1
f 1994/4/1 1993/4/1 1992/4/1
f 1995/4/1 1993/4/1 1994/4/1
f 1998/4/1 1997/4/1 1996/4/1
f 1999/4/1 1997/4/1 1998/4/1
f 2002/4/1 2001/4/1 2000/4/1
f 2003/4/1 2001/4/1 2002/4/1
f 2006/4/1 2005/4/1 2004/4/1
f 2007/4/1 2005/4/1 2006/4/1
f 2013/2/1 2009/2/1 2008/2/1
f 2014/2/1 2009/2/1 2013/2/1
f 2015/2/1 2011/2/1 2010/2/1
f 2016/2/1 2011/2/1 2015/2/1
f 2018/2/1 2013/2/1 2012/2/1
f 2019/2/1 2013/2/1 2018/2/1
f 2022/2/1 2017/2/1 2016/2/1
f 2023/2/1 2017/2/1 2022/2/1
f 2024/2/1 2020/2/1 2019/2/1
f 2025/2/1 2020/2/1 2024/2/1
f 2026/2/1 2022/2/1 2021/2/1
f 2027/2/1 2022/2/1 2026/2/1
f 2030/4/1 2029/4/1 2028/4/1
f 2031/4/1 2029/4/1 2030/4/1
f 2034/4/1 2033/4/1 2032/4/1
f 2035/4/1 2033/4/1 2034/4/1
f 2038/4/1 2037/4/1 2036/4/1
f 2039/4/1 2037/4/1 2038/4/1
f 2042/4/1 2041/4/1 2040/4/1
f 2043/4/1 2041/4/1 2042/4/1
f 2046/4/1 2045/4/1 2044/4/1
f 2047/4/1 2045/4/1 2046/4/1
f 2050/4/1 2049/4/1 2048/4/1
f 2051/4/1 2049/4/1 2050/4/1
f 2054/4/1 2053/4/1 2052/4/1
f 2055/4/1 2053/4/1 2054/4/1
f 2058/4/1 2057/4/1 2056/4/1
f 2059/4/1 2057/4/1 2058/4/1
f 2062/4/1 2061/4/1 2060/4/1
f 2063/4/1 2061/4/1 2062/4/1
f 2066/4/1 2065/4/1 2064/4/1
f 2067/4/1 2065/4/1 2066/4/1
f 2070/4/1 2069/4/1 2068/4/1
f 2071/4/1 2069/4/1 2070/4/1
f 2074/4/1 2073/4/1 2072/4/1
f 2075/4/1 2073/4/1 2074/4/1
f 2078/4/1 2077/4/1 2076/4/1
f 2079/4/1 2077/4/1 2078/4/1
f 2082/4/1 2081/4/1 2080/4/1
f 2083/4/1 2081/4/1 2082/4/1
f 2086/4/1 2085/4/1 2084/4/1
f 2087/4/1 2085/4/1 2086/4/1
f 2090/4/1 2089/4/1 2088/4/1
f 2091/4/1 2089/4/1 2090/4/1
f 2096/4/1 2093/4/1 2092/4/1
f 2097/4/1 2093/4/1 2096/4/1
f 2098/4/1 2095/4/1 2094/4/1
f 2099/4/1 2095/4/1 2098/4/1
f 2102/4/1 2101/4/1 2100/4/1
f 2103/4/1 2101/4/1 2102/4/1
f 2106/4/1 2105/4/1 2104/4/1
f 2107/4/1 2105/4/1 2106/4/1
f 2110/4/1 2109/4/1 2108/4/1
f 2111/4/1 2109/4/1 2110/4/1
f 2114/4/1 2113/4/1 2112/4/1
f 2115/4/1 2113/4/1 2114/4/1
f 2118/4/1 2117/4/1 2116/4/1
f 2119/4/1 2117/4/1 2118/4/1
f 2122/4/1 2121/4/1 2120/4/1
f 2123/4/1 2121/4/1 2122/4/1
f 2126/4/1 2125/4/1 2124/4/1
f 2127/4/1 2125/4/1 2126/4/1
f 2130/4/1 2129/4/1 2128/4/1
f 2131/4/1 2129/4/1 2130/4/1
f 2134/4/1 2133/4/1 2132/4/1
f 2135/4/1 2133/4/1 2134/4/1
f 2138/4/1 2137/4/1 2136/4/1
f 2139/4/1 2137/4/1 2138/4/1
f 2144/4/1 2141/4/1 2140/4/1
f 2145/4/1 2141/4/1 2144/4/1
f 2146/4/1 2143/4/1 2142/4/1
f 2147/4/1 2143/4/1 2146/4/1
f 2150/4/1 2149/4/1 2148/4/1
f 2151/4/1 2149/4/1 2150/4/1
f 2154/5/1 2153/5/1 2152/5/1
f 2155/5/1 2153/5/1 2154/5/1
f 2158/4/1 2157/4/1 2156/4/1
f 2159/4/1 2157/4/1 2158/4/1
f 2162/5/1 2161/5/1 2160/5/1
f 2163/5/1 2161/5/1 2162/5/1
f 2168/4/1 2165/4/1 2164/4/1
f 2169/4/1 2165/4/1 2168/4/1
f 2170/4/1 2167/4/1 2166/4/1
f 2171/4/1 2167/4/1 2170/4/1
f 2174/4/1 2173/4/1 2172/4/1
f 2175/4/1 2173/4/1 2174/4/1
f 2178/4/1 2177/4/1 2176/4/1
f 2179/4/1 2177/4/1 2178/4/1
f 2182/4/1 2181/4/1 2180/4/1
f 2183/4/1 2181/4/1 2182/4/1
f 2186/4/1 2185/4/1 2184/4/1
f 2187/4/1 2185/4/1 2186/4/1
f 2190/4/1 2189/4/1 2188/4/1
f 2191/4/1 2189/4/1 2190/4/1
f 2196/2/1 2193/2/1 2192/2/1
f 2197/2/1 2193/2/1 2196/2/1
f 2198/2/1 2195/2/1 2194/2/1
f 2199/2/1 2195/2/1 2198/2/1
f 2204/2/1 2201/2/1 2200/2/1
f 2205/2/1 2201/2/1 2204/2/1
f 2206/2/1 2203/2/1 2202/2/1
f 2207/2/1 2203/2/1 2206/2/1
f 2210/4/1 2209/4/1 2208/4/1
f 2211/4/1 2209/4/1 2210/4/1
f 2214/4/1 2213/4/1 2212/4/1
f 2215/4/1 2213/4/1 2214/4/1
f 2218/4/1 2217/4/1 2216/4/1
f 2219/4/1 2217/4/1 2218/4/1
f 2222/4/1 2221/4/1 2220/4/1
f 2223/4/1 2221/4/1 2222/4/1
f 2226/4/1 2225/4/1 2224/4/1
f 2227/4/1 2225/4/1 2226/4/1
f 2230/4/1 2229/4/1 2228/4/1
f 2231/4/1 2229/4/1 2230/4/1
f 2234/4/1 2233/4/1 2232/4/1
f 2235/4/1 2233/4/1 2234/4/1
f 2238/4/1 2237/4/1 2236/4/1
f 2239/4/1 2237/4/1 2238/4/1
f 2242/4/1 2241/4/1 2240/4/1
f 2243/4/1 2241/4/1 2242/4/1
f 2246/4/1 2245/4/1 2244/4/1
f 2247/4/1 2245/4/1 2246/4/1
f 2252/4/1 2249/4/1 2248/4/1
f 2253/4/1 2249/4/1 2252/4/1
f 2254/5/1 2251/5/1 2250/5/1
f 2255/5/1 2251/5/1 2254/5/1
f 2258/4/1 2257/4/1 2256/4/1
f 2259/4/1 2257/4/1 2258/4/1
f 2262/4/1 2261/4/1 2260/4/1
f 2263/4/1 2261/4/1 2262/4/1
f 2266/4/1 2265/4/1 2264/4/1
f 2267/4/1 2265/4/1 2266/4/1
f 2270/4/1 2269/4/1 2268/4/1
f 2271/4/1 2269/4/1 2270/4/1
f 2274/4/1 2273/4/1 2272/4/1
f 2275/4/1 2273/4/1 2274/4/1
f 2280/2/1 2277/2/1 2276/2/1
f 2281/2/1 2277/2/1 2280/2/1
f 2282/2/1 2279/2/1 2278/2/1
f 2283/2/1 2279/2/1 2282/2/1
f 2288/2/1 2285/2/1 2284/2/1
f 2289/2/1 2285/2/1 2288/2/1
f 2290/2/1 2287/2/1 2286/2/1
f 2291/2/1 2287/2/1 2290/2/1
f 2296/2/1 2293/2/1 2292/2/1
f 2297/2/1 2293/2/1 2296/2/1
f 2298/2/1 2295/2/1 2294/2/1
f 2299/2/1 2295/2/1 2298/2/1
f 2304/2/1 2301/2/1 2300/2/1
f 2305/2/1 2301/2/1 2304/2/1
f 2306/2/1 2303/2/1 2302/2/1
f 2307/2/1 2303/2/1 2306/2/1
f 2310/4/1 2309/4/1 2308/4/1
f 2311/4/1 2309/4/1 2310/4/1
f 2314/4/1 2313/4/1 2312/4/1
f 2315/4/1 2313/4/1 2314/4/1
f 2318/4/1 2317/4/1 2316/4/1
f 2319/4/1 2317/4/1 2318/4/1
f 2322/4/1 2321/4/1 2320/4/1
f 2323/4/1 2321/4/1 2322/4/1
f 2326/4/1 2325/4/1 2324/4/1
f 2327/4/1 2325/4/1 2326/4/1
f 2330/4/1 2329/4/1 2328/4/1
f 2331/4/1 2329/4/1 2330/4/1
f 2334/4/1 2333/4/1 2332/4/1
f 2335/4/1 2333/4/1 2334/4/1
f 2338/4/1 2337/4/1 2336/4/1
f 2339/4/1 2337/4/1 2338/4/1
f 2342/4/1 2341/4/1 2340/4/1
f 2343/4/1 2341/4/1 2342/4/1
f 2346/4/1 2345/4/1 2344/4/1
f 2347/4/1 2345/4/1 2346/4/1
f 2350/4/1 2349/4/1 2348/4/1
f 2351/4/1 2349/4/1 2350/4/1
f 2354/4/1 2353/4/1 2352/4/1
f 2355/4/1 2353/4/1 2354/4/1
f 2358/4/1 2357/4/1 2356/4/1
f 2359/4/1 2357/4/1 2358/4/1
f 2362/4/1 2361/4/1 2360/4/1
f 2363/4/1 2361/4/1 2362/4/1
f 2366/4/1 2365/4/1 2364/4/1
f 2367/4/1 2365/4/1 2366/4/1
f 2370/4/1 2369/4/1 2368/4/1
f 2371/4/1 2369/4/1 2370/4/1
f 2374/4/1 2373/4/1 2372/4/1
f 2375/4/1 2373/4/1 2374/4/1
f 2378/5/1 2377/5/1 2376/5/1
f 2379/5/1 2377/5/1 2378/5/1
f 2382/4/1 2381/4/1 2380/4/1
f 2383/4/1 2381/4/1 2382/4/1
f 2386/4/1 2385/4/1 2384/4/1
f 2387/4/1 2385/4/1 2386/4/1
f 2390/4/1 2389/4/1 2388/4/1
f 2391/4/1 2389/4/1 2390/4/1
f 2394/4/1 2393/4/1 2392/4/1
f 2395/4/1 2393/4/1 2394/4/1
f 2398/4/1 2397/4/1 2396/4/1
f 2399/4/1 2397/4/1 2398/4/1
f 2402/4/1 2401/4/1 2400/4/1
f 2403/4/1 2401/4/1 2402/4/1
f 2406/4/1 2405/4/1 2404/4/1
f 2407/4/1 2405/4/1 2406/4/1
f 2410/4/1 2409/4/1 2408/4/1
f 2411/4/1 2409/4/1 2410/4/1
f 2414/4/1 2413/4/1 2412/4/1
f 2415/4/1 2413/4/1 2414/4/1
f 2418/4/1 2417/4/1 2416/4/1
f 2419/4/1 2417/4/1 2418/4/1
f 2422/4/1 2421/4/1 2420/4/1
f 2423/4/1 2421/4/1 2422/4/1
f 2426/4/1 2425/4/1 2424/4/1
f 2427/4/1 2425/4/1 2426/4/1
f 2430/4/1 2429/4/1 2428/4/1
f 2431/4/1 2429/4/1 2430/4/1
f 2434/4/1 2433/4/1 2432/4/1
f 2435/4/1 2433/4/1 2434/4/1
f 2438/4/1 2437/4/1 2436/4/1
f 2439/4/1 2437/4/1 2438/4/1
f 2442/4/1 2441/4/1 2440/4/1
f 2443/4/1 2441/4/1 2442/4/1
f 2446/4/1 2445/4/1 2444/4/1
f 2447/4/1 2445/4/1 2446/4/1
f 2450/4/1 2449/4/1 2448/4/1
f 2451/4/1 2449/4/1 2450/4/1
f 2454/4/1 2453/4/1 2452/4/1
f 2455/4/1 2453/4/1 2454/4/1
f 2458/4/1 2457/4/1 2456/4/1
f 2459/4/1 2457/4/1 2458/4/1
f 2462/4/1 2461/4/1 2460/4/1
f 2463/4/1 2461/4/1 2462/4/1
f 2466/4/1 2465/4/1 2464/4/1
f 2467/4/1 2465/4/1 2466/4/1
f 2472/4/1 2469/4/1 2468/4/1
f 2473/4/1 2469/4/1 2472/4/1
f 2474/4/1 2471/4/1 2470/4/1
f 2475/4/1 2471/4/1 2474/4/1
f 2478/4/1 2477/4/1 2476/4/1
f 2479/4/1 2477/4/1 2478/4/1
f 2482/5/1 2481/5/1 2480/5/1
f 2483/5/1 2481/5/1 2482/5/1
f 2486/4/1 2485/4/1 2484/4/1
f 2487/4/1 2485/4/1 2486/4/1
f 2492/4/1 2489/4/1 2488/4/1
f 2493/4/1 2489/4/1 2492/4/1
f 2494/4/1 2491/4/1 2490/4/1
f 2495/4/1 2491/4/1 2494/4/1
f 2498/4/1 2497/4/1 2496/4/1
f 2499/4/1 2497/4/1 2498/4/1
f 2502/4/1 2501/4/1 2500/4/1
f 2503/4/1 2501/4/1 2502/4/1
f 2508/4/1 2505/4/1 2504/4/1
f 2509/4/1 2505/4/1 2508/4/1
f 2510/4/1 2507/4/1 2506/4/1
f 2511/4/1 2507/4/1 2510/4/1
f 2514/4/1 2513/4/1 2512/4/1
f 2515/4/1 2513/4/1 2514/4/1
f 2518/4/1 2517/4/1 2516/4/1
f 2519/4/1 2517/4/1 2518/4/1
f 2522/4/1 2521/4/1 2520/4/1
f 2523/4/1 2521/4/1 2522/4/1
f 2526/4/1 2525/4/1 2524/4/1
f 2527/4/1 2525/4/1 2526/4/1
f 2530/4/1 2529/4/1 2528/4/1
f 2531/4/1 2529/4/1 2530/4/1
f 2534/4/1 2533/4/1 2532/4/1
f 2535/4/1 2533/4/1 2534/4/1
f 2538/4/1 2537/4/1 2536/4/1
f 2539/4/1 2537/4/1 2538/4/1
f 2544/4/1 2541/4/1 2540/4/1
f 2545/4/1 2541/4/1 2544/4/1
f 2546/4/1 2543/4/1 2542/4/1
f 2547/4/1 2543/4/1 2546/4/1
f 2550/4/1 2549/4/1 2548/4/1
f 2551/4/1 2549/4/1 2550/4/1
f 2554/4/1 2553/4/1 2552/4/1
f 2555/4/1 2553/4/1 2554/4/1
f 2558/4/1 2557/4/1 2556/4/1
f 2559/4/1 2557/4/1 2558/4/1
f 2562/4/1 2561/4/1 2560/4/1
f 2563/4/1 2561/4/1 2562/4/1
f 2566/4/1 2565/4/1 2564/4/1
f 2567/4/1 2565/4/1 2566/4/1
f 2572/4/1 2569/4/1 2568/4/1
f 2573/4/1 2569/4/1 2572/4/1
f 2574/4/1 2571/4/1 2570/4/1
f 2575/4/1 2571/4/1 2574/4/1
f 2578/4/1 2577/4/1 2576/4/1
f 2579/4/1 2577/4/1 2578/4/1
f 2582/4/1 2581/4/1 2580/4/1
f 2583/4/1 2581/4/1 2582/4/1
f 2586/4/1 2585/4/1 2584/4/1
f 2587/4/1 2585/4/1 2586/4/1
f 2590/4/1 2589/4/1 2588/4/1
f 2591/4/1 2589/4/1 2590/4/1
f 2596/4/1 2593/4/1 2592/4/1
f 2597/4/1 2593/4/1 2596/4/1
f 2598/4/1 2595/4/1 2594/4/1
f 2599/4/1 2595/4/1 2598/4/1
f 2604/4/1 2601/4/1 2600/4/1
f 2605/4/1 2601/4/1 2604/4/1
f 2606/4/1 2603/4/1 2602/4/1
f 2607/4/1 2603/4/1 2606/4/1
f 2610/4/1 2609/4/1 2608/4/1
f 2611/4/1 2609/4/1 2610/4/1
f 2614/4/1 2613/4/1 2612/4/1
f 2615/4/1 2613/4/1 2614/4/1
f 2618/4/1 2617/4/1 2616/4/1
f 2619/4/1 2617/4/1 2618/4/1
f 2622/4/1 2621/4/1 2620/4/1
f 2623/4/1 2621/4/1 2622/4/1
f 2626/4/1 2625/4/1 2624/4/1
f 2627/4/1 2625/4/1 2626/4/1
f 2630/4/1 2629/4/1 2628/4/1
f 2631/4/1 2629/4/1 2630/4/1
f 2634/4/1 2633/4/1 2632/4/1
f 2635/4/1 2633/4/1 2634/4/1
f 2638/4/1 2637/4/1 2636/4/1
f 2639/4/1 2637/4/1 2638/4/1
f 2642/4/1 2641/4/1 2640/4/1
f 2643/4/1 2641/4/1 2642/4/1
f 2646/5/1 2645/5/1 2644/5/1
f 2647/5/1 2645/5/1 2646/5/1
f 2650/4/1 2649/4/1 2648/4/1
f 2651/4/1 2649/4/1 2650/4/1
f 2654/4/1 2653/4/1 2652/4/1
f 2655/4/1 2653/4/1 2654/4/1
f 2658/4/1 2657/4/1 2656/4/1
f 2659/4/1 2657/4/1 2658/4/1
f 2662/4/1 2661/4/1 2660/4/1
f 2663/4/1 2661/4/1 2662/4/1
f 2666/4/1 2665/4/1 2664/4/1
f 2667/4/1 2665/4/1 2666/4/1
f 2670/4/1 2669/4/1 2668/4/1
f 2671/4/1 2669/4/1 2670/4/1
f 2674/4/1 2673/4/1 2672/4/1
f 2675/4/1 2673/4/1 2674/4/1
f 2678/4/1 2677/4/1 2676/4/1
f 2679/4/1 2677/4/1 2678/4/1
f 2682/4/1 2681/4/1 2680/4/1
f 2683/4/1 2681/4/1 2682/4/1
f 2686/4/1 2685/4/1 2684/4/1
f 2687/4/1 2685/4/1 2686/4/1
f 2690/4/1 2689/4/1 2688/4/1
f 2691/4/1 2689/4/1 2690/4/1
f 2696/4/1 2693/4/1 2692/4/1
f 2697/4/1 2693/4/1 2696/4/1
f 2698/4/1 2695/4/1 2694/4/1
f 2699/4/1 2695/4/1 2698/4/1
f 2702/4/1 2701/4/1 2700/4/1
f 2703/4/1 2701/4/1 2702/4/1
f 2708/4/1 2705/4/1 2704/4/1
f 2709/4/1 2705/4/1 2708/4/1
f 2710/4/1 2707/4/1 2706/4/1
f 2711/4/1 2707/4/1 2710/4/1
f 2714/4/1 2713/4/1 2712/4/1
f 2715/4/1 2713/4/1 2714/4/1
f 2718/4/1 2717/4/1 2716/4/1
f 2719/4/1 2717/4/1 2718/4/1
f 2722/4/1 2721/4/1 2720/4/1
f 2723/4/1 2721/4/1 2722/4/1
f 2726/4/1 2725/4/1 2724/4/1
f 2727/4/1 2725/4/1 2726/4/1
f 2730/4/1 2729/4/1 2728/4/1
f 2731/4/1 2729/4/1 2730/4/1
f 2734/4/1 2733/4/1 2732/4/1
f 2735/4/1 2733/4/1 2734/4/1
f 2740/4/1 2737/4/1 2736/4/1
f 2741/4/1 2737/4/1 2740/4/1
f 2742/4/1 2739/4/1 2738/4/1
f 2743/4/1 2739/4/1 2742/4/1
f 2746/4/1 2745/4/1 2744/4/1
f 2747/4/1 2745/4/1 2746/4/1
f 2750/4/1 2749/4/1 2748/4/1
f 2751/4/1 2749/4/1 2750/4/1
f 2754/4/1 2753/4/1 2752/4/1
f 2755/4/1 2753/4/1 2754/4/1
f 2758/4/1 2757/4/1 2756/4/1
f 2759/4/1 2757/4/1 2758/4/1
f 2764/4/1 2761/4/1 2760/4/1
f 2765/4/1 2761/4/1 2764/4/1
f 2766/4/1 2763/4/1 2762/4/1
f 2767/4/1 2763/4/1 2766/4/1
f 2770/4/1 2769/4/1 2768/4/1
f 2771/4/1 2769/4/1 2770/4/1
f 2774/4/1 2773/4/1 2772/4/1
f 2775/4/1 2773/4/1 2774/4/1
f 2778/4/1 2777/4/1 2776/4/1
f 2779/4/1 2777/4/1 2778/4/1
f 2782/4/1 2781/4/1 2780/4/1
f 2783/4/1 2781/4/1 2782/4/1
f 2786/4/1 2785/4/1 2784/4/1
f 2787/4/1 2785/4/1 2786/4/1
f 2790/4/1 2789/4/1 2788/4/1
f 2791/4/1 2789/4/1 2790/4/1
f 2794/4/1 2793/4/1 2792/4/1
f 2795/4/1 2793/4/1 2794/4/1
f 2798/4/1 2797/4/1 2796/4/1
f 2799/4/1 2797/4/1 2798/4/1
f 2804/4/1 2801/4/1 2800/4/1
f 2805/4/1 2801/4/1 2804/4/1
f 2806/4/1 2803/4/1 2802/4/1
f 2807/4/1 2803/4/1 2806/4/1
f 2810/4/1 2809/4/1 2808/4/1
f 2811/4/1 2809/4/1 2810/4/1
f 2814/4/1 2813/4/1 2812/4/1
f 2815/4/1 2813/4/1 2814/4/1
f 2818/4/1 2817/4/1 2816/4/1
f 2819/4/1 2817/4/1 2818/4/1
f 2822/4/1 2821/4/1 2820/4/1
f 2823/4/1 2821/4/1 2822/4/1
f 2826/4/1 2825/4/1 2824/4/1
f 2827/4/1 2825/4/1 2826/4/1
f 2830/4/1 2829/4/1 2828/4/1
f 2831/4/1 2829/4/1 2830/4/1
f 2834/4/1 2833/4/1 2832/4/1
f 2835/4/1 2833/4/1 2834/4/1
f 2838/4/1 2837/4/1 2836/4/1
f 2839/4/1 2837/4/1 2838/4/1
f 2842/4/1 2841/4/1 2840/4/1
f 2843/4/1 2841/4/1 2842/4/1
f 2846/4/1 2845/4/1 2844/4/1
f 2847/4/1 2845/4/1 2846/4/1
f 2850/4/1 2849/4/1 2848/4/1
f 2851/4/1 2849/4/1 2850/4/1
f 2854/4/1 2853/4/1 2852/4/1
f 2855/4/1 2853/4/1 2854/4/1
f 2858/4/1 2857/4/1 2856/4/1
f 2859/4/1 2857/4/1 2858/4/1
f 2862/4/1 2861/4/1 2860/4/1
f 2863/4/1 2861/4/1 2862/4/1
f 2866/4/1 2865/4/1 2864/4/1
f 2867/4/1 2865/4/1 2866/4/1
f 2870/4/1 2869/4/1 2868/4/1
f 2871/4/1 2869/4/1 2870/4/1
f 2874/4/1 2873/4/1 2872/4/1
f 2875/4/1 2873/4/1 2874/4/1
f 2878/4/1 2877/4/1 2876/4/1
f 2879/4/1 2877/4/1 2878/4/1
f 2882/4/1 2881/4/1 2880/4/1
f 2883/4/1 2881/4/1 2882/4/1
f 2886/4/1 2885/4/1 2884/4/1
f 2887/4/1 2885/4/1 2886/4/1
f 2890/4/1 2889/4/1 2888/4/1
f 2891/4/1 2889/4/1 2890/4/1
f 2894/4/1 2893/4/1 2892/4/1
f 2895/4/1 2893/4/1 2894/4/1
f 2898/4/1 2897/4/1 2896/4/1
f 2899/4/1 2897/4/1 2898/4/1
f 2902/4/1 2901/4/1 2900/4/1
f 2903/4/1 2901/4/1 2902/4/1
f 2906/4/1 2905/4/1 2904/4/1
f 2907/4/1 2905/4/1 2906/4/1
f 2910/4/1 2909/4/1 2908/4/1
f 2911/4/1 2909/4/1 2910/4/1
f 2914/4/1 2913/4/1 2912/4/1
f 2915/4/1 2913/4/1 2914/4/1
f 2918/2/1 2917/2/1 2916/2/1
f 2919/2/1 2917/2/1 2918/2/1
f 2924/4/1 2921/4/1 2920/4/1
f 2925/4/1 2921/4/1 2924/4/1
f 2926/4/1 2923/4/1 2922/4/1
f 2927/4/1 2923/4/1 2926/4/1
f 2930/4/1 2929/4/1 2928/4/1
f 2931/4/1 2929/4/1 2930/4/1
f 2934/4/1 2933/4/1 2932/4/1
f 2935/4/1 2933/4/1 2934/4/1
f 2938/4/1 2937/4/1 2936/4/1
f 2939/4/1 2937/4/1 2938/4/1
f 2942/4/1 2941/4/1 2940/4/1
f 2943/4/1 2941/4/1 2942/4/1
f 2946/4/1 2945/4/1 2944/4/1
f 2947/4/1 2945/4/1 2946/4/1
f 2950/4/1 2949/4/1 2948/4/1
f 2951/4/1 2949/4/1 2950/4/1
f 2954/4/1 2953/4/1 2952/4/1
f 2955/4/1 2953/4/1 2954/4/1
f 2958/4/1 2957/4/1 2956/4/1
f 2959/4/1 2957/4/1 2958/4/1
f 2962/4/1 2961/4/1 2960/4/1
f 2963/4/1 2961/4/1 2962/4/1
f 2966/4/1 2965/4/1 2964/4/1
f 2967/4/1 2965/4/1 2966/4/1
f 2970/4/1 2969/4/1 2968/4/1
f 2971/4/1 2969/4/1 2970/4/1
f 2974/4/1 2973/4/1 2972/4/1
f 2975/4/1 2973/4/1 2974/4/1
f 2980/4/1 2977/4/1 2976/4/1
f 2981/4/1 2977/4/1 2980/4/1
f 2984/4/1 2979/4/1 2978/4/1
f 2985/4/1 2979/4/1 2984/4/1
f 2988/4/1 2983/4/1 2982/4/1
f 2989/4/1 2983/4/1 2988/4/1
f 2992/4/1 2987/4/1 2986/4/1
f 2993/4/1 2987/4/1 2992/4/1
f 2996/4/1 2991/4/1 2990/4/1
f 2997/4/1 2991/4/1 2996/4/1
f 3000/4/1 2995/4/1 2994/4/1
f 3001/4/1 2995/4/1 3000/4/1
f 3004/4/1 2999/4/1 2998/4/1
f 3005/4/1 2999/4/1 3004/4/1
f 3008/4/1 3003/4/1 3002/4/1
f 3009/4/1 3003/4/1 3008/4/1
f 3012/4/1 3007/4/1 3006/4/1
f 3013/4/1 3007/4/1 3012/4/1
f 3016/4/1 3015/4/1 3014/4/1
f 3017/4/1 3015/4/1 3016/4/1
f 3018/4/1 3011/4/1 3010/4/1
f 3019/4/1 3011/4/1 3018/4/1
f 3024/4/1 3021/4/1 3020/4/1
f 3025/4/1 3021/4/1 3024/4/1
f 3028/4/1 3023/4/1 3022/4/1
f 3029/4/1 3023/4/1 3028/4/1
f 3032/4/1 3027/4/1 3026/4/1
f 3033/4/1 3027/4/1 3032/4/1
f 3036/4/1 3031/4/1 3030/4/1
f 3037/4/1 3031/4/1 3036/4/1
f 3040/4/1 3039/4/1 3038/4/1
f 3041/4/1 3039/4/1 3040/4/1
f 3044/4/1 3035/4/1 3034/4/1
f 3045/4/1 3035/4/1 3044/4/1
f 3048/4/1 3043/4/1 3042/4/1
f 3049/4/1 3043/4/1 3048/4/1
f 3052/4/1 3047/4/1 3046/4/1
f 3053/4/1 3047/4/1 3052/4/1
f 3056/4/1 3051/4/1 3050/4/1
f 3057/4/1 3051/4/1 3056/4/1
f 3060/4/1 3055/4/1 3054/4/1
f 3061/4/1 3055/4/1 3060/4/1
f 3062/4/1 3059/4/1 3058/4/1
f 3063/4/1 3059/4/1 3062/4/1
f 3066/6/1 3065/6/1 3064/6/1
f 3067/6/1 3065/6/1 3066/6/1
f 3070/6/1 3069/6/1 3068/6/1
f 3071/6/1 3069/6/1 3070/6/1
f 3074/6/1 3073/6/1 3072/6/1
f 3075/6/1 3073/6/1 3074/6/1
f 3078/6/2 3079/6/2 3080/6/2
f 3080/6/2 3079/6/2 3081/6/2
f 3076/6/2 3077/6/2 3082/6/2
f 3082/6/2 3077/6/2 3083/6/2
f 3084/6/2 3085/6/2 3086/6/2
f 3086/6/2 3085/6/2 3087/6/2
f 3088/4/2 3089/4/2 3092/4/2
f 3092/4/2 3089/4/2 3093/4/2
f 3094/4/2 3095/4/2 3096/4/2
f 3096/4/2 3095/4/2 3097/4/2
f 3090/4/2 3091/4/2 3100/4/2
f 3100/4/2 3091/4/2 3101/4/2
f 3098/4/2 3099/4/2 3104/4/2
f 3104/4/2 3099/4/2 3105/4/2
f 3102/4/2 3103/4/2 3108/4/2
f 3108/4/2 3103/4/2 3109/4/2
f 3106/4/2 3107/4/2 3112/4/2
f 3112/4/2 3107/4/2 3113/4/2
f 3110/4/2 3111/4/2 3116/4/2
f 3116/4/2 3111/4/2 3117/4/2
f 3114/4/2 3115/4/2 3120/4/2
f 3120/4/2 3115/4/2 3121/4/2
f 3118/4/2 3119/4/2 3122/4/2
f 3122/4/2 3119/4/2 3123/4/2
f 3124/4/2 3125/4/2 3128/4/2
f 3128/4/2 3125/4/2 3129/4/2
f 3126/4/2 3127/4/2 3132/4/2
f 3132/4/2 3127/4/2 3133/4/2
f 3130/4/2 3131/4/2 3136/4/2
f 3136/4/2 3131/4/2 3137/4/2
f 3134/4/2 3135/4/2 3140/4/2
f 3140/4/2 3135/4/2 3141/4/2
f 3138/4/2 3139/4/2 3144/4/2
f 3144/4/2 3139/4/2 3145/4/2
f 3142/4/2 3143/4/2 3148/4/2
f 3148/4/2 3143/4/2 3149/4/2
f 3150/4/2 3151/4/2 3152/4/2
f 3152/4/2 3151/4/2 3153/4/2
f 3146/4/2 3147/4/2 3156/4/2
f 3156/4/2 3147/4/2 3157/4/2
f 3154/4/2 3155/4/2 3160/4/2
f 3160/4/2 3155/4/2 3161/4/2
f 3158/4/2 3159/4/2 3164/4/2
f 3164/4/2 3159/4/2 3165/4/2
f 3162/4/2 3163/4/2 3168/4/2
f 3168/4/2 3163/4/2 3169/4/2
f 3166/4/2 3167/4/2 3170/4/2
f 3170/4/2 3167/4/2 3171/4/2
f 3172/4/2 3173/4/2 3174/4/2
f 3174/4/2 3173/4/2 3175/4/2
f 3176/4/2 3177/4/2 3178/4/2
f 3178/4/2 3177/4/2 3179/4/2
f 3180/4/2 3181/4/2 3182/4/2
f 3182/4/2 3181/4/2 3183/4/2
f 3184/4/2 3185/4/2 3186/4/2
f 3186/4/2 3185/4/2 3187/4/2
f 3188/4/2 3189/4/2 3190/4/2
f 3190/4/2 3189/4/2 3191/4/2
f 3192/4/2 3193/4/2 3194/4/2
f 3194/4/2 3193/4/2 3195/4/2
f 3196/4/2 3197/4/2 3198/4/2
f 3198/4/2 3197/4/2 3199/4/2
f 3200/4/2 3201/4/2 3204/4/2
f 3204/4/2 3201/4/2 3205/4/2
f 3202/4/2 3203/4/2 3206/4/2
f 3206/4/2 3203/4/2 3207/4/2
f 3208/4/2 3209/4/2 3210/4/2
f 3210/4/2 3209/4/2 3211/4/2
f 3212/4/2 3213/4/2 3214/4/2
f 3214/4/2 3213/4/2 3215/4/2
f 3216/4/2 3217/4/2 3218/4/2
f 3218/4/2 3217/4/2 3219/4/2
f 3220/4/2 3221/4/2 3222/4/2
f 3222/4/2 3221/4/2 3223/4/2
f 3224/4/2 3225/4/2 3226/4/2
f 3226/4/2 3225/4/2 3227/4/2
f 3228/4/2 3229/4/2 3230/4/2
f 3230/4/2 3229/4/2 3231/4/2
f 3232/4/2 3233/4/2 3236/4/2
f 3236/4/2 3233/4/2 3237/4/2
f 3234/4/2 3235/4/2 3238/4/2
f 3238/4/2 3235/4/2 3239/4/2
f 3240/4/2 3241/4/2 3242/4/2
f 3242/4/2 3241/4/2 3243/4/2
f 3244/4/2 3245/4/2 3246/4/2
f 3246/4/2 3245/4/2 3247/4/2
f 3248/4/2 3249/4/2 3250/4/2
f 3250/4/2 3249/4/2 3251/4/2
f 3252/4/2 3253/4/2 3254/4/2
f 3254/4/2 3253/4/2 3255/4/2
f 3256/4/2 3257/4/2 3258/4/2
f 3258/4/2 3257/4/2 3259/4/2
f 3260/4/2 3261/4/2 3262/4/2
f 3262/4/2 3261/4/2 3263/4/2
f 3264/4/2 3265/4/2 3266/4/2
f 3266/4/2 3265/4/2 3267/4/2
f 3268/4/2 3269/4/2 3270/4/2
f 3270/4/2 3269/4/2 3271/4/2
f 3272/4/2 3273/4/2 3274/4/2
f 3274/4/2 3273/4/2 3275/4/2
f 3276/4/2 3277/4/2 3278/4/2
f 3278/4/2 3277/4/2 3279/4/2
f 3280/4/2 3281/4/2 3282/4/2
f 3282/4/2 3281/4/2 3283/4/2
f 3284/4/2 3285/4/2 3286/4/2
f 3286/4/2 3285/4/2 3287/4/2
f 3288/4/2 3289/4/2 3290/4/2
f 3290/4/2 3289/4/2 3291/4/2
f 3292/4/2 3293/4/2 3294/4/2
f 3294/4/2 3293/4/2 3295/4/2
f 3296/4/2 3297/4/2 3300/4/2
f 3300/4/2 3297/4/2 3301/4/2
f 3298/4/2 3299/4/2 3302/4/2
f 3302/4/2 3299/4/2 3303/4/2
f 3304/4/2 3305/4/2 3306/4/2
f 3306/4/2 3305/4/2 3307/4/2
f 3308/4/2 3309/4/2 3312/4/2
f 3312/4/2 3309/4/2 3313/4/2
f 3310/4/2 3311/4/2 3314/4/2
f 3314/4/2 3311/4/2 3315/4/2
f 3316/4/2 3317/4/2 3318/4/2
f 3318/4/2 3317/4/2 3319/4/2
f 3320/4/2 3321/4/2 3322/4/2
f 3322/4/2 3321/4/2 3323/4/2
f 3324/4/2 3325/4/2 3326/4/2
f 3326/4/2 3325/4/2 3327/4/2
f 3328/4/2 3329/4/2 3330/4/2
f 3330/4/2 3329/4/2 3331/4/2
f 3332/4/2 3333/4/2 3336/4/2
f 3336/4/2 3333/4/2 3337/4/2
f 3334/4/2 3335/4/2 3338/4/2
f 3338/4/2 3335/4/2 3339/4/2
f 3340/4/2 3341/4/2 3342/4/2
f 3342/4/2 3341/4/2 3343/4/2
f 3344/4/2 3345/4/2 3346/4/2
f 3346/4/2 3345/4/2 3347/4/2
f 3348/4/2 3349/4/2 3352/4/2
f 3352/4/2 3349/4/2 3353/4/2
f 3350/4/2 3351/4/2 3354/4/2
f 3354/4/2 3351/4/2 3355/4/2
f 3356/4/2 3357/4/2 3358/4/2
f 3358/4/2 3357/4/2 3359/4/2
f 3360/4/2 3361/4/2 3362/4/2
f 3362/4/2 3361/4/2 3363/4/2
f 3364/4/2 3365/4/2 3366/4/2
f 3366/4/2 3365/4/2 3367/4/2
f 3368/4/2 3369/4/2 3370/4/2
f 3370/4/2 3369/4/2 3371/4/2
f 3372/4/2 3373/4/2 3374/4/2
f 3374/4/2 3373/4/2 3375/4/2
f 3376/4/2 3377/4/2 3378/4/2
f 3378/4/2 3377/4/2 3379/4/2
f 3380/4/2 3381/4/2 3382/4/2
f 3382/4/2 3381/4/2 3383/4/2
f 3384/4/2 3385/4/2 3386/4/2
f 3386/4/2 3385/4/2 3387/4/2
f 3388/4/2 3389/4/2 3390/4/2
f 3390/4/2 3389/4/2 3391/4/2
f 3392/4/2 3393/4/2 3394/4/2
f 3394/4/2 3393/4/2 3395/4/2
f 3396/4/2 3397/4/2 3398/4/2
f 3398/4/2 3397/4/2 3399/4/2
f 3400/4/2 3401/4/2 3404/4/2
f 3404/4/2 3401/4/2 3405/4/2
f 3402/4/2 3403/4/2 3406/4/2
f 3406/4/2 3403/4/2 3407/4/2
f 3408/4/2 3409/4/2 3410/4/2
f 3410/4/2 3409/4/2 3411/4/2
f 3412/4/2 3413/4/2 3414/4/2
f 3414/4/2 3413/4/2 3415/4/2
f 3416/4/2 3417/4/2 3418/4/2
f 3418/4/2 3417/4/2 3419/4/2
f 3420/4/2 3421/4/2 3422/4/2
f 3422/4/2 3421/4/2 3423/4/2
f 3424/4/2 3425/4/2 3426/4/2
f 3426/4/2 3425/4/2 3427/4/2
f 3428/4/2 3429/4/2 3432/4/2
f 3432/4/2 3429/4/2 3433/4/2
f 3430/4/2 3431/4/2 3434/4/2
f 3434/4/2 3431/4/2 3435/4/2
f 3436/4/2 3437/4/2 3438/4/2
f 3438/4/2 3437/4/2 3439/4/2
f 3440/4/2 3441/4/2 3442/4/2
f 3442/4/2 3441/4/2 3443/4/2
f 3444/4/2 3445/4/2 3446/4/2
f 3446/4/2 3445/4/2 3447/4/2
f 3448/4/2 3449/4/2 3450/4/2
f 3450/4/2 3449/4/2 3451/4/2
f 3452/4/2 3453/4/2 3456/4/2
f 3456/4/2 3453/4/2 3457/4/2
f 3454/4/2 3455/4/2 3458/4/2
f 3458/4/2 3455/4/2 3459/4/2
f 3460/4/2 3461/4/2 3462/4/2
f 3462/4/2 3461/4/2 3463/4/2
f 3464/4/2 3465/4/2 3466/4/2
f 3466/4/2 3465/4/2 3467/4/2
f 3468/4/2 3469/4/2 3470/4/2
f 3470/4/2 3469/4/2 3471/4/2
f 3472/4/2 3473/4/2 3474/4/2
f 3474/4/2 3473/4/2 3475/4/2
f 3476/4/2 3477/4/2 3478/4/2
f 3478/4/2 3477/4/2 3479/4/2
f 3480/4/2 3481/4/2 3482/4/2
f 3482/4/2 3481/4/2 3483/4/2
f 3484/4/2 3485/4/2 3486/4/2
f 3486/4/2 3485/4/2 3487/4/2
f 3488/4/2 3489/4/2 3490/4/2
f 3490/4/2 3489/4/2 3491/4/2
f 3492/4/2 3493/4/2 3494/4/2
f 3494/4/2 3493/4/2 3495/4/2
f 3496/4/2 3497/4/2 3498/4/2
f 3498/4/2 3497/4/2 3499/4/2
f 3500/4/2 3501/4/2 3502/4/2
f 3502/4/2 3501/4/2 3503/4/2
f 3504/4/2 3505/4/2 3506/4/2
f 3506/4/2 3505/4/2 3507/4/2
f 3508/4/2 3509/4/2 3510/4/2
f 3510/4/2 3509/4/2 3511/4/2
f 3512/4/2 3513/4/2 3514/4/2
f 3514/4/2 3513/4/2 3515/4/2
f 3516/4/2 3517/4/2 3518/4/2
f 3518/4/2 3517/4/2 3519/4/2
f 3520/5/2 3521/5/2 3522/5/2
f 3522/5/2 3521/5/2 3523/5/2
f 3524/4/2 3525/4/2 3526/4/2
f 3526/4/2 3525/4/2 3527/4/2
f 3528/4/2 3529/4/2 3530/4/2
f 3530/4/2 3529/4/2 3531/4/2
f 3532/4/2 3533/4/2 3534/4/2
f 3534/4/2 3533/4/2 3535/4/2
f 3536/4/2 3537/4/2 3538/4/2
f 3538/4/2 3537/4/2 3539/4/2
f 3540/4/2 3541/4/2 3542/4/2
f 3542/4/2 3541/4/2 3543/4/2
f 3544/4/2 3545/4/2 3546/4/2
f 3546/4/2 3545/4/2 3547/4/2
f 3548/4/2 3549/4/2 3550/4/2
f 3550/4/2 3549/4/2 3551/4/2
f 3552/4/2 3553/4/2 3554/4/2
f 3554/4/2 3553/4/2 3555/4/2
f 3556/4/2 3557/4/2 3558/4/2
f 3558/4/2 3557/4/2 3559/4/2
f 3560/4/2 3561/4/2 3562/4/2
f 3562/4/2 3561/4/2 3563/4/2
f 3564/4/2 3565/4/2 3568/4/2
f 3568/4/2 3565/4/2 3569/4/2
f 3566/4/2 3567/4/2 3570/4/2
f 3570/4/2 3567/4/2 3571/4/2
f 3572/4/2 3573/4/2 3574/4/2
f 3574/4/2 3573/4/2 3575/4/2
f 3576/4/2 3577/4/2 3578/4/2
f 3578/4/2 3577/4/2 3579/4/2
f 3580/4/2 3581/4/2 3582/4/2
f 3582/4/2 3581/4/2 3583/4/2
f 3584/4/2 3585/4/2 3586/4/2
f 3586/4/2 3585/4/2 3587/4/2
f 3588/4/2 3589/4/2 3590/4/2
f 3590/4/2 3589/4/2 3591/4/2
f 3592/4/2 3593/4/2 3594/4/2
f 3594/4/2 3593/4/2 3595/4/2
f 3596/5/2 3597/5/2 3598/5/2
f 3598/5/2 3597/5/2 3599/5/2
f 3600/4/2 3601/4/2 3602/4/2
f 3602/4/2 3601/4/2 3603/4/2
f 3604/4/2 3605/4/2 3608/4/2
f 3608/4/2 3605/4/2 3609/4/2
f 3606/4/2 3607/4/2 3610/4/2
f 3610/4/2 3607/4/2 3611/4/2
f 3612/4/2 3613/4/2 3614/4/2
f 3614/4/2 3613/4/2 3615/4/2
f 3616/4/2 3617/4/2 3618/4/2
f 3618/4/2 3617/4/2 3619/4/2
f 3620/4/2 3621/4/2 3622/4/2
f 3622/4/2 3621/4/2 3623/4/2
f 3624/4/2 3625/4/2 3626/4/2
f 3626/4/2 3625/4/2 3627/4/2
f 3628/4/2 3629/4/2 3632/4/2
f 3632/4/2 3629/4/2 3633/4/2
f 3630/4/2 3631/4/2 3634/4/2
f 3634/4/2 3631/4/2 3635/4/2
f 3636/4/2 3637/4/2 3638/4/2
f 3638/4/2 3637/4/2 3639/4/2
f 3640/4/2 3641/4/2 3642/4/2
f 3642/4/2 3641/4/2 3643/4/2
f 3644/4/2 3645/4/2 3646/4/2
f 3646/4/2 3645/4/2 3647/4/2
f 3648/4/2 3649/4/2 3650/4/2
f 3650/4/2 3649/4/2 3651/4/2
f 3652/4/2 3653/4/2 3654/4/2
f 3654/4/2 3653/4/2 3655/4/2
f 3656/4/2 3657/4/2 3658/4/2
f 3658/4/2 3657/4/2 3659/4/2
f 3660/4/2 3661/4/2 3664/4/2
f 3664/4/2 3661/4/2 3665/4/2
f 3662/4/2 3663/4/2 3666/4/2
f 3666/4/2 3663/4/2 3667/4/2
f 3668/4/2 3669/4/2 3670/4/2
f 3670/4/2 3669/4/2 3671/4/2
f 3672/4/2 3673/4/2 3674/4/2
f 3674/4/2 3673/4/2 3675/4/2
f 3676/4/2 3677/4/2 3678/4/2
f 3678/4/2 3677/4/2 3679/4/2
f 3680/4/2 3681/4/2 3682/4/2
f 3682/4/2 3681/4/2 3683/4/2
f 3684/4/2 3685/4/2 3686/4/2
f 3686/4/2 3685/4/2 3687/4/2
f 3688/4/2 3689/4/2 3690/4/2
f 3690/4/2 3689/4/2 3691/4/2
f 3692/4/2 3693/4/2 3694/4/2
f 3694/4/2 3693/4/2 3695/4/2
f 3696/4/2 3697/4/2 3698/4/2
f 3698/4/2 3697/4/2 3699/4/2
f 3700/4/2 3701/4/2 3702/4/2
f 3702/4/2 3701/4/2 3703/4/2
f 3704/4/2 3705/4/2 3706/4/2
f 3706/4/2 3705/4/2 3707/4/2
f 3708/4/2 3709/4/2 3710/4/2
f 3710/4/2 3709/4/2 3711/4/2
f 3712/4/2 3713/4/2 3714/4/2
f 3714/4/2 3713/4/2 3715/4/2
f 3716/4/2 3717/4/2 3718/4/2
f 3718/4/2 3717/4/2 3719/4/2
f 3720/4/2 3721/4/2 3722/4/2
f 3722/4/2 3721/4/2 3723/4/2
f 3724/4/2 3725/4/2 3726/4/2
f 3726/4/2 3725/4/2 3727/4/2
f 3728/4/2 3729/4/2 3730/4/2
f 3730/4/2 3729/4/2 3731/4/2
f 3732/4/2 3733/4/2 3734/4/2
f 3734/4/2 3733/4/2 3735/4/2
f 3736/4/2 3737/4/2 3738/4/2
f 3738/4/2 3737/4/2 3739/4/2
f 3740/5/2 3741/5/2 3744/5/2
f 3744/5/2 3741/5/2 3745/5/2
f 3742/4/2 3743/4/2 3746/4/2
f 3746/4/2 3743/4/2 3747/4/2
f 3748/4/2 3749/4/2 3750/4/2
f 3750/4/2 3749/4/2 3751/4/2
f 3752/4/2 3753/4/2 3754/4/2
f 3754/4/2 3753/4/2 3755/4/2
f 3756/4/2 3757/4/2 3758/4/2
f 3758/4/2 3757/4/2 3759/4/2
f 3760/4/2 3761/4/2 3762/4/2
f 3762/4/2 3761/4/2 3763/4/2
f 3764/4/2 3765/4/2 3766/4/2
f 3766/4/2 3765/4/2 3767/4/2
f 3768/4/2 3769/4/2 3770/4/2
f 3770/4/2 3769/4/2 3771/4/2
f 3772/4/2 3773/4/2 3774/4/2
f 3774/4/2 3773/4/2 3775/4/2
f 3776/4/2 3777/4/2 3778/4/2
f 3778/4/2 3777/4/2 3779/4/2
f 3780/2/2 3781/2/2 3784/2/2
f 3784/2/2 3781/2/2 3785/2/2
f 3782/2/2 3783/2/2 3786/2/2
f 3786/2/2 3783/2/2 3787/2/2
f 3788/2/2 3789/2/2 3792/2/2
f 3792/2/2 3789/2/2 3793/2/2
f 3790/2/2 3791/2/2 3794/2/2
f 3794/2/2 3791/2/2 3795/2/2
f 3796/2/2 3797/2/2 3800/2/2
f 3800/2/2 3797/2/2 3801/2/2
f 3798/2/2 3799/2/2 3802/2/2
f 3802/2/2 3799/2/2 3803/2/2
f 3804/2/2 3805/2/2 3808/2/2
f 3808/2/2 3805/2/2 3809/2/2
f 3806/2/2 3807/2/2 3810/2/2
f 3810/2/2 3807/2/2 3811/2/2
f 3812/4/2 3813/4/2 3816/4/2
f 3816/4/2 3813/4/2 3817/4/2
f 3814/4/2 3815/4/2 3818/4/2
f 3818/4/2 3815/4/2 3819/4/2
f 3820/4/2 3821/4/2 3822/4/2
f 3822/4/2 3821/4/2 3823/4/2
f 3824/4/2 3825/4/2 3826/4/2
f 3826/4/2 3825/4/2 3827/4/2
f 3828/4/2 3829/4/2 3830/4/2
f 3830/4/2 3829/4/2 3831/4/2
f 3832/4/2 3833/4/2 3834/4/2
f 3834/4/2 3833/4/2 3835/4/2
f 3836/4/2 3837/4/2 3838/4/2
f 3838/4/2 3837/4/2 3839/4/2
f 3840/4/2 3841/4/2 3842/4/2
f 3842/4/2 3841/4/2 3843/4/2
f 3844/4/2 3845/4/2 3846/4/2
f 3846/4/2 3845/4/2 3847/4/2
f 3848/4/2 3849/4/2 3850/4/2
f 3850/4/2 3849/4/2 3851/4/2
f 3852/4/2 3853/4/2 3854/4/2
f 3854/4/2 3853/4/2 3855/4/2
f 3856/5/2 3857/5/2 3858/5/2
f 3858/5/2 3857/5/2 3859/5/2
f 3860/4/2 3861/4/2 3862/4/2
f 3862/4/2 3861/4/2 3863/4/2
f 3864/4/2 3865/4/2 3866/4/2
f 3866/4/2 3865/4/2 3867/4/2
f 3868/4/2 3869/4/2 3870/4/2
f 3870/4/2 3869/4/2 3871/4/2
f 3872/4/2 3873/4/2 3874/4/2
f 3874/4/2 3873/4/2 3875/4/2
f 3876/2/2 3877/2/2 3880/2/2
f 3880/2/2 3877/2/2 3881/2/2
f 3878/2/2 3879/2/2 3882/2/2
f 3882/2/2 3879/2/2 3883/2/2
f 3884/2/2 3885/2/2 3888/2/2
f 3888/2/2 3885/2/2 3889/2/2
f 3886/2/2 3887/2/2 3890/2/2
f 3890/2/2 3887/2/2 3891/2/2
f 3892/4/2 3893/4/2 3894/4/2
f 3894/4/2 3893/4/2 3895/4/2
f 3896/4/2 3897/4/2 3898/4/2
f 3898/4/2 3897/4/2 3899/4/2
f 3900/4/2 3901/4/2 3902/4/2
f 3902/4/2 3901/4/2 3903/4/2
f 3904/4/2 3905/4/2 3906/4/2
f 3906/4/2 3905/4/2 3907/4/2
f 3908/4/2 3909/4/2 3910/4/2
f 3910/4/2 3909/4/2 3911/4/2
f 3912/4/2 3913/4/2 3914/4/2
f 3914/4/2 3913/4/2 3915/4/2
f 3916/4/2 3917/4/2 3918/4/2
f 3918/4/2 3917/4/2 3919/4/2
f 3920/4/2 3921/4/2 3922/4/2
f 3922/4/2 3921/4/2 3923/4/2
f 3924/4/2 3925/4/2 3926/4/2
f 3926/4/2 3925/4/2 3927/4/2
f 3928/4/2 3929/4/2 3930/4/2
f 3930/4/2 3929/4/2 3931/4/2
f 3932/4/2 3933/4/2 3934/4/2
f 3934/4/2 3933/4/2 3935/4/2
f 3936/4/2 3937/4/2 3938/4/2
f 3938/4/2 3937/4/2 3939/4/2
f 3940/4/2 3941/4/2 3942/4/2
f 3942/4/2 3941/4/2 3943/4/2
f 3944/4/2 3945/4/2 3946/4/2
f 3946/4/2 3945/4/2 3947/4/2
f 3948/4/2 3949/4/2 3950/4/2
f 3950/4/2 3949/4/2 3951/4/2
f 3952/4/2 3953/4/2 3954/4/2
f 3954/4/2 3953/4/2 3955/4/2
f 3956/4/2 3957/4/2 3958/4/2
f 3958/4/2 3957/4/2 3959/4/2
f 3960/4/2 3961/4/2 3962/4/2
f 3962/4/2 3961/4/2 3963/4/2
f 3964/4/2 3965/4/2 3966/4/2
f 3966/4/2 3965/4/2 3967/4/2
f 3968/4/2 3969/4/2 3970/4/2
f 3970/4/2 3969/4/2 3971/4/2
f 3972/4/2 3973/4/2 3974/4/2
f 3974/4/2 3973/4/2 3975/4/2
f 3976/4/2 3977/4/2 3978/4/2
f 3978/4/2 3977/4/2 3979/4/2
f 3980/4/2 3981/4/2 3982/4/2
f 3982/4/2 3981/4/2 3983/4/2
f 3984/4/2 3985/4/2 3986/4/2
f 3986/4/2 3985/4/2 3987/4/2
f 3988/4/2 3989/4/2 3992/4/2
f 3992/4/2 3989/4/2 3993/4/2
f 3990/4/2 3991/4/2 3994/4/2
f 3994/4/2 3991/4/2 3995/4/2
f 3996/4/2 3997/4/2 3998/4/2
f 3998/4/2 3997/4/2 3999/4/2
f 4000/4/2 4001/4/2 4002/4/2
f 4002/4/2 4001/4/2 4003/4/2
f 4004/4/2 4005/4/2 4008/4/2
f 4008/4/2 4005/4/2 4009/4/2
f 4006/5/2 4007/5/2 4010/5/2
f 4010/5/2 4007/5/2 4011/5/2
f 4012/5/2 4013/5/2 4014/5/2
f 4014/5/2 4013/5/2 4015/5/2
f 4016/4/2 4017/4/2 4018/4/2
f 4018/4/2 4017/4/2 4019/4/2
f 4020/4/2 4021/4/2 4024/4/2
f 4024/4/2 4021/4/2 4025/4/2
f 4022/4/2 4023/4/2 4026/4/2
f 4026/4/2 4023/4/2 4027/4/2
f 4028/4/2 4029/4/2 4030/4/2
f 4030/4/2 4029/4/2 4031/4/2
f 4032/4/2 4033/4/2 4034/4/2
f 4034/4/2 4033/4/2 4035/4/2
f 4036/4/2 4037/4/2 4038/4/2
f 4038/4/2 4037/4/2 4039/4/2
f 4040/4/2 4041/4/2 4044/4/2
f 4044/4/2 4041/4/2 4045/4/2
f 4042/4/2 4043/4/2 4046/4/2
f 4046/4/2 4043/4/2 4047/4/2
f 4048/4/2 4049/4/2 4050/4/2
f 4050/4/2 4049/4/2 4051/4/2
f 4052/2/2 4053/2/2 4057/2/2
f 4057/2/2 4053/2/2 4058/2/2
f 4054/2/2 4055/2/2 4059/2/2
f 4059/2/2 4055/2/2 4060/2/2
f 4056/2/2 4057/2/2 4062/2/2
f 4062/2/2 4057/2/2 4063/2/2
f 4060/2/2 4061/2/2 4066/2/2
f 4066/2/2 4061/2/2 4067/2/2
f 4063/2/2 4064/2/2 4068/2/2
f 4068/2/2 4064/2/2 4069/2/2
f 4065/2/2 4066/2/2 4070/2/2
f 4070/2/2 4066/2/2 4071/2/2
f 4072/4/2 4073/4/2 4074/4/2
f 4074/4/2 4073/4/2 4075/4/2
f 4076/4/2 4077/4/2 4078/4/2
f 4078/4/2 4077/4/2 4079/4/2
f 4080/4/2 4081/4/2 4082/4/2
f 4082/4/2 4081/4/2 4083/4/2
f 4084/4/2 4085/4/2 4086/4/2
f 4086/4/2 4085/4/2 4087/4/2
f 4088/4/2 4089/4/2 4090/4/2
f 4090/4/2 4089/4/2 4091/4/2
f 4092/4/2 4093/4/2 4094/4/2
f 4094/4/2 4093/4/2 4095/4/2
f 4096/4/2 4097/4/2 4098/4/2
f 4098/4/2 4097/4/2 4099/4/2
f 4100/4/2 4101/4/2 4102/4/2
f 4102/4/2 4101/4/2 4103/4/2
f 4104/4/2 4105/4/2 4106/4/2
f 4106/4/2 4105/4/2 4107/4/2
f 4108/4/2 4109/4/2 4110/4/2
f 4110/4/2 4109/4/2 4111/4/2
f 4112/4/2 4113/4/2 4114/4/2
f 4114/4/2 4113/4/2 4115/4/2
f 4116/5/2 4117/5/2 4118/5/2
f 4118/5/2 4117/5/2 4119/5/2
f 4120/4/2 4121/4/2 4122/4/2
f 4122/4/2 4121/4/2 4123/4/2
f 4124/4/2 4125/4/2 4126/4/2
f 4126/4/2 4125/4/2 4127/4/2
f 4128/4/2 4129/4/2 4130/4/2
f 4130/4/2 4129/4/2 4131/4/2
f 4132/4/2 4133/4/2 4134/4/2
f 4134/4/2 4133/4/2 4135/4/2
f 4136/4/2 4137/4/2 4138/4/2
f 4138/4/2 4137/4/2 4139/4/2
f 4140/4/2 4141/4/2 4142/4/2
f 4142/4/2 4141/4/2 4143/4/2
f 4144/4/2 4145/4/2 4146/4/2
f 4146/4/2 4145/4/2 4147/4/2
f 4148/2/2 4149/2/2 4152/2/2
f 4152/2/2 4149/2/2 4153/2/2
f 4150/2/2 4151/2/2 4154/2/2
f 4154/2/2 4151/2/2 4155/2/2
f 4156/2/2 4157/2/2 4160/2/2
f 4160/2/2 4157/2/2 4161/2/2
f 4158/2/2 4159/2/2 4162/2/2
f 4162/2/2 4159/2/2 4163/2/2
f 4164/4/2 4165/4/2 4168/4/2
f 4168/4/2 4165/4/2 4169/4/2
f 4166/4/2 4167/4/2 4170/4/2
f 4170/4/2 4167/4/2 4171/4/2
f 4172/4/2 4173/4/2 4174/4/2
f 4174/4/2 4173/4/2 4175/4/2
f 4176/4/2 4177/4/2 4178/4/2
f 4178/4/2 4177/4/2 4179/4/2
f 4180/4/2 4181/4/2 4184/4/2
f 4184/4/2 4181/4/2 4185/4/2
f 4182/4/2 4183/4/2 4186/4/2
f 4186/4/2 4183/4/2 4187/4/2
f 4188/4/2 4189/4/2 4192/4/2
f 4192/4/2 4189/4/2 4193/4/2
f 4190/4/2 4191/4/2 4194/4/2
f 4194/4/2 4191/4/2 4195/4/2
f 4196/4/2 4197/4/2 4198/4/2
f 4198/4/2 4197/4/2 4199/4/2
f 4200/4/2 4201/4/2 4202/4/2
f 4202/4/2 4201/4/2 4203/4/2
f 4204/4/2 4205/4/2 4206/4/2
f 4206/4/2 4205/4/2 4207/4/2
f 4208/4/2 4209/4/2 4210/4/2
f 4210/4/2 4209/4/2 4211/4/2
f 4212/4/2 4213/4/2 4214/4/2
f 4214/4/2 4213/4/2 4215/4/2
f 4216/4/2 4217/4/2 4218/4/2
f 4218/4/2 4217/4/2 4219/4/2
f 4220/4/2 4221/4/2 4222/4/2
f 4222/4/2 4221/4/2 4223/4/2
f 4224/4/2 4225/4/2 4226/4/2
f 4226/4/2 4225/4/2 4227/4/2
f 4228/4/2 4229/4/2 4230/4/2
f 4230/4/2 4229/4/2 4231/4/2
f 4232/4/2 4233/4/2 4234/4/2
f 4234/4/2 4233/4/2 4235/4/2
f 4236/4/2 4237/4/2 4238/4/2
f 4238/4/2 4237/4/2 4239/4/2
f 4240/4/2 4241/4/2 4242/4/2
f 4242/4/2 4241/4/2 4243/4/2
f 4244/4/2 4245/4/2 4246/4/2
f 4246/4/2 4245/4/2 4247/4/2
f 4248/4/2 4249/4/2 4250/4/2
f 4250/4/2 4249/4/2 4251/4/2
f 4252/2/2 4253/2/2 4258/2/2
f 4258/2/2 4253/2/2 4259/2/2
f 4254/2/2 4255/2/2 4260/2/2
f 4260/2/2 4255/2/2 4261/2/2
f 4256/2/2 4257/2/2 4264/2/2
f 4264/2/2 4257/2/2 4265/2/2
f 4262/2/2 4263/2/2 4266/2/2
f 4266/2/2 4263/2/2 4267/2/2
f 4268/2/2 4269/2/2 4272/2/2
f 4272/2/2 4269/2/2 4273/2/2
f 4270/2/2 4271/2/2 4278/2/2
f 4278/2/2 4271/2/2 4279/2/2
f 4274/2/2 4275/2/2 4280/2/2
f 4280/2/2 4275/2/2 4281/2/2
f 4276/2/2 4277/2/2 4282/2/2
f 4282/2/2 4277/2/2 4283/2/2
f 4284/4/2 4285/4/2 4286/4/2
f 4286/4/2 4285/4/2 4287/4/2
f 4288/4/2 4289/4/2 4290/4/2
f 4290/4/2 4289/4/2 4291/4/2
f 4292/4/2 4293/4/2 4294/4/2
f 4294/4/2 4293/4/2 4295/4/2
f 4296/4/2 4297/4/2 4298/4/2
f 4298/4/2 4297/4/2 4299/4/2
f 4300/4/2 4301/4/2 4302/4/2
f 4302/4/2 4301/4/2 4303/4/2
f 4304/4/2 4305/4/2 4306/4/2
f 4306/4/2 4305/4/2 4307/4/2
f 4308/4/2 4309/4/2 4310/4/2
f 4310/4/2 4309/4/2 4311/4/2
f 4312/4/2 4313/4/2 4314/4/2
f 4314/4/2 4313/4/2 4315/4/2
f 4316/4/2 4317/4/2 4320/4/2
f 4320/4/2 4317/4/2 4321/4/2
f 4318/4/2 4319/4/2 4322/4/2
f 4322/4/2 4319/4/2 4323/4/2
f 4324/4/2 4325/4/2 4328/4/2
f 4328/4/2 4325/4/2 4329/4/2
f 4326/4/2 4327/4/2 4330/4/2
f 4330/4/2 4327/4/2 4331/4/2
f 4332/4/2 4333/4/2 4336/4/2
f 4336/4/2 4333/4/2 4337/4/2
f 4334/4/2 4335/4/2 4338/4/2
f 4338/4/2 4335/4/2 4339/4/2
f 4340/4/2 4341/4/2 4342/4/2
f 4342/4/2 4341/4/2 4343/4/2
f 4344/4/2 4345/4/2 4348/4/2
f 4348/4/2 4345/4/2 4349/4/2
f 4346/4/2 4347/4/2 4350/4/2
f 4350/4/2 4347/4/2 4351/4/2
f 4352/2/2 4353/2/2 4356/2/2
f 4356/2/2 4353/2/2 4357/2/2
f 4354/2/2 4355/2/2 4358/2/2
f 4358/2/2 4355/2/2 4359/2/2
f 4360/2/2 4361/2/2 4364/2/2
f 4364/2/2 4361/2/2 4365/2/2
f 4362/2/2 4363/2/2 4366/2/2
f 4366/2/2 4363/2/2 4367/2/2
f 4368/4/2 4369/4/2 4372/4/2
f 4372/4/2 4369/4/2 4373/4/2
f 4370/4/2 4371/4/2 4374/4/2
f 4374/4/2 4371/4/2 4375/4/2
f 4376/4/2 4377/4/2 4378/4/2
f 4378/4/2 4377/4/2 4379/4/2
f 4380/4/2 4381/4/2 4382/4/2
f 4382/4/2 4381/4/2 4383/4/2
f 4384/4/2 4385/4/2 4386/4/2
f 4386/4/2 4385/4/2 4387/4/2
f 4388/4/2 4389/4/2 4390/4/2
f 4390/4/2 4389/4/2 4391/4/2
f 4392/4/2 4393/4/2 4394/4/2
f 4394/4/2 4393/4/2 4395/4/2
f 4396/4/2 4397/4/2 4398/4/2
f 4398/4/2 4397/4/2 4399/4/2
f 4400/4/2 4401/4/2 4402/4/2
f 4402/4/2 4401/4/2 4403/4/2
f 4404/4/2 4405/4/2 4406/4/2
f 4406/4/2 4405/4/2 4407/4/2
f 4408/4/2 4409/4/2 4410/4/2
f 4410/4/2 4409/4/2 4411/4/2
f 4412/4/2 4413/4/2 4414/4/2
f 4414/4/2 4413/4/2 4415/4/2
f 4416/4/2 4417/4/2 4420/4/2
f 4420/4/2 4417/4/2 4421/4/2
f 4418/4/2 4419/4/2 4422/4/2
f 4422/4/2 4419/4/2 4423/4/2
f 4424/4/2 4425/4/2 4426/4/2
f 4426/4/2 4425/4/2 4427/4/2
f 4428/4/2 4429/4/2 4430/4/2
f 4430/4/2 4429/4/2 4431/4/2
f 4432/4/2 4433/4/2 4434/4/2
f 4434/4/2 4433/4/2 4435/4/2
f 4436/4/2 4437/4/2 4438/4/2
f 4438/4/2 4437/4/2 4439/4/2
f 4440/4/2 4441/4/2 4442/4/2
f 4442/4/2 4441/4/2 4443/4/2
f 4444/4/2 4445/4/2 4446/4/2
f 4446/4/2 4445/4/2 4447/4/2
f 4448/4/2 4449/4/2 4450/4/2
f 4450/4/2 4449/4/2 4451/4/2
f 4452/4/2 4453/4/2 4454/4/2
f 4454/4/2 4453/4/2 4455/4/2
f 4456/4/2 4457/4/2 4458/4/2
f 4458/4/2 4457/4/2 4459/4/2
f 4460/4/2 4461/4/2 4462/4/2
f 4462/4/2 4461/4/2 4463/4/2
f 4464/2/2 4465/2/2 4466/2/2
f 4466/2/2 4465/2/2 4467/2/2
f 4468/2/2 4469/2/2 4473/2/2
f 4473/2/2 4469/2/2 4474/2/2
f 4470/2/2 4471/2/2 4475/2/2
f 4475/2/2 4471/2/2 4476/2/2
f 4472/2/2 4473/2/2 4478/2/2
f 4478/2/2 4473/2/2 4479/2/2
f 4476/2/2 4477/2/2 4482/2/2
f 4482/2/2 4477/2/2 4483/2/2
f 4479/2/2 4480/2/2 4484/2/2
f 4484/2/2 4480/2/2 4485/2/2
f 4481/2/2 4482/2/2 4486/2/2
f 4486/2/2 4482/2/2 4487/2/2
f 4488/2/2 4489/2/2 4490/2/2
f 4490/2/2 4489/2/2 4491/2/2
f 4492/1/2 4493/1/2 4495/1/2
f 4495/1/2 4493/1/2 4496/1/2
f 4494/1/2 4495/1/2 4499/1/2
f 4496/1/2 4497/1/2 4499/1/2
f 4495/1/2 4496/1/2 4499/1/2
f 4499/1/2 4497/1/2 4500/1/2
f 4498/1/2 4499/1/2 4503/1/2
f 4500/1/2 4501/1/2 4503/1/2
f 4499/1/2 4500/1/2 4503/1/2
f 4503/1/2 4501/1/2 4504/1/2
f 4502/1/2 4503/1/2 4507/1/2
f 4504/1/2 4505/1/2 4507/1/2
f 4503/1/2 4504/1/2 4507/1/2
f 4507/1/2 4505/1/2 4508/1/2
f 4506/1/2 4507/1/2 4508/1/2
f 4508/1/2 4505/1/2 4509/1/2
f 4506/1/2 4508/1/2 4510/1/2
f 4510/1/2 4508/1/2 4511/1/2
f 4511/1/2 4508/1/2 4512/1/2
f 4512/1/2 4508/1/2 4513/1/2
f 4511/1/2 4512/1/2 4514/1/2
f 4514/1/2 4512/1/2 4515/1/2
f 4515/1/2 4512/1/2 4516/1/2
f 4516/1/2 4512/1/2 4517/1/2
f 4515/1/2 4516/1/2 4518/1/2
f 4518/1/2 4516/1/2 4519/1/2
f 4519/1/2 4516/1/2 4520/1/2
f 4520/1/2 4516/1/2 4521/1/2
f 4519/1/2 4520/1/2 4522/1/2
f 4522/1/2 4520/1/2 4523/1/2
f 4524/2/2 4525/2/2 4530/2/2
f 4530/2/2 4525/2/2 4531/2/2
f 4526/2/2 4527/2/2 4532/2/2
f 4532/2/2 4527/2/2 4533/2/2
f 4528/2/2 4529/2/2 4536/2/2
f 4536/2/2 4529/2/2 4537/2/2
f 4534/2/2 4535/2/2 4538/2/2
f 4538/2/2 4535/2/2 4539/2/2
f 4540/2/2 4541/2/2 4544/2/2
f 4544/2/2 4541/2/2 4545/2/2
f 4542/2/2 4543/2/2 4550/2/2
f 4550/2/2 4543/2/2 4551/2/2
f 4546/2/2 4547/2/2 4552/2/2
f 4552/2/2 4547/2/2 4553/2/2
f 4548/2/2 4549/2/2 4554/2/2
f 4554/2/2 4549/2/2 4555/2/2
f 4556/1/2 4557/1/2 4562/1/2
f 4558/1/2 4559/1/2 4563/1/2
f 4563/1/2 4559/1/2 4564/1/2
f 4564/1/2 4559/1/2 4565/1/2
f 4565/1/2 4559/1/2 4566/1/2
f 4562/1/2 4563/1/2 4568/1/2
f 4564/1/2 4565/1/2 4569/1/2
f 4569/1/2 4565/1/2 4570/1/2
f 4570/1/2 4565/1/2 4571/1/2
f 4571/1/2 4565/1/2 4572/1/2
f 4566/1/2 4567/1/2 4573/1/2
f 4568/1/2 4569/1/2 4574/1/2
f 4570/1/2 4571/1/2 4575/1/2
f 4575/1/2 4571/1/2 4576/1/2
f 4572/1/2 4573/1/2 4577/1/2
f 4576/1/2 4577/1/2 4579/1/2
f 4568/1/2 4574/1/2 4580/1/2
f 4574/1/2 4575/1/2 4580/1/2
f 4580/1/2 4575/1/2 4581/1/2
f 4578/1/2 4579/1/2 4582/1/2
f 4579/1/2 4577/1/2 4583/1/2
f 4582/1/2 4579/1/2 4583/1/2
f 4556/1/2 4562/1/2 4584/1/2
f 4562/1/2 4568/1/2 4584/1/2
f 4568/1/2 4580/1/2 4584/1/2
f 4584/1/2 4580/1/2 4585/1/2
f 4581/1/2 4582/1/2 4586/1/2
f 4586/1/2 4582/1/2 4587/1/2
f 4583/1/2 4577/1/2 4588/1/2
f 4577/1/2 4573/1/2 4589/1/2
f 4588/1/2 4577/1/2 4589/1/2
f 4556/1/2 4584/1/2 4590/1/2
f 4590/1/2 4584/1/2 4591/1/2
f 4586/1/2 4587/1/2 4592/1/2
f 4587/1/2 4588/1/2 4592/1/2
f 4585/1/2 4586/1/2 4592/1/2
f 4592/1/2 4588/1/2 4593/1/2
f 4589/1/2 4573/1/2 4594/1/2
f 4573/1/2 4567/1/2 4595/1/2
f 4594/1/2 4573/1/2 4595/1/2
f 4593/1/2 4594/1/2 4596/1/2
f 4592/1/2 4593/1/2 4596/1/2
f 4591/1/2 4592/1/2 4596/1/2
f 4595/1/2 4567/1/2 4597/1/2
f 4597/1/2 4567/1/2 4598/1/2
f 4591/1/2 4596/1/2 4600/1/2
f 4596/1/2 4597/1/2 4600/1/2
f 4600/1/2 4597/1/2 4601/1/2
f 4599/1/2 4600/1/2 4602/1/2
f 4601/1/2 4597/1/2 4603/1/2
f 4603/1/2 4597/1/2 4604/1/2
f 4604/1/2 4597/1/2 4605/1/2
f 4605/1/2 4597/1/2 4606/1/2
f 4602/1/2 4603/1/2 4608/1/2
f 4604/1/2 4605/1/2 4609/1/2
f 4609/1/2 4605/1/2 4610/1/2
f 4610/1/2 4605/1/2 4611/1/2
f 4611/1/2 4605/1/2 4612/1/2
f 4606/1/2 4607/1/2 4613/1/2
f 4608/1/2 4609/1/2 4614/1/2
f 4610/1/2 4611/1/2 4615/1/2
f 4615/1/2 4611/1/2 4616/1/2
f 4616/1/2 4611/1/2 4617/1/2
f 4617/1/2 4611/1/2 4618/1/2
f 4612/1/2 4613/1/2 4619/1/2
f 4614/1/2 4615/1/2 4620/1/2
f 4616/1/2 4617/1/2 4621/1/2
f 4621/1/2 4617/1/2 4622/1/2
f 4618/1/2 4619/1/2 4623/1/2
f 4608/1/2 4614/1/2 4624/1/2
f 4614/1/2 4620/1/2 4624/1/2
f 4620/1/2 4621/1/2 4624/1/2
f 4624/1/2 4621/1/2 4625/1/2
f 4622/1/2 4623/1/2 4626/1/2
f 4626/1/2 4623/1/2 4627/1/2
f 4608/1/2 4624/1/2 4628/1/2
f 4628/1/2 4624/1/2 4629/1/2
f 4625/1/2 4626/1/2 4630/1/2
f 4630/1/2 4626/1/2 4631/1/2
f 4627/1/2 4623/1/2 4632/1/2
f 4623/1/2 4619/1/2 4633/1/2
f 4619/1/2 4613/1/2 4633/1/2
f 4632/1/2 4623/1/2 4633/1/2
f 4599/1/2 4602/1/2 4634/1/2
f 4602/1/2 4608/1/2 4634/1/2
f 4608/1/2 4628/1/2 4634/1/2
f 4634/1/2 4628/1/2 4635/1/2
f 4630/1/2 4631/1/2 4636/1/2
f 4629/1/2 4630/1/2 4636/1/2
f 4631/1/2 4632/1/2 4636/1/2
f 4636/1/2 4632/1/2 4637/1/2
f 4633/1/2 4613/1/2 4638/1/2
f 4638/1/2 4613/1/2 4639/1/2
f 4599/1/2 4634/1/2 4640/1/2
f 4640/1/2 4634/1/2 4641/1/2
f 4636/1/2 4637/1/2 4642/1/2
f 4637/1/2 4638/1/2 4642/1/2
f 4635/1/2 4636/1/2 4642/1/2
f 4642/1/2 4638/1/2 4643/1/2
f 4639/1/2 4613/1/2 4644/1/2
f 4613/1/2 4607/1/2 4645/1/2
f 4644/1/2 4613/1/2 4645/1/2
f 4642/1/2 4643/1/2 4647/1/2
f 4643/1/2 4644/1/2 4647/1/2
f 4641/1/2 4642/1/2 4647/1/2
f 4647/1/2 4644/1/2 4648/1/2
f 4645/1/2 4607/1/2 4649/1/2
f 4649/1/2 4607/1/2 4650/1/2
f 4647/1/2 4648/1/2 4651/1/2
f 4646/1/2 4647/1/2 4651/1/2
f 4648/1/2 4649/1/2 4651/1/2
f 4651/1/2 4649/1/2 4652/1/2
f 4652/1/2 4649/1/2 4654/1/2
f 4654/1/2 4649/1/2 4655/1/2
f 4655/1/2 4649/1/2 4656/1/2
f 4656/1/2 4649/1/2 4657/1/2
f 4653/1/2 4654/1/2 4659/1/2
f 4655/1/2 4656/1/2 4660/1/2
f 4660/1/2 4656/1/2 4661/1/2
f 4661/1/2 4656/1/2 4662/1/2
f 4662/1/2 4656/1/2 4663/1/2
f 4657/1/2 4658/1/2 4664/1/2
f 4659/1/2 4660/1/2 4665/1/2
f 4661/1/2 4662/1/2 4666/1/2
f 4666/1/2 4662/1/2 4667/1/2
f 4667/1/2 4662/1/2 4668/1/2
f 4668/1/2 4662/1/2 4669/1/2
f 4663/1/2 4664/1/2 4670/1/2
f 4665/1/2 4666/1/2 4671/1/2
f 4667/1/2 4668/1/2 4672/1/2
f 4672/1/2 4668/1/2 4673/1/2
f 4673/1/2 4668/1/2 4674/1/2
f 4674/1/2 4668/1/2 4675/1/2
f 4669/1/2 4670/1/2 4676/1/2
f 4671/1/2 4672/1/2 4677/1/2
f 4673/1/2 4674/1/2 4678/1/2
f 4678/1/2 4674/1/2 4679/1/2
f 4671/1/2 4677/1/2 4680/1/2
f 4677/1/2 4678/1/2 4680/1/2
f 4680/1/2 4678/1/2 4681/1/2
f 4675/1/2 4676/1/2 4682/1/2
f 4676/1/2 4670/1/2 4683/1/2
f 4682/1/2 4676/1/2 4683/1/2
f 4671/1/2 4680/1/2 4684/1/2
f 4684/1/2 4680/1/2 4685/1/2
f 4681/1/2 4682/1/2 4686/1/2
f 4686/1/2 4682/1/2 4687/1/2
f 4683/1/2 4670/1/2 4688/1/2
f 4688/1/2 4670/1/2 4689/1/2
f 4659/1/2 4665/1/2 4690/1/2
f 4665/1/2 4671/1/2 4690/1/2
f 4671/1/2 4684/1/2 4690/1/2
f 4690/1/2 4684/1/2 4691/1/2
f 4686/1/2 4687/1/2 4692/1/2
f 4687/1/2 4688/1/2 4692/1/2
f 4685/1/2 4686/1/2 4692/1/2
f 4692/1/2 4688/1/2 4693/1/2
f 4689/1/2 4670/1/2 4694/1/2
f 4664/1/2 4658/1/2 4695/1/2
f 4670/1/2 4664/1/2 4695/1/2
f 4694/1/2 4670/1/2 4695/1/2
f 4653/1/2 4659/1/2 4696/1/2
f 4659/1/2 4690/1/2 4696/1/2
f 4696/1/2 4690/1/2 4697/1/2
f 4691/1/2 4692/1/2 4698/1/2
f 4693/1/2 4694/1/2 4698/1/2
f 4692/1/2 4693/1/2 4698/1/2
f 4698/1/2 4694/1/2 4699/1/2
f 4695/1/2 4658/1/2 4700/1/2
f 4700/1/2 4658/1/2 4701/1/2
f 4653/1/2 4696/1/2 4702/1/2
f 4702/1/2 4696/1/2 4703/1/2
f 4698/1/2 4699/1/2 4704/1/2
f 4699/1/2 4700/1/2 4704/1/2
f 4697/1/2 4698/1/2 4704/1/2
f 4704/1/2 4700/1/2 4705/1/2
f 4653/1/2 4702/1/2 4707/1/2
f 4707/1/2 4702/1/2 4708/1/2
f 4705/1/2 4706/1/2 4709/1/2
f 4704/1/2 4705/1/2 4709/1/2
f 4703/1/2 4704/1/2 4709/1/2
f 4709/1/2 4706/1/2 4710/1/2
f 4710/1/2 4706/1/2 4711/1/2
f 4708/1/2 4709/1/2 4713/1/2
f 4709/1/2 4710/1/2 4713/1/2
f 4713/1/2 4710/1/2 4714/1/2
f 4714/1/2 4710/1/2 4715/1/2
f 4715/1/2 4710/1/2 4716/1/2
f 4712/1/2 4713/1/2 4718/1/2
f 4714/1/2 4715/1/2 4719/1/2
f 4719/1/2 4715/1/2 4720/1/2
f 4720/1/2 4715/1/2 4721/1/2
f 4721/1/2 4715/1/2 4722/1/2
f 4716/1/2 4717/1/2 4723/1/2
f 4718/1/2 4719/1/2 4724/1/2
f 4720/1/2 4721/1/2 4725/1/2
f 4725/1/2 4721/1/2 4726/1/2
f 4726/1/2 4721/1/2 4727/1/2
f 4727/1/2 4721/1/2 4728/1/2
f 4722/1/2 4723/1/2 4729/1/2
f 4724/1/2 4725/1/2 4730/1/2
f 4726/1/2 4727/1/2 4731/1/2
f 4731/1/2 4727/1/2 4732/1/2
f 4732/1/2 4727/1/2 4733/1/2
f 4733/1/2 4727/1/2 4734/1/2
f 4728/1/2 4729/1/2 4735/1/2
f 4730/1/2 4731/1/2 4736/1/2
f 4732/1/2 4733/1/2 4737/1/2
f 4737/1/2 4733/1/2 4738/1/2
f 4734/1/2 4735/1/2 4739/1/2
f 4730/1/2 4736/1/2 4740/1/2
f 4736/1/2 4737/1/2 4740/1/2
f 4740/1/2 4737/1/2 4741/1/2
f 4730/1/2 4740/1/2 4743/1/2
f 4743/1/2 4740/1/2 4744/1/2
f 4741/1/2 4742/1/2 4745/1/2
f 4745/1/2 4742/1/2 4746/1/2
f 4738/1/2 4739/1/2 4747/1/2
f 4739/1/2 4735/1/2 4748/1/2
f 4747/1/2 4739/1/2 4748/1/2
f 4718/1/2 4724/1/2 4749/1/2
f 4724/1/2 4730/1/2 4749/1/2
f 4730/1/2 4743/1/2 4749/1/2
f 4749/1/2 4743/1/2 4750/1/2
f 4745/1/2 4746/1/2 4751/1/2
f 4746/1/2 4747/1/2 4751/1/2
f 4744/1/2 4745/1/2 4751/1/2
f 4751/1/2 4747/1/2 4752/1/2
f 4748/1/2 4735/1/2 4753/1/2
f 4735/1/2 4729/1/2 4754/1/2
f 4753/1/2 4735/1/2 4754/1/2
f 4712/1/2 4718/1/2 4755/1/2
f 4718/1/2 4749/1/2 4755/1/2
f 4755/1/2 4749/1/2 4756/1/2
f 4751/1/2 4752/1/2 4757/1/2
f 4752/1/2 4753/1/2 4757/1/2
f 4750/1/2 4751/1/2 4757/1/2
f 4757/1/2 4753/1/2 4758/1/2
f 4754/1/2 4729/1/2 4759/1/2
f 4729/1/2 4723/1/2 4760/1/2
f 4759/1/2 4729/1/2 4760/1/2
f 4712/1/2 4755/1/2 4761/1/2
f 4761/1/2 4755/1/2 4762/1/2
f 4757/1/2 4758/1/2 4763/1/2
f 4758/1/2 4759/1/2 4763/1/2
f 4756/1/2 4757/1/2 4763/1/2
f 4763/1/2 4759/1/2 4764/1/2
f 4760/1/2 4723/1/2 4765/1/2
f 4723/1/2 4717/1/2 4766/1/2
f 4765/1/2 4723/1/2 4766/1/2
f 4764/1/2 4765/1/2 4767/1/2
f 4763/1/2 4764/1/2 4767/1/2
f 4762/1/2 4763/1/2 4767/1/2
f 4766/1/2 4717/1/2 4768/1/2
f 4768/1/2 4717/1/2 4769/1/2
f 4762/1/2 4767/1/2 4771/1/2
f 4767/1/2 4768/1/2 4771/1/2
f 4771/1/2 4768/1/2 4772/1/2
f 4772/1/2 4768/1/2 4773/1/2
f 4773/1/2 4768/1/2 4774/1/2
f 4770/1/2 4771/1/2 4775/1/2
f 4772/1/2 4773/1/2 4777/1/2
f 4777/1/2 4773/1/2 4778/1/2
f 4778/1/2 4773/1/2 4779/1/2
f 4779/1/2 4773/1/2 4780/1/2
f 4775/1/2 4776/1/2 4782/1/2
f 4778/1/2 4779/1/2 4784/1/2
f 4784/1/2 4779/1/2 4785/1/2
f 4785/1/2 4779/1/2 4786/1/2
f 4786/1/2 4779/1/2 4787/1/2
f 4780/1/2 4781/1/2 4788/1/2
f 4782/1/2 4783/1/2 4789/1/2
f 4783/1/2 4784/1/2 4789/1/2
f 4785/1/2 4786/1/2 4790/1/2
f 4790/1/2 4786/1/2 4791/1/2
f 4791/1/2 4786/1/2 4792/1/2
f 4792/1/2 4786/1/2 4793/1/2
f 4787/1/2 4788/1/2 4794/1/2
f 4789/1/2 4790/1/2 4795/1/2
f 4791/1/2 4792/1/2 4796/1/2
f 4796/1/2 4792/1/2 4797/1/2
f 4793/1/2 4794/1/2 4798/1/2
f 4789/1/2 4795/1/2 4799/1/2
f 4795/1/2 4796/1/2 4799/1/2
f 4799/1/2 4796/1/2 4800/1/2
f 4797/1/2 4798/1/2 4801/1/2
f 4798/1/2 4794/1/2 4802/1/2
f 4801/1/2 4798/1/2 4802/1/2
f 4782/1/2 4789/1/2 4803/1/2
f 4789/1/2 4799/1/2 4803/1/2
f 4803/1/2 4799/1/2 4804/1/2
f 4802/1/2 4794/1/2 4805/1/2
f 4794/1/2 4788/1/2 4806/1/2
f 4805/1/2 4794/1/2 4806/1/2
f 4782/1/2 4803/1/2 4807/1/2
f 4807/1/2 4803/1/2 4808/1/2
f 4806/1/2 4788/1/2 4809/1/2
f 4788/1/2 4781/1/2 4810/1/2
f 4809/1/2 4788/1/2 4810/1/2
f 4770/1/2 4775/1/2 4811/1/2
f 4782/1/2 4807/1/2 4811/1/2
f 4775/1/2 4782/1/2 4811/1/2
f 4811/1/2 4807/1/2 4812/1/2
f 4810/1/2 4781/1/2 4813/1/2
f 4813/1/2 4781/1/2 4814/1/2
f 4770/1/2 4811/1/2 4815/1/2
f 4815/1/2 4811/1/2 4816/1/2
f 4817/1/2 4818/1/2 4820/1/2
f 4819/1/2 4820/1/2 4822/1/2
f 4821/1/2 4822/1/2 4824/1/2
f 4823/1/2 4824/1/2 4826/1/2
f 4825/1/2 4826/1/2 4827/1/2
f 4826/1/2 4824/1/2 4828/1/2
f 4827/1/2 4826/1/2 4828/1/2
f 4828/1/2 4824/1/2 4830/1/2
f 4830/1/2 4824/1/2 4831/1/2
f 4829/1/2 4830/1/2 4833/1/2
f 4833/1/2 4830/1/2 4834/1/2
f 4831/1/2 4824/1/2 4835/1/2
f 4824/1/2 4822/1/2 4836/1/2
f 4835/1/2 4824/1/2 4836/1/2
f 4834/1/2 4835/1/2 4838/1/2
f 4833/1/2 4834/1/2 4838/1/2
f 4832/1/2 4833/1/2 4838/1/2
f 4838/1/2 4835/1/2 4839/1/2
f 4836/1/2 4822/1/2 4840/1/2
f 4822/1/2 4820/1/2 4841/1/2
f 4840/1/2 4822/1/2 4841/1/2
f 4839/1/2 4840/1/2 4842/1/2
f 4838/1/2 4839/1/2 4842/1/2
f 4837/1/2 4838/1/2 4842/1/2
f 4842/1/2 4840/1/2 4843/1/2
f 4843/1/2 4840/1/2 4844/1/2
f 4841/1/2 4820/1/2 4845/1/2
f 4820/1/2 4818/1/2 4846/1/2
f 4845/1/2 4820/1/2 4846/1/2
f 4844/1/2 4845/1/2 4848/1/2
f 4843/1/2 4844/1/2 4848/1/2
f 4848/1/2 4845/1/2 4849/1/2
f 4849/1/2 4845/1/2 4850/1/2
f 4846/1/2 4818/1/2 4851/1/2
f 4851/1/2 4818/1/2 4852/1/2
f 4847/1/2 4848/1/2 4853/1/2
f 4849/1/2 4850/1/2 4854/1/2
f 4850/1/2 4851/1/2 4854/1/2
f 4854/1/2 4851/1/2 4855/1/2
f 4855/1/2 4851/1/2 4856/1/2
f 4856/1/2 4851/1/2 4857/1/2
f 4853/1/2 4854/1/2 4859/1/2
f 4855/1/2 4856/1/2 4860/1/2
f 4860/1/2 4856/1/2 4861/1/2
f 4861/1/2 4856/1/2 4862/1/2
f 4862/1/2 4856/1/2 4863/1/2
f 4857/1/2 4858/1/2 4864/1/2
f 4859/1/2 4860/1/2 4865/1/2
f 4861/1/2 4862/1/2 4866/1/2
f 4866/1/2 4862/1/2 4867/1/2
f 4863/1/2 4864/1/2 4868/1/2
f 4865/1/2 4866/1/2 4869/1/2
f 4869/1/2 4866/1/2 4870/1/2
f 4853/1/2 4859/1/2 4871/1/2
f 4859/1/2 4865/1/2 4871/1/2
f 4865/1/2 4869/1/2 4871/1/2
f 4871/1/2 4869/1/2 4872/1/2
f 4867/1/2 4868/1/2 4873/1/2
f 4873/1/2 4868/1/2 4874/1/2
f 4847/1/2 4853/1/2 4875/1/2
f 4853/1/2 4871/1/2 4875/1/2
f 4875/1/2 4871/1/2 4876/1/2
f 4872/1/2 4873/1/2 4877/1/2
f 4877/1/2 4873/1/2 4878/1/2
f 4874/1/2 4868/1/2 4879/1/2
f 4868/1/2 4864/1/2 4880/1/2
f 4879/1/2 4868/1/2 4880/1/2
f 4847/1/2 4875/1/2 4881/1/2
f 4881/1/2 4875/1/2 4882/1/2
f 4877/1/2 4878/1/2 4883/1/2
f 4878/1/2 4879/1/2 4883/1/2
f 4876/1/2 4877/1/2 4883/1/2
f 4883/1/2 4879/1/2 4884/1/2
f 4880/1/2 4864/1/2 4885/1/2
f 4864/1/2 4858/1/2 4886/1/2
f 4885/1/2 4864/1/2 4886/1/2
f 4883/1/2 4884/1/2 4887/1/2
f 4884/1/2 4885/1/2 4887/1/2
f 4882/1/2 4883/1/2 4887/1/2
f 4886/1/2 4858/1/2 4888/1/2
f 4888/1/2 4858/1/2 4889/1/2
f 4882/1/2 4887/1/2 4891/1/2
f 4887/1/2 4888/1/2 4891/1/2
f 4891/1/2 4888/1/2 4892/1/2
f 4890/1/2 4891/1/2 4893/1/2
f 4892/1/2 4888/1/2 4894/1/2
f 4894/1/2 4888/1/2 4895/1/2
f 4895/1/2 4888/1/2 4896/1/2
f 4896/1/2 4888/1/2 4897/1/2
f 4893/1/2 4894/1/2 4899/1/2
f 4895/1/2 4896/1/2 4900/1/2
f 4900/1/2 4896/1/2 4901/1/2
f 4901/1/2 4896/1/2 4902/1/2
f 4902/1/2 4896/1/2 4903/1/2
f 4897/1/2 4898/1/2 4904/1/2
f 4899/1/2 4900/1/2 4905/1/2
f 4901/1/2 4902/1/2 4906/1/2
f 4906/1/2 4902/1/2 4907/1/2
f 4907/1/2 4902/1/2 4908/1/2
f 4908/1/2 4902/1/2 4909/1/2
f 4903/1/2 4904/1/2 4910/1/2
f 4905/1/2 4906/1/2 4911/1/2
f 4907/1/2 4908/1/2 4913/1/2
f 4913/1/2 4908/1/2 4914/1/2
f 4909/1/2 4910/1/2 4915/1/2
f 4911/1/2 4912/1/2 4916/1/2
f 4905/1/2 4911/1/2 4916/1/2
f 4916/1/2 4912/1/2 4917/1/2
f 4914/1/2 4915/1/2 4918/1/2
f 4915/1/2 4910/1/2 4919/1/2
f 4918/1/2 4915/1/2 4919/1/2
f 4893/1/2 4899/1/2 4920/1/2
f 4899/1/2 4905/1/2 4920/1/2
f 4905/1/2 4916/1/2 4920/1/2
f 4920/1/2 4916/1/2 4921/1/2
f 4917/1/2 4918/1/2 4922/1/2
f 4922/1/2 4918/1/2 4923/1/2
f 4919/1/2 4910/1/2 4924/1/2
f 4924/1/2 4910/1/2 4925/1/2
f 4890/1/2 4893/1/2 4926/1/2
f 4893/1/2 4920/1/2 4926/1/2
f 4926/1/2 4920/1/2 4927/1/2
f 4922/1/2 4923/1/2 4928/1/2
f 4923/1/2 4924/1/2 4928/1/2
f 4921/1/2 4922/1/2 4928/1/2
f 4928/1/2 4924/1/2 4929/1/2
f 4925/1/2 4910/1/2 4930/1/2
f 4910/1/2 4904/1/2 4931/1/2
f 4930/1/2 4910/1/2 4931/1/2
f 4890/1/2 4926/1/2 4932/1/2
f 4932/1/2 4926/1/2 4933/1/2
f 4928/1/2 4929/1/2 4934/1/2
f 4929/1/2 4930/1/2 4934/1/2
f 4927/1/2 4928/1/2 4934/1/2
f 4934/1/2 4930/1/2 4935/1/2
f 4931/1/2 4904/1/2 4936/1/2
f 4904/1/2 4898/1/2 4937/1/2
f 4936/1/2 4904/1/2 4937/1/2
f 4937/1/2 4898/1/2 4938/1/2
f 4938/1/2 4898/1/2 4939/1/2
f 4934/1/2 4935/1/2 4941/1/2
f 4935/1/2 4936/1/2 4941/1/2
f 4933/1/2 4934/1/2 4941/1/2
f 4941/1/2 4936/1/2 4942/1/2
f 4942/1/2 4936/1/2 4943/1/2
f 4943/1/2 4936/1/2 4944/1/2
f 4940/1/2 4941/1/2 4946/1/2
f 4942/1/2 4943/1/2 4947/1/2
f 4947/1/2 4943/1/2 4948/1/2
f 4948/1/2 4943/1/2 4949/1/2
f 4949/1/2 4943/1/2 4950/1/2
f 4944/1/2 4945/1/2 4951/1/2
f 4946/1/2 4947/1/2 4952/1/2
f 4948/1/2 4949/1/2 4953/1/2
f 4953/1/2 4949/1/2 4954/1/2
f 4954/1/2 4949/1/2 4955/1/2
f 4955/1/2 4949/1/2 4956/1/2
f 4950/1/2 4951/1/2 4957/1/2
f 4952/1/2 4953/1/2 4958/1/2
f 4954/1/2 4955/1/2 4959/1/2
f 4959/1/2 4955/1/2 4960/1/2
f 4956/1/2 4957/1/2 4961/1/2
f 4952/1/2 4958/1/2 4962/1/2
f 4958/1/2 4959/1/2 4962/1/2
f 4962/1/2 4959/1/2 4963/1/2
f 4960/1/2 4961/1/2 4964/1/2
f 4964/1/2 4961/1/2 4965/1/2
f 4946/1/2 4952/1/2 4966/1/2
f 4952/1/2 4962/1/2 4966/1/2
f 4966/1/2 4962/1/2 4967/1/2
f 4963/1/2 4964/1/2 4968/1/2
f 4968/1/2 4964/1/2 4969/1/2
f 4965/1/2 4961/1/2 4970/1/2
f 4961/1/2 4957/1/2 4971/1/2
f 4970/1/2 4961/1/2 4971/1/2
f 4940/1/2 4946/1/2 4972/1/2
f 4946/1/2 4966/1/2 4972/1/2
f 4972/1/2 4966/1/2 4973/1/2
f 4968/1/2 4969/1/2 4974/1/2
f 4969/1/2 4970/1/2 4974/1/2
f 4967/1/2 4968/1/2 4974/1/2
f 4974/1/2 4970/1/2 4975/1/2
f 4971/1/2 4957/1/2 4976/1/2
f 4957/1/2 4951/1/2 4977/1/2
f 4976/1/2 4957/1/2 4977/1/2
f 4940/1/2 4972/1/2 4978/1/2
f 4978/1/2 4972/1/2 4979/1/2
f 4974/1/2 4975/1/2 4980/1/2
f 4975/1/2 4976/1/2 4980/1/2
f 4973/1/2 4974/1/2 4980/1/2
f 4980/1/2 4976/1/2 4981/1/2
f 4977/1/2 4951/1/2 4982/1/2
f 4951/1/2 4945/1/2 4983/1/2
f 4982/1/2 4951/1/2 4983/1/2
f 4980/1/2 4981/1/2 4985/1/2
f 4981/1/2 4982/1/2 4985/1/2
f 4979/1/2 4980/1/2 4985/1/2
f 4985/1/2 4982/1/2 4986/1/2
f 4986/1/2 4982/1/2 4987/1/2
f 4983/1/2 4945/1/2 4989/1/2
f 4989/1/2 4945/1/2 4990/1/2
f 4984/1/2 4985/1/2 4993/1/2
f 4985/1/2 4986/1/2 4993/1/2
f 4993/1/2 4986/1/2 4994/1/2
f 4994/1/2 4986/1/2 4995/1/2
f 4988/1/2 4989/1/2 4996/1/2
f 4996/1/2 4989/1/2 4997/1/2
f 4560/4/2 4561/4/2 4998/4/2
f 4998/4/2 4561/4/2 4999/4/2
f 4991/2/2 4992/2/2 5002/2/2
f 5002/2/2 4992/2/2 5003/2/2
f 5000/2/2 5001/2/2 5004/2/2
f 5004/2/2 5001/2/2 5005/2/2
f 5006/2/2 5007/2/2 5010/2/2
f 5010/2/2 5007/2/2 5011/2/2
f 5008/2/2 5009/2/2 5012/2/2
f 5012/2/2 5009/2/2 5013/2/2
f 5014/2/2 5015/2/2 5018/2/2
f 5018/2/2 5015/2/2 5019/2/2
f 5016/2/2 5017/2/2 5020/2/2
f 5020/2/2 5017/2/2 5021/2/2
f 5022/2/2 5023/2/2 5026/2/2
f 5026/2/2 5023/2/2 5027/2/2
f 5024/2/2 5025/2/2 5032/2/2
f 5032/2/2 5025/2/2 5033/2/2
f 5028/2/2 5029/2/2 5034/2/2
f 5034/2/2 5029/2/2 5035/2/2
f 5030/2/2 5031/2/2 5036/2/2
f 5036/2/2 5031/2/2 5037/2/2
f 5040/4/2 5041/4/2 5044/4/2
f 5044/4/2 5041/4/2 5045/4/2
f 5042/4/2 5043/4/2 5048/4/2
f 5048/4/2 5043/4/2 5049/4/2
f 5045/4/2 5046/4/2 5050/4/2
f 5050/4/2 5046/4/2 5051/4/2
f 5047/4/2 5048/4/2 5054/4/2
f 5054/4/2 5048/4/2 5055/4/2
f 5051/4/2 5052/4/2 5056/4/2
f 5056/4/2 5052/4/2 5057/4/2
f 5053/4/2 5054/4/2 5058/4/2
f 5058/4/2 5054/4/2 5059/4/2
f 5057/4/2 5058/4/2 5060/4/2
f 5060/4/2 5058/4/2 5061/4/2
f 5057/4/2 5060/4/2 5063/4/2
f 5063/4/2 5060/4/2 5064/4/2
f 5062/4/2 5063/4/2 5067/4/2
f 5067/4/2 5063/4/2 5068/4/2
f 5064/4/2 5065/4/2 5069/4/2
f 5069/4/2 5065/4/2 5070/4/2
f 5038/4/2 5039/4/2 5072/4/2
f 5066/4/2 5067/4/2 5073/4/2
f 5073/4/2 5067/4/2 5074/4/2
f 5070/4/2 5071/4/2 5075/4/2
f 5075/4/2 5071/4/2 5076/4/2
f 5076/4/2 5077/4/2 5078/4/2
f 5078/4/2 5077/4/2 5079/4/2
f 5049/4/2 5043/4/2 5080/4/2
f 5072/4/2 5073/4/2 5081/4/2
f 5038/4/2 5072/4/2 5081/4/2
f 5081/4/2 5073/4/2 5082/4/2
f 5082/4/2 5083/4/2 5084/4/2
f 5084/4/2 5083/4/2 5085/4/2
f 5079/4/2 5080/4/2 5088/4/2
f 5080/4/2 5043/4/2 5089/4/2
f 5088/4/2 5080/4/2 5089/4/2
f 5085/4/2 5086/4/2 5090/4/2
f 5090/4/2 5086/4/2 5091/4/2
f 5087/4/2 5088/4/2 5094/4/2
f 5094/4/2 5088/4/2 5095/4/2
f 5091/4/2 5092/4/2 5096/4/2
f 5096/4/2 5092/4/2 5097/4/2
f 5093/4/2 5094/4/2 5100/4/2
f 5100/4/2 5094/4/2 5101/4/2
f 5097/4/2 5098/4/2 5102/4/2
f 5102/4/2 5098/4/2 5103/4/2
f 5099/4/2 5100/4/2 5104/4/2
f 5104/4/2 5100/4/2 5105/4/2
f 5103/4/2 5104/4/2 5107/4/2
f 5107/4/2 5104/4/2 5108/4/2
f 5106/4/2 5107/4/2 5111/4/2
f 5111/4/2 5107/4/2 5112/4/2
f 5108/4/2 5109/4/2 5113/4/2
f 5113/4/2 5109/4/2 5114/4/2
f 5110/4/2 5111/4/2 5117/4/2
f 5117/4/2 5111/4/2 5118/4/2
f 5114/4/2 5115/4/2 5119/4/2
f 5119/4/2 5115/4/2 5120/4/2
f 5038/4/2 5081/4/2 5122/4/2
f 5116/4/2 5117/4/2 5123/4/2
f 5123/4/2 5117/4/2 5124/4/2
f 5120/4/2 5121/4/2 5125/4/2
f 5125/4/2 5121/4/2 5126/4/2
f 5038/4/2 5122/4/2 5128/4/2
f 5122/4/2 5123/4/2 5128/4/2
f 5128/4/2 5123/4/2 5129/4/2
f 5126/4/2 5127/4/2 5130/4/2
f 5130/4/2 5127/4/2 5131/4/2
f 5089/4/2 5043/4/2 5132/4/2
f 5038/4/2 5128/4/2 5133/4/2
f 5038/4/2 5133/4/2 5135/4/2
f 5133/4/2 5134/4/2 5135/4/2
f 5135/4/2 5134/4/2 5136/4/2
f 5131/4/2 5132/4/2 5139/4/2
f 5132/4/2 5043/4/2 5140/4/2
f 5139/4/2 5132/4/2 5140/4/2
f 5136/4/2 5137/4/2 5141/4/2
f 5141/4/2 5137/4/2 5142/4/2
f 5138/4/2 5139/4/2 5145/4/2
f 5145/4/2 5139/4/2 5146/4/2
f 5142/4/2 5143/4/2 5147/4/2
f 5147/4/2 5143/4/2 5148/4/2
f 5144/4/2 5145/4/2 5151/4/2
f 5151/4/2 5145/4/2 5152/4/2
f 5148/4/2 5149/4/2 5153/4/2
f 5153/4/2 5149/4/2 5154/4/2
f 5150/4/2 5151/4/2 5157/4/2
f 5157/4/2 5151/4/2 5158/4/2
f 5154/4/2 5155/4/2 5159/4/2
f 5159/4/2 5155/4/2 5160/4/2
f 5156/4/2 5157/4/2 5161/4/2
f 5160/4/2 5161/4/2 5163/4/2
f 5161/4/2 5157/4/2 5164/4/2
f 5163/4/2 5161/4/2 5164/4/2
f 5162/4/2 5163/4/2 5167/4/2
f 5167/4/2 5163/4/2 5168/4/2
f 5164/4/2 5165/4/2 5169/4/2
f 5169/4/2 5165/4/2 5170/4/2
f 5166/4/2 5167/4/2 5173/4/2
f 5173/4/2 5167/4/2 5174/4/2
f 5170/4/2 5171/4/2 5175/4/2
f 5175/4/2 5171/4/2 5176/4/2
f 5172/4/2 5173/4/2 5179/4/2
f 5179/4/2 5173/4/2 5180/4/2
f 5176/4/2 5177/4/2 5181/4/2
f 5181/4/2 5177/4/2 5182/4/2
f 5140/4/2 5043/4/2 5183/4/2
f 5178/4/2 5179/4/2 5185/4/2
f 5185/4/2 5179/4/2 5186/4/2
f 5182/4/2 5183/4/2 5187/4/2
f 5183/4/2 5043/4/2 5188/4/2
f 5187/4/2 5183/4/2 5188/4/2
f 5038/4/2 5135/4/2 5189/4/2
f 5184/4/2 5185/4/2 5190/4/2
f 5190/4/2 5185/4/2 5191/4/2
f 5188/4/2 5043/4/2 5193/4/2
f 5038/4/2 5189/4/2 5194/4/2
f 5189/4/2 5190/4/2 5194/4/2
f 5194/4/2 5190/4/2 5195/4/2
f 5192/4/2 5193/4/2 5198/4/2
f 5193/4/2 5043/4/2 5199/4/2
f 5198/4/2 5193/4/2 5199/4/2
f 5195/4/2 5196/4/2 5200/4/2
f 5200/4/2 5196/4/2 5201/4/2
f 5197/4/2 5198/4/2 5204/4/2
f 5204/4/2 5198/4/2 5205/4/2
f 5201/4/2 5202/4/2 5206/4/2
f 5206/4/2 5202/4/2 5207/4/2
f 5203/4/2 5204/4/2 5210/4/2
f 5210/4/2 5204/4/2 5211/4/2
f 5207/4/2 5208/4/2 5212/4/2
f 5212/4/2 5208/4/2 5213/4/2
f 5209/4/2 5210/4/2 5216/4/2
f 5216/4/2 5210/4/2 5217/4/2
f 5213/4/2 5214/4/2 5218/4/2
f 5218/4/2 5214/4/2 5219/4/2
f 5215/4/2 5216/4/2 5220/4/2
f 5220/4/2 5216/4/2 5221/4/2
f 5219/4/2 5220/4/2 5223/4/2
f 5223/4/2 5220/4/2 5224/4/2
f 5222/4/2 5223/4/2 5226/4/2
f 5226/4/2 5223/4/2 5227/4/2
f 5224/4/2 5220/4/2 5228/4/2
f 5228/4/2 5220/4/2 5229/4/2
f 5225/4/2 5226/4/2 5232/4/2
f 5232/4/2 5226/4/2 5233/4/2
f 5229/4/2 5230/4/2 5234/4/2
f 5234/4/2 5230/4/2 5235/4/2
f 5231/4/2 5232/4/2 5238/4/2
f 5238/4/2 5232/4/2 5239/4/2
f 5235/4/2 5236/4/2 5240/4/2
f 5240/4/2 5236/4/2 5241/4/2
f 5038/4/2 5194/4/2 5243/4/2
f 5237/4/2 5238/4/2 5244/4/2
f 5244/4/2 5238/4/2 5245/4/2
f 5241/4/2 5242/4/2 5246/4/2
f 5246/4/2 5242/4/2 5247/4/2
f 5247/4/2 5248/4/2 5249/4/2
f 5249/4/2 5248/4/2 5250/4/2
f 5199/4/2 5043/4/2 5251/4/2
f 5243/4/2 5244/4/2 5252/4/2
f 5038/4/2 5243/4/2 5252/4/2
f 5252/4/2 5244/4/2 5253/4/2
f 5250/4/2 5251/4/2 5256/4/2
f 5253/4/2 5254/4/2 5257/4/2
f 5257/4/2 5254/4/2 5258/4/2
f 5258/4/2 5254/4/2 5259/4/2
f 5255/4/2 5256/4/2 5262/4/2
f 5251/4/2 5043/4/2 5263/4/2
f 5256/4/2 5251/4/2 5263/4/2
f 5262/4/2 5256/4/2 5263/4/2
f 5258/6/2 5259/6/2 5264/6/2
f 5259/4/2 5260/4/2 5265/4/2
f 5264/6/2 5259/6/2 5265/6/2
f 5265/4/2 5260/4/2 5266/4/2
f 5261/4/2 5262/4/2 5269/4/2
f 5269/4/2 5262/4/2 5270/4/2
f 5266/4/2 5267/4/2 5271/4/2
f 5271/4/2 5267/4/2 5272/4/2
f 5268/4/2 5269/4/2 5275/4/2
f 5275/4/2 5269/4/2 5276/4/2
f 5272/4/2 5273/4/2 5277/4/2
f 5277/4/2 5273/4/2 5278/4/2
f 5274/4/2 5275/4/2 5279/4/2
f 5279/4/2 5275/4/2 5280/4/2
f 5278/4/2 5279/4/2 5282/4/2
f 5282/4/2 5279/4/2 5283/4/2
f 5281/4/2 5282/4/2 5286/4/2
f 5286/4/2 5282/4/2 5287/4/2
f 5283/4/2 5284/4/2 5288/4/2
f 5288/4/2 5284/4/2 5289/4/2
f 5285/4/2 5286/4/2 5292/4/2
f 5292/4/2 5286/4/2 5293/4/2
f 5289/4/2 5290/4/2 5294/4/2
f 5294/4/2 5290/4/2 5295/4/2
f 5291/4/2 5292/4/2 5298/4/2
f 5298/4/2 5292/4/2 5299/4/2
f 5295/4/2 5296/4/2 5300/4/2
f 5300/4/2 5296/4/2 5301/4/2
f 5263/4/2 5043/4/2 5302/4/2
f 5038/4/2 5252/4/2 5303/4/2
f 5297/4/2 5298/4/2 5304/4/2
f 5304/4/2 5298/4/2 5305/4/2
f 5301/4/2 5302/4/2 5307/4/2
f 5302/4/2 5043/4/2 5308/4/2
f 5307/4/2 5302/4/2 5308/4/2
f 5303/4/2 5304/4/2 5309/4/2
f 5038/4/2 5303/4/2 5309/4/2
f 5309/4/2 5304/4/2 5310/4/2
f 5306/4/2 5307/4/2 5313/4/2
f 5313/4/2 5307/4/2 5314/4/2
f 5310/4/2 5311/4/2 5315/4/2
f 5309/3/2 5310/3/2 5315/3/2
f 5315/4/2 5311/4/2 5316/4/2
f 5312/4/2 5313/4/2 5319/4/2
f 5319/4/2 5313/4/2 5320/4/2
f 5316/4/2 5317/4/2 5321/4/2
f 5315/3/2 5316/3/2 5321/3/2
f 5321/4/2 5317/4/2 5322/4/2
f 5318/4/2 5319/4/2 5325/4/2
f 5325/4/2 5319/4/2 5326/4/2
f 5322/4/2 5323/4/2 5327/4/2
f 5321/3/2 5322/3/2 5327/3/2
f 5327/4/2 5323/4/2 5328/4/2
f 5324/4/2 5325/4/2 5329/4/2
f 5329/4/2 5325/4/2 5330/4/2
f 5327/3/2 5328/3/2 5331/3/2
f 5321/3/2 5327/3/2 5331/3/2
f 5328/4/2 5329/4/2 5332/4/2
f 5331/3/2 5328/3/2 5332/3/2
f 5332/4/2 5329/4/2 5333/4/2
f 5321/3/2 5331/3/2 5335/3/2
f 5333/4/2 5334/4/2 5336/4/2
f 5335/3/2 5331/3/2 5336/3/2
f 5331/4/2 5332/4/2 5336/4/2
f 5332/4/2 5333/4/2 5336/4/2
f 5336/4/2 5334/4/2 5337/4/2
f 5309/3/2 5315/3/2 5339/3/2
f 5315/3/2 5321/3/2 5339/3/2
f 5321/3/2 5335/3/2 5339/3/2
f 5335/4/2 5336/4/2 5340/4/2
f 5339/3/2 5335/3/2 5340/3/2
f 5340/4/2 5336/4/2 5341/4/2
f 5337/4/2 5338/4/2 5342/4/2
f 5342/4/2 5338/4/2 5343/4/2
f 5038/4/2 5309/4/2 5345/4/2
f 5309/3/2 5339/3/2 5345/3/2
f 5339/4/2 5340/4/2 5346/4/2
f 5345/3/2 5339/3/2 5346/3/2
f 5346/4/2 5340/4/2 5347/4/2
f 5343/4/2 5344/4/2 5348/4/2
f 5348/4/2 5344/4/2 5349/4/2
f 5345/4/2 5346/4/2 5351/4/2
f 5349/4/2 5350/4/2 5353/4/2
f 5353/4/2 5350/4/2 5354/4/2
f 5351/4/2 5352/4/2 5356/4/2
f 5038/4/2 5345/4/2 5356/4/2
f 5345/4/2 5351/4/2 5356/4/2
f 5356/4/2 5352/4/2 5357/4/2
f 5354/4/2 5355/4/2 5359/4/2
f 5359/4/2 5355/4/2 5360/4/2
f 5308/4/2 5043/4/2 5361/4/2
f 5357/4/2 5358/4/2 5362/4/2
f 5362/4/2 5358/4/2 5363/4/2
f 5360/4/2 5361/4/2 5366/4/2
f 5361/4/2 5043/4/2 5367/4/2
f 5366/4/2 5361/4/2 5367/4/2
f 5363/4/2 5364/4/2 5368/4/2
f 5368/4/2 5364/4/2 5369/4/2
f 5365/4/2 5366/4/2 5372/4/2
f 5372/4/2 5366/4/2 5373/4/2
f 5369/4/2 5370/4/2 5374/4/2
f 5374/4/2 5370/4/2 5375/4/2
f 5371/4/2 5372/4/2 5376/4/2
f 5376/4/2 5372/4/2 5377/4/2
f 5375/4/2 5376/4/2 5379/4/2
f 5378/4/2 5379/4/2 5381/4/2
f 5379/4/2 5376/4/2 5382/4/2
f 5381/4/2 5379/4/2 5382/4/2
f 5380/4/2 5381/4/2 5385/4/2
f 5385/4/2 5381/4/2 5386/4/2
f 5382/4/2 5383/4/2 5387/4/2
f 5387/4/2 5383/4/2 5388/4/2
f 5038/4/2 5356/4/2 5390/4/2
f 5384/4/2 5385/4/2 5391/4/2
f 5391/4/2 5385/4/2 5392/4/2
f 5388/4/2 5389/4/2 5393/4/2
f 5393/4/2 5389/4/2 5394/4/2
f 5394/4/2 5395/4/2 5396/4/2
f 5396/4/2 5395/4/2 5397/4/2
f 5367/4/2 5043/4/2 5398/4/2
f 5390/4/2 5391/4/2 5399/4/2
f 5038/4/2 5390/4/2 5399/4/2
f 5399/4/2 5391/4/2 5400/4/2
f 5400/4/2 5401/4/2 5402/4/2
f 5402/4/2 5401/4/2 5403/4/2
f 5397/4/2 5398/4/2 5406/4/2
f 5398/4/2 5043/4/2 5407/4/2
f 5406/4/2 5398/4/2 5407/4/2
f 5403/4/2 5404/4/2 5408/4/2
f 5408/4/2 5404/4/2 5409/4/2
f 5405/4/2 5406/4/2 5412/4/2
f 5412/4/2 5406/4/2 5413/4/2
f 5409/4/2 5410/4/2 5414/4/2
f 5414/4/2 5410/4/2 5415/4/2
f 5411/4/2 5412/4/2 5418/4/2
f 5418/4/2 5412/4/2 5419/4/2
f 5415/4/2 5416/4/2 5420/4/2
f 5420/4/2 5416/4/2 5421/4/2
f 5421/4/2 5416/4/2 5422/4/2
f 5417/4/2 5418/4/2 5423/4/2
f 5423/4/2 5418/4/2 5424/4/2
f 5421/4/2 5422/4/2 5426/4/2
f 5422/4/2 5423/4/2 5426/4/2
f 5426/4/2 5423/4/2 5427/4/2
f 5425/4/2 5426/4/2 5430/4/2
f 5430/4/2 5426/4/2 5431/4/2
f 5427/4/2 5428/4/2 5432/4/2
f 5432/4/2 5428/4/2 5433/4/2
f 5429/4/2 5430/4/2 5436/4/2
f 5436/4/2 5430/4/2 5437/4/2
f 5433/4/2 5434/4/2 5438/4/2
f 5438/4/2 5434/4/2 5439/4/2
f 5038/4/2 5399/4/2 5441/4/2
f 5435/4/2 5436/4/2 5442/4/2
f 5442/4/2 5436/4/2 5443/4/2
f 5439/4/2 5440/4/2 5444/4/2
f 5444/4/2 5440/4/2 5445/4/2
f 5445/4/2 5446/4/2 5447/4/2
f 5407/4/2 5043/4/2 5448/4/2
f 5441/4/2 5442/4/2 5449/4/2
f 5038/4/2 5441/4/2 5449/4/2
f 5449/4/2 5442/4/2 5450/4/2
f 5445/4/2 5447/4/2 5453/4/2
f 5447/4/2 5448/4/2 5453/4/2
f 5448/4/2 5043/4/2 5454/4/2
f 5453/4/2 5448/4/2 5454/4/2
f 5450/4/2 5451/4/2 5455/4/2
f 5455/4/2 5451/4/2 5456/4/2
f 5452/4/2 5453/4/2 5459/4/2
f 5459/4/2 5453/4/2 5460/4/2
f 5456/4/2 5457/4/2 5461/4/2
f 5461/4/2 5457/4/2 5462/4/2
f 5458/4/2 5459/4/2 5465/4/2
f 5465/4/2 5459/4/2 5466/4/2
f 5462/4/2 5463/4/2 5467/4/2
f 5467/4/2 5463/4/2 5468/4/2
f 5464/4/2 5465/4/2 5469/4/2
f 5469/4/2 5465/4/2 5470/4/2
f 5468/4/2 5469/4/2 5472/4/2
f 5472/4/2 5469/4/2 5473/4/2
f 5471/4/2 5472/4/2 5476/4/2
f 5476/4/2 5472/4/2 5477/4/2
f 5473/4/2 5474/4/2 5478/4/2
f 5478/4/2 5474/4/2 5479/4/2
f 5475/4/2 5476/4/2 5482/4/2
f 5482/4/2 5476/4/2 5483/4/2
f 5479/4/2 5480/4/2 5484/4/2
f 5484/4/2 5480/4/2 5485/4/2
f 5038/4/2 5449/4/2 5487/4/2
f 5481/4/2 5482/4/2 5488/4/2
f 5488/4/2 5482/4/2 5489/4/2
f 5485/4/2 5486/4/2 5490/4/2
f 5490/4/2 5486/4/2 5491/4/2
f 5487/4/2 5488/4/2 5493/4/2
f 5038/4/2 5487/4/2 5493/4/2
f 5493/4/2 5488/4/2 5494/4/2
f 5491/4/2 5492/4/2 5496/4/2
f 5496/4/2 5492/4/2 5497/4/2
f 5497/4/2 5492/4/2 5498/4/2
f 5454/4/2 5043/4/2 5499/4/2
f 5038/4/2 5493/4/2 5500/4/2
f 5500/4/2 5493/4/2 5501/4/2
f 5495/2/2 5496/2/2 5502/2/2
f 5496/2/2 5497/2/2 5502/2/2
f 5502/2/2 5497/2/2 5503/2/2
f 5498/4/2 5499/4/2 5504/4/2
f 5499/4/2 5043/4/2 5505/4/2
f 5504/4/2 5499/4/2 5505/4/2
f 5506/2/2 5507/2/2 5510/2/2
f 5510/2/2 5507/2/2 5511/2/2
f 5508/2/2 5509/2/2 5512/2/2
f 5512/2/2 5509/2/2 5513/2/2
f 5514/2/2 5515/2/2 5518/2/2
f 5518/2/2 5515/2/2 5519/2/2
f 5516/2/2 5517/2/2 5520/2/2
f 5520/2/2 5517/2/2 5521/2/2
f 5522/2/2 5523/2/2 5526/2/2
f 5526/2/2 5523/2/2 5527/2/2
f 5524/2/2 5525/2/2 5528/2/2
f 5528/2/2 5525/2/2 5529/2/2
f 5530/2/2 5531/2/2 5534/2/2
f 5534/2/2 5531/2/2 5535/2/2
f 5532/2/2 5533/2/2 5536/2/2
f 5536/2/2 5533/2/2 5537/2/2
f 5538/2/2 5539/2/2 5542/2/2
f 5542/2/2 5539/2/2 5543/2/2
f 5540/2/2 5541/2/2 5544/2/2
f 5544/2/2 5541/2/2 5545/2/2
f 5546/2/2 5547/2/2 5550/2/2
f 5550/2/2 5547/2/2 5551/2/2
f 5548/2/2 5549/2/2 5552/2/2
f 5552/2/2 5549/2/2 5553/2/2
f 5554/2/2 5555/2/2 5558/2/2
f 5558/2/2 5555/2/2 5559/2/2
f 5556/2/2 5557/2/2 5560/2/2
f 5560/2/2 5557/2/2 5561/2/2
f 5562/2/2 5563/2/2 5566/2/2
f 5566/2/2 5563/2/2 5567/2/2
f 5564/2/2 5565/2/2 5568/2/2
f 5568/2/2 5565/2/2 5569/2/2
f 5570/2/2 5571/2/2 5576/2/2
f 5576/2/2 5571/2/2 5577/2/2
f 5572/2/2 5573/2/2 5578/2/2
f 5578/2/2 5573/2/2 5579/2/2
f 5574/2/2 5575/2/2 5582/2/2
f 5582/2/2 5575/2/2 5583/2/2
f 5580/2/2 5581/2/2 5584/2/2
f 5584/2/2 5581/2/2 5585/2/2
f 5586/2/2 5587/2/2 5590/2/2
f 5590/2/2 5587/2/2 5591/2/2
f 5588/2/2 5589/2/2 5592/2/2
f 5592/2/2 5589/2/2 5593/2/2
f 5594/2/2 5595/2/2 5598/2/2
f 5598/2/2 5595/2/2 5599/2/2
f 5596/2/2 5597/2/2 5604/2/2
f 5604/2/2 5597/2/2 5605/2/2
f 5600/2/2 5601/2/2 5606/2/2
f 5606/2/2 5601/2/2 5607/2/2
f 5602/2/2 5603/2/2 5608/2/2
f 5608/2/2 5603/2/2 5609/2/2
f 5610/2/2 5611/2/2 5616/2/2
f 5616/2/2 5611/2/2 5617/2/2
f 5612/2/2 5613/2/2 5618/2/2
f 5618/2/2 5613/2/2 5619/2/2
f 5614/2/2 5615/2/2 5624/2/2
f 5624/2/2 5615/2/2 5625/2/2
f 5620/2/2 5621/2/2 5626/2/2
f 5626/2/2 5621/2/2 5627/2/2
f 5622/2/2 5623/2/2 5631/2/2
f 5631/2/2 5623/2/2 5632/2/2
f 5628/2/2 5629/2/2 5633/2/2
f 5633/2/2 5629/2/2 5634/2/2
f 5630/2/2 5631/2/2 5636/2/2
f 5636/2/2 5631/2/2 5637/2/2
f 5634/2/2 5635/2/2 5640/2/2
f 5640/2/2 5635/2/2 5641/2/2
f 5637/2/2 5638/2/2 5642/2/2
f 5642/2/2 5638/2/2 5643/2/2
f 5639/2/2 5640/2/2 5648/2/2
f 5648/2/2 5640/2/2 5649/2/2
f 5644/2/2 5645/2/2 5650/2/2
f 5650/2/2 5645/2/2 5651/2/2
f 5646/2/2 5647/2/2 5656/2/2
f 5656/2/2 5647/2/2 5657/2/2
f 5652/2/2 5653/2/2 5658/2/2
f 5658/2/2 5653/2/2 5659/2/2
f 5654/2/2 5655/2/2 5660/2/2
f 5660/2/2 5655/2/2 5661/2/2
f 5662/6/2 5663/6/2 5664/6/2
f 5664/6/2 5663/6/2 5665/6/2
f 5666/2/2 5667/2/2 5672/2/2
f 5672/2/2 5667/2/2 5673/2/2
f 5668/2/2 5669/2/2 5674/2/2
f 5674/2/2 5669/2/2 5675/2/2
f 5670/2/2 5671/2/2 5680/2/2
f 5680/2/2 5671/2/2 5681/2/2
f 5676/2/2 5677/2/2 5682/2/2
f 5682/2/2 5677/2/2 5683/2/2
f 5678/2/2 5679/2/2 5686/2/2
f 5686/2/2 5679/2/2 5687/2/2
f 5684/2/2 5685/2/2 5688/2/2
f 5688/2/2 5685/2/2 5689/2/2
f 5690/2/2 5691/2/2 5694/2/2
f 5694/2/2 5691/2/2 5695/2/2
f 5692/2/2 5693/2/2 5700/2/2
f 5700/2/2 5693/2/2 5701/2/2
f 5696/2/2 5697/2/2 5702/2/2
f 5702/2/2 5697/2/2 5703/2/2
f 5698/2/2 5699/2/2 5708/2/2
f 5708/2/2 5699/2/2 5709/2/2
f 5704/2/2 5705/2/2 5710/2/2
f 5710/2/2 5705/2/2 5711/2/2
f 5706/2/2 5707/2/2 5712/2/2
f 5712/2/2 5707/2/2 5713/2/2
f 5714/6/2 5715/6/2 5716/6/2
f 5716/6/2 5715/6/2 5717/6/2
f 5718/2/2 5719/2/2 5724/2/2
f 5724/2/2 5719/2/2 5725/2/2
f 5720/2/2 5721/2/2 5726/2/2
f 5726/2/2 5721/2/2 5727/2/2
f 5722/2/2 5723/2/2 5730/2/2
f 5730/2/2 5723/2/2 5731/2/2
f 5728/2/2 5729/2/2 5732/2/2
f 5732/2/2 5729/2/2 5733/2/2
f 5734/2/2 5735/2/2 5738/2/2
f 5738/2/2 5735/2/2 5739/2/2
f 5736/2/2 5737/2/2 5740/2/2
f 5740/2/2 5737/2/2 5741/2/2
f 5742/2/2 5743/2/2 5746/2/2
f 5746/2/2 5743/2/2 5747/2/2
f 5744/2/2 5745/2/2 5752/2/2
f 5752/2/2 5745/2/2 5753/2/2
f 5748/2/2 5749/2/2 5754/2/2
f 5754/2/2 5749/2/2 5755/2/2
f 5750/2/2 5751/2/2 5756/2/2
f 5756/2/2 5751/2/2 5757/2/2
f 5758/2/2 5759/2/2 5764/2/2
f 5764/2/2 5759/2/2 5765/2/2
f 5760/2/2 5761/2/2 5766/2/2
f 5766/2/2 5761/2/2 5767/2/2
f 5762/2/2 5763/2/2 5772/2/2
f 5772/2/2 5763/2/2 5773/2/2
f 5768/2/2 5769/2/2 5774/2/2
f 5774/2/2 5769/2/2 5775/2/2
f 5770/2/2 5771/2/2 5779/2/2
f 5779/2/2 5771/2/2 5780/2/2
f 5776/2/2 5777/2/2 5781/2/2
f 5781/2/2 5777/2/2 5782/2/2
f 5778/2/2 5779/2/2 5784/2/2
f 5784/2/2 5779/2/2 5785/2/2
f 5782/2/2 5783/2/2 5788/2/2
f 5788/2/2 5783/2/2 5789/2/2
f 5785/2/2 5786/2/2 5790/2/2
f 5790/2/2 5786/2/2 5791/2/2
f 5787/2/2 5788/2/2 5796/2/2
f 5796/2/2 5788/2/2 5797/2/2
f 5792/2/2 5793/2/2 5798/2/2
f 5798/2/2 5793/2/2 5799/2/2
f 5794/2/2 5795/2/2 5804/2/2
f 5804/2/2 5795/2/2 5805/2/2
f 5800/2/2 5801/2/2 5806/2/2
f 5806/2/2 5801/2/2 5807/2/2
f 5802/2/2 5803/2/2 5808/2/2
f 5808/2/2 5803/2/2 5809/2/2
f 5810/6/2 5811/6/2 5812/6/2
f 5812/6/2 5811/6/2 5813/6/2
f 5814/2/2 5815/2/2 5818/2/2
f 5818/2/2 5815/2/2 5819/2/2
f 5816/2/2 5817/2/2 5824/2/2
f 5824/2/2 5817/2/2 5825/2/2
f 5820/2/2 5821/2/2 5826/2/2
f 5826/2/2 5821/2/2 5827/2/2
f 5822/2/2 5823/2/2 5831/2/2
f 5831/2/2 5823/2/2 5832/2/2
f 5828/2/2 5829/2/2 5833/2/2
f 5833/2/2 5829/2/2 5834/2/2
f 5830/2/2 5831/2/2 5836/2/2
f 5836/2/2 5831/2/2 5837/2/2
f 5834/2/2 5835/2/2 5840/2/2
f 5840/2/2 5835/2/2 5841/2/2
f 5837/2/2 5838/2/2 5842/2/2
f 5842/2/2 5838/2/2 5843/2/2
f 5839/2/2 5840/2/2 5848/2/2
f 5848/2/2 5840/2/2 5849/2/2
f 5844/2/2 5845/2/2 5850/2/2
f 5850/2/2 5845/2/2 5851/2/2
f 5846/2/2 5847/2/2 5854/2/2
f 5854/2/2 5847/2/2 5855/2/2
f 5852/2/2 5853/2/2 5856/2/2
f 5856/2/2 5853/2/2 5857/2/2
f 5858/6/2 5859/6/2 5862/6/2
f 5860/6/2 5861/6/2 5863/6/2
f 5858/6/2 5862/6/2 5864/6/2
f 5864/6/2 5862/6/2 5865/6/2
f 5863/6/2 5861/6/2 5866/6/2
f 5866/6/2 5861/6/2 5867/6/2
f 5868/2/2 5869/2/2 5874/2/2
f 5874/2/2 5869/2/2 5875/2/2
f 5870/2/2 5871/2/2 5876/2/2
f 5876/2/2 5871/2/2 5877/2/2
f 5872/2/2 5873/2/2 5881/2/2
f 5881/2/2 5873/2/2 5882/2/2
f 5878/2/2 5879/2/2 5883/2/2
f 5883/2/2 5879/2/2 5884/2/2
f 5880/2/2 5881/2/2 5886/2/2
f 5886/2/2 5881/2/2 5887/2/2
f 5884/2/2 5885/2/2 5890/2/2
f 5890/2/2 5885/2/2 5891/2/2
f 5887/2/2 5888/2/2 5892/2/2
f 5892/2/2 5888/2/2 5893/2/2
f 5889/2/2 5890/2/2 5898/2/2
f 5898/2/2 5890/2/2 5899/2/2
f 5894/2/2 5895/2/2 5900/2/2
f 5900/2/2 5895/2/2 5901/2/2
f 5896/2/2 5897/2/2 5902/2/2
f 5902/2/2 5897/2/2 5903/2/2
f 5904/2/2 5905/2/2 5910/2/2
f 5910/2/2 5905/2/2 5911/2/2
f 5906/2/2 5907/2/2 5912/2/2
f 5912/2/2 5907/2/2 5913/2/2
f 5908/2/2 5909/2/2 5918/2/2
f 5918/2/2 5909/2/2 5919/2/2
f 5914/2/2 5915/2/2 5920/2/2
f 5920/2/2 5915/2/2 5921/2/2
f 5916/2/2 5917/2/2 5924/2/2
f 5924/2/2 5917/2/2 5925/2/2
f 5922/2/2 5923/2/2 5930/2/2
f 5930/2/2 5923/2/2 5931/2/2
f 5926/2/2 5927/2/2 5932/2/2
f 5932/2/2 5927/2/2 5933/2/2
f 5928/2/2 5929/2/2 5938/2/2
f 5938/2/2 5929/2/2 5939/2/2
f 5934/2/2 5935/2/2 5940/2/2
f 5940/2/2 5935/2/2 5941/2/2
f 5936/2/2 5937/2/2 5942/2/2
f 5942/2/2 5937/2/2 5943/2/2
f 5944/2/2 5945/2/2 5950/2/2
f 5950/2/2 5945/2/2 5951/2/2
f 5946/2/2 5947/2/2 5952/2/2
f 5952/2/2 5947/2/2 5953/2/2
f 5948/2/2 5949/2/2 5957/2/2
f 5957/2/2 5949/2/2 5958/2/2
f 5954/2/2 5955/2/2 5959/2/2
f 5959/2/2 5955/2/2 5960/2/2
f 5956/2/2 5957/2/2 5962/2/2
f 5962/2/2 5957/2/2 5963/2/2
f 5960/2/2 5961/2/2 5966/2/2
f 5966/2/2 5961/2/2 5967/2/2
f 5963/2/2 5964/2/2 5968/2/2
f 5968/2/2 5964/2/2 5969/2/2
f 5965/2/2 5966/2/2 5974/2/2
f 5974/2/2 5966/2/2 5975/2/2
f 5970/2/2 5971/2/2 5976/2/2
f 5976/2/2 5971/2/2 5977/2/2
f 5972/2/2 5973/2/2 5978/2/2
f 5978/2/2 5973/2/2 5979/2/2
f 5980/6/2 5981/6/2 5982/6/2
f 5982/6/2 5981/6/2 5983/6/2
f 5984/2/2 5985/2/2 5988/2/2
f 5988/2/2 5985/2/2 5989/2/2
f 5986/2/2 5987/2/2 5994/2/2
f 5994/2/2 5987/2/2 5995/2/2
f 5990/2/2 5991/2/2 5996/2/2
f 5996/2/2 5991/2/2 5997/2/2
f 5992/2/2 5993/2/2 6000/2/2
f 6000/2/2 5993/2/2 6001/2/2
f 5998/2/2 5999/2/2 6006/2/2
f 6006/2/2 5999/2/2 6007/2/2
f 6002/2/2 6003/2/2 6008/2/2
f 6008/2/2 6003/2/2 6009/2/2
f 6004/2/2 6005/2/2 6012/2/2
f 6012/2/2 6005/2/2 6013/2/2
f 6010/2/2 6011/2/2 6014/2/2
f 6014/2/2 6011/2/2 6015/2/2
f 6016/2/2 6017/2/2 6021/2/2
f 6021/2/2 6017/2/2 6022/2/2
f 6018/2/2 6019/2/2 6023/2/2
f 6023/2/2 6019/2/2 6024/2/2
f 6020/2/2 6021/2/2 6026/2/2
f 6026/2/2 6021/2/2 6027/2/2
f 6024/2/2 6025/2/2 6030/2/2
f 6030/2/2 6025/2/2 6031/2/2
f 6027/2/2 6028/2/2 6032/2/2
f 6032/2/2 6028/2/2 6033/2/2
f 6029/2/2 6030/2/2 6034/2/2
f 6034/2/2 6030/2/2 6035/2/2
f 6036/2/2 6037/2/2 6042/2/2
f 6042/2/2 6037/2/2 6043/2/2
f 6038/2/2 6039/2/2 6044/2/2
f 6044/2/2 6039/2/2 6045/2/2
f 6040/2/2 6041/2/2 6048/2/2
f 6048/2/2 6041/2/2 6049/2/2
f 6046/2/2 6047/2/2 6054/2/2
f 6054/2/2 6047/2/2 6055/2/2
f 6050/2/2 6051/2/2 6056/2/2
f 6056/2/2 6051/2/2 6057/2/2
f 6052/2/2 6053/2/2 6058/2/2
f 6058/2/2 6053/2/2 6059/2/2
f 6060/2/2 6061/2/2 6064/2/2
f 6064/2/2 6061/2/2 6065/2/2
f 6062/2/2 6063/2/2 6068/2/2
f 6068/2/2 6063/2/2 6069/2/2
f 6066/2/2 6067/2/2 6072/2/2
f 6072/2/2 6067/2/2 6073/2/2
f 6070/2/2 6071/2/2 6074/2/2
f 6074/2/2 6071/2/2 6075/2/2
f 6076/2/2 6077/2/2 6078/2/2
f 6078/2/2 6077/2/2 6079/2/2
f 6082/2/3 6081/2/3 6080/2/3
f 6083/2/3 6081/2/3 6082/2/3
f 6087/2/3 6085/2/3 6084/2/3
f 6088/2/3 6085/2/3 6087/2/3
f 6090/2/3 6087/2/3 6086/2/3
f 6091/2/3 6087/2/3 6090/2/3
f 6092/2/3 6089/2/3 6088/2/3
f 6093/2/3 6089/2/3 6092/2/3
f 6094/2/3 6092/2/3 6091/2/3
f 6095/2/3 6092/2/3 6094/2/3
f 6099/2/3 6097/2/3 6096/2/3
f 6100/2/3 6097/2/3 6099/2/3
f 6102/2/3 6099/2/3 6098/2/3
f 6103/2/3 6099/2/3 6102/2/3
f 6104/2/3 6101/2/3 6100/2/3
f 6105/2/3 6101/2/3 6104/2/3
f 6110/2/3 6107/2/3 6106/2/3
f 6111/2/3 6107/2/3 6110/2/3
f 6112/2/3 6109/2/3 6108/2/3
f 6113/2/3 6109/2/3 6112/2/3
f 6114/2/3 6112/2/3 6111/2/3
f 6115/2/3 6112/2/3 6114/2/3
f 6118/2/3 6117/2/3 6116/2/3
f 6119/2/3 6117/2/3 6118/2/3
f 6124/2/3 6121/2/3 6120/2/3
f 6125/2/3 6121/2/3 6124/2/3
f 6126/2/3 6123/2/3 6122/2/3
f 6127/2/3 6123/2/3 6126/2/3
f 6132/2/3 6129/2/3 6128/2/3
f 6133/2/3 6129/2/3 6132/2/3
f 6134/2/3 6131/2/3 6130/2/3
f 6135/2/3 6131/2/3 6134/2/3
f 6140/2/3 6137/2/3 6136/2/3
f 6141/2/3 6137/2/3 6140/2/3
f 6142/2/3 6139/2/3 6138/2/3
f 6143/2/3 6139/2/3 6142/2/3
f 6146/2/3 6145/2/3 6144/2/3
f 6147/2/3 6145/2/3 6146/2/3
f 6152/2/3 6149/2/3 6148/2/3
f 6153/2/3 6149/2/3 6152/2/3
f 6158/2/3 6155/2/3 6154/2/3
f 6159/2/3 6155/2/3 6158/2/3
f 6160/2/3 6157/2/3 6156/2/3
f 6161/2/3 6157/2/3 6160/2/3
f 6166/2/3 6163/2/3 6162/2/3
f 6167/2/3 6163/2/3 6166/2/3
f 6168/2/3 6165/2/3 6164/2/3
f 6169/2/3 6165/2/3 6168/2/3
f 6174/2/3 6171/2/3 6170/2/3
f 6175/2/3 6171/2/3 6174/2/3
f 6176/2/3 6173/2/3 6172/2/3
f 6177/2/3 6173/2/3 6176/2/3
f 6182/2/3 6179/2/3 6178/2/3
f 6183/2/3 6179/2/3 6182/2/3
f 6184/2/3 6181/2/3 6180/2/3
f 6185/2/3 6181/2/3 6184/2/3
f 6188/2/3 6187/2/3 6186/2/3
f 6189/2/3 6187/2/3 6188/2/3
f 6190/6/3 6151/6/3 6150/6/3
f 6191/6/3 6151/6/3 6190/6/3
f 6195/2/3 6193/2/3 6192/2/3
f 6196/2/3 6193/2/3 6195/2/3
f 6198/2/3 6195/2/3 6194/2/3
f 6199/2/3 6195/2/3 6198/2/3
f 6200/2/3 6197/2/3 6196/2/3
f 6201/2/3 6197/2/3 6200/2/3
f 6206/2/3 6203/2/3 6202/2/3
f 6207/2/3 6203/2/3 6206/2/3
f 6208/2/3 6205/2/3 6204/2/3
f 6209/2/3 6205/2/3 6208/2/3
f 6214/2/3 6211/2/3 6210/2/3
f 6215/2/3 6211/2/3 6214/2/3
f 6216/2/3 6213/2/3 6212/2/3
f 6217/2/3 6213/2/3 6216/2/3
f 6222/2/3 6219/2/3 6218/2/3
f 6223/2/3 6219/2/3 6222/2/3
f 6224/2/3 6221/2/3 6220/2/3
f 6225/2/3 6221/2/3 6224/2/3
f 6226/2/3 6224/2/3 6223/2/3
f 6227/2/3 6224/2/3 6226/2/3
f 6230/2/3 6229/2/3 6228/2/3
f 6231/2/3 6229/2/3 6230/2/3
f 6236/2/3 6233/2/3 6232/2/3
f 6237/2/3 6233/2/3 6236/2/3
f 6238/2/3 6235/2/3 6234/2/3
f 6239/2/3 6235/2/3 6238/2/3
f 6244/2/3 6241/2/3 6240/2/3
f 6245/2/3 6241/2/3 6244/2/3
f 6246/2/3 6243/2/3 6242/2/3
f 6247/2/3 6243/2/3 6246/2/3
f 6252/2/3 6249/2/3 6248/2/3
f 6253/2/3 6249/2/3 6252/2/3
f 6254/2/3 6251/2/3 6250/2/3
f 6255/2/3 6251/2/3 6254/2/3
f 6260/2/3 6257/2/3 6256/2/3
f 6261/2/3 6257/2/3 6260/2/3
f 6262/2/3 6259/2/3 6258/2/3
f 6263/2/3 6259/2/3 6262/2/3
f 6266/2/3 6265/2/3 6264/2/3
f 6267/2/3 6265/2/3 6266/2/3
f 6273/2/3 6269/2/3 6268/2/3
f 6274/2/3 6269/2/3 6273/2/3
f 6276/2/3 6273/2/3 6272/2/3
f 6277/2/3 6273/2/3 6276/2/3
f 6278/2/3 6275/2/3 6274/2/3
f 6279/2/3 6275/2/3 6278/2/3
f 6280/6/3 6271/6/3 6270/6/3
f 6281/6/3 6271/6/3 6280/6/3
f 6282/6/3 6271/6/3 6281/6/3
f 6287/2/3 6284/2/3 6283/2/3
f 6288/2/3 6284/2/3 6287/2/3
f 6289/2/3 6286/2/3 6285/2/3
f 6290/2/3 6286/2/3 6289/2/3
f 6295/2/3 6292/2/3 6291/2/3
f 6296/2/3 6292/2/3 6295/2/3
f 6297/2/3 6294/2/3 6293/2/3
f 6298/2/3 6294/2/3 6297/2/3
f 6303/2/3 6300/2/3 6299/2/3
f 6304/2/3 6300/2/3 6303/2/3
f 6305/2/3 6302/2/3 6301/2/3
f 6306/2/3 6302/2/3 6305/2/3
f 6314/2/3 6311/2/3 6310/2/3
f 6315/2/3 6311/2/3 6314/2/3
f 6316/2/3 6313/2/3 6312/2/3
f 6317/2/3 6313/2/3 6316/2/3
f 6318/2/3 6316/2/3 6315/2/3
f 6319/2/3 6316/2/3 6318/2/3
f 6320/6/3 6308/6/3 6307/6/3
f 6320/6/3 6309/6/3 6308/6/3
f 6321/6/3 6309/6/3 6320/6/3
f 6325/2/3 6323/2/3 6322/2/3
f 6326/2/3 6323/2/3 6325/2/3
f 6328/2/3 6325/2/3 6324/2/3
f 6329/2/3 6325/2/3 6328/2/3
f 6330/2/3 6327/2/3 6326/2/3
f 6331/2/3 6327/2/3 6330/2/3
f 6338/2/3 6333/2/3 6332/2/3
f 6339/2/3 6333/2/3 6338/2/3
f 6340/2/3 6335/2/3 6334/2/3
f 6341/2/3 6335/2/3 6340/2/3
f 6346/2/3 6343/2/3 6342/2/3
f 6347/2/3 6343/2/3 6346/2/3
f 6348/2/3 6345/2/3 6344/2/3
f 6349/2/3 6345/2/3 6348/2/3
f 6354/2/3 6351/2/3 6350/2/3
f 6355/2/3 6351/2/3 6354/2/3
f 6356/2/3 6353/2/3 6352/2/3
f 6357/2/3 6353/2/3 6356/2/3
f 6362/2/3 6359/2/3 6358/2/3
f 6363/2/3 6359/2/3 6362/2/3
f 6364/2/3 6361/2/3 6360/2/3
f 6365/2/3 6361/2/3 6364/2/3
f 6366/6/3 6337/6/3 6336/6/3
f 6367/6/3 6337/6/3 6366/6/3
f 6372/2/3 6369/2/3 6368/2/3
f 6373/2/3 6369/2/3 6372/2/3
f 6374/2/3 6371/2/3 6370/2/3
f 6375/2/3 6371/2/3 6374/2/3
f 6376/2/3 6374/2/3 6373/2/3
f 6377/2/3 6374/2/3 6376/2/3
f 6381/2/3 6379/2/3 6378/2/3
f 6382/2/3 6379/2/3 6381/2/3
f 6384/2/3 6381/2/3 6380/2/3
f 6385/2/3 6381/2/3 6384/2/3
f 6386/2/3 6383/2/3 6382/2/3
f 6387/2/3 6383/2/3 6386/2/3
f 6392/2/3 6389/2/3 6388/2/3
f 6393/2/3 6389/2/3 6392/2/3
f 6394/2/3 6391/2/3 6390/2/3
f 6395/2/3 6391/2/3 6394/2/3
f 6400/2/3 6397/2/3 6396/2/3
f 6401/2/3 6397/2/3 6400/2/3
f 6402/2/3 6399/2/3 6398/2/3
f 6403/2/3 6399/2/3 6402/2/3
f 6408/2/3 6405/2/3 6404/2/3
f 6409/2/3 6405/2/3 6408/2/3
f 6410/2/3 6407/2/3 6406/2/3
f 6411/2/3 6407/2/3 6410/2/3
f 6416/2/3 6413/2/3 6412/2/3
f 6417/2/3 6413/2/3 6416/2/3
f 6418/2/3 6415/2/3 6414/2/3
f 6419/2/3 6415/2/3 6418/2/3
f 6424/2/3 6421/2/3 6420/2/3
f 6425/2/3 6421/2/3 6424/2/3
f 6426/2/3 6423/2/3 6422/2/3
f 6427/2/3 6423/2/3 6426/2/3
f 6428/2/3 6426/2/3 6425/2/3
f 6429/2/3 6426/2/3 6428/2/3
f 6432/2/3 6431/2/3 6430/2/3
f 6433/2/3 6431/2/3 6432/2/3
f 6438/2/3 6435/2/3 6434/2/3
f 6439/2/3 6435/2/3 6438/2/3
f 6440/2/3 6437/2/3 6436/2/3
f 6441/2/3 6437/2/3 6440/2/3
f 6446/2/3 6443/2/3 6442/2/3
f 6447/2/3 6443/2/3 6446/2/3
f 6448/2/3 6445/2/3 6444/2/3
f 6449/2/3 6445/2/3 6448/2/3
f 6454/2/3 6451/2/3 6450/2/3
f 6455/2/3 6451/2/3 6454/2/3
f 6456/2/3 6453/2/3 6452/2/3
f 6457/2/3 6453/2/3 6456/2/3
f 6462/2/3 6459/2/3 6458/2/3
f 6463/2/3 6459/2/3 6462/2/3
f 6464/2/3 6461/2/3 6460/2/3
f 6465/2/3 6461/2/3 6464/2/3
f 6468/2/3 6467/2/3 6466/2/3
f 6469/2/3 6467/2/3 6468/2/3
f 6476/2/3 6473/2/3 6472/2/3
f 6477/2/3 6473/2/3 6476/2/3
f 6478/2/3 6475/2/3 6474/2/3
f 6479/2/3 6475/2/3 6478/2/3
f 6480/6/3 6471/6/3 6470/6/3
f 6481/6/3 6471/6/3 6480/6/3
f 6486/2/3 6483/2/3 6482/2/3
f 6487/2/3 6483/2/3 6486/2/3
f 6488/2/3 6485/2/3 6484/2/3
f 6489/2/3 6485/2/3 6488/2/3
f 6494/2/3 6491/2/3 6490/2/3
f 6495/2/3 6491/2/3 6494/2/3
f 6496/2/3 6493/2/3 6492/2/3
f 6497/2/3 6493/2/3 6496/2/3
f 6502/2/3 6499/2/3 6498/2/3
f 6503/2/3 6499/2/3 6502/2/3
f 6504/2/3 6501/2/3 6500/2/3
f 6505/2/3 6501/2/3 6504/2/3
f 6510/2/3 6507/2/3 6506/2/3
f 6511/2/3 6507/2/3 6510/2/3
f 6512/2/3 6509/2/3 6508/2/3
f 6513/2/3 6509/2/3 6512/2/3
f 6520/2/3 6517/2/3 6516/2/3
f 6521/2/3 6517/2/3 6520/2/3
f 6522/2/3 6519/2/3 6518/2/3
f 6523/2/3 6519/2/3 6522/2/3
f 6524/6/3 6515/6/3 6514/6/3
f 6525/6/3 6515/6/3 6524/6/3
f 6529/2/3 6527/2/3 6526/2/3
f 6530/2/3 6527/2/3 6529/2/3
f 6532/2/3 6529/2/3 6528/2/3
f 6533/2/3 6529/2/3 6532/2/3
f 6534/2/3 6531/2/3 6530/2/3
f 6535/2/3 6531/2/3 6534/2/3
f 6540/2/3 6537/2/3 6536/2/3
f 6541/2/3 6537/2/3 6540/2/3
f 6542/2/3 6539/2/3 6538/2/3
f 6543/2/3 6539/2/3 6542/2/3
f 6548/2/3 6545/2/3 6544/2/3
f 6549/2/3 6545/2/3 6548/2/3
f 6550/2/3 6547/2/3 6546/2/3
f 6551/2/3 6547/2/3 6550/2/3
f 6556/2/3 6553/2/3 6552/2/3
f 6557/2/3 6553/2/3 6556/2/3
f 6558/2/3 6555/2/3 6554/2/3
f 6559/2/3 6555/2/3 6558/2/3
f 6564/2/3 6561/2/3 6560/2/3
f 6565/2/3 6561/2/3 6564/2/3
f 6566/2/3 6563/2/3 6562/2/3
f 6567/2/3 6563/2/3 6566/2/3
f 6572/2/3 6569/2/3 6568/2/3
f 6573/2/3 6569/2/3 6572/2/3
f 6574/2/3 6571/2/3 6570/2/3
f 6575/2/3 6571/2/3 6574/2/3
f 6576/2/3 6574/2/3 6573/2/3
f 6577/2/3 6574/2/3 6576/2/3
f 6580/2/3 6579/2/3 6578/2/3
f 6581/2/3 6579/2/3 6580/2/3
f 6586/2/3 6583/2/3 6582/2/3
f 6587/2/3 6583/2/3 6586/2/3
f 6588/2/3 6585/2/3 6584/2/3
f 6589/2/3 6585/2/3 6588/2/3
f 6594/2/3 6591/2/3 6590/2/3
f 6595/2/3 6591/2/3 6594/2/3
f 6596/2/3 6593/2/3 6592/2/3
f 6597/2/3 6593/2/3 6596/2/3
f 6602/2/3 6599/2/3 6598/2/3
f 6603/2/3 6599/2/3 6602/2/3
f 6604/2/3 6601/2/3 6600/2/3
f 6605/2/3 6601/2/3 6604/2/3
f 6610/2/3 6607/2/3 6606/2/3
f 6611/2/3 6607/2/3 6610/2/3
f 6612/2/3 6609/2/3 6608/2/3
f 6613/2/3 6609/2/3 6612/2/3
f 6616/2/3 6615/2/3 6614/2/3
f 6617/2/3 6615/2/3 6616/2/3
f 6622/2/3 6619/2/3 6618/2/3
f 6623/2/3 6619/2/3 6622/2/3
f 6624/2/3 6621/2/3 6620/2/3
f 6625/2/3 6621/2/3 6624/2/3
f 6630/2/3 6627/2/3 6626/2/3
f 6631/2/3 6627/2/3 6630/2/3
f 6632/2/3 6629/2/3 6628/2/3
f 6633/2/3 6629/2/3 6632/2/3
f 6638/2/3 6635/2/3 6634/2/3
f 6639/2/3 6635/2/3 6638/2/3
f 6640/2/3 6637/2/3 6636/2/3
f 6641/2/3 6637/2/3 6640/2/3
f 6646/2/3 6643/2/3 6642/2/3
f 6647/2/3 6643/2/3 6646/2/3
f 6648/2/3 6645/2/3 6644/2/3
f 6649/2/3 6645/2/3 6648/2/3
f 6654/2/3 6651/2/3 6650/2/3
f 6655/2/3 6651/2/3 6654/2/3
f 6656/2/3 6653/2/3 6652/2/3
f 6657/2/3 6653/2/3 6656/2/3
f 6661/2/3 6659/2/3 6658/2/3
f 6662/2/3 6659/2/3 6661/2/3
f 6664/2/3 6661/2/3 6660/2/3
f 6665/2/3 6661/2/3 6664/2/3
f 6666/2/3 6663/2/3 6662/2/3
f 6667/2/3 6663/2/3 6666/2/3
f 6672/2/3 6669/2/3 6668/2/3
f 6673/2/3 6669/2/3 6672/2/3
f 6674/2/3 6671/2/3 6670/2/3
f 6675/2/3 6671/2/3 6674/2/3
f 6680/2/3 6677/2/3 6676/2/3
f 6681/2/3 6677/2/3 6680/2/3
f 6682/2/3 6679/2/3 6678/2/3
f 6683/2/3 6679/2/3 6682/2/3
f 6688/2/3 6685/2/3 6684/2/3
f 6689/2/3 6685/2/3 6688/2/3
f 6690/2/3 6687/2/3 6686/2/3
f 6691/2/3 6687/2/3 6690/2/3
f 6696/2/3 6693/2/3 6692/2/3
f 6697/2/3 6693/2/3 6696/2/3
f 6698/2/3 6695/2/3 6694/2/3
f 6699/2/3 6695/2/3 6698/2/3
f 6704/2/3 6701/2/3 6700/2/3
f 6705/2/3 6701/2/3 6704/2/3
f 6706/2/3 6703/2/3 6702/2/3
f 6707/2/3 6703/2/3 6706/2/3
f 6708/2/3 6706/2/3 6705/2/3
f 6709/2/3 6706/2/3 6708/2/3
f 6714/2/3 6711/2/3 6710/2/3
f 6715/2/3 6711/2/3 6714/2/3
f 6716/2/3 6713/2/3 6712/2/3
f 6717/2/3 6713/2/3 6716/2/3
f 6722/4/3 6719/4/3 6718/4/3
f 6723/4/3 6719/4/3 6722/4/3
f 6724/4/3 6719/4/3 6723/4/3
f 6725/4/3 6719/4/3 6724/4/3
f 6726/4/3 6719/4/3 6725/4/3
f 6727/4/3 6719/4/3 6726/4/3
f 6728/4/3 6719/4/3 6727/4/3
f 6729/4/3 6719/4/3 6728/4/3
f 6730/4/3 6719/4/3 6729/4/3
f 6731/4/3 6719/4/3 6730/4/3
f 6732/4/3 6719/4/3 6731/4/3
f 6733/4/3 6719/4/3 6732/4/3
f 6734/4/3 6719/4/3 6733/4/3
f 6735/4/3 6719/4/3 6734/4/3
f 6736/4/3 6719/4/3 6735/4/3
f 6737/4/3 6719/4/3 6736/4/3
f 6738/4/3 6719/4/3 6737/4/3
f 6739/4/3 6719/4/3 6738/4/3
f 6740/4/3 6719/4/3 6739/4/3
f 6741/4/3 6719/4/3 6740/4/3
f 6742/4/3 6719/4/3 6741/4/3
f 6743/4/3 6719/4/3 6742/4/3
f 6745/4/3 6726/4/3 6725/4/3
f 6746/4/3 6726/4/3 6745/4/3
f 6748/4/3 6728/4/3 6727/4/3
f 6749/4/3 6728/4/3 6748/4/3
f 6752/4/3 6730/4/3 6729/4/3
f 6753/4/3 6730/4/3 6752/4/3
f 6756/4/3 6732/4/3 6731/4/3
f 6757/4/3 6732/4/3 6756/4/3
f 6760/4/3 6734/4/3 6733/4/3
f 6761/4/3 6734/4/3 6760/4/3
f 6764/4/3 6736/4/3 6735/4/3
f 6766/4/3 6738/4/3 6737/4/3
f 6767/4/3 6738/4/3 6766/4/3
f 6770/4/3 6740/4/3 6739/4/3
f 6771/4/3 6740/4/3 6770/4/3
f 6773/4/3 6742/4/3 6741/4/3
f 6776/4/3 6724/4/3 6723/4/3
f 6777/4/3 6724/4/3 6776/4/3
f 6780/4/3 6748/4/3 6727/4/3
f 6781/4/3 6748/4/3 6780/4/3
f 6782/4/3 6764/4/3 6763/4/3
f 6782/4/3 6736/4/3 6764/4/3
f 6783/4/3 6736/4/3 6782/4/3
f 6785/4/3 6740/4/3 6771/4/3
f 6786/4/3 6740/4/3 6785/4/3
f 6788/4/3 6773/4/3 6772/4/3
f 6788/4/3 6742/4/3 6773/4/3
f 6789/4/3 6742/4/3 6788/4/3
f 6791/4/3 6775/4/3 6774/4/3
f 6792/4/3 6775/4/3 6791/4/3
f 6793/2/3 6721/2/3 6720/2/3
f 6794/2/3 6721/2/3 6793/2/3
f 6796/4/3 6745/4/3 6744/4/3
f 6797/4/3 6745/4/3 6796/4/3
f 6798/4/3 6747/4/3 6746/4/3
f 6799/4/3 6747/4/3 6798/4/3
f 6801/4/3 6750/4/3 6749/4/3
f 6802/4/3 6750/4/3 6801/4/3
f 6805/4/3 6752/4/3 6751/4/3
f 6806/4/3 6752/4/3 6805/4/3
f 6807/4/3 6754/4/3 6753/4/3
f 6808/4/3 6754/4/3 6807/4/3
f 6811/4/3 6756/4/3 6755/4/3
f 6812/4/3 6756/4/3 6811/4/3
f 6813/4/3 6758/4/3 6757/4/3
f 6814/4/3 6758/4/3 6813/4/3
f 6817/4/3 6760/4/3 6759/4/3
f 6818/4/3 6760/4/3 6817/4/3
f 6819/4/3 6762/4/3 6761/4/3
f 6820/4/3 6762/4/3 6819/4/3
f 6823/4/3 6782/4/3 6763/4/3
f 6824/4/3 6782/4/3 6823/4/3
f 6826/4/3 6766/4/3 6765/4/3
f 6827/4/3 6766/4/3 6826/4/3
f 6829/4/3 6770/4/3 6769/4/3
f 6830/4/3 6770/4/3 6829/4/3
f 6832/4/3 6788/4/3 6772/4/3
f 6833/4/3 6788/4/3 6832/4/3
f 6837/4/3 6780/4/3 6779/4/3
f 6838/4/3 6780/4/3 6837/4/3
f 6840/4/3 6805/4/3 6804/4/3
f 6841/4/3 6805/4/3 6840/4/3
f 6842/4/3 6809/4/3 6808/4/3
f 6843/4/3 6809/4/3 6842/4/3
f 6846/4/3 6811/4/3 6810/4/3
f 6847/4/3 6811/4/3 6846/4/3
f 6848/4/3 6821/4/3 6820/4/3
f 6849/4/3 6821/4/3 6848/4/3
f 6851/4/3 6784/4/3 6783/4/3
f 6852/4/3 6784/4/3 6851/4/3
f 6854/4/3 6768/4/3 6767/4/3
f 6855/4/3 6768/4/3 6854/4/3
f 6857/4/3 6787/4/3 6786/4/3
f 6858/4/3 6787/4/3 6857/4/3
f 6860/4/3 6790/4/3 6789/4/3
f 6861/4/3 6790/4/3 6860/4/3
f 6863/4/3 6778/4/3 6777/4/3
f 6864/4/3 6778/4/3 6863/4/3
f 6867/4/3 6796/4/3 6795/4/3
f 6868/4/3 6796/4/3 6867/4/3
f 6869/4/3 6800/4/3 6799/4/3
f 6870/4/3 6800/4/3 6869/4/3
f 6872/4/3 6803/4/3 6802/4/3
f 6873/4/3 6803/4/3 6872/4/3
f 6876/4/3 6846/4/3 6845/4/3
f 6877/4/3 6846/4/3 6876/4/3
f 6878/4/3 6815/4/3 6814/4/3
f 6879/4/3 6815/4/3 6878/4/3
f 6882/4/3 6817/4/3 6816/4/3
f 6883/4/3 6817/4/3 6882/4/3
f 6885/4/3 6823/4/3 6822/4/3
f 6886/4/3 6823/4/3 6885/4/3
f 6888/4/3 6826/4/3 6825/4/3
f 6889/4/3 6826/4/3 6888/4/3
f 6891/4/3 6829/4/3 6828/4/3
f 6892/4/3 6829/4/3 6891/4/3
f 6894/4/3 6832/4/3 6831/4/3
f 6895/4/3 6832/4/3 6894/4/3
f 6897/4/3 6835/4/3 6834/4/3
f 6898/4/3 6835/4/3 6897/4/3
f 6900/4/3 6837/4/3 6836/4/3
f 6901/4/3 6837/4/3 6900/4/3
f 6903/4/3 6840/4/3 6839/4/3
f 6904/4/3 6840/4/3 6903/4/3
f 6905/4/3 6844/4/3 6843/4/3
f 6906/4/3 6844/4/3 6905/4/3
f 6909/4/3 6876/4/3 6875/4/3
f 6910/4/3 6876/4/3 6909/4/3
f 6911/4/3 6880/4/3 6879/4/3
f 6912/4/3 6882/4/3 6881/4/3
f 6913/4/3 6882/4/3 6912/4/3
f 6914/4/3 6850/4/3 6849/4/3
f 6915/4/3 6850/4/3 6914/4/3
f 6918/4/3 6885/4/3 6884/4/3
f 6919/4/3 6885/4/3 6918/4/3
f 6920/4/3 6853/4/3 6852/4/3
f 6921/4/3 6853/4/3 6920/4/3
f 6922/4/3 6888/4/3 6887/4/3
f 6923/4/3 6888/4/3 6922/4/3
f 6924/4/3 6862/4/3 6861/4/3
f 6925/4/3 6862/4/3 6924/4/3
f 6927/4/3 6865/4/3 6864/4/3
f 6928/4/3 6867/4/3 6866/4/3
f 6929/4/3 6867/4/3 6928/4/3
f 6930/4/3 6871/4/3 6870/4/3
f 6931/4/3 6871/4/3 6930/4/3
f 6932/4/3 6900/4/3 6899/4/3
f 6933/4/3 6874/4/3 6873/4/3
f 6934/4/3 6874/4/3 6933/4/3
f 6935/4/3 6903/4/3 6902/4/3
f 6936/4/3 6903/4/3 6935/4/3
f 6938/4/3 6909/4/3 6908/4/3
f 6939/4/3 6909/4/3 6938/4/3
f 6940/4/3 6911/4/3 6879/4/3
f 6940/4/3 6912/4/3 6911/4/3
f 6941/4/3 6912/4/3 6940/4/3
f 6942/4/3 6856/4/3 6855/4/3
f 6943/4/3 6856/4/3 6942/4/3
f 6944/4/3 6891/4/3 6890/4/3
f 6945/4/3 6891/4/3 6944/4/3
f 6946/4/3 6859/4/3 6858/4/3
f 6947/4/3 6859/4/3 6946/4/3
f 6948/4/3 6894/4/3 6893/4/3
f 6949/4/3 6894/4/3 6948/4/3
f 6950/4/3 6926/4/3 6925/4/3
f 6951/4/3 6897/4/3 6896/4/3
f 6952/4/3 6897/4/3 6951/4/3
f 6953/4/3 6927/4/3 6864/4/3
f 6953/4/3 6928/4/3 6927/4/3
f 6954/4/3 6928/4/3 6953/4/3
f 6955/4/3 6935/4/3 6934/4/3
f 6956/4/3 6935/4/3 6955/4/3
f 6957/4/3 6907/4/3 6906/4/3
f 6958/4/3 6907/4/3 6957/4/3
f 6959/4/3 6938/4/3 6937/4/3
f 6961/4/3 6912/4/3 6941/4/3
f 6962/4/3 6916/4/3 6915/4/3
f 6963/4/3 6916/4/3 6962/4/3
f 6964/4/3 6918/4/3 6917/4/3
f 6965/4/3 6918/4/3 6964/4/3
f 6966/4/3 6951/4/3 6950/4/3
f 6966/4/3 6950/4/3 6925/4/3
f 6967/4/3 6951/4/3 6966/4/3
f 6969/4/3 6928/4/3 6954/4/3
f 6971/4/3 6932/4/3 6931/4/3
f 6972/4/3 6900/4/3 6932/4/3
f 6972/4/3 6932/4/3 6971/4/3
f 6974/4/3 6935/4/3 6956/4/3
f 6976/4/3 6961/4/3 6960/4/3
f 6977/4/3 6912/4/3 6961/4/3
f 6977/4/3 6961/4/3 6976/4/3
f 6978/4/3 6964/4/3 6963/4/3
f 6979/4/3 6964/4/3 6978/4/3
f 6981/4/3 6948/4/3 6947/4/3
f 6983/4/3 6951/4/3 6967/4/3
f 6985/4/3 6969/4/3 6968/4/3
f 6986/4/3 6928/4/3 6969/4/3
f 6986/4/3 6969/4/3 6985/4/3
f 6988/4/3 6900/4/3 6972/4/3
f 6989/4/3 6900/4/3 6988/4/3
f 6991/4/3 6974/4/3 6973/4/3
f 6991/4/3 6935/4/3 6974/4/3
f 6992/4/3 6935/4/3 6991/4/3
f 6995/4/3 6959/4/3 6958/4/3
f 6996/4/3 6938/4/3 6959/4/3
f 6996/4/3 6959/4/3 6995/4/3
f 6997/4/3 6912/4/3 6977/4/3
f 6998/4/3 6912/4/3 6997/4/3
f 7001/4/3 6964/4/3 6979/4/3
f 7003/4/3 6922/4/3 6921/4/3
f 7004/4/3 6922/4/3 7003/4/3
f 7007/4/3 6981/4/3 6980/4/3
f 7008/4/3 6948/4/3 6981/4/3
f 7008/4/3 6981/4/3 7007/4/3
f 7011/4/3 6971/4/3 6970/4/3
f 7012/4/3 6971/4/3 7011/4/3
f 7014/4/3 6991/4/3 6973/4/3
f 7015/4/3 6991/4/3 7014/4/3
f 7017/4/3 6995/4/3 6994/4/3
f 7018/4/3 6995/4/3 7017/4/3
f 7019/4/3 6938/4/3 6996/4/3
f 7020/4/3 6938/4/3 7019/4/3
f 7023/4/3 6976/4/3 6975/4/3
f 7024/4/3 6976/4/3 7023/4/3
f 7025/4/3 7001/4/3 7000/4/3
f 7025/4/3 6964/4/3 7001/4/3
f 7026/4/3 6964/4/3 7025/4/3
f 7029/4/3 6944/4/3 6943/4/3
f 7030/4/3 6944/4/3 7029/4/3
f 7032/4/3 6983/4/3 6982/4/3
f 7033/4/3 6951/4/3 6983/4/3
f 7033/4/3 6983/4/3 7032/4/3
f 7036/4/3 6985/4/3 6984/4/3
f 7037/4/3 6985/4/3 7036/4/3
f 7038/4/3 6990/4/3 6989/4/3
f 7039/4/3 6990/4/3 7038/4/3
f 7042/4/3 7014/4/3 7013/4/3
f 7043/4/3 7014/4/3 7042/4/3
f 7044/4/3 6993/4/3 6992/4/3
f 7045/4/3 6993/4/3 7044/4/3
f 7048/4/3 7017/4/3 7016/4/3
f 7049/4/3 7017/4/3 7048/4/3
f 7050/4/3 7021/4/3 7020/4/3
f 7051/4/3 7021/4/3 7050/4/3
f 7053/4/3 6999/4/3 6998/4/3
f 7054/4/3 6999/4/3 7053/4/3
f 7057/4/3 7025/4/3 7000/4/3
f 7058/4/3 7025/4/3 7057/4/3
f 7059/4/3 7027/4/3 7026/4/3
f 7060/4/3 7027/4/3 7059/4/3
f 7063/4/3 7003/4/3 7002/4/3
f 7064/4/3 7003/4/3 7063/4/3
f 7065/4/3 7005/4/3 7004/4/3
f 7066/4/3 7005/4/3 7065/4/3
f 7068/4/3 6944/4/3 7030/4/3
f 7069/4/3 6944/4/3 7068/4/3
f 7072/4/3 7007/4/3 7006/4/3
f 7073/4/3 7007/4/3 7072/4/3
f 7074/4/3 7009/4/3 7008/4/3
f 7075/4/3 7009/4/3 7074/4/3
f 7077/4/3 6987/4/3 6986/4/3
f 7078/4/3 6987/4/3 7077/4/3
f 7081/4/3 7011/4/3 7010/4/3
f 7082/4/3 7011/4/3 7081/4/3
f 7084/4/3 7048/4/3 7047/4/3
f 7085/4/3 7048/4/3 7084/4/3
f 7087/4/3 7023/4/3 7022/4/3
f 7088/4/3 7023/4/3 7087/4/3
f 7090/4/3 7057/4/3 7056/4/3
f 7091/4/3 7057/4/3 7090/4/3
f 7093/4/3 7063/4/3 7062/4/3
f 7094/4/3 7063/4/3 7093/4/3
f 7096/4/3 7029/4/3 7028/4/3
f 7097/4/3 7029/4/3 7096/4/3
f 7099/4/3 7032/4/3 7031/4/3
f 7100/4/3 7032/4/3 7099/4/3
f 7101/4/3 7034/4/3 7033/4/3
f 7102/4/3 7034/4/3 7101/4/3
f 7108/4/3 7036/4/3 7035/4/3
f 7109/4/3 7036/4/3 7108/4/3
f 7110/4/3 7040/4/3 7039/4/3
f 7111/4/3 7040/4/3 7110/4/3
f 7114/4/3 7042/4/3 7041/4/3
f 7115/4/3 7042/4/3 7114/4/3
f 7116/4/3 7046/4/3 7045/4/3
f 7117/4/3 7046/4/3 7116/4/3
f 7119/4/3 7052/4/3 7051/4/3
f 7120/4/3 7052/4/3 7119/4/3
f 7123/4/3 7087/4/3 7086/4/3
f 7124/4/3 7087/4/3 7123/4/3
f 7125/4/3 7055/4/3 7054/4/3
f 7126/4/3 7055/4/3 7125/4/3
f 7128/4/3 7061/4/3 7060/4/3
f 7129/4/3 7061/4/3 7128/4/3
f 7131/4/3 7067/4/3 7066/4/3
f 7132/4/3 7067/4/3 7131/4/3
f 7135/4/3 7072/4/3 7071/4/3
f 7136/4/3 7072/4/3 7135/4/3
f 7137/4/3 7103/4/3 7102/4/3
f 7137/2/3 7104/2/3 7103/2/3
f 7138/2/3 7104/2/3 7137/2/3
f 7139/2/3 7106/2/3 7105/2/3
f 7140/2/3 7106/2/3 7139/2/3
f 7142/4/3 7081/4/3 7080/4/3
f 7143/4/3 7081/4/3 7142/4/3
f 7144/4/3 7112/4/3 7111/4/3
f 7145/4/3 7114/4/3 7113/4/3
f 7146/4/3 7114/4/3 7145/4/3
f 7148/4/3 7084/4/3 7083/4/3
f 7149/4/3 7084/4/3 7148/4/3
f 7151/4/3 7090/4/3 7089/4/3
f 7152/4/3 7090/4/3 7151/4/3
f 7153/4/3 7130/4/3 7129/4/3
f 7154/4/3 7093/4/3 7092/4/3
f 7155/4/3 7093/4/3 7154/4/3
f 7156/4/3 7133/4/3 7132/4/3
f 7157/4/3 7096/4/3 7095/4/3
f 7158/4/3 7096/4/3 7157/4/3
f 7159/4/3 7070/4/3 7069/4/3
f 7160/4/3 7070/4/3 7159/4/3
f 7162/4/3 7076/4/3 7075/4/3
f 7163/4/3 7076/4/3 7162/4/3
f 7164/4/3 7099/4/3 7098/4/3
f 7165/4/3 7099/4/3 7164/4/3
f 7166/4/3 7137/4/3 7102/4/3
f 7167/4/3 7137/4/3 7166/4/3
f 7172/4/3 7108/4/3 7107/4/3
f 7173/4/3 7108/4/3 7172/4/3
f 7174/4/3 7079/4/3 7078/4/3
f 7175/4/3 7079/4/3 7174/4/3
f 7176/4/3 7142/4/3 7141/4/3
f 7177/4/3 7142/4/3 7176/4/3
f 7178/4/3 7144/4/3 7111/4/3
f 7178/4/3 7145/4/3 7144/4/3
f 7179/4/3 7145/4/3 7178/4/3
f 7180/4/3 7118/4/3 7117/4/3
f 7181/4/3 7118/4/3 7180/4/3
f 7182/4/3 7148/4/3 7147/4/3
f 7183/4/3 7148/4/3 7182/4/3
f 7184/4/3 7121/4/3 7120/4/3
f 7185/4/3 7121/4/3 7184/4/3
f 7186/4/3 7123/4/3 7122/4/3
f 7187/4/3 7123/4/3 7186/4/3
f 7188/4/3 7127/4/3 7126/4/3
f 7189/4/3 7127/4/3 7188/4/3
f 7191/4/3 7153/4/3 7129/4/3
f 7191/4/3 7154/4/3 7153/4/3
f 7192/4/3 7154/4/3 7191/4/3
f 7193/4/3 7156/4/3 7132/4/3
f 7193/4/3 7157/4/3 7156/4/3
f 7194/4/3 7157/4/3 7193/4/3
f 7195/4/3 7161/4/3 7160/4/3
f 7196/4/3 7135/4/3 7134/4/3
f 7197/4/3 7135/4/3 7196/4/3
f 7198/4/3 7172/4/3 7171/4/3
f 7199/4/3 7176/4/3 7175/4/3
f 7200/4/3 7176/4/3 7199/4/3
f 7201/4/3 7145/4/3 7179/4/3
f 7202/4/3 7145/4/3 7201/4/3
f 7203/4/3 7182/4/3 7181/4/3
f 7204/4/3 7182/4/3 7203/4/3
f 7205/4/3 7186/4/3 7185/4/3
f 7206/4/3 7186/4/3 7205/4/3
f 7207/4/3 7190/4/3 7189/4/3
f 7208/4/3 7190/4/3 7207/4/3
f 7209/4/3 7151/4/3 7150/4/3
f 7210/4/3 7151/4/3 7209/4/3
f 7211/4/3 7154/4/3 7192/4/3
f 7212/4/3 7154/4/3 7211/4/3
f 7213/4/3 7157/4/3 7194/4/3
f 7214/4/3 7157/4/3 7213/4/3
f 7215/4/3 7195/4/3 7160/4/3
f 7215/4/3 7196/4/3 7195/4/3
f 7216/4/3 7196/4/3 7215/4/3
f 7217/4/3 7164/4/3 7163/4/3
f 7218/4/3 7164/4/3 7217/4/3
f 7219/4/3 7168/4/3 7167/4/3
f 7220/4/3 7212/4/3 7211/4/3
f 7220/4/3 7219/4/3 7218/4/3
f 7220/4/3 7214/4/3 7213/4/3
f 7220/4/3 7200/4/3 7199/4/3
f 7220/4/3 7217/4/3 7216/4/3
f 7220/4/3 7218/4/3 7217/4/3
f 7220/4/3 7216/4/3 7215/4/3
f 7220/4/3 7215/4/3 7214/4/3
f 7220/4/3 7211/4/3 7210/4/3
f 7220/4/3 7210/4/3 7209/4/3
f 7220/4/3 7209/4/3 7208/4/3
f 7220/4/3 7213/4/3 7212/4/3
f 7220/4/3 7207/4/3 7206/4/3
f 7220/4/3 7206/4/3 7205/4/3
f 7220/4/3 7205/4/3 7204/4/3
f 7220/4/3 7204/4/3 7203/4/3
f 7220/4/3 7203/4/3 7202/4/3
f 7220/4/3 7198/4/3 7171/4/3
f 7220/4/3 7201/4/3 7200/4/3
f 7220/4/3 7208/4/3 7207/4/3
f 7220/4/3 7199/4/3 7198/4/3
f 7220/4/3 7202/4/3 7201/4/3
f 7221/4/3 7168/4/3 7219/4/3
f 7221/4/3 7219/4/3 7220/4/3
f 7222/2/3 7170/2/3 7169/2/3
f 7223/2/3 7170/2/3 7222/2/3
f 7228/2/3 7225/2/3 7224/2/3
f 7229/2/3 7225/2/3 7228/2/3
f 7230/2/3 7227/2/3 7226/2/3
f 7231/2/3 7227/2/3 7230/2/3
f 7234/2/3 7233/2/3 7232/2/3
f 7235/2/3 7233/2/3 7234/2/3
f 7240/2/3 7237/2/3 7236/2/3
f 7241/2/3 7237/2/3 7240/2/3
f 7242/2/3 7239/2/3 7238/2/3
f 7243/2/3 7239/2/3 7242/2/3
f 7248/2/3 7245/2/3 7244/2/3
f 7249/2/3 7245/2/3 7248/2/3
f 7250/2/3 7247/2/3 7246/2/3
f 7251/2/3 7247/2/3 7250/2/3
f 7274/1/3 7255/1/3 7254/1/3
f 7275/1/3 7255/1/3 7274/1/3
f 7276/1/3 7257/1/3 7256/1/3
f 7277/1/3 7257/1/3 7276/1/3
f 7279/1/3 7259/1/3 7258/1/3
f 7280/1/3 7259/1/3 7279/1/3
f 7281/1/3 7259/1/3 7280/1/3
f 7282/1/3 7259/1/3 7281/1/3
f 7283/1/3 7261/1/3 7260/1/3
f 7284/1/3 7261/1/3 7283/1/3
f 7285/1/3 7261/1/3 7284/1/3
f 7286/1/3 7261/1/3 7285/1/3
f 7287/1/3 7263/1/3 7262/1/3
f 7288/1/3 7263/1/3 7287/1/3
f 7289/1/3 7263/1/3 7288/1/3
f 7290/1/3 7263/1/3 7289/1/3
f 7291/1/3 7265/1/3 7264/1/3
f 7292/1/3 7265/1/3 7291/1/3
f 7293/1/3 7265/1/3 7292/1/3
f 7294/1/3 7265/1/3 7293/1/3
f 7295/1/3 7267/1/3 7266/1/3
f 7296/1/3 7267/1/3 7295/1/3
f 7297/1/3 7269/1/3 7268/1/3
f 7298/1/3 7269/1/3 7297/1/3
f 7299/1/3 7269/1/3 7298/1/3
f 7300/1/3 7269/1/3 7299/1/3
f 7302/1/3 7271/1/3 7270/1/3
f 7303/1/3 7271/1/3 7302/1/3
f 7304/1/3 7273/1/3 7272/1/3
f 7305/1/3 7273/1/3 7304/1/3
f 7306/1/3 7253/1/3 7252/1/3
f 7307/1/3 7274/1/3 7254/1/3
f 7308/1/3 7274/1/3 7307/1/3
f 7309/1/3 7257/1/3 7277/1/3
f 7310/1/3 7257/1/3 7309/1/3
f 7311/1/3 7279/1/3 7278/1/3
f 7313/1/3 7295/1/3 7266/1/3
f 7314/1/3 7295/1/3 7313/1/3
f 7315/1/3 7301/1/3 7300/1/3
f 7316/1/3 7302/1/3 7270/1/3
f 7317/1/3 7302/1/3 7316/1/3
f 7319/1/3 7304/1/3 7272/1/3
f 7320/1/3 7304/1/3 7319/1/3
f 7321/1/3 7274/1/3 7308/1/3
f 7322/1/3 7274/1/3 7321/1/3
f 7323/1/3 7276/1/3 7275/1/3
f 7324/1/3 7276/1/3 7323/1/3
f 7325/1/3 7309/1/3 7277/1/3
f 7326/1/3 7309/1/3 7325/1/3
f 7327/1/3 7311/1/3 7310/1/3
f 7327/1/3 7279/1/3 7311/1/3
f 7328/1/3 7281/1/3 7280/1/3
f 7329/1/3 7281/1/3 7328/1/3
f 7330/1/3 7281/1/3 7329/1/3
f 7331/1/3 7281/1/3 7330/1/3
f 7332/1/3 7283/1/3 7282/1/3
f 7333/1/3 7283/1/3 7332/1/3
f 7334/1/3 7285/1/3 7284/1/3
f 7335/1/3 7285/1/3 7334/1/3
f 7336/1/3 7285/1/3 7335/1/3
f 7337/1/3 7285/1/3 7336/1/3
f 7338/1/3 7287/1/3 7286/1/3
f 7339/1/3 7287/1/3 7338/1/3
f 7340/1/3 7289/1/3 7288/1/3
f 7341/1/3 7289/1/3 7340/1/3
f 7342/1/3 7289/1/3 7341/1/3
f 7343/1/3 7289/1/3 7342/1/3
f 7344/1/3 7291/1/3 7290/1/3
f 7345/1/3 7291/1/3 7344/1/3
f 7346/1/3 7293/1/3 7292/1/3
f 7347/1/3 7293/1/3 7346/1/3
f 7348/1/3 7293/1/3 7347/1/3
f 7349/1/3 7293/1/3 7348/1/3
f 7350/1/3 7313/1/3 7312/1/3
f 7351/1/3 7295/1/3 7314/1/3
f 7352/1/3 7295/1/3 7351/1/3
f 7353/1/3 7297/1/3 7296/1/3
f 7354/1/3 7299/1/3 7298/1/3
f 7355/1/3 7299/1/3 7354/1/3
f 7356/1/3 7315/1/3 7300/1/3
f 7356/1/3 7316/1/3 7315/1/3
f 7357/1/3 7302/1/3 7317/1/3
f 7358/1/3 7302/1/3 7357/1/3
f 7359/1/3 7319/1/3 7318/1/3
f 7360/1/3 7304/1/3 7320/1/3
f 7361/1/3 7304/1/3 7360/1/3
f 7362/1/3 7309/1/3 7326/1/3
f 7363/1/3 7309/1/3 7362/1/3
f 7364/1/3 7327/1/3 7310/1/3
f 7364/1/3 7328/1/3 7327/1/3
f 7365/1/3 7330/1/3 7329/1/3
f 7366/1/3 7330/1/3 7365/1/3
f 7367/1/3 7333/1/3 7332/1/3
f 7367/1/3 7332/1/3 7331/1/3
f 7367/1/3 7334/1/3 7333/1/3
f 7368/1/3 7334/1/3 7367/1/3
f 7369/1/3 7336/1/3 7335/1/3
f 7370/1/3 7336/1/3 7369/1/3
f 7371/1/3 7336/1/3 7370/1/3
f 7372/1/3 7336/1/3 7371/1/3
f 7373/1/3 7339/1/3 7338/1/3
f 7373/1/3 7338/1/3 7337/1/3
f 7373/1/3 7340/1/3 7339/1/3
f 7374/1/3 7345/1/3 7344/1/3
f 7374/1/3 7344/1/3 7343/1/3
f 7374/1/3 7346/1/3 7345/1/3
f 7375/1/3 7348/1/3 7347/1/3
f 7376/1/3 7348/1/3 7375/1/3
f 7377/1/3 7350/1/3 7349/1/3
f 7377/1/3 7313/1/3 7350/1/3
f 7378/1/3 7351/1/3 7314/1/3
f 7379/1/3 7351/1/3 7378/1/3
f 7380/1/3 7353/1/3 7352/1/3
f 7380/1/3 7297/1/3 7353/1/3
f 7381/1/3 7354/1/3 7298/1/3
f 7382/1/3 7354/1/3 7381/1/3
f 7383/1/3 7356/1/3 7355/1/3
f 7383/1/3 7316/1/3 7356/1/3
f 7384/1/3 7357/1/3 7317/1/3
f 7385/1/3 7357/1/3 7384/1/3
f 7386/1/3 7359/1/3 7358/1/3
f 7386/1/3 7319/1/3 7359/1/3
f 7387/1/3 7360/1/3 7320/1/3
f 7388/1/3 7360/1/3 7387/1/3
f 7389/1/3 7307/1/3 7306/1/3
f 7390/1/3 7321/1/3 7308/1/3
f 7391/1/3 7321/1/3 7390/1/3
f 7392/1/3 7321/1/3 7391/1/3
f 7393/1/3 7321/1/3 7392/1/3
f 7394/1/3 7324/1/3 7323/1/3
f 7394/1/3 7323/1/3 7322/1/3
f 7394/1/3 7325/1/3 7324/1/3
f 7395/1/3 7325/1/3 7394/1/3
f 7396/1/3 7362/1/3 7326/1/3
f 7397/1/3 7362/1/3 7396/1/3
f 7398/1/3 7364/1/3 7363/1/3
f 7398/1/3 7328/1/3 7364/1/3
f 7399/1/3 7365/1/3 7329/1/3
f 7400/1/3 7365/1/3 7399/1/3
f 7401/1/3 7371/1/3 7370/1/3
f 7402/1/3 7371/1/3 7401/1/3
f 7403/1/3 7373/1/3 7372/1/3
f 7404/1/3 7340/1/3 7373/1/3
f 7404/1/3 7373/1/3 7403/1/3
f 7405/1/3 7342/1/3 7341/1/3
f 7406/1/3 7342/1/3 7405/1/3
f 7407/1/3 7342/1/3 7406/1/3
f 7408/1/3 7342/1/3 7407/1/3
f 7409/1/3 7374/1/3 7343/1/3
f 7409/1/3 7375/1/3 7374/1/3
f 7410/1/3 7348/1/3 7376/1/3
f 7411/1/3 7348/1/3 7410/1/3
f 7412/1/3 7377/1/3 7349/1/3
f 7412/1/3 7378/1/3 7377/1/3
f 7413/1/3 7351/1/3 7379/1/3
f 7414/1/3 7351/1/3 7413/1/3
f 7415/1/3 7381/1/3 7380/1/3
f 7415/1/3 7380/1/3 7352/1/3
f 7416/1/3 7354/1/3 7382/1/3
f 7417/1/3 7354/1/3 7416/1/3
f 7418/1/3 7383/1/3 7355/1/3
f 7418/1/3 7384/1/3 7383/1/3
f 7419/1/3 7357/1/3 7385/1/3
f 7420/1/3 7357/1/3 7419/1/3
f 7421/1/3 7386/1/3 7358/1/3
f 7421/1/3 7387/1/3 7386/1/3
f 7422/1/3 7360/1/3 7388/1/3
f 7423/1/3 7360/1/3 7422/1/3
f 7425/1/3 7362/1/3 7397/1/3
f 7426/1/3 7362/1/3 7425/1/3
f 7427/1/3 7398/1/3 7363/1/3
f 7427/1/3 7399/1/3 7398/1/3
f 7428/1/3 7365/1/3 7400/1/3
f 7429/1/3 7365/1/3 7428/1/3
f 7430/1/3 7368/1/3 7367/1/3
f 7430/1/3 7367/1/3 7366/1/3
f 7430/1/3 7369/1/3 7368/1/3
f 7431/1/3 7369/1/3 7430/1/3
f 7432/1/3 7401/1/3 7370/1/3
f 7433/1/3 7401/1/3 7432/1/3
f 7434/1/3 7401/1/3 7433/1/3
f 7435/1/3 7401/1/3 7434/1/3
f 7436/1/3 7404/1/3 7403/1/3
f 7436/1/3 7403/1/3 7402/1/3
f 7436/1/3 7405/1/3 7404/1/3
f 7437/1/3 7407/1/3 7406/1/3
f 7438/1/3 7407/1/3 7437/1/3
f 7439/1/3 7409/1/3 7408/1/3
f 7440/1/3 7375/1/3 7409/1/3
f 7440/1/3 7409/1/3 7439/1/3
f 7441/1/3 7410/1/3 7376/1/3
f 7442/1/3 7410/1/3 7441/1/3
f 7443/1/3 7410/1/3 7442/1/3
f 7444/1/3 7410/1/3 7443/1/3
f 7445/1/3 7412/1/3 7411/1/3
f 7446/1/3 7378/1/3 7412/1/3
f 7446/1/3 7412/1/3 7445/1/3
f 7447/1/3 7413/1/3 7379/1/3
f 7448/1/3 7413/1/3 7447/1/3
f 7449/1/3 7415/1/3 7414/1/3
f 7450/1/3 7421/1/3 7420/1/3
f 7450/1/3 7387/1/3 7421/1/3
f 7451/1/3 7422/1/3 7388/1/3
f 7452/1/3 7422/1/3 7451/1/3
f 7453/1/3 7392/1/3 7391/1/3
f 7454/1/3 7392/1/3 7453/1/3
f 7455/1/3 7395/1/3 7394/1/3
f 7455/1/3 7394/1/3 7393/1/3
f 7455/1/3 7396/1/3 7395/1/3
f 7456/1/3 7396/1/3 7455/1/3
f 7457/1/3 7425/1/3 7397/1/3
f 7458/1/3 7425/1/3 7457/1/3
f 7459/1/3 7427/1/3 7426/1/3
f 7459/1/3 7399/1/3 7427/1/3
f 7460/1/3 7428/1/3 7400/1/3
f 7461/1/3 7428/1/3 7460/1/3
f 7462/1/3 7431/1/3 7430/1/3
f 7462/1/3 7430/1/3 7429/1/3
f 7462/1/3 7432/1/3 7431/1/3
f 7463/1/3 7434/1/3 7433/1/3
f 7464/1/3 7434/1/3 7463/1/3
f 7465/1/3 7436/1/3 7435/1/3
f 7466/1/3 7405/1/3 7436/1/3
f 7466/1/3 7436/1/3 7465/1/3
f 7468/1/3 7449/1/3 7448/1/3
f 7468/1/3 7415/1/3 7449/1/3
f 7468/1/3 7381/1/3 7415/1/3
f 7469/1/3 7416/1/3 7382/1/3
f 7470/1/3 7416/1/3 7469/1/3
f 7471/1/3 7418/1/3 7417/1/3
f 7472/1/3 7384/1/3 7418/1/3
f 7472/1/3 7418/1/3 7471/1/3
f 7473/1/3 7419/1/3 7385/1/3
f 7474/1/3 7419/1/3 7473/1/3
f 7475/1/3 7451/1/3 7450/1/3
f 7475/1/3 7450/1/3 7420/1/3
f 7476/1/3 7422/1/3 7452/1/3
f 7477/1/3 7422/1/3 7476/1/3
f 7478/1/3 7424/1/3 7423/1/3
f 7479/1/3 7390/1/3 7389/1/3
f 7481/1/3 7460/1/3 7459/1/3
f 7483/1/3 7462/1/3 7461/1/3
f 7483/1/3 7432/1/3 7462/1/3
f 7484/1/3 7463/1/3 7433/1/3
f 7485/1/3 7463/1/3 7484/1/3
f 7486/1/3 7467/1/3 7466/1/3
f 7486/1/3 7466/1/3 7465/1/3
f 7486/1/3 7465/1/3 7464/1/3
f 7487/1/3 7467/1/3 7486/1/3
f 7488/1/3 7440/1/3 7439/1/3
f 7488/1/3 7441/1/3 7440/1/3
f 7488/1/3 7439/1/3 7438/1/3
f 7489/1/3 7443/1/3 7442/1/3
f 7490/1/3 7443/1/3 7489/1/3
f 7491/1/3 7446/1/3 7445/1/3
f 7491/1/3 7447/1/3 7446/1/3
f 7491/1/3 7445/1/3 7444/1/3
f 7492/1/3 7475/1/3 7474/1/3
f 7492/1/3 7451/1/3 7475/1/3
f 7494/1/3 7479/1/3 7389/1/3
f 7494/1/3 7480/1/3 7479/1/3
f 7495/1/3 7480/1/3 7494/1/3
f 7496/1/3 7457/1/3 7456/1/3
f 7496/1/3 7456/1/3 7455/1/3
f 7496/1/3 7455/1/3 7454/1/3
f 7497/1/3 7457/1/3 7496/1/3
f 7499/1/3 7482/1/3 7481/1/3
f 7499/1/3 7481/1/3 7459/1/3
f 7500/1/3 7482/1/3 7499/1/3
f 7501/1/3 7486/1/3 7464/1/3
f 7502/1/3 7486/1/3 7501/1/3
f 7504/1/3 7489/1/3 7488/1/3
f 7506/1/3 7473/1/3 7472/1/3
f 7506/1/3 7472/1/3 7471/1/3
f 7506/1/3 7471/1/3 7470/1/3
f 7507/1/3 7473/1/3 7506/1/3
f 7508/1/3 7493/1/3 7492/1/3
f 7508/1/3 7492/1/3 7474/1/3
f 7509/1/3 7493/1/3 7508/1/3
f 7510/1/3 7389/1/3 7306/1/3
f 7510/1/3 7494/1/3 7389/1/3
f 7511/1/3 7494/1/3 7510/1/3
f 7512/1/3 7496/1/3 7454/1/3
f 7513/1/3 7496/1/3 7512/1/3
f 7514/1/3 7498/1/3 7497/1/3
f 7515/1/3 7459/1/3 7426/1/3
f 7515/1/3 7499/1/3 7459/1/3
f 7516/1/3 7499/1/3 7515/1/3
f 7518/1/3 7484/1/3 7483/1/3
f 7518/1/3 7483/1/3 7461/1/3
f 7519/1/3 7484/1/3 7518/1/3
f 7520/1/3 7484/1/3 7519/1/3
f 7521/1/3 7484/1/3 7520/1/3
f 7523/1/3 7503/1/3 7502/1/3
f 7524/1/3 7505/1/3 7504/1/3
f 7524/1/3 7504/1/3 7488/1/3
f 7524/1/3 7488/1/3 7438/1/3
f 7525/1/3 7505/1/3 7524/1/3
f 7526/1/3 7505/1/3 7525/1/3
f 7527/1/3 7505/1/3 7526/1/3
f 7528/1/3 7491/1/3 7490/1/3
f 7528/1/3 7447/1/3 7491/1/3
f 7529/1/3 7447/1/3 7528/1/3
f 7530/1/3 7468/1/3 7448/1/3
f 7530/1/3 7469/1/3 7468/1/3
f 7531/1/3 7469/1/3 7530/1/3
f 7532/1/3 7506/1/3 7470/1/3
f 7533/1/3 7506/1/3 7532/1/3
f 7534/1/3 7508/1/3 7474/1/3
f 7535/1/3 7508/1/3 7534/1/3
f 7536/1/3 7496/1/3 7513/1/3
f 7537/1/3 7496/1/3 7536/1/3
f 7538/1/3 7514/1/3 7497/1/3
f 7538/1/3 7515/1/3 7514/1/3
f 7539/1/3 7499/1/3 7516/1/3
f 7540/1/3 7499/1/3 7539/1/3
f 7541/1/3 7518/1/3 7517/1/3
f 7542/1/3 7520/1/3 7519/1/3
f 7543/1/3 7520/1/3 7542/1/3
f 7544/1/3 7522/1/3 7521/1/3
f 7545/1/3 7522/1/3 7544/1/3
f 7546/1/3 7501/1/3 7464/1/3
f 7547/1/3 7501/1/3 7546/1/3
f 7548/1/3 7501/1/3 7547/1/3
f 7549/1/3 7501/1/3 7548/1/3
f 7550/1/3 7523/1/3 7502/1/3
f 7550/1/3 7524/1/3 7523/1/3
f 7552/1/3 7528/1/3 7490/1/3
f 7553/1/3 7528/1/3 7552/1/3
f 7554/1/3 7469/1/3 7531/1/3
f 7555/1/3 7469/1/3 7554/1/3
f 7557/1/3 7508/1/3 7535/1/3
f 7558/1/3 7508/1/3 7557/1/3
f 7559/1/3 7478/1/3 7477/1/3
f 7560/1/3 7424/1/3 7478/1/3
f 7560/1/3 7478/1/3 7559/1/3
f 7561/1/3 7306/1/3 7252/1/3
f 7561/1/3 7510/1/3 7306/1/3
f 7562/1/3 7510/1/3 7561/1/3
f 7563/1/3 7512/1/3 7511/1/3
f 7564/1/3 7538/1/3 7537/1/3
f 7564/1/3 7515/1/3 7538/1/3
f 7565/1/3 7539/1/3 7516/1/3
f 7566/1/3 7539/1/3 7565/1/3
f 7567/1/3 7539/1/3 7566/1/3
f 7568/1/3 7539/1/3 7567/1/3
f 7569/1/3 7541/1/3 7540/1/3
f 7570/1/3 7518/1/3 7541/1/3
f 7570/1/3 7541/1/3 7569/1/3
f 7571/1/3 7542/1/3 7519/1/3
f 7572/1/3 7542/1/3 7571/1/3
f 7573/1/3 7542/1/3 7572/1/3
f 7574/1/3 7542/1/3 7573/1/3
f 7575/1/3 7545/1/3 7544/1/3
f 7575/1/3 7544/1/3 7543/1/3
f 7575/1/3 7546/1/3 7545/1/3
f 7576/1/3 7546/1/3 7575/1/3
f 7577/1/3 7548/1/3 7547/1/3
f 7578/1/3 7548/1/3 7577/1/3
f 7579/1/3 7550/1/3 7549/1/3
f 7579/1/3 7524/1/3 7550/1/3
f 7580/1/3 7526/1/3 7525/1/3
f 7581/1/3 7526/1/3 7580/1/3
f 7582/1/3 7526/1/3 7581/1/3
f 7583/1/3 7526/1/3 7582/1/3
f 7584/1/3 7552/1/3 7551/1/3
f 7585/1/3 7552/1/3 7584/1/3
f 7586/1/3 7528/1/3 7553/1/3
f 7587/1/3 7528/1/3 7586/1/3
f 7588/1/3 7528/1/3 7587/1/3
f 7589/1/3 7528/1/3 7588/1/3
f 7590/1/3 7530/1/3 7529/1/3
f 7591/1/3 7530/1/3 7590/1/3
f 7592/1/3 7554/1/3 7531/1/3
f 7593/1/3 7554/1/3 7592/1/3
f 7594/1/3 7556/1/3 7555/1/3
f 7595/1/3 7532/1/3 7470/1/3
f 7596/1/3 7532/1/3 7595/1/3
f 7597/1/3 7532/1/3 7596/1/3
f 7598/1/3 7532/1/3 7597/1/3
f 7599/1/3 7534/1/3 7533/1/3
f 7600/1/3 7534/1/3 7599/1/3
f 7601/1/3 7557/1/3 7535/1/3
f 7602/1/3 7557/1/3 7601/1/3
f 7603/1/3 7563/1/3 7562/1/3
f 7603/1/3 7512/1/3 7563/1/3
f 7604/1/3 7536/1/3 7513/1/3
f 7605/1/3 7536/1/3 7604/1/3
f 7606/1/3 7536/1/3 7605/1/3
f 7607/1/3 7536/1/3 7606/1/3
f 7608/1/3 7564/1/3 7537/1/3
f 7608/1/3 7565/1/3 7564/1/3
f 7609/1/3 7573/1/3 7572/1/3
f 7610/1/3 7573/1/3 7609/1/3
f 7611/1/3 7576/1/3 7575/1/3
f 7611/1/3 7575/1/3 7574/1/3
f 7611/1/3 7577/1/3 7576/1/3
f 7612/1/3 7548/1/3 7578/1/3
f 7613/1/3 7548/1/3 7612/1/3
f 7614/1/3 7579/1/3 7549/1/3
f 7614/1/3 7580/1/3 7579/1/3
f 7615/1/3 7582/1/3 7581/1/3
f 7616/1/3 7582/1/3 7615/1/3
f 7617/1/3 7585/1/3 7584/1/3
f 7617/1/3 7584/1/3 7583/1/3
f 7617/1/3 7586/1/3 7585/1/3
f 7618/1/3 7588/1/3 7587/1/3
f 7619/1/3 7588/1/3 7618/1/3
f 7620/1/3 7591/1/3 7590/1/3
f 7620/1/3 7592/1/3 7591/1/3
f 7620/1/3 7590/1/3 7589/1/3
f 7621/1/3 7554/1/3 7593/1/3
f 7622/1/3 7554/1/3 7621/1/3
f 7623/1/3 7594/1/3 7555/1/3
f 7623/1/3 7595/1/3 7594/1/3
f 7624/1/3 7557/1/3 7602/1/3
f 7625/1/3 7557/1/3 7624/1/3
f 7626/1/3 7559/1/3 7558/1/3
f 7627/1/3 7559/1/3 7626/1/3
f 7628/1/3 7424/1/3 7560/1/3
f 7629/1/3 7424/1/3 7628/1/3
f 7630/1/3 7561/1/3 7252/1/3
f 7631/1/3 7561/1/3 7630/1/3
f 7632/1/3 7603/1/3 7562/1/3
f 7632/1/3 7604/1/3 7603/1/3
f 7633/1/3 7608/1/3 7607/1/3
f 7633/1/3 7565/1/3 7608/1/3
f 7634/1/3 7567/1/3 7566/1/3
f 7635/1/3 7567/1/3 7634/1/3
f 7636/1/3 7567/1/3 7635/1/3
f 7637/1/3 7567/1/3 7636/1/3
f 7638/1/3 7569/1/3 7568/1/3
f 7638/1/3 7570/1/3 7569/1/3
f 7638/1/3 7571/1/3 7570/1/3
f 7639/1/3 7571/1/3 7638/1/3
f 7640/1/3 7609/1/3 7572/1/3
f 7641/1/3 7609/1/3 7640/1/3
f 7642/1/3 7611/1/3 7610/1/3
f 7642/1/3 7577/1/3 7611/1/3
f 7643/1/3 7612/1/3 7578/1/3
f 7644/1/3 7612/1/3 7643/1/3
f 7645/1/3 7612/1/3 7644/1/3
f 7646/1/3 7612/1/3 7645/1/3
f 7647/1/3 7614/1/3 7613/1/3
f 7648/1/3 7580/1/3 7614/1/3
f 7648/1/3 7614/1/3 7647/1/3
f 7649/1/3 7615/1/3 7581/1/3
f 7650/1/3 7615/1/3 7649/1/3
f 7651/1/3 7586/1/3 7617/1/3
f 7651/1/3 7617/1/3 7616/1/3
f 7652/1/3 7618/1/3 7587/1/3
f 7653/1/3 7618/1/3 7652/1/3
f 7654/1/3 7620/1/3 7619/1/3
f 7654/1/3 7592/1/3 7620/1/3
f 7655/1/3 7621/1/3 7593/1/3
f 7656/1/3 7621/1/3 7655/1/3
f 7657/1/3 7597/1/3 7596/1/3
f 7658/1/3 7597/1/3 7657/1/3
f 7659/1/3 7600/1/3 7599/1/3
f 7659/1/3 7601/1/3 7600/1/3
f 7659/1/3 7599/1/3 7598/1/3
f 7664/1/3 7606/1/3 7605/1/3
f 7665/1/3 7606/1/3 7664/1/3
f 7666/1/3 7633/1/3 7607/1/3
f 7666/1/3 7634/1/3 7633/1/3
f 7667/1/3 7636/1/3 7635/1/3
f 7668/1/3 7636/1/3 7667/1/3
f 7669/1/3 7639/1/3 7638/1/3
f 7669/1/3 7638/1/3 7637/1/3
f 7669/1/3 7640/1/3 7639/1/3
f 7670/1/3 7609/1/3 7641/1/3
f 7671/1/3 7609/1/3 7670/1/3
f 7672/1/3 7642/1/3 7610/1/3
f 7672/1/3 7643/1/3 7642/1/3
f 7673/1/3 7615/1/3 7650/1/3
f 7674/1/3 7615/1/3 7673/1/3
f 7675/1/3 7651/1/3 7616/1/3
f 7675/1/3 7652/1/3 7651/1/3
f 7676/1/3 7618/1/3 7653/1/3
f 7677/1/3 7618/1/3 7676/1/3
f 7678/1/3 7655/1/3 7654/1/3
f 7678/1/3 7654/1/3 7619/1/3
f 7679/1/3 7621/1/3 7656/1/3
f 7680/1/3 7621/1/3 7679/1/3
f 7681/1/3 7623/1/3 7622/1/3
f 7682/1/3 7595/1/3 7623/1/3
f 7682/1/3 7623/1/3 7681/1/3
f 7683/1/3 7657/1/3 7596/1/3
f 7684/1/3 7657/1/3 7683/1/3
f 7685/1/3 7659/1/3 7658/1/3
f 7685/1/3 7601/1/3 7659/1/3
f 7686/1/3 7624/1/3 7602/1/3
f 7687/1/3 7624/1/3 7686/1/3
f 7688/1/3 7627/1/3 7626/1/3
f 7688/1/3 7628/1/3 7627/1/3
f 7688/1/3 7626/1/3 7625/1/3
f 7689/1/3 7628/1/3 7688/1/3
f 7690/1/3 7661/1/3 7660/1/3
f 7691/1/3 7661/1/3 7690/1/3
f 7692/2/3 7663/2/3 7662/2/3
f 7693/2/3 7663/2/3 7692/2/3
f 7694/1/3 7630/1/3 7252/1/3
f 7695/1/3 7630/1/3 7694/1/3
f 7696/1/3 7632/1/3 7631/1/3
f 7697/1/3 7604/1/3 7632/1/3
f 7697/1/3 7632/1/3 7696/1/3
f 7698/1/3 7664/1/3 7605/1/3
f 7699/1/3 7664/1/3 7698/1/3
f 7700/1/3 7666/1/3 7665/1/3
f 7701/1/3 7634/1/3 7666/1/3
f 7701/1/3 7666/1/3 7700/1/3
f 7703/1/3 7669/1/3 7668/1/3
f 7703/1/3 7640/1/3 7669/1/3
f 7704/1/3 7670/1/3 7641/1/3
f 7705/1/3 7670/1/3 7704/1/3
f 7706/1/3 7672/1/3 7671/1/3
f 7707/1/3 7643/1/3 7672/1/3
f 7707/1/3 7672/1/3 7706/1/3
f 7708/1/3 7645/1/3 7644/1/3
f 7709/1/3 7645/1/3 7708/1/3
f 7710/1/3 7649/1/3 7648/1/3
f 7710/1/3 7648/1/3 7647/1/3
f 7710/1/3 7647/1/3 7646/1/3
f 7711/1/3 7649/1/3 7710/1/3
f 7712/1/3 7673/1/3 7650/1/3
f 7713/1/3 7673/1/3 7712/1/3
f 7714/1/3 7675/1/3 7674/1/3
f 7714/1/3 7652/1/3 7675/1/3
f 7716/1/3 7678/1/3 7677/1/3
f 7716/1/3 7655/1/3 7678/1/3
f 7718/1/3 7657/1/3 7684/1/3
f 7719/1/3 7657/1/3 7718/1/3
f 7720/1/3 7686/1/3 7685/1/3
f 7720/1/3 7685/1/3 7658/1/3
f 7721/1/3 7696/1/3 7695/1/3
f 7721/1/3 7697/1/3 7696/1/3
f 7721/1/3 7698/1/3 7697/1/3
f 7722/1/3 7698/1/3 7721/1/3
f 7723/1/3 7702/1/3 7701/1/3
f 7723/1/3 7700/1/3 7699/1/3
f 7723/1/3 7701/1/3 7700/1/3
f 7724/1/3 7702/1/3 7723/1/3
f 7725/1/3 7703/1/3 7668/1/3
f 7725/1/3 7704/1/3 7703/1/3
f 7726/1/3 7704/1/3 7725/1/3
f 7727/1/3 7708/1/3 7707/1/3
f 7727/1/3 7707/1/3 7706/1/3
f 7727/1/3 7706/1/3 7705/1/3
f 7728/1/3 7708/1/3 7727/1/3
f 7729/1/3 7711/1/3 7710/1/3
f 7729/1/3 7712/1/3 7711/1/3
f 7729/1/3 7710/1/3 7709/1/3
f 7730/1/3 7712/1/3 7729/1/3
f 7731/1/3 7673/1/3 7713/1/3
f 7732/1/3 7673/1/3 7731/1/3
f 7733/1/3 7715/1/3 7714/1/3
f 7733/1/3 7714/1/3 7674/1/3
f 7734/1/3 7715/1/3 7733/1/3
f 7735/1/3 7717/1/3 7716/1/3
f 7735/1/3 7716/1/3 7677/1/3
f 7736/1/3 7717/1/3 7735/1/3
f 7737/1/3 7682/1/3 7681/1/3
f 7737/1/3 7681/1/3 7680/1/3
f 7737/1/3 7683/1/3 7682/1/3
f 7738/1/3 7683/1/3 7737/1/3
f 7739/1/3 7720/1/3 7719/1/3
f 7740/1/3 7686/1/3 7720/1/3
f 7740/1/3 7720/1/3 7739/1/3
f 7741/1/3 7689/1/3 7688/1/3
f 7741/1/3 7690/1/3 7689/1/3
f 7741/1/3 7688/1/3 7687/1/3
f 7742/1/3 7690/1/3 7741/1/3
f 7747/2/3 7744/2/3 7743/2/3
f 7748/2/3 7744/2/3 7747/2/3
f 7749/2/3 7746/2/3 7745/2/3
f 7750/2/3 7746/2/3 7749/2/3
f 7755/2/3 7752/2/3 7751/2/3
f 7756/2/3 7752/2/3 7755/2/3
f 7757/2/3 7754/2/3 7753/2/3
f 7758/2/3 7754/2/3 7757/2/3
f 7761/2/3 7760/2/3 7759/2/3
f 7762/2/3 7760/2/3 7761/2/3
f 7767/2/3 7764/2/3 7763/2/3
f 7768/2/3 7764/2/3 7767/2/3
f 7769/2/3 7766/2/3 7765/2/3
f 7770/2/3 7766/2/3 7769/2/3
f 7797/4/3 7772/4/3 7771/4/3
f 7798/4/3 7772/4/3 7797/4/3
f 7799/4/3 7774/4/3 7773/4/3
f 7800/4/3 7774/4/3 7799/4/3
f 7801/4/3 7776/4/3 7775/4/3
f 7802/4/3 7776/4/3 7801/4/3
f 7803/4/3 7778/4/3 7777/4/3
f 7804/4/3 7778/4/3 7803/4/3
f 7805/4/3 7780/4/3 7779/4/3
f 7806/4/3 7780/4/3 7805/4/3
f 7807/4/3 7782/4/3 7781/4/3
f 7808/4/3 7782/4/3 7807/4/3
f 7809/4/3 7784/4/3 7783/4/3
f 7810/4/3 7784/4/3 7809/4/3
f 7811/4/3 7786/4/3 7785/4/3
f 7812/4/3 7786/4/3 7811/4/3
f 7813/4/3 7788/4/3 7787/4/3
f 7814/4/3 7788/4/3 7813/4/3
f 7815/4/3 7790/4/3 7789/4/3
f 7816/4/3 7790/4/3 7815/4/3
f 7817/4/3 7792/4/3 7791/4/3
f 7818/4/3 7792/4/3 7817/4/3
f 7819/4/3 7794/4/3 7793/4/3
f 7820/4/3 7794/4/3 7819/4/3
f 7821/4/3 7796/4/3 7795/4/3
f 7822/4/3 7796/4/3 7821/4/3
f 7851/4/3 7824/4/3 7823/4/3
f 7852/4/3 7824/4/3 7851/4/3
f 7853/4/3 7826/4/3 7825/4/3
f 7854/4/3 7826/4/3 7853/4/3
f 7855/4/3 7828/4/3 7827/4/3
f 7856/4/3 7828/4/3 7855/4/3
f 7857/4/3 7830/4/3 7829/4/3
f 7858/4/3 7830/4/3 7857/4/3
f 7859/4/3 7832/4/3 7831/4/3
f 7860/4/3 7832/4/3 7859/4/3
f 7861/4/3 7834/4/3 7833/4/3
f 7862/4/3 7834/4/3 7861/4/3
f 7863/4/3 7836/4/3 7835/4/3
f 7864/4/3 7836/4/3 7863/4/3
f 7865/4/3 7838/4/3 7837/4/3
f 7866/4/3 7838/4/3 7865/4/3
f 7867/4/3 7840/4/3 7839/4/3
f 7868/4/3 7840/4/3 7867/4/3
f 7869/4/3 7842/4/3 7841/4/3
f 7870/4/3 7842/4/3 7869/4/3
f 7871/4/3 7844/4/3 7843/4/3
f 7872/4/3 7844/4/3 7871/4/3
f 7873/4/3 7846/4/3 7845/4/3
f 7874/4/3 7846/4/3 7873/4/3
f 7875/4/3 7848/4/3 7847/4/3
f 7876/4/3 7848/4/3 7875/4/3
f 7877/4/3 7850/4/3 7849/4/3
f 7878/4/3 7850/4/3 7877/4/3
f 7883/2/3 7880/2/3 7879/2/3
f 7884/2/3 7880/2/3 7883/2/3
f 7885/2/3 7882/2/3 7881/2/3
f 7886/2/3 7882/2/3 7885/2/3
f 7891/2/3 7888/2/3 7887/2/3
f 7892/2/3 7888/2/3 7891/2/3
f 7893/2/3 7890/2/3 7889/2/3
f 7894/2/3 7890/2/3 7893/2/3
f 7921/4/3 7896/4/3 7895/4/3
f 7922/4/3 7896/4/3 7921/4/3
f 7923/4/3 7898/4/3 7897/4/3
f 7924/4/3 7898/4/3 7923/4/3
f 7925/4/3 7900/4/3 7899/4/3
f 7926/4/3 7900/4/3 7925/4/3
f 7927/4/3 7902/4/3 7901/4/3
f 7928/4/3 7902/4/3 7927/4/3
f 7929/4/3 7904/4/3 7903/4/3
f 7930/4/3 7904/4/3 7929/4/3
f 7931/4/3 7906/4/3 7905/4/3
f 7932/4/3 7906/4/3 7931/4/3
f 7933/4/3 7908/4/3 7907/4/3
f 7934/4/3 7908/4/3 7933/4/3
f 7935/4/3 7910/4/3 7909/4/3
f 7936/4/3 7910/4/3 7935/4/3
f 7937/4/3 7912/4/3 7911/4/3
f 7938/4/3 7912/4/3 7937/4/3
f 7939/4/3 7914/4/3 7913/4/3
f 7940/4/3 7914/4/3 7939/4/3
f 7941/4/3 7916/4/3 7915/4/3
f 7942/4/3 7916/4/3 7941/4/3
f 7943/2/3 7918/2/3 7917/2/3
f 7944/2/3 7918/2/3 7943/2/3
f 7945/2/3 7920/2/3 7919/2/3
f 7946/2/3 7920/2/3 7945/2/3
f 7963/4/3 7948/4/3 7947/4/3
f 7964/4/3 7948/4/3 7963/4/3
f 7965/4/3 7950/4/3 7949/4/3
f 7966/4/3 7950/4/3 7965/4/3
f 7967/4/3 7952/4/3 7951/4/3
f 7968/4/3 7952/4/3 7967/4/3
f 7969/4/3 7954/4/3 7953/4/3
f 7970/4/3 7954/4/3 7969/4/3
f 7971/4/3 7956/4/3 7955/4/3
f 7972/4/3 7956/4/3 7971/4/3
f 7973/4/3 7958/4/3 7957/4/3
f 7974/4/3 7958/4/3 7973/4/3
f 7975/6/3 7960/6/3 7959/6/3
f 7976/6/3 7960/6/3 7975/6/3
f 7977/4/3 7962/4/3 7961/4/3
f 7978/4/3 7962/4/3 7977/4/3
f 7983/2/3 7980/2/3 7979/2/3
f 7984/2/3 7980/2/3 7983/2/3
f 7985/2/3 7982/2/3 7981/2/3
f 7986/2/3 7982/2/3 7985/2/3
f 7991/2/3 7988/2/3 7987/2/3
f 7992/2/3 7988/2/3 7991/2/3
f 7993/2/3 7990/2/3 7989/2/3
f 7994/2/3 7990/2/3 7993/2/3
f 8025/2/3 7996/2/3 7995/2/3
f 8026/2/3 7996/2/3 8025/2/3
f 8027/2/3 7998/2/3 7997/2/3
f 8028/2/3 7998/2/3 8027/2/3
f 8029/4/3 8000/4/3 7999/4/3
f 8030/4/3 8000/4/3 8029/4/3
f 8031/4/3 8002/4/3 8001/4/3
f 8032/4/3 8002/4/3 8031/4/3
f 8033/4/3 8004/4/3 8003/4/3
f 8034/4/3 8004/4/3 8033/4/3
f 8035/4/3 8006/4/3 8005/4/3
f 8036/4/3 8006/4/3 8035/4/3
f 8037/4/3 8008/4/3 8007/4/3
f 8038/4/3 8008/4/3 8037/4/3
f 8039/4/3 8010/4/3 8009/4/3
f 8040/4/3 8010/4/3 8039/4/3
f 8041/4/3 8012/4/3 8011/4/3
f 8042/4/3 8012/4/3 8041/4/3
f 8043/4/3 8014/4/3 8013/4/3
f 8044/4/3 8014/4/3 8043/4/3
f 8045/4/3 8016/4/3 8015/4/3
f 8046/4/3 8016/4/3 8045/4/3
f 8047/4/3 8018/4/3 8017/4/3
f 8048/4/3 8018/4/3 8047/4/3
f 8049/4/3 8020/4/3 8019/4/3
f 8050/4/3 8020/4/3 8049/4/3
f 8051/4/3 8022/4/3 8021/4/3
f 8052/4/3 8022/4/3 8051/4/3
f 8053/4/3 8024/4/3 8023/4/3
f 8054/4/3 8024/4/3 8053/4/3
f 8079/4/3 8056/4/3 8055/4/3
f 8080/4/3 8056/4/3 8079/4/3
f 8081/4/3 8058/4/3 8057/4/3
f 8082/4/3 8058/4/3 8081/4/3
f 8083/4/3 8060/4/3 8059/4/3
f 8084/4/3 8060/4/3 8083/4/3
f 8085/4/3 8062/4/3 8061/4/3
f 8086/4/3 8062/4/3 8085/4/3
f 8087/4/3 8064/4/3 8063/4/3
f 8088/4/3 8064/4/3 8087/4/3
f 8089/4/3 8066/4/3 8065/4/3
f 8090/4/3 8066/4/3 8089/4/3
f 8091/4/3 8068/4/3 8067/4/3
f 8092/4/3 8068/4/3 8091/4/3
f 8093/4/3 8070/4/3 8069/4/3
f 8094/4/3 8070/4/3 8093/4/3
f 8095/4/3 8072/4/3 8071/4/3
f 8096/4/3 8072/4/3 8095/4/3
f 8097/4/3 8074/4/3 8073/4/3
f 8098/4/3 8074/4/3 8097/4/3
f 8099/4/3 8076/4/3 8075/4/3
f 8100/4/3 8076/4/3 8099/4/3
f 8101/4/3 8078/4/3 8077/4/3
f 8102/4/3 8078/4/3 8101/4/3
f 8107/2/3 8104/2/3 8103/2/3
f 8108/2/3 8104/2/3 8107/2/3
f 8109/2/3 8106/2/3 8105/2/3
f 8110/2/3 8106/2/3 8109/2/3
f 8113/2/3 8112/2/3 8111/2/3
f 8114/2/3 8112/2/3 8113/2/3
f 8147/4/3 8116/4/3 8115/4/3
f 8148/4/3 8116/4/3 8147/4/3
f 8149/4/3 8118/4/3 8117/4/3
f 8150/4/3 8118/4/3 8149/4/3
f 8151/4/3 8120/4/3 8119/4/3
f 8152/4/3 8120/4/3 8151/4/3
f 8153/4/3 8122/4/3 8121/4/3
f 8154/4/3 8122/4/3 8153/4/3
f 8155/4/3 8124/4/3 8123/4/3
f 8156/4/3 8124/4/3 8155/4/3
f 8157/4/3 8126/4/3 8125/4/3
f 8158/4/3 8126/4/3 8157/4/3
f 8159/4/3 8128/4/3 8127/4/3
f 8160/4/3 8128/4/3 8159/4/3
f 8161/4/3 8130/4/3 8129/4/3
f 8162/4/3 8130/4/3 8161/4/3
f 8163/4/3 8132/4/3 8131/4/3
f 8164/4/3 8132/4/3 8163/4/3
f 8165/4/3 8134/4/3 8133/4/3
f 8166/4/3 8134/4/3 8165/4/3
f 8167/4/3 8136/4/3 8135/4/3
f 8168/4/3 8136/4/3 8167/4/3
f 8169/4/3 8138/4/3 8137/4/3
f 8170/4/3 8138/4/3 8169/4/3
f 8171/4/3 8140/4/3 8139/4/3
f 8172/4/3 8140/4/3 8171/4/3
f 8173/4/3 8142/4/3 8141/4/3
f 8174/4/3 8142/4/3 8173/4/3
f 8175/4/3 8144/4/3 8143/4/3
f 8176/4/3 8144/4/3 8175/4/3
f 8177/4/3 8146/4/3 8145/4/3
f 8178/4/3 8146/4/3 8177/4/3
f 8201/4/3 8180/4/3 8179/4/3
f 8202/4/3 8180/4/3 8201/4/3
f 8203/4/3 8182/4/3 8181/4/3
f 8204/4/3 8182/4/3 8203/4/3
f 8205/4/3 8184/4/3 8183/4/3
f 8206/4/3 8184/4/3 8205/4/3
f 8207/4/3 8186/4/3 8185/4/3
f 8208/4/3 8186/4/3 8207/4/3
f 8209/4/3 8188/4/3 8187/4/3
f 8210/4/3 8188/4/3 8209/4/3
f 8211/4/3 8190/4/3 8189/4/3
f 8212/4/3 8190/4/3 8211/4/3
f 8213/4/3 8192/4/3 8191/4/3
f 8214/4/3 8192/4/3 8213/4/3
f 8215/4/3 8194/4/3 8193/4/3
f 8216/4/3 8194/4/3 8215/4/3
f 8217/4/3 8196/4/3 8195/4/3
f 8218/4/3 8196/4/3 8217/4/3
f 8219/4/3 8198/4/3 8197/4/3
f 8220/4/3 8198/4/3 8219/4/3
f 8221/4/3 8200/4/3 8199/4/3
f 8222/4/3 8200/4/3 8221/4/3
f 8225/2/3 8224/2/3 8223/2/3
f 8226/2/3 8224/2/3 8225/2/3
f 8231/2/3 8228/2/3 8227/2/3
f 8232/2/3 8228/2/3 8231/2/3
f 8233/2/3 8230/2/3 8229/2/3
f 8234/2/3 8230/2/3 8233/2/3
f 8239/2/3 8236/2/3 8235/2/3
f 8240/2/3 8236/2/3 8239/2/3
f 8241/2/3 8238/2/3 8237/2/3
f 8242/2/3 8238/2/3 8241/2/3
f 8261/4/3 8244/4/3 8243/4/3
f 8262/4/3 8244/4/3 8261/4/3
f 8263/4/3 8246/4/3 8245/4/3
f 8264/4/3 8246/4/3 8263/4/3
f 8265/4/3 8248/4/3 8247/4/3
f 8266/4/3 8248/4/3 8265/4/3
f 8267/4/3 8250/4/3 8249/4/3
f 8268/4/3 8250/4/3 8267/4/3
f 8269/4/3 8252/4/3 8251/4/3
f 8270/4/3 8252/4/3 8269/4/3
f 8271/4/3 8254/4/3 8253/4/3
f 8272/4/3 8254/4/3 8271/4/3
f 8273/4/3 8256/4/3 8255/4/3
f 8274/4/3 8256/4/3 8273/4/3
f 8275/4/3 8258/4/3 8257/4/3
f 8276/4/3 8258/4/3 8275/4/3
f 8277/4/3 8260/4/3 8259/4/3
f 8278/4/3 8260/4/3 8277/4/3
f 8301/4/3 8280/4/3 8279/4/3
f 8302/4/3 8280/4/3 8301/4/3
f 8303/4/3 8282/4/3 8281/4/3
f 8304/4/3 8282/4/3 8303/4/3
f 8305/4/3 8284/4/3 8283/4/3
f 8306/4/3 8284/4/3 8305/4/3
f 8307/4/3 8286/4/3 8285/4/3
f 8308/4/3 8286/4/3 8307/4/3
f 8309/4/3 8288/4/3 8287/4/3
f 8310/4/3 8288/4/3 8309/4/3
f 8311/4/3 8290/4/3 8289/4/3
f 8312/4/3 8290/4/3 8311/4/3
f 8313/4/3 8292/4/3 8291/4/3
f 8314/4/3 8292/4/3 8313/4/3
f 8315/4/3 8294/4/3 8293/4/3
f 8316/4/3 8294/4/3 8315/4/3
f 8317/4/3 8296/4/3 8295/4/3
f 8318/4/3 8296/4/3 8317/4/3
f 8319/2/3 8298/2/3 8297/2/3
f 8320/2/3 8298/2/3 8319/2/3
f 8321/2/3 8300/2/3 8299/2/3
f 8322/2/3 8300/2/3 8321/2/3
f 8327/2/3 8324/2/3 8323/2/3
f 8328/2/3 8324/2/3 8327/2/3
f 8329/2/3 8326/2/3 8325/2/3
f 8330/2/3 8326/2/3 8329/2/3
f 8345/4/3 8332/4/3 8331/4/3
f 8346/4/3 8332/4/3 8345/4/3
f 8347/4/3 8334/4/3 8333/4/3
f 8348/4/3 8334/4/3 8347/4/3
f 8349/4/3 8336/4/3 8335/4/3
f 8350/4/3 8336/4/3 8349/4/3
f 8351/4/3 8338/4/3 8337/4/3
f 8352/4/3 8338/4/3 8351/4/3
f 8353/4/3 8340/4/3 8339/4/3
f 8354/4/3 8340/4/3 8353/4/3
f 8355/4/3 8342/4/3 8341/4/3
f 8356/4/3 8342/4/3 8355/4/3
f 8357/4/3 8344/4/3 8343/4/3
f 8358/4/3 8344/4/3 8357/4/3
f 8375/4/3 8360/4/3 8359/4/3
f 8376/4/3 8360/4/3 8375/4/3
f 8377/4/3 8362/4/3 8361/4/3
f 8378/4/3 8362/4/3 8377/4/3
f 8379/4/3 8364/4/3 8363/4/3
f 8380/4/3 8364/4/3 8379/4/3
f 8381/4/3 8366/4/3 8365/4/3
f 8382/4/3 8366/4/3 8381/4/3
f 8383/4/3 8368/4/3 8367/4/3
f 8384/4/3 8368/4/3 8383/4/3
f 8385/4/3 8370/4/3 8369/4/3
f 8386/4/3 8370/4/3 8385/4/3
f 8387/4/3 8372/4/3 8371/4/3
f 8388/4/3 8372/4/3 8387/4/3
f 8389/4/3 8374/4/3 8373/4/3
f 8390/4/3 8374/4/3 8389/4/3
f 8409/4/3 8392/4/3 8391/4/3
f 8410/4/3 8392/4/3 8409/4/3
f 8411/4/3 8394/4/3 8393/4/3
f 8412/4/3 8394/4/3 8411/4/3
f 8413/4/3 8396/4/3 8395/4/3
f 8414/4/3 8396/4/3 8413/4/3
f 8415/4/3 8398/4/3 8397/4/3
f 8416/4/3 8398/4/3 8415/4/3
f 8417/4/3 8400/4/3 8399/4/3
f 8418/4/3 8400/4/3 8417/4/3
f 8419/4/3 8402/4/3 8401/4/3
f 8420/4/3 8402/4/3 8419/4/3
f 8421/4/3 8404/4/3 8403/4/3
f 8422/4/3 8404/4/3 8421/4/3
f 8423/4/3 8406/4/3 8405/4/3
f 8424/4/3 8406/4/3 8423/4/3
f 8425/4/3 8408/4/3 8407/4/3
f 8426/4/3 8408/4/3 8425/4/3
f 8427/1/3 8410/1/3 8409/1/3
f 8428/1/3 8410/1/3 8427/1/3
f 8437/1/3 8430/1/3 8429/1/3
f 8438/1/3 8430/1/3 8437/1/3
f 8443/4/3 8432/4/3 8431/4/3
f 8444/4/3 8432/4/3 8443/4/3
f 8445/4/3 8434/4/3 8433/4/3
f 8446/4/3 8434/4/3 8445/4/3
f 8447/4/3 8436/4/3 8435/4/3
f 8448/4/3 8436/4/3 8447/4/3
f 8449/4/3 8438/4/3 8437/4/3
f 8450/4/3 8438/4/3 8449/4/3
f 8451/4/3 8440/4/3 8439/4/3
f 8452/4/3 8440/4/3 8451/4/3
f 8453/4/3 8442/4/3 8441/4/3
f 8454/4/3 8442/4/3 8453/4/3
f 8481/4/3 8456/4/3 8455/4/3
f 8482/4/3 8456/4/3 8481/4/3
f 8483/4/3 8458/4/3 8457/4/3
f 8484/4/3 8458/4/3 8483/4/3
f 8485/4/3 8460/4/3 8459/4/3
f 8486/4/3 8460/4/3 8485/4/3
f 8487/4/3 8462/4/3 8461/4/3
f 8488/4/3 8462/4/3 8487/4/3
f 8489/4/3 8464/4/3 8463/4/3
f 8490/4/3 8464/4/3 8489/4/3
f 8491/4/3 8466/4/3 8465/4/3
f 8492/4/3 8466/4/3 8491/4/3
f 8493/4/3 8468/4/3 8467/4/3
f 8494/4/3 8468/4/3 8493/4/3
f 8495/4/3 8470/4/3 8469/4/3
f 8496/4/3 8470/4/3 8495/4/3
f 8497/4/3 8472/4/3 8471/4/3
f 8498/4/3 8472/4/3 8497/4/3
f 8499/4/3 8474/4/3 8473/4/3
f 8500/4/3 8474/4/3 8499/4/3
f 8501/4/3 8476/4/3 8475/4/3
f 8502/4/3 8476/4/3 8501/4/3
f 8503/4/3 8478/4/3 8477/4/3
f 8504/4/3 8478/4/3 8503/4/3
f 8505/4/3 8480/4/3 8479/4/3
f 8506/4/3 8480/4/3 8505/4/3
f 8507/1/3 8482/1/3 8481/1/3
f 8508/1/3 8482/1/3 8507/1/3
f 8527/1/3 8510/1/3 8509/1/3
f 8528/1/3 8510/1/3 8527/1/3
f 8529/1/3 8512/1/3 8511/1/3
f 8530/1/3 8512/1/3 8529/1/3
f 8539/4/3 8514/4/3 8513/4/3
f 8540/4/3 8514/4/3 8539/4/3
f 8541/4/3 8516/4/3 8515/4/3
f 8542/4/3 8516/4/3 8541/4/3
f 8543/4/3 8518/4/3 8517/4/3
f 8544/4/3 8518/4/3 8543/4/3
f 8545/4/3 8520/4/3 8519/4/3
f 8546/4/3 8520/4/3 8545/4/3
f 8547/4/3 8522/4/3 8521/4/3
f 8548/4/3 8522/4/3 8547/4/3
f 8549/4/3 8524/4/3 8523/4/3
f 8550/4/3 8524/4/3 8549/4/3
f 8551/4/3 8526/4/3 8525/4/3
f 8552/4/3 8526/4/3 8551/4/3
f 8553/4/3 8528/4/3 8527/4/3
f 8554/4/3 8528/4/3 8553/4/3
f 8555/4/3 8530/4/3 8529/4/3
f 8556/4/3 8530/4/3 8555/4/3
f 8557/4/3 8532/4/3 8531/4/3
f 8558/4/3 8532/4/3 8557/4/3
f 8559/4/3 8534/4/3 8533/4/3
f 8560/4/3 8534/4/3 8559/4/3
f 8561/4/3 8536/4/3 8535/4/3
f 8562/4/3 8536/4/3 8561/4/3
f 8563/4/3 8538/4/3 8537/4/3
f 8564/4/3 8538/4/3 8563/4/3
f 8591/4/3 8566/4/3 8565/4/3
f 8592/4/3 8566/4/3 8591/4/3
f 8593/4/3 8568/4/3 8567/4/3
f 8594/4/3 8568/4/3 8593/4/3
f 8595/4/3 8570/4/3 8569/4/3
f 8596/4/3 8570/4/3 8595/4/3
f 8597/4/3 8572/4/3 8571/4/3
f 8598/4/3 8572/4/3 8597/4/3
f 8599/4/3 8574/4/3 8573/4/3
f 8600/4/3 8574/4/3 8599/4/3
f 8601/4/3 8576/4/3 8575/4/3
f 8602/4/3 8576/4/3 8601/4/3
f 8603/4/3 8578/4/3 8577/4/3
f 8604/4/3 8578/4/3 8603/4/3
f 8605/4/3 8580/4/3 8579/4/3
f 8606/4/3 8580/4/3 8605/4/3
f 8607/4/3 8582/4/3 8581/4/3
f 8608/4/3 8582/4/3 8607/4/3
f 8609/4/3 8584/4/3 8583/4/3
f 8610/4/3 8584/4/3 8609/4/3
f 8611/4/3 8586/4/3 8585/4/3
f 8612/4/3 8586/4/3 8611/4/3
f 8613/4/3 8588/4/3 8587/4/3
f 8614/4/3 8588/4/3 8613/4/3
f 8615/4/3 8590/4/3 8589/4/3
f 8616/4/3 8590/4/3 8615/4/3
f 8617/1/3 8592/1/3 8591/1/3
f 8618/1/3 8592/1/3 8617/1/3
f 8643/4/3 8620/4/3 8619/4/3
f 8644/4/3 8620/4/3 8643/4/3
f 8645/4/3 8622/4/3 8621/4/3
f 8646/4/3 8622/4/3 8645/4/3
f 8647/4/3 8624/4/3 8623/4/3
f 8648/4/3 8624/4/3 8647/4/3
f 8649/4/3 8626/4/3 8625/4/3
f 8650/4/3 8626/4/3 8649/4/3
f 8651/4/3 8628/4/3 8627/4/3
f 8652/4/3 8628/4/3 8651/4/3
f 8653/4/3 8630/4/3 8629/4/3
f 8654/4/3 8630/4/3 8653/4/3
f 8655/4/3 8632/4/3 8631/4/3
f 8656/4/3 8632/4/3 8655/4/3
f 8657/4/3 8634/4/3 8633/4/3
f 8658/4/3 8634/4/3 8657/4/3
f 8659/4/3 8636/4/3 8635/4/3
f 8660/4/3 8636/4/3 8659/4/3
f 8661/4/3 8638/4/3 8637/4/3
f 8662/4/3 8638/4/3 8661/4/3
f 8663/4/3 8640/4/3 8639/4/3
f 8664/4/3 8640/4/3 8663/4/3
f 8665/4/3 8642/4/3 8641/4/3
f 8666/4/3 8642/4/3 8665/4/3
f 8693/4/3 8668/4/3 8667/4/3
f 8694/4/3 8668/4/3 8693/4/3
f 8695/4/3 8670/4/3 8669/4/3
f 8696/4/3 8670/4/3 8695/4/3
f 8697/4/3 8672/4/3 8671/4/3
f 8698/4/3 8672/4/3 8697/4/3
f 8699/4/3 8674/4/3 8673/4/3
f 8700/4/3 8674/4/3 8699/4/3
f 8701/4/3 8676/4/3 8675/4/3
f 8702/4/3 8676/4/3 8701/4/3
f 8703/4/3 8678/4/3 8677/4/3
f 8704/4/3 8678/4/3 8703/4/3
f 8705/4/3 8680/4/3 8679/4/3
f 8706/4/3 8680/4/3 8705/4/3
f 8707/4/3 8682/4/3 8681/4/3
f 8708/4/3 8682/4/3 8707/4/3
f 8709/4/3 8684/4/3 8683/4/3
f 8710/4/3 8684/4/3 8709/4/3
f 8711/4/3 8686/4/3 8685/4/3
f 8712/4/3 8686/4/3 8711/4/3
f 8713/4/3 8688/4/3 8687/4/3
f 8714/4/3 8688/4/3 8713/4/3
f 8715/4/3 8690/4/3 8689/4/3
f 8716/4/3 8690/4/3 8715/4/3
f 8717/4/3 8692/4/3 8691/4/3
f 8718/4/3 8692/4/3 8717/4/3
f 8735/1/3 8720/1/3 8719/1/3
f 8736/1/3 8720/1/3 8735/1/3
f 8737/1/3 8722/1/3 8721/1/3
f 8738/1/3 8722/1/3 8737/1/3
f 8747/4/3 8724/4/3 8723/4/3
f 8748/4/3 8724/4/3 8747/4/3
f 8749/4/3 8726/4/3 8725/4/3
f 8750/4/3 8726/4/3 8749/4/3
f 8751/4/3 8728/4/3 8727/4/3
f 8752/4/3 8728/4/3 8751/4/3
f 8753/4/3 8730/4/3 8729/4/3
f 8754/4/3 8730/4/3 8753/4/3
f 8755/4/3 8732/4/3 8731/4/3
f 8756/4/3 8732/4/3 8755/4/3
f 8757/4/3 8734/4/3 8733/4/3
f 8758/4/3 8734/4/3 8757/4/3
f 8759/4/3 8736/4/3 8735/4/3
f 8760/4/3 8736/4/3 8759/4/3
f 8761/4/3 8738/4/3 8737/4/3
f 8762/4/3 8738/4/3 8761/4/3
f 8763/4/3 8740/4/3 8739/4/3
f 8764/4/3 8740/4/3 8763/4/3
f 8765/4/3 8742/4/3 8741/4/3
f 8766/4/3 8742/4/3 8765/4/3
f 8767/4/3 8744/4/3 8743/4/3
f 8768/4/3 8744/4/3 8767/4/3
f 8769/4/3 8746/4/3 8745/4/3
f 8770/4/3 8746/4/3 8769/4/3
f 8799/4/3 8772/4/3 8771/4/3
f 8800/4/3 8772/4/3 8799/4/3
f 8801/4/3 8774/4/3 8773/4/3
f 8802/4/3 8774/4/3 8801/4/3
f 8803/4/3 8776/4/3 8775/4/3
f 8804/4/3 8776/4/3 8803/4/3
f 8805/4/3 8778/4/3 8777/4/3
f 8806/4/3 8778/4/3 8805/4/3
f 8807/4/3 8780/4/3 8779/4/3
f 8808/4/3 8780/4/3 8807/4/3
f 8809/4/3 8782/4/3 8781/4/3
f 8810/4/3 8782/4/3 8809/4/3
f 8811/4/3 8784/4/3 8783/4/3
f 8812/4/3 8784/4/3 8811/4/3
f 8813/4/3 8786/4/3 8785/4/3
f 8814/4/3 8786/4/3 8813/4/3
f 8815/4/3 8788/4/3 8787/4/3
f 8816/4/3 8788/4/3 8815/4/3
f 8817/4/3 8790/4/3 8789/4/3
f 8818/4/3 8790/4/3 8817/4/3
f 8819/4/3 8792/4/3 8791/4/3
f 8820/4/3 8792/4/3 8819/4/3
f 8821/4/3 8794/4/3 8793/4/3
f 8822/4/3 8794/4/3 8821/4/3
f 8823/4/3 8796/4/3 8795/4/3
f 8824/4/3 8796/4/3 8823/4/3
f 8825/4/3 8798/4/3 8797/4/3
f 8826/4/3 8798/4/3 8825/4/3
f 8827/1/3 8800/1/3 8799/1/3
f 8828/1/3 8800/1/3 8827/1/3
f 8847/1/3 8830/1/3 8829/1/3
f 8848/1/3 8830/1/3 8847/1/3
f 8849/1/3 8832/1/3 8831/1/3
f 8850/1/3 8832/1/3 8849/1/3
f 8861/4/3 8834/4/3 8833/4/3
f 8862/4/3 8834/4/3 8861/4/3
f 8863/4/3 8836/4/3 8835/4/3
f 8864/4/3 8836/4/3 8863/4/3
f 8865/4/3 8838/4/3 8837/4/3
f 8866/4/3 8838/4/3 8865/4/3
f 8867/4/3 8840/4/3 8839/4/3
f 8868/4/3 8840/4/3 8867/4/3
f 8869/4/3 8842/4/3 8841/4/3
f 8870/4/3 8842/4/3 8869/4/3
f 8871/4/3 8844/4/3 8843/4/3
f 8872/4/3 8844/4/3 8871/4/3
f 8873/4/3 8846/4/3 8845/4/3
f 8874/4/3 8846/4/3 8873/4/3
f 8875/4/3 8848/4/3 8847/4/3
f 8876/4/3 8848/4/3 8875/4/3
f 8877/4/3 8850/4/3 8849/4/3
f 8878/4/3 8850/4/3 8877/4/3
f 8879/4/3 8852/4/3 8851/4/3
f 8880/4/3 8852/4/3 8879/4/3
f 8881/4/3 8854/4/3 8853/4/3
f 8882/4/3 8854/4/3 8881/4/3
f 8883/4/3 8856/4/3 8855/4/3
f 8884/4/3 8856/4/3 8883/4/3
f 8885/4/3 8858/4/3 8857/4/3
f 8886/4/3 8858/4/3 8885/4/3
f 8887/4/3 8860/4/3 8859/4/3
f 8888/4/3 8860/4/3 8887/4/3
f 8907/4/3 8890/4/3 8889/4/3
f 8908/4/3 8890/4/3 8907/4/3
f 8909/4/3 8892/4/3 8891/4/3
f 8910/4/3 8892/4/3 8909/4/3
f 8911/4/3 8894/4/3 8893/4/3
f 8912/4/3 8894/4/3 8911/4/3
f 8913/4/3 8896/4/3 8895/4/3
f 8914/4/3 8896/4/3 8913/4/3
f 8915/4/3 8898/4/3 8897/4/3
f 8916/4/3 8898/4/3 8915/4/3
f 8917/4/3 8900/4/3 8899/4/3
f 8918/4/3 8900/4/3 8917/4/3
f 8919/4/3 8902/4/3 8901/4/3
f 8920/4/3 8902/4/3 8919/4/3
f 8921/4/3 8904/4/3 8903/4/3
f 8922/4/3 8904/4/3 8921/4/3
f 8923/4/3 8906/4/3 8905/4/3
f 8924/4/3 8906/4/3 8923/4/3
f 8925/1/3 8908/1/3 8907/1/3
f 8926/1/3 8908/1/3 8925/1/3
f 8941/4/3 8928/4/3 8927/4/3
f 8942/4/3 8928/4/3 8941/4/3
f 8943/4/3 8930/4/3 8929/4/3
f 8944/4/3 8930/4/3 8943/4/3
f 8945/4/3 8932/4/3 8931/4/3
f 8946/4/3 8932/4/3 8945/4/3
f 8947/4/3 8934/4/3 8933/4/3
f 8948/4/3 8934/4/3 8947/4/3
f 8949/4/3 8936/4/3 8935/4/3
f 8950/4/3 8936/4/3 8949/4/3
f 8951/4/3 8938/4/3 8937/4/3
f 8952/4/3 8938/4/3 8951/4/3
f 8953/4/3 8940/4/3 8939/4/3
f 8954/4/3 8940/4/3 8953/4/3
f 8965/4/3 8956/4/3 8955/4/3
f 8966/4/3 8956/4/3 8965/4/3
f 8967/4/3 8958/4/3 8957/4/3
f 8968/4/3 8958/4/3 8967/4/3
f 8969/4/3 8960/4/3 8959/4/3
f 8970/4/3 8960/4/3 8969/4/3
f 8971/4/3 8962/4/3 8961/4/3
f 8972/4/3 8962/4/3 8971/4/3
f 8973/4/3 8964/4/3 8963/4/3
f 8974/4/3 8964/4/3 8973/4/3
f 8989/1/3 8976/1/3 8975/1/3
f 8990/1/3 8976/1/3 8989/1/3
f 8997/4/3 8978/4/3 8977/4/3
f 8998/4/3 8978/4/3 8997/4/3
f 8999/4/3 8980/4/3 8979/4/3
f 9000/4/3 8980/4/3 8999/4/3
f 9001/4/3 8982/4/3 8981/4/3
f 9002/4/3 8982/4/3 9001/4/3
f 9003/4/3 8984/4/3 8983/4/3
f 9004/4/3 8984/4/3 9003/4/3
f 9005/4/3 8986/4/3 8985/4/3
f 9006/4/3 8986/4/3 9005/4/3
f 9007/4/3 8988/4/3 8987/4/3
f 9008/4/3 8988/4/3 9007/4/3
f 9009/4/3 8990/4/3 8989/4/3
f 9010/4/3 8990/4/3 9009/4/3
f 9011/4/3 8992/4/3 8991/4/3
f 9012/4/3 8992/4/3 9011/4/3
f 9013/4/3 8994/4/3 8993/4/3
f 9014/4/3 8994/4/3 9013/4/3
f 9015/4/3 8996/4/3 8995/4/3
f 9016/4/3 8996/4/3 9015/4/3
f 9033/4/3 9018/4/3 9017/4/3
f 9034/4/3 9018/4/3 9033/4/3
f 9035/4/3 9020/4/3 9019/4/3
f 9036/4/3 9020/4/3 9035/4/3
f 9037/4/3 9022/4/3 9021/4/3
f 9038/4/3 9022/4/3 9037/4/3
f 9039/4/3 9024/4/3 9023/4/3
f 9040/4/3 9024/4/3 9039/4/3
f 9041/4/3 9026/4/3 9025/4/3
f 9042/4/3 9026/4/3 9041/4/3
f 9043/4/3 9028/4/3 9027/4/3
f 9044/4/3 9028/4/3 9043/4/3
f 9045/4/3 9030/4/3 9029/4/3
f 9046/4/3 9030/4/3 9045/4/3
f 9047/4/3 9032/4/3 9031/4/3
f 9048/4/3 9032/4/3 9047/4/3
f 9049/1/3 9034/1/3 9033/1/3
f 9050/1/3 9034/1/3 9049/1/3
f 9071/4/3 9052/4/3 9051/4/3
f 9072/4/3 9052/4/3 9071/4/3
f 9073/4/3 9054/4/3 9053/4/3
f 9074/4/3 9054/4/3 9073/4/3
f 9075/4/3 9056/4/3 9055/4/3
f 9076/4/3 9056/4/3 9075/4/3
f 9077/4/3 9058/4/3 9057/4/3
f 9078/4/3 9058/4/3 9077/4/3
f 9079/4/3 9060/4/3 9059/4/3
f 9080/4/3 9060/4/3 9079/4/3
f 9081/4/3 9062/4/3 9061/4/3
f 9082/4/3 9062/4/3 9081/4/3
f 9083/4/3 9064/4/3 9063/4/3
f 9084/4/3 9064/4/3 9083/4/3
f 9085/4/3 9066/4/3 9065/4/3
f 9086/4/3 9066/4/3 9085/4/3
f 9087/4/3 9068/4/3 9067/4/3
f 9088/4/3 9068/4/3 9087/4/3
f 9089/4/3 9070/4/3 9069/4/3
f 9090/4/3 9070/4/3 9089/4/3
f 9093/6/3 9092/6/3 9091/6/3
f 9094/6/3 9092/6/3 9093/6/3
f 9097/6/3 9096/6/3 9095/6/3
f 9098/6/3 9096/6/3 9097/6/3
f 9101/6/3 9100/6/3 9099/6/3
f 9102/6/3 9100/6/3 9101/6/3
f 9103/6/4 9104/6/4 9105/6/4
f 9105/6/4 9104/6/4 9106/6/4
f 9107/6/4 9108/6/4 9109/6/4
f 9109/6/4 9108/6/4 9110/6/4
f 9111/6/4 9112/6/4 9113/6/4
f 9113/6/4 9112/6/4 9114/6/4
f 9115/4/4 9116/4/4 9139/4/4
f 9139/4/4 9116/4/4 9140/4/4
f 9117/4/4 9118/4/4 9141/4/4
f 9141/4/4 9118/4/4 9142/4/4
f 9119/4/4 9120/4/4 9143/4/4
f 9143/4/4 9120/4/4 9144/4/4
f 9121/4/4 9122/4/4 9145/4/4
f 9145/4/4 9122/4/4 9146/4/4
f 9123/4/4 9124/4/4 9147/4/4
f 9147/4/4 9124/4/4 9148/4/4
f 9125/4/4 9126/4/4 9149/4/4
f 9149/4/4 9126/4/4 9150/4/4
f 9127/4/4 9128/4/4 9151/4/4
f 9151/4/4 9128/4/4 9152/4/4
f 9129/4/4 9130/4/4 9153/4/4
f 9153/4/4 9130/4/4 9154/4/4
f 9131/4/4 9132/4/4 9155/4/4
f 9155/4/4 9132/4/4 9156/4/4
f 9133/4/4 9134/4/4 9157/4/4
f 9157/4/4 9134/4/4 9158/4/4
f 9135/4/4 9136/4/4 9159/4/4
f 9159/4/4 9136/4/4 9160/4/4
f 9137/2/4 9138/2/4 9161/2/4
f 9161/2/4 9138/2/4 9162/2/4
f 9163/4/4 9164/4/4 9183/4/4
f 9183/4/4 9164/4/4 9184/4/4
f 9165/4/4 9166/4/4 9185/4/4
f 9185/4/4 9166/4/4 9186/4/4
f 9167/4/4 9168/4/4 9187/4/4
f 9187/4/4 9168/4/4 9188/4/4
f 9169/4/4 9170/4/4 9189/4/4
f 9189/4/4 9170/4/4 9190/4/4
f 9171/4/4 9172/4/4 9191/4/4
f 9191/4/4 9172/4/4 9192/4/4
f 9173/4/4 9174/4/4 9193/4/4
f 9193/4/4 9174/4/4 9194/4/4
f 9175/4/4 9176/4/4 9195/4/4
f 9195/4/4 9176/4/4 9196/4/4
f 9177/4/4 9178/4/4 9197/4/4
f 9197/4/4 9178/4/4 9198/4/4
f 9179/4/4 9180/4/4 9199/4/4
f 9199/4/4 9180/4/4 9200/4/4
f 9181/4/4 9182/4/4 9201/4/4
f 9201/4/4 9182/4/4 9202/4/4
f 9203/4/4 9204/4/4 9223/4/4
f 9223/4/4 9204/4/4 9224/4/4
f 9205/4/4 9206/4/4 9225/4/4
f 9225/4/4 9206/4/4 9226/4/4
f 9207/4/4 9208/4/4 9227/4/4
f 9227/4/4 9208/4/4 9228/4/4
f 9209/4/4 9210/4/4 9229/4/4
f 9229/4/4 9210/4/4 9230/4/4
f 9211/4/4 9212/4/4 9231/4/4
f 9231/4/4 9212/4/4 9232/4/4
f 9213/4/4 9214/4/4 9233/4/4
f 9233/4/4 9214/4/4 9234/4/4
f 9215/4/4 9216/4/4 9235/4/4
f 9235/4/4 9216/4/4 9236/4/4
f 9217/4/4 9218/4/4 9237/4/4
f 9237/4/4 9218/4/4 9238/4/4
f 9219/4/4 9220/4/4 9239/4/4
f 9239/4/4 9220/4/4 9240/4/4
f 9221/4/4 9222/4/4 9241/4/4
f 9241/4/4 9222/4/4 9242/4/4
f 9223/1/4 9224/1/4 9243/1/4
f 9243/1/4 9224/1/4 9244/1/4
f 9245/1/4 9246/1/4 9255/1/4
f 9255/1/4 9246/1/4 9256/1/4
f 9247/4/4 9248/4/4 9267/4/4
f 9267/4/4 9248/4/4 9268/4/4
f 9249/4/4 9250/4/4 9269/4/4
f 9269/4/4 9250/4/4 9270/4/4
f 9251/4/4 9252/4/4 9271/4/4
f 9271/4/4 9252/4/4 9272/4/4
f 9253/4/4 9254/4/4 9273/4/4
f 9273/4/4 9254/4/4 9274/4/4
f 9255/4/4 9256/4/4 9275/4/4
f 9275/4/4 9256/4/4 9276/4/4
f 9257/4/4 9258/4/4 9277/4/4
f 9277/4/4 9258/4/4 9278/4/4
f 9259/4/4 9260/4/4 9279/4/4
f 9279/4/4 9260/4/4 9280/4/4
f 9261/4/4 9262/4/4 9281/4/4
f 9281/4/4 9262/4/4 9282/4/4
f 9263/4/4 9264/4/4 9283/4/4
f 9283/4/4 9264/4/4 9284/4/4
f 9265/2/4 9266/2/4 9285/2/4
f 9285/2/4 9266/2/4 9286/2/4
f 9287/4/4 9288/4/4 9309/4/4
f 9309/4/4 9288/4/4 9310/4/4
f 9289/4/4 9290/4/4 9311/4/4
f 9311/4/4 9290/4/4 9312/4/4
f 9291/4/4 9292/4/4 9313/4/4
f 9313/4/4 9292/4/4 9314/4/4
f 9293/4/4 9294/4/4 9315/4/4
f 9315/4/4 9294/4/4 9316/4/4
f 9295/4/4 9296/4/4 9317/4/4
f 9317/4/4 9296/4/4 9318/4/4
f 9297/4/4 9298/4/4 9319/4/4
f 9319/4/4 9298/4/4 9320/4/4
f 9299/4/4 9300/4/4 9321/4/4
f 9321/4/4 9300/4/4 9322/4/4
f 9301/4/4 9302/4/4 9323/4/4
f 9323/4/4 9302/4/4 9324/4/4
f 9303/4/4 9304/4/4 9325/4/4
f 9325/4/4 9304/4/4 9326/4/4
f 9305/4/4 9306/4/4 9327/4/4
f 9327/4/4 9306/4/4 9328/4/4
f 9307/4/4 9308/4/4 9329/4/4
f 9329/4/4 9308/4/4 9330/4/4
f 9309/1/4 9310/1/4 9331/1/4
f 9331/1/4 9310/1/4 9332/1/4
f 9333/1/4 9334/1/4 9347/1/4
f 9347/1/4 9334/1/4 9348/1/4
f 9335/4/4 9336/4/4 9351/4/4
f 9351/4/4 9336/4/4 9352/4/4
f 9337/4/4 9338/4/4 9353/4/4
f 9353/4/4 9338/4/4 9354/4/4
f 9339/4/4 9340/4/4 9355/4/4
f 9355/4/4 9340/4/4 9356/4/4
f 9341/4/4 9342/4/4 9357/4/4
f 9357/4/4 9342/4/4 9358/4/4
f 9343/4/4 9344/4/4 9359/4/4
f 9359/4/4 9344/4/4 9360/4/4
f 9345/4/4 9346/4/4 9361/4/4
f 9361/4/4 9346/4/4 9362/4/4
f 9347/4/4 9348/4/4 9363/4/4
f 9363/4/4 9348/4/4 9364/4/4
f 9349/4/4 9350/4/4 9365/4/4
f 9365/4/4 9350/4/4 9366/4/4
f 9367/4/4 9368/4/4 9393/4/4
f 9393/4/4 9368/4/4 9394/4/4
f 9369/4/4 9370/4/4 9395/4/4
f 9395/4/4 9370/4/4 9396/4/4
f 9371/4/4 9372/4/4 9397/4/4
f 9397/4/4 9372/4/4 9398/4/4
f 9373/4/4 9374/4/4 9399/4/4
f 9399/4/4 9374/4/4 9400/4/4
f 9375/4/4 9376/4/4 9401/4/4
f 9401/4/4 9376/4/4 9402/4/4
f 9377/4/4 9378/4/4 9403/4/4
f 9403/4/4 9378/4/4 9404/4/4
f 9379/4/4 9380/4/4 9405/4/4
f 9405/4/4 9380/4/4 9406/4/4
f 9381/4/4 9382/4/4 9407/4/4
f 9407/4/4 9382/4/4 9408/4/4
f 9383/4/4 9384/4/4 9409/4/4
f 9409/4/4 9384/4/4 9410/4/4
f 9385/4/4 9386/4/4 9411/4/4
f 9411/4/4 9386/4/4 9412/4/4
f 9387/4/4 9388/4/4 9413/4/4
f 9413/4/4 9388/4/4 9414/4/4
f 9389/4/4 9390/4/4 9415/4/4
f 9415/4/4 9390/4/4 9416/4/4
f 9391/4/4 9392/4/4 9417/4/4
f 9417/4/4 9392/4/4 9418/4/4
f 9393/1/4 9394/1/4 9419/1/4
f 9419/1/4 9394/1/4 9420/1/4
f 9421/1/4 9422/1/4 9435/1/4
f 9435/1/4 9422/1/4 9436/1/4
f 9423/4/4 9424/4/4 9451/4/4
f 9451/4/4 9424/4/4 9452/4/4
f 9425/4/4 9426/4/4 9453/4/4
f 9453/4/4 9426/4/4 9454/4/4
f 9427/4/4 9428/4/4 9455/4/4
f 9455/4/4 9428/4/4 9456/4/4
f 9429/4/4 9430/4/4 9457/4/4
f 9457/4/4 9430/4/4 9458/4/4
f 9431/4/4 9432/4/4 9459/4/4
f 9459/4/4 9432/4/4 9460/4/4
f 9433/4/4 9434/4/4 9461/4/4
f 9461/4/4 9434/4/4 9462/4/4
f 9435/4/4 9436/4/4 9463/4/4
f 9463/4/4 9436/4/4 9464/4/4
f 9437/4/4 9438/4/4 9465/4/4
f 9465/4/4 9438/4/4 9466/4/4
f 9439/4/4 9440/4/4 9467/4/4
f 9467/4/4 9440/4/4 9468/4/4
f 9441/4/4 9442/4/4 9469/4/4
f 9469/4/4 9442/4/4 9470/4/4
f 9443/4/4 9444/4/4 9471/4/4
f 9471/4/4 9444/4/4 9472/4/4
f 9445/4/4 9446/4/4 9473/4/4
f 9473/4/4 9446/4/4 9474/4/4
f 9447/4/4 9448/4/4 9475/4/4
f 9475/4/4 9448/4/4 9476/4/4
f 9449/4/4 9450/4/4 9477/4/4
f 9477/4/4 9450/4/4 9478/4/4
f 9479/4/4 9480/4/4 9511/4/4
f 9511/4/4 9480/4/4 9512/4/4
f 9481/4/4 9482/4/4 9513/4/4
f 9513/4/4 9482/4/4 9514/4/4
f 9483/4/4 9484/4/4 9515/4/4
f 9515/4/4 9484/4/4 9516/4/4
f 9485/4/4 9486/4/4 9517/4/4
f 9517/4/4 9486/4/4 9518/4/4
f 9487/4/4 9488/4/4 9519/4/4
f 9519/4/4 9488/4/4 9520/4/4
f 9489/4/4 9490/4/4 9521/4/4
f 9521/4/4 9490/4/4 9522/4/4
f 9491/4/4 9492/4/4 9523/4/4
f 9523/4/4 9492/4/4 9524/4/4
f 9493/4/4 9494/4/4 9525/4/4
f 9525/4/4 9494/4/4 9526/4/4
f 9495/4/4 9496/4/4 9527/4/4
f 9527/4/4 9496/4/4 9528/4/4
f 9497/4/4 9498/4/4 9529/4/4
f 9529/4/4 9498/4/4 9530/4/4
f 9499/4/4 9500/4/4 9531/4/4
f 9531/4/4 9500/4/4 9532/4/4
f 9501/4/4 9502/4/4 9533/4/4
f 9533/4/4 9502/4/4 9534/4/4
f 9503/4/4 9504/4/4 9535/4/4
f 9535/4/4 9504/4/4 9536/4/4
f 9505/4/4 9506/4/4 9537/4/4
f 9537/4/4 9506/4/4 9538/4/4
f 9507/4/4 9508/4/4 9539/4/4
f 9539/4/4 9508/4/4 9540/4/4
f 9509/4/4 9510/4/4 9541/4/4
f 9541/4/4 9510/4/4 9542/4/4
f 9511/1/4 9512/1/4 9543/1/4
f 9543/1/4 9512/1/4 9544/1/4
f 9545/1/4 9546/1/4 9561/1/4
f 9561/1/4 9546/1/4 9562/1/4
f 9547/1/4 9548/1/4 9563/1/4
f 9563/1/4 9548/1/4 9564/1/4
f 9549/4/4 9550/4/4 9575/4/4
f 9575/4/4 9550/4/4 9576/4/4
f 9551/4/4 9552/4/4 9577/4/4
f 9577/4/4 9552/4/4 9578/4/4
f 9553/4/4 9554/4/4 9579/4/4
f 9579/4/4 9554/4/4 9580/4/4
f 9555/4/4 9556/4/4 9581/4/4
f 9581/4/4 9556/4/4 9582/4/4
f 9557/4/4 9558/4/4 9583/4/4
f 9583/4/4 9558/4/4 9584/4/4
f 9559/4/4 9560/4/4 9585/4/4
f 9585/4/4 9560/4/4 9586/4/4
f 9561/4/4 9562/4/4 9587/4/4
f 9587/4/4 9562/4/4 9588/4/4
f 9563/4/4 9564/4/4 9589/4/4
f 9589/4/4 9564/4/4 9590/4/4
f 9565/4/4 9566/4/4 9591/4/4
f 9591/4/4 9566/4/4 9592/4/4
f 9567/4/4 9568/4/4 9593/4/4
f 9593/4/4 9568/4/4 9594/4/4
f 9569/4/4 9570/4/4 9595/4/4
f 9595/4/4 9570/4/4 9596/4/4
f 9571/4/4 9572/4/4 9597/4/4
f 9597/4/4 9572/4/4 9598/4/4
f 9573/4/4 9574/4/4 9599/4/4
f 9599/4/4 9574/4/4 9600/4/4
f 9601/4/4 9602/4/4 9623/4/4
f 9623/4/4 9602/4/4 9624/4/4
f 9603/4/4 9604/4/4 9625/4/4
f 9625/4/4 9604/4/4 9626/4/4
f 9605/4/4 9606/4/4 9627/4/4
f 9627/4/4 9606/4/4 9628/4/4
f 9607/4/4 9608/4/4 9629/4/4
f 9629/4/4 9608/4/4 9630/4/4
f 9609/4/4 9610/4/4 9631/4/4
f 9631/4/4 9610/4/4 9632/4/4
f 9611/4/4 9612/4/4 9633/4/4
f 9633/4/4 9612/4/4 9634/4/4
f 9613/4/4 9614/4/4 9635/4/4
f 9635/4/4 9614/4/4 9636/4/4
f 9615/4/4 9616/4/4 9637/4/4
f 9637/4/4 9616/4/4 9638/4/4
f 9617/4/4 9618/4/4 9639/4/4
f 9639/4/4 9618/4/4 9640/4/4
f 9619/4/4 9620/4/4 9641/4/4
f 9641/4/4 9620/4/4 9642/4/4
f 9621/4/4 9622/4/4 9643/4/4
f 9643/4/4 9622/4/4 9644/4/4
f 9623/1/4 9624/1/4 9645/1/4
f 9645/1/4 9624/1/4 9646/1/4
f 9647/1/4 9648/1/4 9663/1/4
f 9663/1/4 9648/1/4 9664/1/4
f 9649/1/4 9650/1/4 9665/1/4
f 9665/1/4 9650/1/4 9666/1/4
f 9651/4/4 9652/4/4 9673/4/4
f 9673/4/4 9652/4/4 9674/4/4
f 9653/4/4 9654/4/4 9675/4/4
f 9675/4/4 9654/4/4 9676/4/4
f 9655/4/4 9656/4/4 9677/4/4
f 9677/4/4 9656/4/4 9678/4/4
f 9657/4/4 9658/4/4 9679/4/4
f 9679/4/4 9658/4/4 9680/4/4
f 9659/4/4 9660/4/4 9681/4/4
f 9681/4/4 9660/4/4 9682/4/4
f 9661/4/4 9662/4/4 9683/4/4
f 9683/4/4 9662/4/4 9684/4/4
f 9663/4/4 9664/4/4 9685/4/4
f 9685/4/4 9664/4/4 9686/4/4
f 9665/4/4 9666/4/4 9687/4/4
f 9687/4/4 9666/4/4 9688/4/4
f 9667/4/4 9668/4/4 9689/4/4
f 9689/4/4 9668/4/4 9690/4/4
f 9669/4/4 9670/4/4 9691/4/4
f 9691/4/4 9670/4/4 9692/4/4
f 9671/4/4 9672/4/4 9693/4/4
f 9693/4/4 9672/4/4 9694/4/4
f 9695/4/4 9696/4/4 9719/4/4
f 9719/4/4 9696/4/4 9720/4/4
f 9697/4/4 9698/4/4 9721/4/4
f 9721/4/4 9698/4/4 9722/4/4
f 9699/4/4 9700/4/4 9723/4/4
f 9723/4/4 9700/4/4 9724/4/4
f 9701/4/4 9702/4/4 9725/4/4
f 9725/4/4 9702/4/4 9726/4/4
f 9703/4/4 9704/4/4 9727/4/4
f 9727/4/4 9704/4/4 9728/4/4
f 9705/4/4 9706/4/4 9729/4/4
f 9729/4/4 9706/4/4 9730/4/4
f 9707/4/4 9708/4/4 9731/4/4
f 9731/4/4 9708/4/4 9732/4/4
f 9709/4/4 9710/4/4 9733/4/4
f 9733/4/4 9710/4/4 9734/4/4
f 9711/4/4 9712/4/4 9735/4/4
f 9735/4/4 9712/4/4 9736/4/4
f 9713/4/4 9714/4/4 9737/4/4
f 9737/4/4 9714/4/4 9738/4/4
f 9715/4/4 9716/4/4 9739/4/4
f 9739/4/4 9716/4/4 9740/4/4
f 9717/4/4 9718/4/4 9741/4/4
f 9741/4/4 9718/4/4 9742/4/4
f 9719/1/4 9720/1/4 9743/1/4
f 9743/1/4 9720/1/4 9744/1/4
f 9745/4/4 9746/4/4 9767/4/4
f 9767/4/4 9746/4/4 9768/4/4
f 9747/4/4 9748/4/4 9769/4/4
f 9769/4/4 9748/4/4 9770/4/4
f 9749/4/4 9750/4/4 9771/4/4
f 9771/4/4 9750/4/4 9772/4/4
f 9751/4/4 9752/4/4 9773/4/4
f 9773/4/4 9752/4/4 9774/4/4
f 9753/4/4 9754/4/4 9775/4/4
f 9775/4/4 9754/4/4 9776/4/4
f 9755/4/4 9756/4/4 9777/4/4
f 9777/4/4 9756/4/4 9778/4/4
f 9757/4/4 9758/4/4 9779/4/4
f 9779/4/4 9758/4/4 9780/4/4
f 9759/4/4 9760/4/4 9781/4/4
f 9781/4/4 9760/4/4 9782/4/4
f 9761/4/4 9762/4/4 9783/4/4
f 9783/4/4 9762/4/4 9784/4/4
f 9763/4/4 9764/4/4 9785/4/4
f 9785/4/4 9764/4/4 9786/4/4
f 9765/4/4 9766/4/4 9787/4/4
f 9787/4/4 9766/4/4 9788/4/4
f 9789/4/4 9790/4/4 9803/4/4
f 9803/4/4 9790/4/4 9804/4/4
f 9791/4/4 9792/4/4 9805/4/4
f 9805/4/4 9792/4/4 9806/4/4
f 9793/4/4 9794/4/4 9807/4/4
f 9807/4/4 9794/4/4 9808/4/4
f 9795/4/4 9796/4/4 9809/4/4
f 9809/4/4 9796/4/4 9810/4/4
f 9797/4/4 9798/4/4 9811/4/4
f 9811/4/4 9798/4/4 9812/4/4
f 9799/4/4 9800/4/4 9813/4/4
f 9813/4/4 9800/4/4 9814/4/4
f 9801/4/4 9802/4/4 9815/4/4
f 9815/4/4 9802/4/4 9816/4/4
f 9803/1/4 9804/1/4 9817/1/4
f 9817/1/4 9804/1/4 9818/1/4
f 9819/1/4 9820/1/4 9827/1/4
f 9827/1/4 9820/1/4 9828/1/4
f 9821/4/4 9822/4/4 9835/4/4
f 9835/4/4 9822/4/4 9836/4/4
f 9823/4/4 9824/4/4 9837/4/4
f 9837/4/4 9824/4/4 9838/4/4
f 9825/4/4 9826/4/4 9839/4/4
f 9839/4/4 9826/4/4 9840/4/4
f 9827/4/4 9828/4/4 9841/4/4
f 9841/4/4 9828/4/4 9842/4/4
f 9829/4/4 9830/4/4 9843/4/4
f 9843/4/4 9830/4/4 9844/4/4
f 9831/4/4 9832/4/4 9845/4/4
f 9845/4/4 9832/4/4 9846/4/4
f 9833/4/4 9834/4/4 9847/4/4
f 9847/4/4 9834/4/4 9848/4/4
f 9849/4/4 9850/4/4 9869/4/4
f 9869/4/4 9850/4/4 9870/4/4
f 9851/4/4 9852/4/4 9871/4/4
f 9871/4/4 9852/4/4 9872/4/4
f 9853/4/4 9854/4/4 9873/4/4
f 9873/4/4 9854/4/4 9874/4/4
f 9855/4/4 9856/4/4 9875/4/4
f 9875/4/4 9856/4/4 9876/4/4
f 9857/4/4 9858/4/4 9877/4/4
f 9877/4/4 9858/4/4 9878/4/4
f 9859/4/4 9860/4/4 9879/4/4
f 9879/4/4 9860/4/4 9880/4/4
f 9861/4/4 9862/4/4 9881/4/4
f 9881/4/4 9862/4/4 9882/4/4
f 9863/4/4 9864/4/4 9883/4/4
f 9883/4/4 9864/4/4 9884/4/4
f 9865/4/4 9866/4/4 9885/4/4
f 9885/4/4 9866/4/4 9886/4/4
f 9867/4/4 9868/4/4 9887/4/4
f 9887/4/4 9868/4/4 9888/4/4
f 9869/1/4 9870/1/4 9889/1/4
f 9889/1/4 9870/1/4 9890/1/4
f 9871/1/4 9872/1/4 9891/1/4
f 9891/1/4 9872/1/4 9892/1/4
f 9893/4/4 9894/4/4 9909/4/4
f 9909/4/4 9894/4/4 9910/4/4
f 9895/4/4 9896/4/4 9911/4/4
f 9911/4/4 9896/4/4 9912/4/4
f 9897/4/4 9898/4/4 9913/4/4
f 9913/4/4 9898/4/4 9914/4/4
f 9899/4/4 9900/4/4 9915/4/4
f 9915/4/4 9900/4/4 9916/4/4
f 9901/4/4 9902/4/4 9917/4/4
f 9917/4/4 9902/4/4 9918/4/4
f 9903/4/4 9904/4/4 9919/4/4
f 9919/4/4 9904/4/4 9920/4/4
f 9905/4/4 9906/4/4 9921/4/4
f 9921/4/4 9906/4/4 9922/4/4
f 9907/4/4 9908/4/4 9923/4/4
f 9923/4/4 9908/4/4 9924/4/4
f 9925/4/4 9926/4/4 9951/4/4
f 9951/4/4 9926/4/4 9952/4/4
f 9927/4/4 9928/4/4 9953/4/4
f 9953/4/4 9928/4/4 9954/4/4
f 9929/4/4 9930/4/4 9955/4/4
f 9955/4/4 9930/4/4 9956/4/4
f 9931/4/4 9932/4/4 9957/4/4
f 9957/4/4 9932/4/4 9958/4/4
f 9933/4/4 9934/4/4 9959/4/4
f 9959/4/4 9934/4/4 9960/4/4
f 9935/4/4 9936/4/4 9961/4/4
f 9961/4/4 9936/4/4 9962/4/4
f 9937/4/4 9938/4/4 9963/4/4
f 9963/4/4 9938/4/4 9964/4/4
f 9939/4/4 9940/4/4 9965/4/4
f 9965/4/4 9940/4/4 9966/4/4
f 9941/4/4 9942/4/4 9967/4/4
f 9967/4/4 9942/4/4 9968/4/4
f 9943/4/4 9944/4/4 9969/4/4
f 9969/4/4 9944/4/4 9970/4/4
f 9945/4/4 9946/4/4 9971/4/4
f 9971/4/4 9946/4/4 9972/4/4
f 9947/4/4 9948/4/4 9973/4/4
f 9973/4/4 9948/4/4 9974/4/4
f 9949/4/4 9950/4/4 9975/4/4
f 9975/4/4 9950/4/4 9976/4/4
f 9951/1/4 9952/1/4 9977/1/4
f 9977/1/4 9952/1/4 9978/1/4
f 9953/1/4 9954/1/4 9979/1/4
f 9979/1/4 9954/1/4 9980/1/4
f 9981/4/4 9982/4/4 10001/4/4
f 10001/4/4 9982/4/4 10002/4/4
f 9983/4/4 9984/4/4 10003/4/4
f 10003/4/4 9984/4/4 10004/4/4
f 9985/4/4 9986/4/4 10005/4/4
f 10005/4/4 9986/4/4 10006/4/4
f 9987/4/4 9988/4/4 10007/4/4
f 10007/4/4 9988/4/4 10008/4/4
f 9989/4/4 9990/4/4 10009/4/4
f 10009/4/4 9990/4/4 10010/4/4
f 9991/4/4 9992/4/4 10011/4/4
f 10011/4/4 9992/4/4 10012/4/4
f 9993/4/4 9994/4/4 10013/4/4
f 10013/4/4 9994/4/4 10014/4/4
f 9995/4/4 9996/4/4 10015/4/4
f 10015/4/4 9996/4/4 10016/4/4
f 9997/4/4 9998/4/4 10017/4/4
f 10017/4/4 9998/4/4 10018/4/4
f 9999/4/4 10000/4/4 10019/4/4
f 10019/4/4 10000/4/4 10020/4/4
f 10021/4/4 10022/4/4 10047/4/4
f 10047/4/4 10022/4/4 10048/4/4
f 10023/4/4 10024/4/4 10049/4/4
f 10049/4/4 10024/4/4 10050/4/4
f 10025/4/4 10026/4/4 10051/4/4
f 10051/4/4 10026/4/4 10052/4/4
f 10027/4/4 10028/4/4 10053/4/4
f 10053/4/4 10028/4/4 10054/4/4
f 10029/4/4 10030/4/4 10055/4/4
f 10055/4/4 10030/4/4 10056/4/4
f 10031/4/4 10032/4/4 10057/4/4
f 10057/4/4 10032/4/4 10058/4/4
f 10033/4/4 10034/4/4 10059/4/4
f 10059/4/4 10034/4/4 10060/4/4
f 10035/4/4 10036/4/4 10061/4/4
f 10061/4/4 10036/4/4 10062/4/4
f 10037/4/4 10038/4/4 10063/4/4
f 10063/4/4 10038/4/4 10064/4/4
f 10039/4/4 10040/4/4 10065/4/4
f 10065/4/4 10040/4/4 10066/4/4
f 10041/4/4 10042/4/4 10067/4/4
f 10067/4/4 10042/4/4 10068/4/4
f 10043/4/4 10044/4/4 10069/4/4
f 10069/4/4 10044/4/4 10070/4/4
f 10045/4/4 10046/4/4 10071/4/4
f 10071/4/4 10046/4/4 10072/4/4
f 10047/1/4 10048/1/4 10073/1/4
f 10073/1/4 10048/1/4 10074/1/4
f 10075/4/4 10076/4/4 10099/4/4
f 10099/4/4 10076/4/4 10100/4/4
f 10077/4/4 10078/4/4 10101/4/4
f 10101/4/4 10078/4/4 10102/4/4
f 10079/4/4 10080/4/4 10103/4/4
f 10103/4/4 10080/4/4 10104/4/4
f 10081/4/4 10082/4/4 10105/4/4
f 10105/4/4 10082/4/4 10106/4/4
f 10083/4/4 10084/4/4 10107/4/4
f 10107/4/4 10084/4/4 10108/4/4
f 10085/4/4 10086/4/4 10109/4/4
f 10109/4/4 10086/4/4 10110/4/4
f 10087/4/4 10088/4/4 10111/4/4
f 10111/4/4 10088/4/4 10112/4/4
f 10089/4/4 10090/4/4 10113/4/4
f 10113/4/4 10090/4/4 10114/4/4
f 10091/4/4 10092/4/4 10115/4/4
f 10115/4/4 10092/4/4 10116/4/4
f 10093/4/4 10094/4/4 10117/4/4
f 10117/4/4 10094/4/4 10118/4/4
f 10095/4/4 10096/4/4 10119/4/4
f 10119/4/4 10096/4/4 10120/4/4
f 10097/4/4 10098/4/4 10121/4/4
f 10121/4/4 10098/4/4 10122/4/4
f 10123/4/4 10124/4/4 10151/4/4
f 10151/4/4 10124/4/4 10152/4/4
f 10125/4/4 10126/4/4 10153/4/4
f 10153/4/4 10126/4/4 10154/4/4
f 10127/4/4 10128/4/4 10155/4/4
f 10155/4/4 10128/4/4 10156/4/4
f 10129/4/4 10130/4/4 10157/4/4
f 10157/4/4 10130/4/4 10158/4/4
f 10131/4/4 10132/4/4 10159/4/4
f 10159/4/4 10132/4/4 10160/4/4
f 10133/4/4 10134/4/4 10161/4/4
f 10161/4/4 10134/4/4 10162/4/4
f 10135/4/4 10136/4/4 10163/4/4
f 10163/4/4 10136/4/4 10164/4/4
f 10137/4/4 10138/4/4 10165/4/4
f 10165/4/4 10138/4/4 10166/4/4
f 10139/4/4 10140/4/4 10167/4/4
f 10167/4/4 10140/4/4 10168/4/4
f 10141/4/4 10142/4/4 10169/4/4
f 10169/4/4 10142/4/4 10170/4/4
f 10143/4/4 10144/4/4 10171/4/4
f 10171/4/4 10144/4/4 10172/4/4
f 10145/4/4 10146/4/4 10173/4/4
f 10173/4/4 10146/4/4 10174/4/4
f 10147/4/4 10148/4/4 10175/4/4
f 10175/4/4 10148/4/4 10176/4/4
f 10149/4/4 10150/4/4 10177/4/4
f 10177/4/4 10150/4/4 10178/4/4
f 10151/1/4 10152/1/4 10179/1/4
f 10179/1/4 10152/1/4 10180/1/4
f 10153/1/4 10154/1/4 10181/1/4
f 10181/1/4 10154/1/4 10182/1/4
f 10183/4/4 10184/4/4 10211/4/4
f 10211/4/4 10184/4/4 10212/4/4
f 10185/4/4 10186/4/4 10213/4/4
f 10213/4/4 10186/4/4 10214/4/4
f 10187/4/4 10188/4/4 10215/4/4
f 10215/4/4 10188/4/4 10216/4/4
f 10189/4/4 10190/4/4 10217/4/4
f 10217/4/4 10190/4/4 10218/4/4
f 10191/4/4 10192/4/4 10219/4/4
f 10219/4/4 10192/4/4 10220/4/4
f 10193/4/4 10194/4/4 10221/4/4
f 10221/4/4 10194/4/4 10222/4/4
f 10195/4/4 10196/4/4 10223/4/4
f 10223/4/4 10196/4/4 10224/4/4
f 10197/4/4 10198/4/4 10225/4/4
f 10225/4/4 10198/4/4 10226/4/4
f 10199/4/4 10200/4/4 10227/4/4
f 10227/4/4 10200/4/4 10228/4/4
f 10201/4/4 10202/4/4 10229/4/4
f 10229/4/4 10202/4/4 10230/4/4
f 10203/4/4 10204/4/4 10231/4/4
f 10231/4/4 10204/4/4 10232/4/4
f 10205/4/4 10206/4/4 10233/4/4
f 10233/4/4 10206/4/4 10234/4/4
f 10207/4/4 10208/4/4 10235/4/4
f 10235/4/4 10208/4/4 10236/4/4
f 10209/4/4 10210/4/4 10237/4/4
f 10237/4/4 10210/4/4 10238/4/4
f 10239/2/4 10240/2/4 10243/2/4
f 10243/2/4 10240/2/4 10244/2/4
f 10241/2/4 10242/2/4 10245/2/4
f 10245/2/4 10242/2/4 10246/2/4
f 10247/2/4 10248/2/4 10251/2/4
f 10251/2/4 10248/2/4 10252/2/4
f 10249/2/4 10250/2/4 10253/2/4
f 10253/2/4 10250/2/4 10254/2/4
f 10255/4/4 10256/4/4 10277/4/4
f 10277/4/4 10256/4/4 10278/4/4
f 10257/4/4 10258/4/4 10279/4/4
f 10279/4/4 10258/4/4 10280/4/4
f 10259/4/4 10260/4/4 10281/4/4
f 10281/4/4 10260/4/4 10282/4/4
f 10261/4/4 10262/4/4 10283/4/4
f 10283/4/4 10262/4/4 10284/4/4
f 10263/4/4 10264/4/4 10285/4/4
f 10285/4/4 10264/4/4 10286/4/4
f 10265/4/4 10266/4/4 10287/4/4
f 10287/4/4 10266/4/4 10288/4/4
f 10267/4/4 10268/4/4 10289/4/4
f 10289/4/4 10268/4/4 10290/4/4
f 10269/4/4 10270/4/4 10291/4/4
f 10291/4/4 10270/4/4 10292/4/4
f 10271/4/4 10272/4/4 10293/4/4
f 10293/4/4 10272/4/4 10294/4/4
f 10273/4/4 10274/4/4 10295/4/4
f 10295/4/4 10274/4/4 10296/4/4
f 10275/4/4 10276/4/4 10297/4/4
f 10297/4/4 10276/4/4 10298/4/4
f 10277/1/4 10278/1/4 10299/1/4
f 10299/1/4 10278/1/4 10300/1/4
f 10279/1/4 10280/1/4 10301/1/4
f 10301/1/4 10280/1/4 10302/1/4
f 10303/4/4 10304/4/4 10321/4/4
f 10321/4/4 10304/4/4 10322/4/4
f 10305/4/4 10306/4/4 10323/4/4
f 10323/4/4 10306/4/4 10324/4/4
f 10307/4/4 10308/4/4 10325/4/4
f 10325/4/4 10308/4/4 10326/4/4
f 10309/4/4 10310/4/4 10327/4/4
f 10327/4/4 10310/4/4 10328/4/4
f 10311/4/4 10312/4/4 10329/4/4
f 10329/4/4 10312/4/4 10330/4/4
f 10313/4/4 10314/4/4 10331/4/4
f 10331/4/4 10314/4/4 10332/4/4
f 10315/4/4 10316/4/4 10333/4/4
f 10333/4/4 10316/4/4 10334/4/4
f 10317/4/4 10318/4/4 10335/4/4
f 10335/4/4 10318/4/4 10336/4/4
f 10319/2/4 10320/2/4 10337/2/4
f 10337/2/4 10320/2/4 10338/2/4
f 10339/2/4 10340/2/4 10343/2/4
f 10343/2/4 10340/2/4 10344/2/4
f 10341/2/4 10342/2/4 10345/2/4
f 10345/2/4 10342/2/4 10346/2/4
f 10347/2/4 10348/2/4 10349/2/4
f 10349/2/4 10348/2/4 10350/2/4
f 10351/4/4 10352/4/4 10375/4/4
f 10375/4/4 10352/4/4 10376/4/4
f 10353/4/4 10354/4/4 10377/4/4
f 10377/4/4 10354/4/4 10378/4/4
f 10355/4/4 10356/4/4 10379/4/4
f 10379/4/4 10356/4/4 10380/4/4
f 10357/4/4 10358/4/4 10381/4/4
f 10381/4/4 10358/4/4 10382/4/4
f 10359/4/4 10360/4/4 10383/4/4
f 10383/4/4 10360/4/4 10384/4/4
f 10361/4/4 10362/4/4 10385/4/4
f 10385/4/4 10362/4/4 10386/4/4
f 10363/4/4 10364/4/4 10387/4/4
f 10387/4/4 10364/4/4 10388/4/4
f 10365/4/4 10366/4/4 10389/4/4
f 10389/4/4 10366/4/4 10390/4/4
f 10367/4/4 10368/4/4 10391/4/4
f 10391/4/4 10368/4/4 10392/4/4
f 10369/4/4 10370/4/4 10393/4/4
f 10393/4/4 10370/4/4 10394/4/4
f 10371/4/4 10372/4/4 10395/4/4
f 10395/4/4 10372/4/4 10396/4/4
f 10373/4/4 10374/4/4 10397/4/4
f 10397/4/4 10374/4/4 10398/4/4
f 10375/1/4 10376/1/4 10399/1/4
f 10399/1/4 10376/1/4 10400/1/4
f 10377/1/4 10378/1/4 10401/1/4
f 10401/1/4 10378/1/4 10402/1/4
f 10403/4/4 10404/4/4 10435/4/4
f 10435/4/4 10404/4/4 10436/4/4
f 10405/4/4 10406/4/4 10437/4/4
f 10437/4/4 10406/4/4 10438/4/4
f 10407/4/4 10408/4/4 10439/4/4
f 10439/4/4 10408/4/4 10440/4/4
f 10409/4/4 10410/4/4 10441/4/4
f 10441/4/4 10410/4/4 10442/4/4
f 10411/4/4 10412/4/4 10443/4/4
f 10443/4/4 10412/4/4 10444/4/4
f 10413/4/4 10414/4/4 10445/4/4
f 10445/4/4 10414/4/4 10446/4/4
f 10415/4/4 10416/4/4 10447/4/4
f 10447/4/4 10416/4/4 10448/4/4
f 10417/4/4 10418/4/4 10449/4/4
f 10449/4/4 10418/4/4 10450/4/4
f 10419/4/4 10420/4/4 10451/4/4
f 10451/4/4 10420/4/4 10452/4/4
f 10421/4/4 10422/4/4 10453/4/4
f 10453/4/4 10422/4/4 10454/4/4
f 10423/4/4 10424/4/4 10455/4/4
f 10455/4/4 10424/4/4 10456/4/4
f 10425/4/4 10426/4/4 10457/4/4
f 10457/4/4 10426/4/4 10458/4/4
f 10427/4/4 10428/4/4 10459/4/4
f 10459/4/4 10428/4/4 10460/4/4
f 10429/4/4 10430/4/4 10461/4/4
f 10461/4/4 10430/4/4 10462/4/4
f 10431/4/4 10432/4/4 10463/4/4
f 10463/4/4 10432/4/4 10464/4/4
f 10433/4/4 10434/4/4 10465/4/4
f 10465/4/4 10434/4/4 10466/4/4
f 10467/2/4 10468/2/4 10469/2/4
f 10469/2/4 10468/2/4 10470/2/4
f 10471/2/4 10472/2/4 10475/2/4
f 10475/2/4 10472/2/4 10476/2/4
f 10473/2/4 10474/2/4 10477/2/4
f 10477/2/4 10474/2/4 10478/2/4
f 10479/2/4 10480/2/4 10483/2/4
f 10483/2/4 10480/2/4 10484/2/4
f 10481/2/4 10482/2/4 10485/2/4
f 10485/2/4 10482/2/4 10486/2/4
f 10487/2/4 10488/2/4 10491/2/4
f 10491/2/4 10488/2/4 10492/2/4
f 10489/2/4 10490/2/4 10493/2/4
f 10493/2/4 10490/2/4 10494/2/4
f 10495/2/4 10496/2/4 10499/2/4
f 10499/2/4 10496/2/4 10500/2/4
f 10497/2/4 10498/2/4 10501/2/4
f 10501/2/4 10498/2/4 10502/2/4
f 10503/4/4 10504/4/4 10509/4/4
f 10509/4/4 10504/4/4 10510/4/4
f 10505/4/4 10506/4/4 10511/4/4
f 10511/4/4 10506/4/4 10512/4/4
f 10507/2/4 10508/2/4 10513/2/4
f 10513/2/4 10508/2/4 10514/2/4
f 10515/1/4 10516/1/4 10536/1/4
f 10536/1/4 10516/1/4 10537/1/4
f 10537/1/4 10516/1/4 10538/1/4
f 10538/1/4 10516/1/4 10539/1/4
f 10517/1/4 10518/1/4 10540/1/4
f 10540/1/4 10518/1/4 10541/1/4
f 10541/1/4 10518/1/4 10542/1/4
f 10542/1/4 10518/1/4 10543/1/4
f 10521/1/4 10522/1/4 10546/1/4
f 10546/1/4 10522/1/4 10547/1/4
f 10547/1/4 10522/1/4 10548/1/4
f 10548/1/4 10522/1/4 10549/1/4
f 10523/1/4 10524/1/4 10551/1/4
f 10551/1/4 10524/1/4 10552/1/4
f 10525/1/4 10526/1/4 10554/1/4
f 10554/1/4 10526/1/4 10555/1/4
f 10527/1/4 10528/1/4 10556/1/4
f 10556/1/4 10528/1/4 10557/1/4
f 10531/1/4 10532/1/4 10558/1/4
f 10558/1/4 10532/1/4 10559/1/4
f 10533/1/4 10534/1/4 10560/1/4
f 10560/1/4 10534/1/4 10561/1/4
f 10535/1/4 10536/1/4 10563/1/4
f 10537/1/4 10538/1/4 10564/1/4
f 10564/1/4 10538/1/4 10565/1/4
f 10543/1/4 10544/1/4 10566/1/4
f 10519/1/4 10520/1/4 10567/1/4
f 10567/1/4 10520/1/4 10568/1/4
f 10568/1/4 10520/1/4 10569/1/4
f 10569/1/4 10520/1/4 10570/1/4
f 10545/1/4 10546/1/4 10571/1/4
f 10549/1/4 10550/1/4 10572/1/4
f 10523/1/4 10551/1/4 10573/1/4
f 10573/1/4 10551/1/4 10574/1/4
f 10552/1/4 10553/1/4 10575/1/4
f 10525/1/4 10554/1/4 10576/1/4
f 10576/1/4 10554/1/4 10577/1/4
f 10557/1/4 10528/1/4 10578/1/4
f 10578/1/4 10528/1/4 10579/1/4
f 10529/1/4 10530/1/4 10580/1/4
f 10580/1/4 10530/1/4 10581/1/4
f 10531/1/4 10558/1/4 10582/1/4
f 10582/1/4 10558/1/4 10583/1/4
f 10533/1/4 10560/1/4 10585/1/4
f 10585/1/4 10560/1/4 10586/1/4
f 10561/1/4 10562/1/4 10587/1/4
f 10563/1/4 10564/1/4 10589/1/4
f 10565/1/4 10538/1/4 10590/1/4
f 10590/1/4 10538/1/4 10591/1/4
f 10591/1/4 10538/1/4 10592/1/4
f 10592/1/4 10538/1/4 10593/1/4
f 10539/1/4 10540/1/4 10594/1/4
f 10594/1/4 10540/1/4 10595/1/4
f 10541/1/4 10542/1/4 10596/1/4
f 10596/1/4 10542/1/4 10597/1/4
f 10597/1/4 10542/1/4 10598/1/4
f 10598/1/4 10542/1/4 10599/1/4
f 10543/1/4 10566/1/4 10600/1/4
f 10566/1/4 10567/1/4 10600/1/4
f 10600/1/4 10567/1/4 10601/1/4
f 10568/1/4 10569/1/4 10602/1/4
f 10602/1/4 10569/1/4 10603/1/4
f 10570/1/4 10571/1/4 10604/1/4
f 10571/1/4 10546/1/4 10604/1/4
f 10547/1/4 10548/1/4 10605/1/4
f 10605/1/4 10548/1/4 10606/1/4
f 10606/1/4 10548/1/4 10607/1/4
f 10607/1/4 10548/1/4 10608/1/4
f 10549/1/4 10572/1/4 10609/1/4
f 10572/1/4 10573/1/4 10609/1/4
f 10574/1/4 10551/1/4 10610/1/4
f 10610/1/4 10551/1/4 10611/1/4
f 10552/1/4 10575/1/4 10612/1/4
f 10575/1/4 10576/1/4 10612/1/4
f 10577/1/4 10554/1/4 10613/1/4
f 10613/1/4 10554/1/4 10614/1/4
f 10555/1/4 10556/1/4 10615/1/4
f 10615/1/4 10556/1/4 10616/1/4
f 10557/1/4 10578/1/4 10617/1/4
f 10617/1/4 10578/1/4 10618/1/4
f 10583/1/4 10558/1/4 10619/1/4
f 10619/1/4 10558/1/4 10620/1/4
f 10584/1/4 10585/1/4 10621/1/4
f 10586/1/4 10560/1/4 10622/1/4
f 10622/1/4 10560/1/4 10623/1/4
f 10587/1/4 10588/1/4 10624/1/4
f 10561/1/4 10587/1/4 10624/1/4
f 10624/1/4 10588/1/4 10625/1/4
f 10591/1/4 10592/1/4 10626/1/4
f 10626/1/4 10592/1/4 10627/1/4
f 10594/1/4 10595/1/4 10628/1/4
f 10593/1/4 10594/1/4 10628/1/4
f 10595/1/4 10596/1/4 10628/1/4
f 10603/1/4 10569/1/4 10629/1/4
f 10629/1/4 10569/1/4 10630/1/4
f 10570/1/4 10604/1/4 10631/1/4
f 10604/1/4 10605/1/4 10631/1/4
f 10608/1/4 10609/1/4 10632/1/4
f 10609/1/4 10573/1/4 10632/1/4
f 10574/1/4 10610/1/4 10633/1/4
f 10633/1/4 10610/1/4 10634/1/4
f 10611/1/4 10612/1/4 10635/1/4
f 10612/1/4 10576/1/4 10635/1/4
f 10577/1/4 10613/1/4 10636/1/4
f 10636/1/4 10613/1/4 10637/1/4
f 10637/1/4 10613/1/4 10638/1/4
f 10616/1/4 10617/1/4 10639/1/4
f 10615/1/4 10616/1/4 10639/1/4
f 10614/1/4 10615/1/4 10639/1/4
f 10618/1/4 10578/1/4 10640/1/4
f 10640/1/4 10578/1/4 10641/1/4
f 10580/1/4 10581/1/4 10642/1/4
f 10581/1/4 10582/1/4 10642/1/4
f 10579/1/4 10580/1/4 10642/1/4
f 10642/1/4 10582/1/4 10643/1/4
f 10583/1/4 10619/1/4 10644/1/4
f 10644/1/4 10619/1/4 10645/1/4
f 10620/1/4 10621/1/4 10646/1/4
f 10621/1/4 10585/1/4 10646/1/4
f 10586/1/4 10622/1/4 10647/1/4
f 10647/1/4 10622/1/4 10648/1/4
f 10589/1/4 10590/1/4 10649/1/4
f 10591/1/4 10626/1/4 10650/1/4
f 10650/1/4 10626/1/4 10651/1/4
f 10627/1/4 10628/1/4 10652/1/4
f 10628/1/4 10596/1/4 10652/1/4
f 10597/1/4 10598/1/4 10653/1/4
f 10653/1/4 10598/1/4 10654/1/4
f 10654/1/4 10598/1/4 10655/1/4
f 10655/1/4 10598/1/4 10656/1/4
f 10600/1/4 10601/1/4 10657/1/4
f 10599/1/4 10600/1/4 10657/1/4
f 10601/1/4 10602/1/4 10657/1/4
f 10657/1/4 10602/1/4 10658/1/4
f 10603/1/4 10629/1/4 10659/1/4
f 10659/1/4 10629/1/4 10660/1/4
f 10630/1/4 10631/1/4 10661/1/4
f 10631/1/4 10605/1/4 10661/1/4
f 10606/1/4 10607/1/4 10662/1/4
f 10662/1/4 10607/1/4 10663/1/4
f 10663/1/4 10607/1/4 10664/1/4
f 10664/1/4 10607/1/4 10665/1/4
f 10608/1/4 10632/1/4 10666/1/4
f 10632/1/4 10633/1/4 10666/1/4
f 10666/1/4 10633/1/4 10667/1/4
f 10634/1/4 10610/1/4 10668/1/4
f 10668/1/4 10610/1/4 10669/1/4
f 10669/1/4 10610/1/4 10670/1/4
f 10670/1/4 10610/1/4 10671/1/4
f 10635/1/4 10636/1/4 10672/1/4
f 10611/1/4 10635/1/4 10672/1/4
f 10672/1/4 10636/1/4 10673/1/4
f 10637/1/4 10638/1/4 10674/1/4
f 10674/1/4 10638/1/4 10675/1/4
f 10675/1/4 10638/1/4 10676/1/4
f 10676/1/4 10638/1/4 10677/1/4
f 10639/1/4 10617/1/4 10678/1/4
f 10678/1/4 10617/1/4 10679/1/4
f 10618/1/4 10640/1/4 10680/1/4
f 10680/1/4 10640/1/4 10681/1/4
f 10645/1/4 10619/1/4 10682/1/4
f 10682/1/4 10619/1/4 10683/1/4
f 10646/1/4 10647/1/4 10684/1/4
f 10620/1/4 10646/1/4 10684/1/4
f 10648/1/4 10622/1/4 10685/1/4
f 10685/1/4 10622/1/4 10686/1/4
f 10624/1/4 10625/1/4 10687/1/4
f 10623/1/4 10624/1/4 10687/1/4
f 10649/1/4 10650/1/4 10688/1/4
f 10651/1/4 10626/1/4 10689/1/4
f 10689/1/4 10626/1/4 10690/1/4
f 10690/1/4 10626/1/4 10691/1/4
f 10691/1/4 10626/1/4 10692/1/4
f 10627/1/4 10652/1/4 10693/1/4
f 10652/1/4 10653/1/4 10693/1/4
f 10657/1/4 10658/1/4 10694/1/4
f 10656/1/4 10657/1/4 10694/1/4
f 10658/1/4 10659/1/4 10694/1/4
f 10660/1/4 10629/1/4 10695/1/4
f 10695/1/4 10629/1/4 10696/1/4
f 10696/1/4 10629/1/4 10697/1/4
f 10697/1/4 10629/1/4 10698/1/4
f 10630/1/4 10661/1/4 10699/1/4
f 10661/1/4 10662/1/4 10699/1/4
f 10675/1/4 10676/1/4 10700/1/4
f 10700/1/4 10676/1/4 10701/1/4
f 10701/1/4 10676/1/4 10702/1/4
f 10678/1/4 10679/1/4 10703/1/4
f 10679/1/4 10680/1/4 10703/1/4
f 10677/1/4 10678/1/4 10703/1/4
f 10703/1/4 10680/1/4 10704/1/4
f 10681/1/4 10640/1/4 10705/1/4
f 10705/1/4 10640/1/4 10706/1/4
f 10643/1/4 10644/1/4 10707/1/4
f 10642/1/4 10643/1/4 10707/1/4
f 10641/1/4 10642/1/4 10707/1/4
f 10707/1/4 10644/1/4 10708/1/4
f 10645/1/4 10682/1/4 10709/1/4
f 10709/1/4 10682/1/4 10710/1/4
f 10710/1/4 10682/1/4 10711/1/4
f 10711/1/4 10682/1/4 10712/1/4
f 10683/1/4 10684/1/4 10713/1/4
f 10688/1/4 10689/1/4 10714/1/4
f 10690/1/4 10691/1/4 10715/1/4
f 10715/1/4 10691/1/4 10716/1/4
f 10692/1/4 10693/1/4 10717/1/4
f 10693/1/4 10653/1/4 10718/1/4
f 10717/1/4 10693/1/4 10718/1/4
f 10654/1/4 10655/1/4 10719/1/4
f 10719/1/4 10655/1/4 10720/1/4
f 10656/1/4 10694/1/4 10721/1/4
f 10694/1/4 10695/1/4 10721/1/4
f 10698/1/4 10699/1/4 10722/1/4
f 10699/1/4 10662/1/4 10722/1/4
f 10663/1/4 10664/1/4 10723/1/4
f 10723/1/4 10664/1/4 10724/1/4
f 10666/1/4 10667/1/4 10725/1/4
f 10665/1/4 10666/1/4 10725/1/4
f 10667/1/4 10668/1/4 10725/1/4
f 10725/1/4 10668/1/4 10726/1/4
f 10669/1/4 10670/1/4 10727/1/4
f 10727/1/4 10670/1/4 10728/1/4
f 10672/1/4 10673/1/4 10729/1/4
f 10673/1/4 10674/1/4 10729/1/4
f 10671/1/4 10672/1/4 10729/1/4
f 10712/1/4 10713/1/4 10730/1/4
f 10713/1/4 10684/1/4 10730/1/4
f 10684/1/4 10647/1/4 10730/1/4
f 10648/1/4 10685/1/4 10731/1/4
f 10731/1/4 10685/1/4 10732/1/4
f 10686/1/4 10687/1/4 10733/1/4
f 10720/1/4 10721/1/4 10734/1/4
f 10721/1/4 10695/1/4 10735/1/4
f 10734/1/4 10721/1/4 10735/1/4
f 10735/1/4 10695/1/4 10736/1/4
f 10696/1/4 10697/1/4 10737/1/4
f 10737/1/4 10697/1/4 10738/1/4
f 10698/1/4 10722/1/4 10739/1/4
f 10722/1/4 10723/1/4 10739/1/4
f 10739/1/4 10723/1/4 10740/1/4
f 10728/1/4 10729/1/4 10742/1/4
f 10729/1/4 10674/1/4 10742/1/4
f 10703/1/4 10704/1/4 10744/1/4
f 10704/1/4 10705/1/4 10744/1/4
f 10701/1/4 10702/1/4 10744/1/4
f 10702/1/4 10703/1/4 10744/1/4
f 10744/1/4 10705/1/4 10745/1/4
f 10707/1/4 10708/1/4 10746/1/4
f 10708/1/4 10709/1/4 10746/1/4
f 10706/1/4 10707/1/4 10746/1/4
f 10710/1/4 10711/1/4 10747/1/4
f 10747/1/4 10711/1/4 10748/1/4
f 10712/1/4 10730/1/4 10749/1/4
f 10730/1/4 10731/1/4 10749/1/4
f 10688/1/4 10714/1/4 10750/1/4
f 10714/1/4 10715/1/4 10750/1/4
f 10750/1/4 10715/1/4 10751/1/4
f 10717/1/4 10718/1/4 10752/1/4
f 10716/1/4 10717/1/4 10752/1/4
f 10718/1/4 10719/1/4 10752/1/4
f 10752/1/4 10719/1/4 10753/1/4
f 10753/1/4 10719/1/4 10754/1/4
f 10754/1/4 10719/1/4 10755/1/4
f 10740/1/4 10741/1/4 10757/1/4
f 10739/1/4 10740/1/4 10757/1/4
f 10738/1/4 10739/1/4 10757/1/4
f 10757/1/4 10741/1/4 10758/1/4
f 10649/1/4 10688/1/4 10759/1/4
f 10688/1/4 10750/1/4 10759/1/4
f 10759/1/4 10750/1/4 10760/1/4
f 10751/1/4 10752/1/4 10761/1/4
f 10761/1/4 10752/1/4 10762/1/4
f 10753/1/4 10754/1/4 10763/1/4
f 10763/1/4 10754/1/4 10764/1/4
f 10755/1/4 10756/1/4 10765/1/4
f 10735/1/4 10736/1/4 10766/1/4
f 10736/1/4 10737/1/4 10766/1/4
f 10766/1/4 10737/1/4 10767/1/4
f 10767/1/4 10737/1/4 10768/1/4
f 10768/1/4 10737/1/4 10769/1/4
f 10738/1/4 10757/1/4 10770/1/4
f 10770/1/4 10757/1/4 10771/1/4
f 10725/1/4 10726/1/4 10773/1/4
f 10724/1/4 10725/1/4 10773/1/4
f 10726/1/4 10727/1/4 10773/1/4
f 10773/1/4 10727/1/4 10774/1/4
f 10774/1/4 10727/1/4 10775/1/4
f 10775/1/4 10727/1/4 10776/1/4
f 10745/1/4 10705/1/4 10779/1/4
f 10779/1/4 10705/1/4 10780/1/4
f 10780/1/4 10705/1/4 10781/1/4
f 10781/1/4 10705/1/4 10782/1/4
f 10746/1/4 10747/1/4 10783/1/4
f 10706/1/4 10746/1/4 10783/1/4
f 10783/1/4 10747/1/4 10784/1/4
f 10784/1/4 10747/1/4 10785/1/4
f 10785/1/4 10747/1/4 10786/1/4
f 10748/1/4 10749/1/4 10787/1/4
f 10749/1/4 10731/1/4 10788/1/4
f 10787/1/4 10749/1/4 10788/1/4
f 10589/1/4 10649/1/4 10789/1/4
f 10649/1/4 10759/1/4 10789/1/4
f 10789/1/4 10759/1/4 10790/1/4
f 10761/1/4 10762/1/4 10791/1/4
f 10760/1/4 10761/1/4 10791/1/4
f 10762/1/4 10763/1/4 10791/1/4
f 10764/1/4 10754/1/4 10792/1/4
f 10792/1/4 10754/1/4 10793/1/4
f 10755/1/4 10765/1/4 10794/1/4
f 10765/1/4 10766/1/4 10794/1/4
f 10769/1/4 10770/1/4 10795/1/4
f 10771/1/4 10757/1/4 10796/1/4
f 10796/1/4 10757/1/4 10797/1/4
f 10797/1/4 10757/1/4 10798/1/4
f 10798/1/4 10757/1/4 10799/1/4
f 10772/1/4 10773/1/4 10800/1/4
f 10776/1/4 10777/1/4 10801/1/4
f 10742/1/4 10743/1/4 10802/1/4
f 10728/1/4 10742/1/4 10802/1/4
f 10802/1/4 10743/1/4 10803/1/4
f 10788/1/4 10731/1/4 10804/1/4
f 10804/1/4 10731/1/4 10805/1/4
f 10732/1/4 10733/1/4 10806/1/4
f 10733/1/4 10687/1/4 10807/1/4
f 10806/1/4 10733/1/4 10807/1/4
f 10790/1/4 10791/1/4 10808/1/4
f 10791/1/4 10763/1/4 10808/1/4
f 10764/1/4 10792/1/4 10809/1/4
f 10809/1/4 10792/1/4 10810/1/4
f 10793/1/4 10794/1/4 10811/1/4
f 10794/1/4 10766/1/4 10811/1/4
f 10767/1/4 10768/1/4 10812/1/4
f 10812/1/4 10768/1/4 10813/1/4
f 10813/1/4 10768/1/4 10814/1/4
f 10814/1/4 10768/1/4 10815/1/4
f 10769/1/4 10795/1/4 10816/1/4
f 10795/1/4 10796/1/4 10816/1/4
f 10799/1/4 10800/1/4 10817/1/4
f 10800/1/4 10773/1/4 10817/1/4
f 10774/1/4 10775/1/4 10818/1/4
f 10818/1/4 10775/1/4 10819/1/4
f 10819/1/4 10775/1/4 10820/1/4
f 10820/1/4 10775/1/4 10821/1/4
f 10776/1/4 10801/1/4 10822/1/4
f 10801/1/4 10802/1/4 10822/1/4
f 10822/1/4 10802/1/4 10823/1/4
f 10803/1/4 10743/1/4 10824/1/4
f 10824/1/4 10743/1/4 10825/1/4
f 10825/1/4 10743/1/4 10826/1/4
f 10826/1/4 10743/1/4 10827/1/4
f 10827/1/4 10743/1/4 10828/1/4
f 10778/1/4 10779/1/4 10829/1/4
f 10829/1/4 10779/1/4 10830/1/4
f 10780/1/4 10781/1/4 10831/1/4
f 10831/1/4 10781/1/4 10832/1/4
f 10832/1/4 10781/1/4 10833/1/4
f 10833/1/4 10781/1/4 10834/1/4
f 10782/1/4 10783/1/4 10835/1/4
f 10835/1/4 10783/1/4 10836/1/4
f 10784/1/4 10785/1/4 10837/1/4
f 10837/1/4 10785/1/4 10838/1/4
f 10838/1/4 10785/1/4 10839/1/4
f 10839/1/4 10785/1/4 10840/1/4
f 10786/1/4 10787/1/4 10841/1/4
f 10841/1/4 10787/1/4 10842/1/4
f 10788/1/4 10804/1/4 10843/1/4
f 10843/1/4 10804/1/4 10844/1/4
f 10563/1/4 10589/1/4 10845/1/4
f 10589/1/4 10789/1/4 10845/1/4
f 10845/1/4 10789/1/4 10846/1/4
f 10790/1/4 10808/1/4 10847/1/4
f 10808/1/4 10809/1/4 10847/1/4
f 10847/1/4 10809/1/4 10848/1/4
f 10810/1/4 10792/1/4 10849/1/4
f 10849/1/4 10792/1/4 10850/1/4
f 10850/1/4 10792/1/4 10851/1/4
f 10851/1/4 10792/1/4 10852/1/4
f 10793/1/4 10811/1/4 10853/1/4
f 10811/1/4 10812/1/4 10853/1/4
f 10815/1/4 10816/1/4 10854/1/4
f 10816/1/4 10796/1/4 10854/1/4
f 10797/1/4 10798/1/4 10855/1/4
f 10855/1/4 10798/1/4 10856/1/4
f 10856/1/4 10798/1/4 10857/1/4
f 10857/1/4 10798/1/4 10858/1/4
f 10799/1/4 10817/1/4 10859/1/4
f 10817/1/4 10818/1/4 10859/1/4
f 10825/1/4 10826/1/4 10860/1/4
f 10860/1/4 10826/1/4 10861/1/4
f 10829/1/4 10830/1/4 10862/1/4
f 10827/1/4 10828/1/4 10862/1/4
f 10828/1/4 10829/1/4 10862/1/4
f 10830/1/4 10831/1/4 10862/1/4
f 10862/1/4 10831/1/4 10863/1/4
f 10863/1/4 10831/1/4 10864/1/4
f 10832/1/4 10833/1/4 10865/1/4
f 10835/1/4 10836/1/4 10866/1/4
f 10836/1/4 10837/1/4 10866/1/4
f 10834/1/4 10835/1/4 10866/1/4
f 10838/1/4 10839/1/4 10867/1/4
f 10867/1/4 10839/1/4 10868/1/4
f 10868/1/4 10839/1/4 10869/1/4
f 10869/1/4 10839/1/4 10870/1/4
f 10842/1/4 10843/1/4 10871/1/4
f 10841/1/4 10842/1/4 10871/1/4
f 10840/1/4 10841/1/4 10871/1/4
f 10844/1/4 10804/1/4 10872/1/4
f 10872/1/4 10804/1/4 10873/1/4
f 10805/1/4 10806/1/4 10874/1/4
f 10807/1/4 10687/1/4 10875/1/4
f 10687/1/4 10625/1/4 10875/1/4
f 10535/1/4 10563/1/4 10876/1/4
f 10563/1/4 10845/1/4 10876/1/4
f 10876/1/4 10845/1/4 10877/1/4
f 10847/1/4 10848/1/4 10878/1/4
f 10846/1/4 10847/1/4 10878/1/4
f 10848/1/4 10849/1/4 10878/1/4
f 10878/1/4 10849/1/4 10879/1/4
f 10850/1/4 10851/1/4 10880/1/4
f 10880/1/4 10851/1/4 10881/1/4
f 10852/1/4 10853/1/4 10882/1/4
f 10853/1/4 10812/1/4 10882/1/4
f 10813/1/4 10814/1/4 10883/1/4
f 10883/1/4 10814/1/4 10884/1/4
f 10884/1/4 10814/1/4 10885/1/4
f 10885/1/4 10814/1/4 10886/1/4
f 10815/1/4 10854/1/4 10887/1/4
f 10854/1/4 10855/1/4 10887/1/4
f 10887/1/4 10855/1/4 10888/1/4
f 10856/1/4 10857/1/4 10889/1/4
f 10889/1/4 10857/1/4 10890/1/4
f 10858/1/4 10859/1/4 10891/1/4
f 10859/1/4 10818/1/4 10891/1/4
f 10819/1/4 10820/1/4 10892/1/4
f 10892/1/4 10820/1/4 10893/1/4
f 10893/1/4 10820/1/4 10894/1/4
f 10894/1/4 10820/1/4 10895/1/4
f 10822/1/4 10823/1/4 10896/1/4
f 10821/1/4 10822/1/4 10896/1/4
f 10823/1/4 10824/1/4 10896/1/4
f 10896/1/4 10824/1/4 10897/1/4
f 10825/1/4 10860/1/4 10898/1/4
f 10898/1/4 10860/1/4 10899/1/4
f 10862/1/4 10863/1/4 10900/1/4
f 10861/1/4 10862/1/4 10900/1/4
f 10864/1/4 10865/1/4 10901/1/4
f 10865/1/4 10833/1/4 10902/1/4
f 10901/1/4 10865/1/4 10902/1/4
f 10902/1/4 10833/1/4 10903/1/4
f 10903/1/4 10833/1/4 10904/1/4
f 10834/1/4 10866/1/4 10905/1/4
f 10866/1/4 10867/1/4 10905/1/4
f 10870/1/4 10871/1/4 10906/1/4
f 10871/1/4 10843/1/4 10906/1/4
f 10844/1/4 10872/1/4 10907/1/4
f 10907/1/4 10872/1/4 10908/1/4
f 10873/1/4 10874/1/4 10909/1/4
f 10874/1/4 10806/1/4 10909/1/4
f 10807/1/4 10875/1/4 10910/1/4
f 10910/1/4 10875/1/4 10911/1/4
f 10911/1/4 10875/1/4 10912/1/4
f 10912/1/4 10875/1/4 10913/1/4
f 10881/1/4 10851/1/4 10914/1/4
f 10914/1/4 10851/1/4 10915/1/4
f 10852/1/4 10882/1/4 10916/1/4
f 10882/1/4 10883/1/4 10916/1/4
f 10890/1/4 10857/1/4 10917/1/4
f 10917/1/4 10857/1/4 10918/1/4
f 10858/1/4 10891/1/4 10919/1/4
f 10891/1/4 10892/1/4 10919/1/4
f 10899/1/4 10860/1/4 10920/1/4
f 10920/1/4 10860/1/4 10921/1/4
f 10861/1/4 10900/1/4 10922/1/4
f 10900/1/4 10901/1/4 10922/1/4
f 10904/1/4 10905/1/4 10923/1/4
f 10905/1/4 10867/1/4 10923/1/4
f 10868/1/4 10869/1/4 10924/1/4
f 10924/1/4 10869/1/4 10925/1/4
f 10925/1/4 10869/1/4 10926/1/4
f 10926/1/4 10869/1/4 10927/1/4
f 10870/1/4 10906/1/4 10928/1/4
f 10906/1/4 10907/1/4 10928/1/4
f 10908/1/4 10872/1/4 10929/1/4
f 10929/1/4 10872/1/4 10930/1/4
f 10873/1/4 10909/1/4 10931/1/4
f 10909/1/4 10910/1/4 10931/1/4
f 10911/1/4 10912/1/4 10932/1/4
f 10932/1/4 10912/1/4 10933/1/4
f 10535/1/4 10876/1/4 10935/1/4
f 10935/1/4 10876/1/4 10936/1/4
f 10878/1/4 10879/1/4 10937/1/4
f 10877/1/4 10878/1/4 10937/1/4
f 10879/1/4 10880/1/4 10937/1/4
f 10937/1/4 10880/1/4 10938/1/4
f 10915/1/4 10916/1/4 10940/1/4
f 10916/1/4 10883/1/4 10940/1/4
f 10884/1/4 10885/1/4 10941/1/4
f 10941/1/4 10885/1/4 10942/1/4
f 10887/1/4 10888/1/4 10943/1/4
f 10886/1/4 10887/1/4 10943/1/4
f 10888/1/4 10889/1/4 10943/1/4
f 10943/1/4 10889/1/4 10944/1/4
f 10890/1/4 10917/1/4 10945/1/4
f 10945/1/4 10917/1/4 10946/1/4
f 10918/1/4 10919/1/4 10947/1/4
f 10919/1/4 10892/1/4 10947/1/4
f 10893/1/4 10894/1/4 10948/1/4
f 10948/1/4 10894/1/4 10949/1/4
f 10896/1/4 10897/1/4 10950/1/4
f 10897/1/4 10898/1/4 10950/1/4
f 10895/1/4 10896/1/4 10950/1/4
f 10950/1/4 10898/1/4 10951/1/4
f 10899/1/4 10920/1/4 10952/1/4
f 10952/1/4 10920/1/4 10953/1/4
f 10921/1/4 10922/1/4 10954/1/4
f 10922/1/4 10901/1/4 10954/1/4
f 10902/1/4 10903/1/4 10955/1/4
f 10955/1/4 10903/1/4 10956/1/4
f 10904/1/4 10923/1/4 10957/1/4
f 10923/1/4 10924/1/4 10957/1/4
f 10927/1/4 10928/1/4 10958/1/4
f 10928/1/4 10907/1/4 10958/1/4
f 10908/1/4 10929/1/4 10959/1/4
f 10959/1/4 10929/1/4 10960/1/4
f 10930/1/4 10931/1/4 10961/1/4
f 10931/1/4 10910/1/4 10961/1/4
f 10911/1/4 10932/1/4 10962/1/4
f 10962/1/4 10932/1/4 10963/1/4
f 10933/1/4 10934/1/4 10964/1/4
f 10938/1/4 10939/1/4 10966/1/4
f 10937/1/4 10938/1/4 10966/1/4
f 10936/1/4 10937/1/4 10966/1/4
f 10966/1/4 10939/1/4 10967/1/4
f 10915/1/4 10940/1/4 10968/1/4
f 10940/1/4 10941/1/4 10968/1/4
f 10968/1/4 10941/1/4 10969/1/4
f 10942/1/4 10943/1/4 10970/1/4
f 10943/1/4 10944/1/4 10970/1/4
f 10944/1/4 10945/1/4 10970/1/4
f 10970/1/4 10945/1/4 10971/1/4
f 10918/1/4 10947/1/4 10972/1/4
f 10947/1/4 10948/1/4 10972/1/4
f 10972/1/4 10948/1/4 10973/1/4
f 10951/1/4 10952/1/4 10974/1/4
f 10950/1/4 10951/1/4 10974/1/4
f 10949/1/4 10950/1/4 10974/1/4
f 10974/1/4 10952/1/4 10975/1/4
f 10921/1/4 10954/1/4 10976/1/4
f 10954/1/4 10955/1/4 10976/1/4
f 10976/1/4 10955/1/4 10977/1/4
f 10956/1/4 10957/1/4 10978/1/4
f 10957/1/4 10924/1/4 10979/1/4
f 10978/1/4 10957/1/4 10979/1/4
f 10925/1/4 10926/1/4 10980/1/4
f 10980/1/4 10926/1/4 10981/1/4
f 10927/1/4 10958/1/4 10982/1/4
f 10958/1/4 10959/1/4 10982/1/4
f 10982/1/4 10959/1/4 10983/1/4
f 10961/1/4 10962/1/4 10984/1/4
f 10930/1/4 10961/1/4 10984/1/4
f 10984/1/4 10962/1/4 10985/1/4
f 10964/1/4 10965/1/4 10986/1/4
f 10933/1/4 10964/1/4 10986/1/4
f 10986/1/4 10965/1/4 10987/1/4
f 10988/4/4 10989/4/4 10992/4/4
f 10992/4/4 10989/4/4 10993/4/4
f 10990/2/4 10991/2/4 10994/2/4
f 10994/2/4 10991/2/4 10995/2/4
f 10996/2/4 10997/2/4 11000/2/4
f 11000/2/4 10997/2/4 11001/2/4
f 10998/2/4 10999/2/4 11002/2/4
f 11002/2/4 10999/2/4 11003/2/4
f 11004/2/4 11005/2/4 11008/2/4
f 11008/2/4 11005/2/4 11009/2/4
f 11006/2/4 11007/2/4 11010/2/4
f 11010/2/4 11007/2/4 11011/2/4
f 11012/6/4 11013/6/4 11015/6/4
f 11015/6/4 11013/6/4 11016/6/4
f 11014/4/4 11015/4/4 11018/4/4
f 11016/4/4 11017/4/4 11018/4/4
f 11015/4/4 11016/4/4 11018/4/4
f 11018/4/4 11017/4/4 11019/4/4
f 11019/4/4 11017/4/4 11020/4/4
f 11020/4/4 11017/4/4 11021/4/4
f 11021/4/4 11017/4/4 11022/4/4
f 11022/4/4 11017/4/4 11023/4/4
f 11023/4/4 11017/4/4 11024/4/4
f 11024/4/4 11017/4/4 11025/4/4
f 11025/4/4 11017/4/4 11026/4/4
f 11026/4/4 11017/4/4 11027/4/4
f 11027/4/4 11017/4/4 11028/4/4
f 11028/4/4 11017/4/4 11029/4/4
f 11029/4/4 11017/4/4 11030/4/4
f 11030/4/4 11017/4/4 11031/4/4
f 11031/4/4 11017/4/4 11032/4/4
f 11032/4/4 11017/4/4 11033/4/4
f 11033/4/4 11017/4/4 11034/4/4
f 11034/4/4 11017/4/4 11035/4/4
f 11035/4/4 11017/4/4 11036/4/4
f 11036/4/4 11017/4/4 11037/4/4
f 11014/4/4 11018/4/4 11038/4/4
f 11038/4/4 11018/4/4 11039/4/4
f 11019/4/4 11020/4/4 11042/4/4
f 11042/4/4 11020/4/4 11043/4/4
f 11021/4/4 11022/4/4 11046/4/4
f 11046/4/4 11022/4/4 11047/4/4
f 11023/4/4 11024/4/4 11048/4/4
f 11048/4/4 11024/4/4 11049/4/4
f 11025/4/4 11026/4/4 11052/4/4
f 11052/4/4 11026/4/4 11053/4/4
f 11027/4/4 11028/4/4 11055/4/4
f 11055/4/4 11028/4/4 11056/4/4
f 11029/4/4 11030/4/4 11058/4/4
f 11058/4/4 11030/4/4 11059/4/4
f 11035/4/4 11036/4/4 11062/4/4
f 11037/4/4 11017/4/4 11064/4/4
f 11064/4/4 11017/4/4 11065/4/4
f 11039/4/4 11040/4/4 11066/4/4
f 11066/4/4 11040/4/4 11067/4/4
f 11047/4/4 11022/4/4 11069/4/4
f 11069/4/4 11022/4/4 11070/4/4
f 11023/4/4 11048/4/4 11073/4/4
f 11073/4/4 11048/4/4 11074/4/4
f 11053/4/4 11026/4/4 11075/4/4
f 11075/4/4 11026/4/4 11076/4/4
f 11056/4/4 11028/4/4 11078/4/4
f 11078/4/4 11028/4/4 11079/4/4
f 11031/4/4 11032/4/4 11082/4/4
f 11082/4/4 11032/4/4 11083/4/4
f 11033/4/4 11034/4/4 11084/4/4
f 11084/4/4 11034/4/4 11085/4/4
f 11061/4/4 11062/4/4 11087/4/4
f 11062/4/4 11036/4/4 11087/4/4
f 11087/4/4 11036/4/4 11088/4/4
f 11065/4/4 11017/4/4 11090/4/4
f 11090/4/4 11017/4/4 11091/4/4
f 11067/4/4 11068/4/4 11092/4/4
f 11092/4/4 11068/4/4 11093/4/4
f 11041/4/4 11042/4/4 11096/4/4
f 11096/4/4 11042/4/4 11097/4/4
f 11043/4/4 11044/4/4 11098/4/4
f 11098/4/4 11044/4/4 11099/4/4
f 11045/4/4 11046/4/4 11102/4/4
f 11102/4/4 11046/4/4 11103/4/4
f 11070/4/4 11071/4/4 11104/4/4
f 11104/4/4 11071/4/4 11105/4/4
f 11049/4/4 11050/4/4 11107/4/4
f 11107/4/4 11050/4/4 11108/4/4
f 11051/4/4 11052/4/4 11111/4/4
f 11111/4/4 11052/4/4 11112/4/4
f 11054/4/4 11055/4/4 11114/4/4
f 11114/4/4 11055/4/4 11115/4/4
f 11057/4/4 11058/4/4 11117/4/4
f 11117/4/4 11058/4/4 11118/4/4
f 11059/4/4 11060/4/4 11119/4/4
f 11119/4/4 11060/4/4 11120/4/4
f 11061/4/4 11087/4/4 11123/4/4
f 11123/4/4 11087/4/4 11124/4/4
f 11063/4/4 11064/4/4 11126/4/4
f 11126/4/4 11064/4/4 11127/4/4
f 11095/4/4 11096/4/4 11129/4/4
f 11129/4/4 11096/4/4 11130/4/4
f 11072/4/4 11073/4/4 11132/4/4
f 11132/4/4 11073/4/4 11133/4/4
f 11076/4/4 11077/4/4 11134/4/4
f 11134/4/4 11077/4/4 11135/4/4
f 11079/4/4 11080/4/4 11137/4/4
f 11137/4/4 11080/4/4 11138/4/4
f 11116/4/4 11117/4/4 11140/4/4
f 11140/4/4 11117/4/4 11141/4/4
f 11081/4/4 11082/4/4 11143/4/4
f 11143/4/4 11082/4/4 11144/4/4
f 11085/4/4 11086/4/4 11145/4/4
f 11145/4/4 11086/4/4 11146/4/4
f 11088/4/4 11089/4/4 11148/4/4
f 11148/4/4 11089/4/4 11149/4/4
f 11093/4/4 11094/4/4 11151/4/4
f 11151/4/4 11094/4/4 11152/4/4
f 11099/4/4 11100/4/4 11154/4/4
f 11154/4/4 11100/4/4 11155/4/4
f 11101/4/4 11102/4/4 11158/4/4
f 11158/4/4 11102/4/4 11159/4/4
f 11105/4/4 11106/4/4 11160/4/4
f 11160/4/4 11106/4/4 11161/4/4
f 11108/4/4 11109/4/4 11163/4/4
f 11163/4/4 11109/4/4 11164/4/4
f 11110/4/4 11111/4/4 11167/4/4
f 11167/4/4 11111/4/4 11168/4/4
f 11135/4/4 11136/4/4 11169/4/4
f 11169/4/4 11136/4/4 11170/4/4
f 11113/4/4 11114/4/4 11173/4/4
f 11173/4/4 11114/4/4 11174/4/4
f 11138/4/4 11139/4/4 11175/4/4
f 11175/4/4 11139/4/4 11176/4/4
f 11140/5/4 11141/5/4 11179/5/4
f 11179/5/4 11141/5/4 11180/5/4
f 11120/4/4 11121/4/4 11181/4/4
f 11181/4/4 11121/4/4 11182/4/4
f 11122/4/4 11123/4/4 11185/4/4
f 11185/4/4 11123/4/4 11186/4/4
f 11125/4/4 11126/4/4 11188/4/4
f 11188/4/4 11126/4/4 11189/4/4
f 11152/4/4 11153/4/4 11190/4/4
f 11190/4/4 11153/4/4 11191/4/4
f 11128/4/4 11129/4/4 11194/4/4
f 11194/4/4 11129/4/4 11195/4/4
f 11161/4/4 11162/4/4 11196/4/4
f 11196/4/4 11162/4/4 11197/4/4
f 11131/4/4 11132/4/4 11200/4/4
f 11200/4/4 11132/4/4 11201/4/4
f 11176/5/4 11177/5/4 11202/5/4
f 11178/5/4 11179/5/4 11204/5/4
f 11204/5/4 11179/5/4 11205/5/4
f 11182/4/4 11183/4/4 11206/4/4
f 11206/4/4 11183/4/4 11207/4/4
f 11142/4/4 11143/4/4 11208/4/4
f 11208/4/4 11143/4/4 11209/4/4
f 11146/4/4 11147/4/4 11210/4/4
f 11210/4/4 11147/4/4 11211/4/4
f 11184/4/4 11185/4/4 11214/4/4
f 11214/4/4 11185/4/4 11215/4/4
f 11191/4/4 11192/4/4 11216/4/4
f 11216/4/4 11192/4/4 11217/4/4
f 11193/4/4 11194/4/4 11218/4/4
f 11218/4/4 11194/4/4 11219/4/4
f 11155/4/4 11156/4/4 11220/4/4
f 11220/4/4 11156/4/4 11221/4/4
f 11157/4/4 11158/4/4 11222/4/4
f 11222/4/4 11158/4/4 11223/4/4
f 11164/4/4 11165/4/4 11224/4/4
f 11224/4/4 11165/4/4 11225/4/4
f 11166/4/4 11167/4/4 11226/4/4
f 11226/4/4 11167/4/4 11227/4/4
f 11170/4/4 11171/4/4 11228/4/4
f 11228/4/4 11171/4/4 11229/4/4
f 11172/4/4 11173/4/4 11230/4/4
f 11230/4/4 11173/4/4 11231/4/4
f 11149/4/4 11150/4/4 11232/4/4
f 11232/4/4 11150/4/4 11233/4/4
f 11187/4/4 11188/4/4 11234/4/4
f 11234/4/4 11188/4/4 11235/4/4
f 11221/4/4 11222/4/4 11236/4/4
f 11197/4/4 11198/4/4 11238/4/4
f 11238/4/4 11198/4/4 11239/4/4
f 11199/4/4 11200/4/4 11240/4/4
f 11240/4/4 11200/4/4 11241/4/4
f 11225/4/4 11226/4/4 11242/4/4
f 11242/4/4 11226/4/4 11243/4/4
f 11202/5/4 11203/5/4 11244/5/4
f 11176/5/4 11202/5/4 11244/5/4
f 11244/5/4 11203/5/4 11245/5/4
f 11245/5/4 11203/5/4 11246/5/4
f 11211/4/4 11212/4/4 11248/4/4
f 11248/4/4 11212/4/4 11249/4/4
f 11213/4/4 11214/4/4 11250/4/4
f 11250/4/4 11214/4/4 11251/4/4
f 11217/4/4 11218/4/4 11253/4/4
f 11253/4/4 11218/4/4 11254/4/4
f 11236/4/4 11237/4/4 11257/4/4
f 11221/4/4 11236/4/4 11257/4/4
f 11257/4/4 11237/4/4 11258/4/4
f 11243/4/4 11226/4/4 11260/4/4
f 11252/4/4 11253/4/4 11262/4/4
f 11262/4/4 11253/4/4 11263/4/4
f 11254/4/4 11255/4/4 11264/4/4
f 11264/4/4 11255/4/4 11265/4/4
f 11258/4/4 11237/4/4 11267/4/4
f 11267/4/4 11237/4/4 11268/4/4
f 11239/4/4 11240/4/4 11271/4/4
f 11271/4/4 11240/4/4 11272/4/4
f 11259/4/4 11260/4/4 11274/4/4
f 11260/4/4 11226/4/4 11274/4/4
f 11274/4/4 11226/4/4 11275/4/4
f 11229/4/4 11230/4/4 11278/4/4
f 11278/4/4 11230/4/4 11279/4/4
f 11246/5/4 11247/5/4 11280/5/4
f 11245/5/4 11246/5/4 11280/5/4
f 11280/5/4 11247/5/4 11281/5/4
f 11207/4/4 11208/4/4 11284/4/4
f 11284/4/4 11208/4/4 11285/4/4
f 11249/4/4 11250/4/4 11288/4/4
f 11288/4/4 11250/4/4 11289/4/4
f 11261/4/4 11262/4/4 11292/4/4
f 11292/4/4 11262/4/4 11293/4/4
f 11256/4/4 11257/4/4 11295/4/4
f 11295/4/4 11257/4/4 11296/4/4
f 11272/4/4 11273/4/4 11297/4/4
f 11297/4/4 11273/4/4 11298/4/4
f 11259/4/4 11274/4/4 11301/4/4
f 11301/4/4 11274/4/4 11302/4/4
f 11279/4/4 11230/4/4 11303/4/4
f 11303/4/4 11230/4/4 11304/4/4
f 11233/4/4 11234/4/4 11307/4/4
f 11307/4/4 11234/4/4 11308/4/4
f 11265/4/4 11266/4/4 11310/4/4
f 11310/4/4 11266/4/4 11311/4/4
f 11268/4/4 11269/4/4 11313/4/4
f 11313/4/4 11269/4/4 11314/4/4
f 11270/4/4 11271/4/4 11317/4/4
f 11317/4/4 11271/4/4 11318/4/4
f 11275/4/4 11276/4/4 11319/4/4
f 11319/4/4 11276/4/4 11320/4/4
f 11277/4/4 11278/4/4 11323/4/4
f 11323/4/4 11278/4/4 11324/4/4
f 11304/4/4 11305/4/4 11325/4/4
f 11325/4/4 11305/4/4 11326/4/4
f 11245/5/4 11280/5/4 11330/5/4
f 11330/5/4 11280/5/4 11331/5/4
f 11281/5/4 11282/5/4 11332/5/4
f 11332/5/4 11282/5/4 11333/5/4
f 11283/4/4 11284/4/4 11336/4/4
f 11336/4/4 11284/4/4 11337/4/4
f 11285/4/4 11286/4/4 11338/4/4
f 11338/4/4 11286/4/4 11339/4/4
f 11287/4/4 11288/4/4 11342/4/4
f 11342/4/4 11288/4/4 11343/4/4
f 11289/4/4 11290/4/4 11344/4/4
f 11344/4/4 11290/4/4 11345/4/4
f 11291/4/4 11292/4/4 11348/4/4
f 11348/4/4 11292/4/4 11349/4/4
f 11311/4/4 11312/4/4 11350/4/4
f 11350/4/4 11312/4/4 11351/4/4
f 11294/4/4 11295/4/4 11354/4/4
f 11354/4/4 11295/4/4 11355/4/4
f 11298/4/4 11299/4/4 11356/4/4
f 11356/4/4 11299/4/4 11357/4/4
f 11300/4/4 11301/4/4 11360/4/4
f 11360/4/4 11301/4/4 11361/4/4
f 11328/4/4 11329/4/4 11363/4/4
f 11363/4/4 11329/4/4 11364/4/4
f 11333/5/4 11334/5/4 11366/5/4
f 11366/5/4 11334/5/4 11367/5/4
f 11339/4/4 11340/4/4 11368/4/4
f 11368/4/4 11340/4/4 11369/4/4
f 11341/4/4 11342/4/4 11372/4/4
f 11372/4/4 11342/4/4 11373/4/4
f 11306/4/4 11307/4/4 11375/4/4
f 11375/4/4 11307/4/4 11376/4/4
f 11347/4/4 11348/4/4 11378/4/4
f 11378/4/4 11348/4/4 11379/4/4
f 11351/4/4 11352/4/4 11380/4/4
f 11380/4/4 11352/4/4 11381/4/4
f 11314/4/4 11315/4/4 11383/4/4
f 11383/4/4 11315/4/4 11384/4/4
f 11316/4/4 11317/4/4 11387/4/4
f 11387/4/4 11317/4/4 11388/4/4
f 11357/4/4 11358/4/4 11389/4/4
f 11389/4/4 11358/4/4 11390/4/4
f 11320/4/4 11321/4/4 11392/4/4
f 11392/4/4 11321/4/4 11393/4/4
f 11322/4/4 11323/4/4 11396/4/4
f 11396/4/4 11323/4/4 11397/4/4
f 11326/4/4 11327/4/4 11398/4/4
f 11398/4/4 11327/4/4 11399/4/4
f 11365/4/4 11366/4/4 11401/4/4
f 11401/4/4 11366/4/4 11402/4/4
f 11335/4/4 11336/4/4 11405/4/4
f 11405/4/4 11336/4/4 11406/4/4
f 11345/4/4 11346/4/4 11407/4/4
f 11407/4/4 11346/4/4 11408/4/4
f 11308/4/4 11309/4/4 11410/4/4
f 11410/4/4 11309/4/4 11411/4/4
f 11381/4/4 11382/4/4 11415/4/4
f 11353/4/4 11354/4/4 11416/4/4
f 11416/4/4 11354/4/4 11417/4/4
f 11359/4/4 11360/4/4 11419/4/4
f 11419/4/4 11360/4/4 11420/4/4
f 11362/4/4 11363/4/4 11422/4/4
f 11422/4/4 11363/4/4 11423/4/4
f 11369/4/4 11370/4/4 11424/4/4
f 11424/4/4 11370/4/4 11425/4/4
f 11371/4/4 11372/4/4 11428/4/4
f 11428/4/4 11372/4/4 11429/4/4
f 11374/4/4 11375/4/4 11431/4/4
f 11431/4/4 11375/4/4 11432/4/4
f 11413/4/4 11414/4/4 11434/4/4
f 11434/4/4 11414/4/4 11435/4/4
f 11377/4/4 11378/4/4 11437/4/4
f 11437/4/4 11378/4/4 11438/4/4
f 11381/4/4 11415/4/4 11439/4/4
f 11415/4/4 11416/4/4 11439/4/4
f 11439/4/4 11416/4/4 11440/4/4
f 11384/4/4 11385/4/4 11441/4/4
f 11441/4/4 11385/4/4 11442/4/4
f 11386/4/4 11387/4/4 11443/4/4
f 11443/4/4 11387/4/4 11444/4/4
f 11390/4/4 11391/4/4 11445/4/4
f 11445/4/4 11391/4/4 11446/4/4
f 11418/4/4 11419/4/4 11447/4/4
f 11393/4/4 11394/4/4 11448/4/4
f 11448/4/4 11394/4/4 11449/4/4
f 11395/4/4 11396/4/4 11450/4/4
f 11450/4/4 11396/4/4 11451/4/4
f 11399/4/4 11400/4/4 11452/4/4
f 11452/4/4 11400/4/4 11453/4/4
f 11421/4/4 11422/4/4 11454/4/4
f 11402/4/4 11403/4/4 11455/4/4
f 11455/4/4 11403/4/4 11456/4/4
f 11404/4/4 11405/4/4 11457/4/4
f 11457/4/4 11405/4/4 11458/4/4
f 11408/4/4 11409/4/4 11459/4/4
f 11459/4/4 11409/4/4 11460/4/4
f 11430/4/4 11431/4/4 11461/4/4
f 11411/4/4 11412/4/4 11462/4/4
f 11462/4/4 11412/4/4 11463/4/4
f 11433/4/4 11434/4/4 11464/4/4
f 11436/4/4 11437/4/4 11467/4/4
f 11440/4/4 11416/4/4 11468/4/4
f 11468/4/4 11416/4/4 11469/4/4
f 11442/4/4 11443/4/4 11470/4/4
f 11470/4/4 11443/4/4 11471/4/4
f 11446/4/4 11447/4/4 11472/4/4
f 11447/4/4 11419/4/4 11473/4/4
f 11472/4/4 11447/4/4 11473/4/4
f 11449/4/4 11450/4/4 11474/4/4
f 11474/4/4 11450/4/4 11475/4/4
f 11453/4/4 11454/4/4 11476/4/4
f 11454/4/4 11422/4/4 11477/4/4
f 11476/4/4 11454/4/4 11477/4/4
f 11456/4/4 11457/4/4 11478/4/4
f 11478/4/4 11457/4/4 11479/4/4
f 11425/4/4 11426/4/4 11480/4/4
f 11480/4/4 11426/4/4 11481/4/4
f 11427/4/4 11428/4/4 11482/4/4
f 11482/4/4 11428/4/4 11483/4/4
f 11460/4/4 11461/4/4 11484/4/4
f 11461/4/4 11431/4/4 11485/4/4
f 11484/4/4 11461/4/4 11485/4/4
f 11463/4/4 11464/4/4 11486/4/4
f 11464/4/4 11434/4/4 11487/4/4
f 11486/4/4 11464/4/4 11487/4/4
f 11484/4/4 11485/4/4 11489/4/4
f 11487/4/4 11488/4/4 11489/4/4
f 11486/4/4 11487/4/4 11489/4/4
f 11485/4/4 11486/4/4 11489/4/4
f 11482/4/4 11483/4/4 11489/4/4
f 11481/4/4 11482/4/4 11489/4/4
f 11483/4/4 11484/4/4 11489/4/4
f 11479/4/4 11480/4/4 11489/4/4
f 11478/4/4 11479/4/4 11489/4/4
f 11477/4/4 11478/4/4 11489/4/4
f 11474/4/4 11475/4/4 11489/4/4
f 11436/4/4 11467/4/4 11489/4/4
f 11473/4/4 11474/4/4 11489/4/4
f 11470/4/4 11471/4/4 11489/4/4
f 11476/4/4 11477/4/4 11489/4/4
f 11469/4/4 11470/4/4 11489/4/4
f 11475/4/4 11476/4/4 11489/4/4
f 11467/4/4 11468/4/4 11489/4/4
f 11472/4/4 11473/4/4 11489/4/4
f 11480/4/4 11481/4/4 11489/4/4
f 11471/4/4 11472/4/4 11489/4/4
f 11468/4/4 11469/4/4 11489/4/4
f 11489/4/4 11488/4/4 11490/4/4
f 11465/2/4 11466/2/4 11491/2/4
f 11491/2/4 11466/2/4 11492/2/4
f 11493/2/4 11494/2/4 11497/2/4
f 11497/2/4 11494/2/4 11498/2/4
f 11495/2/4 11496/2/4 11499/2/4
f 11499/2/4 11496/2/4 11500/2/4
f 11501/2/4 11502/2/4 11503/2/4
f 11503/2/4 11502/2/4 11504/2/4
f 11505/2/4 11506/2/4 11509/2/4
f 11509/2/4 11506/2/4 11510/2/4
f 11507/2/4 11508/2/4 11511/2/4
f 11511/2/4 11508/2/4 11512/2/4
f 11513/2/4 11514/2/4 11517/2/4
f 11517/2/4 11514/2/4 11518/2/4
f 11515/2/4 11516/2/4 11519/2/4
f 11519/2/4 11516/2/4 11520/2/4
f 11521/2/4 11522/2/4 11525/2/4
f 11525/2/4 11522/2/4 11526/2/4
f 11523/2/4 11524/2/4 11527/2/4
f 11527/2/4 11524/2/4 11528/2/4
f 11529/2/4 11530/2/4 11533/2/4
f 11533/2/4 11530/2/4 11534/2/4
f 11531/2/4 11532/2/4 11535/2/4
f 11535/2/4 11532/2/4 11536/2/4
f 11537/2/4 11538/2/4 11541/2/4
f 11541/2/4 11538/2/4 11542/2/4
f 11539/2/4 11540/2/4 11543/2/4
f 11543/2/4 11540/2/4 11544/2/4
f 11545/2/4 11546/2/4 11549/2/4
f 11549/2/4 11546/2/4 11550/2/4
f 11547/2/4 11548/2/4 11551/2/4
f 11551/2/4 11548/2/4 11552/2/4
f 11553/2/4 11554/2/4 11555/2/4
f 11555/2/4 11554/2/4 11556/2/4
f 11557/2/4 11558/2/4 11561/2/4
f 11561/2/4 11558/2/4 11562/2/4
f 11559/2/4 11560/2/4 11563/2/4
f 11563/2/4 11560/2/4 11564/2/4
f 11565/2/4 11566/2/4 11569/2/4
f 11569/2/4 11566/2/4 11570/2/4
f 11567/2/4 11568/2/4 11571/2/4
f 11571/2/4 11568/2/4 11572/2/4
f 11573/2/4 11574/2/4 11577/2/4
f 11577/2/4 11574/2/4 11578/2/4
f 11575/2/4 11576/2/4 11579/2/4
f 11579/2/4 11576/2/4 11580/2/4
f 11581/2/4 11582/2/4 11585/2/4
f 11585/2/4 11582/2/4 11586/2/4
f 11583/2/4 11584/2/4 11587/2/4
f 11587/2/4 11584/2/4 11588/2/4
f 11589/2/4 11590/2/4 11592/2/4
f 11592/2/4 11590/2/4 11593/2/4
f 11591/2/4 11592/2/4 11595/2/4
f 11595/2/4 11592/2/4 11596/2/4
f 11593/2/4 11594/2/4 11597/2/4
f 11597/2/4 11594/2/4 11598/2/4
f 11599/2/4 11600/2/4 11603/2/4
f 11603/2/4 11600/2/4 11604/2/4
f 11601/2/4 11602/2/4 11605/2/4
f 11605/2/4 11602/2/4 11606/2/4
f 11607/2/4 11608/2/4 11611/2/4
f 11611/2/4 11608/2/4 11612/2/4
f 11609/2/4 11610/2/4 11613/2/4
f 11613/2/4 11610/2/4 11614/2/4
f 11615/2/4 11616/2/4 11619/2/4
f 11619/2/4 11616/2/4 11620/2/4
f 11617/2/4 11618/2/4 11621/2/4
f 11621/2/4 11618/2/4 11622/2/4
f 11623/2/4 11624/2/4 11627/2/4
f 11627/2/4 11624/2/4 11628/2/4
f 11625/2/4 11626/2/4 11629/2/4
f 11629/2/4 11626/2/4 11630/2/4
f 11631/2/4 11632/2/4 11635/2/4
f 11635/2/4 11632/2/4 11636/2/4
f 11633/2/4 11634/2/4 11637/2/4
f 11637/2/4 11634/2/4 11638/2/4
f 11636/2/4 11637/2/4 11639/2/4
f 11639/2/4 11637/2/4 11640/2/4
f 11641/2/4 11642/2/4 11645/2/4
f 11645/2/4 11642/2/4 11646/2/4
f 11643/2/4 11644/2/4 11647/2/4
f 11647/2/4 11644/2/4 11648/2/4
f 11649/6/4 11650/6/4 11651/6/4
f 11651/6/4 11650/6/4 11652/6/4
f 11653/2/4 11654/2/4 11657/2/4
f 11657/2/4 11654/2/4 11658/2/4
f 11655/2/4 11656/2/4 11659/2/4
f 11659/2/4 11656/2/4 11660/2/4
f 11661/2/4 11662/2/4 11665/2/4
f 11665/2/4 11662/2/4 11666/2/4
f 11663/2/4 11664/2/4 11667/2/4
f 11667/2/4 11664/2/4 11668/2/4
f 11669/2/4 11670/2/4 11673/2/4
f 11673/2/4 11670/2/4 11674/2/4
f 11671/2/4 11672/2/4 11675/2/4
f 11675/2/4 11672/2/4 11676/2/4
f 11677/6/4 11678/6/4 11683/6/4
f 11683/6/4 11678/6/4 11684/6/4
f 11679/2/4 11680/2/4 11685/2/4
f 11685/2/4 11680/2/4 11686/2/4
f 11681/2/4 11682/2/4 11687/2/4
f 11687/2/4 11682/2/4 11688/2/4
f 11689/2/4 11690/2/4 11691/2/4
f 11691/2/4 11690/2/4 11692/2/4
f 11693/2/4 11694/2/4 11697/2/4
f 11697/2/4 11694/2/4 11698/2/4
f 11695/2/4 11696/2/4 11699/2/4
f 11699/2/4 11696/2/4 11700/2/4
f 11701/2/4 11702/2/4 11705/2/4
f 11705/2/4 11702/2/4 11706/2/4
f 11703/2/4 11704/2/4 11707/2/4
f 11707/2/4 11704/2/4 11708/2/4
f 11709/2/4 11710/2/4 11713/2/4
f 11713/2/4 11710/2/4 11714/2/4
f 11711/2/4 11712/2/4 11715/2/4
f 11715/2/4 11712/2/4 11716/2/4
f 11717/2/4 11718/2/4 11721/2/4
f 11721/2/4 11718/2/4 11722/2/4
f 11719/2/4 11720/2/4 11723/2/4
f 11723/2/4 11720/2/4 11724/2/4
f 11725/2/4 11726/2/4 11727/2/4
f 11727/2/4 11726/2/4 11728/2/4
f 11729/2/4 11730/2/4 11732/2/4
f 11732/2/4 11730/2/4 11733/2/4
f 11731/2/4 11732/2/4 11735/2/4
f 11735/2/4 11732/2/4 11736/2/4
f 11733/2/4 11734/2/4 11737/2/4
f 11737/2/4 11734/2/4 11738/2/4
f 11739/2/4 11740/2/4 11743/2/4
f 11743/2/4 11740/2/4 11744/2/4
f 11741/2/4 11742/2/4 11745/2/4
f 11745/2/4 11742/2/4 11746/2/4
f 11747/2/4 11748/2/4 11751/2/4
f 11751/2/4 11748/2/4 11752/2/4
f 11749/2/4 11750/2/4 11753/2/4
f 11753/2/4 11750/2/4 11754/2/4
f 11755/2/4 11756/2/4 11759/2/4
f 11759/2/4 11756/2/4 11760/2/4
f 11757/2/4 11758/2/4 11761/2/4
f 11761/2/4 11758/2/4 11762/2/4
f 11763/2/4 11764/2/4 11767/2/4
f 11767/2/4 11764/2/4 11768/2/4
f 11765/2/4 11766/2/4 11769/2/4
f 11769/2/4 11766/2/4 11770/2/4
f 11771/2/4 11772/2/4 11775/2/4
f 11775/2/4 11772/2/4 11776/2/4
f 11773/2/4 11774/2/4 11777/2/4
f 11777/2/4 11774/2/4 11778/2/4
f 11776/2/4 11777/2/4 11779/2/4
f 11779/2/4 11777/2/4 11780/2/4
f 11781/2/4 11782/2/4 11785/2/4
f 11785/2/4 11782/2/4 11786/2/4
f 11783/2/4 11784/2/4 11787/2/4
f 11787/2/4 11784/2/4 11788/2/4
f 11789/2/4 11790/2/4 11793/2/4
f 11793/2/4 11790/2/4 11794/2/4
f 11791/2/4 11792/2/4 11795/2/4
f 11795/2/4 11792/2/4 11796/2/4
f 11799/2/4 11800/2/4 11803/2/4
f 11803/2/4 11800/2/4 11804/2/4
f 11801/2/4 11802/2/4 11805/2/4
f 11805/2/4 11802/2/4 11806/2/4
f 11807/2/4 11808/2/4 11811/2/4
f 11811/2/4 11808/2/4 11812/2/4
f 11809/2/4 11810/2/4 11813/2/4
f 11813/2/4 11810/2/4 11814/2/4
f 11797/6/4 11798/6/4 11815/6/4
f 11815/6/4 11798/6/4 11816/6/4
f 11817/2/4 11818/2/4 11821/2/4
f 11821/2/4 11818/2/4 11822/2/4
f 11819/2/4 11820/2/4 11823/2/4
f 11823/2/4 11820/2/4 11824/2/4
f 11825/2/4 11826/2/4 11829/2/4
f 11829/2/4 11826/2/4 11830/2/4
f 11827/2/4 11828/2/4 11831/2/4
f 11831/2/4 11828/2/4 11832/2/4
f 11833/2/4 11834/2/4 11835/2/4
f 11835/2/4 11834/2/4 11836/2/4
f 11839/2/4 11840/2/4 11843/2/4
f 11843/2/4 11840/2/4 11844/2/4
f 11841/2/4 11842/2/4 11845/2/4
f 11845/2/4 11842/2/4 11846/2/4
f 11837/6/4 11838/6/4 11847/6/4
f 11847/6/4 11838/6/4 11848/6/4
f 11848/6/4 11838/6/4 11849/6/4
f 11850/2/4 11851/2/4 11854/2/4
f 11854/2/4 11851/2/4 11855/2/4
f 11852/2/4 11853/2/4 11856/2/4
f 11856/2/4 11853/2/4 11857/2/4
f 11858/2/4 11859/2/4 11862/2/4
f 11862/2/4 11859/2/4 11863/2/4
f 11860/2/4 11861/2/4 11864/2/4
f 11864/2/4 11861/2/4 11865/2/4
f 11866/2/4 11867/2/4 11873/2/4
f 11873/2/4 11867/2/4 11874/2/4
f 11868/2/4 11869/2/4 11875/2/4
f 11875/2/4 11869/2/4 11876/2/4
f 11871/6/4 11872/6/4 11877/6/4
f 11870/6/4 11871/6/4 11877/6/4
f 11877/6/4 11872/6/4 11878/6/4
f 11879/2/4 11880/2/4 11881/2/4
f 11881/2/4 11880/2/4 11882/2/4
f 11883/2/4 11884/2/4 11886/2/4
f 11886/2/4 11884/2/4 11887/2/4
f 11885/2/4 11886/2/4 11889/2/4
f 11889/2/4 11886/2/4 11890/2/4
f 11887/2/4 11888/2/4 11891/2/4
f 11891/2/4 11888/2/4 11892/2/4
f 11893/2/4 11894/2/4 11897/2/4
f 11897/2/4 11894/2/4 11898/2/4
f 11895/2/4 11896/2/4 11899/2/4
f 11899/2/4 11896/2/4 11900/2/4
f 11901/2/4 11902/2/4 11905/2/4
f 11905/2/4 11902/2/4 11906/2/4
f 11903/2/4 11904/2/4 11907/2/4
f 11907/2/4 11904/2/4 11908/2/4
f 11909/2/4 11910/2/4 11913/2/4
f 11913/2/4 11910/2/4 11914/2/4
f 11911/2/4 11912/2/4 11915/2/4
f 11915/2/4 11912/2/4 11916/2/4
f 11917/2/4 11918/2/4 11921/2/4
f 11921/2/4 11918/2/4 11922/2/4
f 11919/2/4 11920/2/4 11923/2/4
f 11923/2/4 11920/2/4 11924/2/4
f 11925/2/4 11926/2/4 11929/2/4
f 11929/2/4 11926/2/4 11930/2/4
f 11927/2/4 11928/2/4 11931/2/4
f 11931/2/4 11928/2/4 11932/2/4
f 11930/2/4 11931/2/4 11933/2/4
f 11933/2/4 11931/2/4 11934/2/4
f 11935/2/4 11936/2/4 11938/2/4
f 11938/2/4 11936/2/4 11939/2/4
f 11937/2/4 11938/2/4 11941/2/4
f 11941/2/4 11938/2/4 11942/2/4
f 11939/2/4 11940/2/4 11943/2/4
f 11943/2/4 11940/2/4 11944/2/4
f 11945/2/4 11946/2/4 11949/2/4
f 11949/2/4 11946/2/4 11950/2/4
f 11947/2/4 11948/2/4 11951/2/4
f 11951/2/4 11948/2/4 11952/2/4
f 11953/2/4 11954/2/4 11957/2/4
f 11957/2/4 11954/2/4 11958/2/4
f 11955/2/4 11956/2/4 11959/2/4
f 11959/2/4 11956/2/4 11960/2/4
f 11961/2/4 11962/2/4 11965/2/4
f 11965/2/4 11962/2/4 11966/2/4
f 11963/2/4 11964/2/4 11967/2/4
f 11967/2/4 11964/2/4 11968/2/4
f 11969/2/4 11970/2/4 11973/2/4
f 11973/2/4 11970/2/4 11974/2/4
f 11971/2/4 11972/2/4 11975/2/4
f 11975/2/4 11972/2/4 11976/2/4
f 11977/2/4 11978/2/4 11981/2/4
f 11981/2/4 11978/2/4 11982/2/4
f 11979/2/4 11980/2/4 11983/2/4
f 11983/2/4 11980/2/4 11984/2/4
f 11982/2/4 11983/2/4 11985/2/4
f 11985/2/4 11983/2/4 11986/2/4
f 11987/2/4 11988/2/4 11990/2/4
f 11990/2/4 11988/2/4 11991/2/4
f 11989/2/4 11990/2/4 11993/2/4
f 11993/2/4 11990/2/4 11994/2/4
f 11991/2/4 11992/2/4 11995/2/4
f 11995/2/4 11992/2/4 11996/2/4
f 11999/2/4 12000/2/4 12003/2/4
f 12003/2/4 12000/2/4 12004/2/4
f 12001/2/4 12002/2/4 12005/2/4
f 12005/2/4 12002/2/4 12006/2/4
f 12007/2/4 12008/2/4 12011/2/4
f 12011/2/4 12008/2/4 12012/2/4
f 12009/2/4 12010/2/4 12013/2/4
f 12013/2/4 12010/2/4 12014/2/4
f 12015/2/4 12016/2/4 12019/2/4
f 12019/2/4 12016/2/4 12020/2/4
f 12017/2/4 12018/2/4 12021/2/4
f 12021/2/4 12018/2/4 12022/2/4
f 11997/6/4 11998/6/4 12027/6/4
f 12027/6/4 11998/6/4 12028/6/4
f 12023/2/4 12024/2/4 12029/2/4
f 12029/2/4 12024/2/4 12030/2/4
f 12025/2/4 12026/2/4 12031/2/4
f 12031/2/4 12026/2/4 12032/2/4
f 12030/2/4 12031/2/4 12033/2/4
f 12033/2/4 12031/2/4 12034/2/4
f 12035/2/4 12036/2/4 12037/2/4
f 12037/2/4 12036/2/4 12038/2/4
f 12039/2/4 12040/2/4 12043/2/4
f 12043/2/4 12040/2/4 12044/2/4
f 12041/2/4 12042/2/4 12045/2/4
f 12045/2/4 12042/2/4 12046/2/4
f 12047/2/4 12048/2/4 12051/2/4
f 12051/2/4 12048/2/4 12052/2/4
f 12049/2/4 12050/2/4 12053/2/4
f 12053/2/4 12050/2/4 12054/2/4
f 12055/2/4 12056/2/4 12059/2/4
f 12059/2/4 12056/2/4 12060/2/4
f 12057/2/4 12058/2/4 12061/2/4
f 12061/2/4 12058/2/4 12062/2/4
f 12063/2/4 12064/2/4 12067/2/4
f 12067/2/4 12064/2/4 12068/2/4
f 12065/2/4 12066/2/4 12069/2/4
f 12069/2/4 12066/2/4 12070/2/4
f 12071/2/4 12072/2/4 12073/2/4
f 12073/2/4 12072/2/4 12074/2/4
f 12075/2/4 12076/2/4 12078/2/4
f 12078/2/4 12076/2/4 12079/2/4
f 12077/2/4 12078/2/4 12081/2/4
f 12081/2/4 12078/2/4 12082/2/4
f 12079/2/4 12080/2/4 12083/2/4
f 12083/2/4 12080/2/4 12084/2/4
f 12085/2/4 12086/2/4 12089/2/4
f 12089/2/4 12086/2/4 12090/2/4
f 12087/2/4 12088/2/4 12091/2/4
f 12091/2/4 12088/2/4 12092/2/4
f 12093/2/4 12094/2/4 12097/2/4
f 12097/2/4 12094/2/4 12098/2/4
f 12095/2/4 12096/2/4 12099/2/4
f 12099/2/4 12096/2/4 12100/2/4
f 12101/2/4 12102/2/4 12105/2/4
f 12105/2/4 12102/2/4 12106/2/4
f 12103/2/4 12104/2/4 12107/2/4
f 12107/2/4 12104/2/4 12108/2/4
f 12106/2/4 12107/2/4 12109/2/4
f 12109/2/4 12107/2/4 12110/2/4
f 12111/2/4 12112/2/4 12113/2/4
f 12113/2/4 12112/2/4 12114/2/4
f 12115/2/4 12116/2/4 12119/2/4
f 12119/2/4 12116/2/4 12120/2/4
f 12117/2/4 12118/2/4 12121/2/4
f 12121/2/4 12118/2/4 12122/2/4
f 12123/2/4 12124/2/4 12127/2/4
f 12127/2/4 12124/2/4 12128/2/4
f 12125/2/4 12126/2/4 12129/2/4
f 12129/2/4 12126/2/4 12130/2/4
f 12131/2/4 12132/2/4 12135/2/4
f 12135/2/4 12132/2/4 12136/2/4
f 12133/2/4 12134/2/4 12137/2/4
f 12137/2/4 12134/2/4 12138/2/4
f 12139/2/4 12140/2/4 12143/2/4
f 12143/2/4 12140/2/4 12144/2/4
f 12141/2/4 12142/2/4 12145/2/4
f 12145/2/4 12142/2/4 12146/2/4
f 12147/2/4 12148/2/4 12149/2/4
f 12149/2/4 12148/2/4 12150/2/4
f 12151/2/4 12152/2/4 12153/2/4
f 12153/2/4 12152/2/4 12154/2/4
f 12155/2/4 12156/2/4 12159/2/4
f 12159/2/4 12156/2/4 12160/2/4
f 12157/2/4 12158/2/4 12161/2/4
f 12161/2/4 12158/2/4 12162/2/4
f 12163/2/4 12164/2/4 12167/2/4
f 12167/2/4 12164/2/4 12168/2/4
f 12165/2/4 12166/2/4 12169/2/4
f 12169/2/4 12166/2/4 12170/2/4
f 12171/2/4 12172/2/4 12175/2/4
f 12175/2/4 12172/2/4 12176/2/4
f 12173/2/4 12174/2/4 12177/2/4
f 12177/2/4 12174/2/4 12178/2/4
f 12179/2/4 12180/2/4 12181/2/4
f 12181/2/4 12180/2/4 12182/2/4
f 12183/2/4 12184/2/4 12186/2/4
f 12186/2/4 12184/2/4 12187/2/4
f 12185/2/4 12186/2/4 12189/2/4
f 12189/2/4 12186/2/4 12190/2/4
f 12187/2/4 12188/2/4 12191/2/4
f 12191/2/4 12188/2/4 12192/2/4
f 12193/2/4 12194/2/4 12197/2/4
f 12197/2/4 12194/2/4 12198/2/4
f 12195/2/4 12196/2/4 12199/2/4
f 12199/2/4 12196/2/4 12200/2/4
f 12198/2/4 12199/2/4 12201/2/4
f 12201/2/4 12199/2/4 12202/2/4
f 12203/2/4 12204/2/4 12206/2/4
f 12206/2/4 12204/2/4 12207/2/4
f 12205/2/4 12206/2/4 12209/2/4
f 12209/2/4 12206/2/4 12210/2/4
f 12207/2/4 12208/2/4 12211/2/4
f 12211/2/4 12208/2/4 12212/2/4
f 12210/2/4 12211/2/4 12213/2/4
f 12213/2/4 12211/2/4 12214/2/4
f 12215/2/4 12216/2/4 12217/2/4
f 12217/2/4 12216/2/4 12218/2/4
f 12223/4/5 12220/4/5 12219/4/5
f 12224/4/5 12220/4/5 12223/4/5
f 12225/4/5 12222/4/5 12221/4/5
f 12226/4/5 12222/4/5 12225/4/5
f 12227/4/5 12222/4/5 12226/4/5
f 12228/4/5 12223/4/5 12219/4/5
f 12229/1/5 12224/1/5 12223/1/5
f 12229/4/5 12223/4/5 12228/4/5
f 12229/1/5 12225/1/5 12224/1/5
f 12229/1/5 12226/1/5 12225/1/5
f 12230/1/5 12226/1/5 12229/1/5
f 12231/1/5 12226/1/5 12230/1/5
f 12233/4/5 12232/4/5 12231/4/5
f 12233/1/5 12231/1/5 12230/1/5
f 12234/4/5 12232/4/5 12233/4/5
f 12235/1/5 12233/1/5 12230/1/5
f 12239/1/5 12235/1/5 12230/1/5
f 12240/4/5 12238/4/5 12237/4/5
f 12241/1/5 12239/1/5 12238/1/5
f 12241/4/5 12238/4/5 12240/4/5
f 12242/1/5 12235/1/5 12239/1/5
f 12242/1/5 12239/1/5 12241/1/5
f 12243/1/5 12235/1/5 12242/1/5
f 12244/4/5 12236/4/5 12235/4/5
f 12244/1/5 12235/1/5 12243/1/5
f 12245/4/5 12236/4/5 12244/4/5
f 12246/4/5 12242/4/5 12241/4/5
f 12247/4/5 12242/4/5 12246/4/5
f 12248/4/5 12244/4/5 12243/4/5
f 12249/4/5 12244/4/5 12248/4/5
f 12252/4/5 12251/4/5 12250/4/5
f 12253/4/5 12251/4/5 12252/4/5
f 12257/4/5 12255/4/5 12254/4/5
f 12258/1/5 12256/1/5 12255/1/5
f 12258/4/5 12255/4/5 12257/4/5
f 12259/1/5 12256/1/5 12258/1/5
f 12262/4/5 12261/4/5 12260/4/5
f 12263/4/5 12261/4/5 12262/4/5
f 12269/4/5 12267/4/5 12266/4/5
f 12270/1/5 12268/1/5 12267/1/5
f 12270/4/5 12267/4/5 12269/4/5
f 12271/1/5 12268/1/5 12270/1/5
f 12272/4/5 12265/4/5 12264/4/5
f 12273/4/5 12265/4/5 12272/4/5
f 12278/4/5 12275/4/5 12274/4/5
f 12279/4/5 12275/4/5 12278/4/5
f 12280/4/5 12277/4/5 12276/4/5
f 12281/4/5 12277/4/5 12280/4/5
f 12286/4/5 12283/4/5 12282/4/5
f 12287/4/5 12283/4/5 12286/4/5
f 12288/4/5 12285/4/5 12284/4/5
f 12289/4/5 12285/4/5 12288/4/5
f 12293/4/5 12291/4/5 12290/4/5
f 12294/1/5 12292/1/5 12291/1/5
f 12294/4/5 12291/4/5 12293/4/5
f 12295/1/5 12292/1/5 12294/1/5
f 12298/4/5 12297/4/5 12296/4/5
f 12299/4/5 12297/4/5 12298/4/5
f 12305/4/5 12301/4/5 12300/4/5
f 12306/4/5 12301/4/5 12305/4/5
f 12307/4/5 12303/4/5 12302/4/5
f 12308/1/5 12304/1/5 12303/1/5
f 12308/4/5 12303/4/5 12307/4/5
f 12309/1/5 12304/1/5 12308/1/5
f 12314/4/5 12311/4/5 12310/4/5
f 12315/4/5 12311/4/5 12314/4/5
f 12316/4/5 12313/4/5 12312/4/5
f 12317/4/5 12313/4/5 12316/4/5
f 12322/4/5 12319/4/5 12318/4/5
f 12323/4/5 12319/4/5 12322/4/5
f 12324/4/5 12321/4/5 12320/4/5
f 12325/4/5 12321/4/5 12324/4/5
f 12329/4/5 12327/4/5 12326/4/5
f 12330/1/5 12328/1/5 12327/1/5
f 12330/4/5 12327/4/5 12329/4/5
f 12331/1/5 12328/1/5 12330/1/5
f 12337/4/5 12333/4/5 12332/4/5
f 12338/4/5 12333/4/5 12337/4/5
f 12339/4/5 12335/4/5 12334/4/5
f 12340/1/5 12336/1/5 12335/1/5
f 12340/4/5 12335/4/5 12339/4/5
f 12341/1/5 12336/1/5 12340/1/5
f 12346/4/5 12343/4/5 12342/4/5
f 12347/4/5 12343/4/5 12346/4/5
f 12348/4/5 12345/4/5 12344/4/5
f 12349/4/5 12345/4/5 12348/4/5
f 12354/4/5 12351/4/5 12350/4/5
f 12355/4/5 12351/4/5 12354/4/5
f 12356/4/5 12353/4/5 12352/4/5
f 12357/4/5 12353/4/5 12356/4/5
f 12361/4/5 12359/4/5 12358/4/5
f 12362/1/5 12360/1/5 12359/1/5
f 12362/4/5 12359/4/5 12361/4/5
f 12363/1/5 12360/1/5 12362/1/5
f 12367/4/5 12365/4/5 12364/4/5
f 12368/1/5 12366/1/5 12365/1/5
f 12368/4/5 12365/4/5 12367/4/5
f 12369/1/5 12366/1/5 12368/1/5
f 12374/4/5 12371/4/5 12370/4/5
f 12375/4/5 12371/4/5 12374/4/5
f 12376/4/5 12373/4/5 12372/4/5
f 12377/4/5 12373/4/5 12376/4/5
f 12380/4/5 12379/4/5 12378/4/5
f 12381/4/5 12379/4/5 12380/4/5
f 12387/4/5 12383/4/5 12382/4/5
f 12388/4/5 12383/4/5 12387/4/5
f 12389/4/5 12385/4/5 12384/4/5
f 12390/1/5 12386/1/5 12385/1/5
f 12390/4/5 12385/4/5 12389/4/5
f 12391/1/5 12386/1/5 12390/1/5
f 12395/4/5 12393/4/5 12392/4/5
f 12396/1/5 12394/1/5 12393/1/5
f 12396/4/5 12393/4/5 12395/4/5
f 12397/1/5 12394/1/5 12396/1/5
f 12400/4/5 12399/4/5 12398/4/5
f 12401/4/5 12399/4/5 12400/4/5
f 12406/4/5 12403/4/5 12402/4/5
f 12407/4/5 12403/4/5 12406/4/5
f 12408/4/5 12405/4/5 12404/4/5
f 12409/4/5 12405/4/5 12408/4/5
f 12414/4/5 12411/4/5 12410/4/5
f 12415/4/5 12411/4/5 12414/4/5
f 12416/4/5 12413/4/5 12412/4/5
f 12417/4/5 12413/4/5 12416/4/5
f 12420/4/5 12419/4/5 12418/4/5
f 12421/4/5 12419/4/5 12420/4/5
f 12425/4/5 12423/4/5 12422/4/5
f 12426/1/5 12424/1/5 12423/1/5
f 12426/4/5 12423/4/5 12425/4/5
f 12427/1/5 12424/1/5 12426/1/5
f 12430/4/5 12429/4/5 12428/4/5
f 12431/4/5 12429/4/5 12430/4/5
f 12434/4/5 12433/4/5 12432/4/5
f 12435/4/5 12433/4/5 12434/4/5
f 12440/4/5 12437/4/5 12436/4/5
f 12441/4/5 12437/4/5 12440/4/5
f 12442/4/5 12439/4/5 12438/4/5
f 12443/4/5 12439/4/5 12442/4/5
f 12446/4/5 12445/4/5 12444/4/5
f 12447/4/5 12445/4/5 12446/4/5
f 12450/4/5 12449/4/5 12448/4/5
f 12451/4/5 12449/4/5 12450/4/5
f 12455/4/5 12453/4/5 12452/4/5
f 12456/1/5 12454/1/5 12453/1/5
f 12456/4/5 12453/4/5 12455/4/5
f 12457/1/5 12454/1/5 12456/1/5
f 12460/4/5 12459/4/5 12458/4/5
f 12461/4/5 12459/4/5 12460/4/5
f 12466/4/5 12463/4/5 12462/4/5
f 12467/4/5 12463/4/5 12466/4/5
f 12468/4/5 12465/4/5 12464/4/5
f 12469/4/5 12465/4/5 12468/4/5
f 12474/4/5 12471/4/5 12470/4/5
f 12475/4/5 12471/4/5 12474/4/5
f 12476/4/5 12473/4/5 12472/4/5
f 12477/4/5 12473/4/5 12476/4/5
f 12480/4/5 12479/4/5 12478/4/5
f 12481/4/5 12479/4/5 12480/4/5
f 12485/4/5 12483/4/5 12482/4/5
f 12486/1/5 12484/1/5 12483/1/5
f 12486/4/5 12483/4/5 12485/4/5
f 12487/1/5 12484/1/5 12486/1/5
f 12490/4/5 12489/4/5 12488/4/5
f 12491/4/5 12489/4/5 12490/4/5
f 12496/4/5 12493/4/5 12492/4/5
f 12497/4/5 12493/4/5 12496/4/5
f 12498/4/5 12495/4/5 12494/4/5
f 12499/4/5 12495/4/5 12498/4/5
f 12504/4/5 12501/4/5 12500/4/5
f 12505/4/5 12501/4/5 12504/4/5
f 12506/4/5 12503/4/5 12502/4/5
f 12507/4/5 12503/4/5 12506/4/5
f 12512/4/5 12511/4/5 12510/4/5
f 12513/4/5 12511/4/5 12512/4/5
f 12514/4/5 12509/4/5 12508/4/5
f 12515/4/5 12509/4/5 12514/4/5
f 12519/4/5 12517/4/5 12516/4/5
f 12520/1/5 12518/1/5 12517/1/5
f 12520/4/5 12517/4/5 12519/4/5
f 12521/1/5 12518/1/5 12520/1/5
f 12526/4/5 12523/4/5 12522/4/5
f 12527/4/5 12523/4/5 12526/4/5
f 12528/4/5 12525/4/5 12524/4/5
f 12529/4/5 12525/4/5 12528/4/5
f 12536/4/5 12531/4/5 12530/4/5
f 12537/4/5 12531/4/5 12536/4/5
f 12538/4/5 12533/4/5 12532/4/5
f 12539/4/5 12533/4/5 12538/4/5
f 12540/4/5 12535/4/5 12534/4/5
f 12541/4/5 12535/4/5 12540/4/5
f 12544/4/5 12543/4/5 12542/4/5
f 12545/4/5 12543/4/5 12544/4/5
f 12549/4/5 12547/4/5 12546/4/5
f 12550/1/5 12548/1/5 12547/1/5
f 12550/4/5 12547/4/5 12549/4/5
f 12551/1/5 12548/1/5 12550/1/5
f 12554/4/5 12553/4/5 12552/4/5
f 12555/4/5 12553/4/5 12554/4/5
f 12560/4/5 12557/4/5 12556/4/5
f 12561/4/5 12557/4/5 12560/4/5
f 12562/4/5 12559/4/5 12558/4/5
f 12563/4/5 12559/4/5 12562/4/5
f 12568/4/5 12565/4/5 12564/4/5
f 12569/4/5 12565/4/5 12568/4/5
f 12570/4/5 12567/4/5 12566/4/5
f 12571/4/5 12567/4/5 12570/4/5
f 12574/4/5 12573/4/5 12572/4/5
f 12575/4/5 12573/4/5 12574/4/5
f 12578/4/5 12577/4/5 12576/4/5
f 12579/4/5 12577/4/5 12578/4/5
f 12585/4/5 12581/4/5 12580/4/5
f 12586/4/5 12581/4/5 12585/4/5
f 12587/4/5 12583/4/5 12582/4/5
f 12588/1/5 12584/1/5 12583/1/5
f 12588/4/5 12583/4/5 12587/4/5
f 12589/1/5 12584/1/5 12588/1/5
f 12594/4/5 12591/4/5 12590/4/5
f 12595/4/5 12591/4/5 12594/4/5
f 12596/4/5 12593/4/5 12592/4/5
f 12597/4/5 12593/4/5 12596/4/5
f 12602/4/5 12599/4/5 12598/4/5
f 12603/4/5 12599/4/5 12602/4/5
f 12604/4/5 12601/4/5 12600/4/5
f 12605/4/5 12601/4/5 12604/4/5
f 12608/4/5 12607/4/5 12606/4/5
f 12609/4/5 12607/4/5 12608/4/5
f 12612/4/5 12611/4/5 12610/4/5
f 12613/4/5 12611/4/5 12612/4/5
f 12616/4/5 12615/4/5 12614/4/5
f 12617/4/5 12615/4/5 12616/4/5
f 12621/4/5 12619/4/5 12618/4/5
f 12622/1/5 12620/1/5 12619/1/5
f 12622/4/5 12619/4/5 12621/4/5
f 12623/1/5 12620/1/5 12622/1/5
f 12626/4/5 12625/4/5 12624/4/5
f 12627/4/5 12625/4/5 12626/4/5
f 12630/4/5 12629/4/5 12628/4/5
f 12631/4/5 12629/4/5 12630/4/5
f 12634/4/5 12633/4/5 12632/4/5
f 12635/4/5 12633/4/5 12634/4/5
f 12638/4/5 12637/4/5 12636/4/5
f 12639/4/5 12637/4/5 12638/4/5
f 12643/4/5 12641/4/5 12640/4/5
f 12644/1/5 12642/1/5 12641/1/5
f 12644/4/5 12641/4/5 12643/4/5
f 12645/1/5 12642/1/5 12644/1/5
f 12650/4/5 12647/4/5 12646/4/5
f 12651/4/5 12647/4/5 12650/4/5
f 12652/4/5 12649/4/5 12648/4/5
f 12653/4/5 12649/4/5 12652/4/5
f 12658/4/5 12655/4/5 12654/4/5
f 12659/4/5 12655/4/5 12658/4/5
f 12660/4/5 12657/4/5 12656/4/5
f 12661/4/5 12657/4/5 12660/4/5
f 12664/4/5 12663/4/5 12662/4/5
f 12665/4/5 12663/4/5 12664/4/5
f 12670/4/5 12667/4/5 12666/4/5
f 12671/4/5 12667/4/5 12670/4/5
f 12672/4/5 12669/4/5 12668/4/5
f 12673/4/5 12669/4/5 12672/4/5
f 12678/4/5 12675/4/5 12674/4/5
f 12679/4/5 12675/4/5 12678/4/5
f 12680/4/5 12677/4/5 12676/4/5
f 12681/4/5 12677/4/5 12680/4/5
f 12686/4/5 12683/4/5 12682/4/5
f 12687/4/5 12683/4/5 12686/4/5
f 12688/4/5 12685/4/5 12684/4/5
f 12689/4/5 12685/4/5 12688/4/5
f 12694/4/5 12691/4/5 12690/4/5
f 12695/4/5 12691/4/5 12694/4/5
f 12696/4/5 12693/4/5 12692/4/5
f 12697/4/5 12693/4/5 12696/4/5
f 12702/4/5 12699/4/5 12698/4/5
f 12703/4/5 12699/4/5 12702/4/5
f 12704/4/5 12701/4/5 12700/4/5
f 12705/4/5 12701/4/5 12704/4/5
f 12710/4/5 12707/4/5 12706/4/5
f 12711/4/5 12707/4/5 12710/4/5
f 12712/4/5 12709/4/5 12708/4/5
f 12713/4/5 12709/4/5 12712/4/5
f 12716/4/5 12715/4/5 12714/4/5
f 12717/4/5 12715/4/5 12716/4/5
f 12720/4/5 12719/4/5 12718/4/5
f 12721/4/5 12719/4/5 12720/4/5
f 12724/4/5 12723/4/5 12722/4/5
f 12725/4/5 12723/4/5 12724/4/5
f 12728/4/5 12727/4/5 12726/4/5
f 12729/4/5 12727/4/5 12728/4/5
f 12732/4/5 12731/4/5 12730/4/5
f 12733/4/5 12731/4/5 12732/4/5
f 12738/4/5 12735/4/5 12734/4/5
f 12739/4/5 12735/4/5 12738/4/5
f 12740/4/5 12737/4/5 12736/4/5
f 12741/4/5 12737/4/5 12740/4/5
f 12744/4/5 12743/4/5 12742/4/5
f 12745/4/5 12743/4/5 12744/4/5
f 12748/4/5 12747/4/5 12746/4/5
f 12749/4/5 12747/4/5 12748/4/5
f 12752/4/5 12751/4/5 12750/4/5
f 12753/4/5 12751/4/5 12752/4/5
f 12758/4/5 12755/4/5 12754/4/5
f 12759/4/5 12755/4/5 12758/4/5
f 12760/4/5 12757/4/5 12756/4/5
f 12761/4/5 12757/4/5 12760/4/5
f 12764/4/5 12763/4/5 12762/4/5
f 12765/4/5 12763/4/5 12764/4/5
f 12768/4/5 12767/4/5 12766/4/5
f 12769/4/5 12767/4/5 12768/4/5
f 12772/4/5 12771/4/5 12770/4/5
f 12773/4/5 12771/4/5 12772/4/5
f 12776/4/5 12775/4/5 12774/4/5
f 12777/4/5 12775/4/5 12776/4/5
f 12780/4/5 12779/4/5 12778/4/5
f 12781/4/5 12779/4/5 12780/4/5
f 12786/4/5 12783/4/5 12782/4/5
f 12787/4/5 12783/4/5 12786/4/5
f 12788/4/5 12785/4/5 12784/4/5
f 12789/4/5 12785/4/5 12788/4/5
f 12794/4/5 12791/4/5 12790/4/5
f 12795/4/5 12791/4/5 12794/4/5
f 12796/4/5 12793/4/5 12792/4/5
f 12797/4/5 12793/4/5 12796/4/5
f 12800/4/5 12799/4/5 12798/4/5
f 12801/4/5 12799/4/5 12800/4/5
f 12804/4/5 12803/4/5 12802/4/5
f 12805/4/5 12803/4/5 12804/4/5
f 12808/4/5 12807/4/5 12806/4/5
f 12809/4/5 12807/4/5 12808/4/5
f 12814/4/5 12811/4/5 12810/4/5
f 12815/4/5 12811/4/5 12814/4/5
f 12816/4/5 12813/4/5 12812/4/5
f 12817/4/5 12813/4/5 12816/4/5
f 12824/4/5 12819/4/5 12818/4/5
f 12825/4/5 12819/4/5 12824/4/5
f 12826/4/5 12821/4/5 12820/4/5
f 12827/4/5 12821/4/5 12826/4/5
f 12830/4/5 12823/4/5 12822/4/5
f 12831/4/5 12823/4/5 12830/4/5
f 12832/4/5 12829/4/5 12828/4/5
f 12833/4/5 12829/4/5 12832/4/5
f 12836/4/5 12835/4/5 12834/4/5
f 12837/4/5 12835/4/5 12836/4/5
f 12842/4/5 12839/4/5 12838/4/5
f 12843/4/5 12839/4/5 12842/4/5
f 12844/4/5 12841/4/5 12840/4/5
f 12845/4/5 12841/4/5 12844/4/5
f 12850/4/5 12847/4/5 12846/4/5
f 12851/4/5 12847/4/5 12850/4/5
f 12852/4/5 12849/4/5 12848/4/5
f 12853/4/5 12849/4/5 12852/4/5
f 12856/4/5 12855/4/5 12854/4/5
f 12857/4/5 12855/4/5 12856/4/5
f 12860/4/5 12859/4/5 12858/4/5
f 12861/4/5 12859/4/5 12860/4/5
f 12864/4/5 12863/4/5 12862/4/5
f 12865/4/5 12863/4/5 12864/4/5
f 12870/4/5 12867/4/5 12866/4/5
f 12871/4/5 12867/4/5 12870/4/5
f 12872/4/5 12869/4/5 12868/4/5
f 12873/4/5 12869/4/5 12872/4/5
f 12880/4/5 12875/4/5 12874/4/5
f 12881/4/5 12875/4/5 12880/4/5
f 12882/4/5 12877/4/5 12876/4/5
f 12883/4/5 12877/4/5 12882/4/5
f 12884/4/5 12879/4/5 12878/4/5
f 12885/4/5 12879/4/5 12884/4/5
f 12888/4/5 12887/4/5 12886/4/5
f 12889/4/5 12887/4/5 12888/4/5
f 12892/4/5 12891/4/5 12890/4/5
f 12893/4/5 12891/4/5 12892/4/5
f 12896/4/5 12895/4/5 12894/4/5
f 12897/4/5 12895/4/5 12896/4/5
f 12900/4/5 12899/4/5 12898/4/5
f 12901/4/5 12899/4/5 12900/4/5
f 12904/4/5 12903/4/5 12902/4/5
f 12905/4/5 12903/4/5 12904/4/5
f 12908/4/5 12907/4/5 12906/4/5
f 12909/4/5 12907/4/5 12908/4/5
f 12912/4/5 12911/4/5 12910/4/5
f 12913/4/5 12911/4/5 12912/4/5
f 12916/4/5 12915/4/5 12914/4/5
f 12917/4/5 12915/4/5 12916/4/5
f 12922/4/5 12919/4/5 12918/4/5
f 12923/4/5 12919/4/5 12922/4/5
f 12924/4/5 12921/4/5 12920/4/5
f 12925/4/5 12921/4/5 12924/4/5
f 12930/4/5 12927/4/5 12926/4/5
f 12931/4/5 12927/4/5 12930/4/5
f 12932/4/5 12929/4/5 12928/4/5
f 12933/4/5 12929/4/5 12932/4/5
f 12936/4/5 12935/4/5 12934/4/5
f 12937/4/5 12935/4/5 12936/4/5
f 12940/4/5 12939/4/5 12938/4/5
f 12941/4/5 12939/4/5 12940/4/5
f 12944/4/5 12943/4/5 12942/4/5
f 12945/4/5 12943/4/5 12944/4/5
f 12948/4/5 12947/4/5 12946/4/5
f 12949/4/5 12947/4/5 12948/4/5
f 12954/4/5 12951/4/5 12950/4/5
f 12955/4/5 12951/4/5 12954/4/5
f 12956/4/5 12953/4/5 12952/4/5
f 12957/4/5 12953/4/5 12956/4/5
f 12962/4/5 12959/4/5 12958/4/5
f 12963/4/5 12959/4/5 12962/4/5
f 12964/4/5 12961/4/5 12960/4/5
f 12965/4/5 12961/4/5 12964/4/5
f 12968/4/5 12967/4/5 12966/4/5
f 12969/4/5 12967/4/5 12968/4/5
f 12972/4/5 12971/4/5 12970/4/5
f 12973/4/5 12971/4/5 12972/4/5
f 12978/4/5 12975/4/5 12974/4/5
f 12979/4/5 12975/4/5 12978/4/5
f 12980/4/5 12977/4/5 12976/4/5
f 12981/4/5 12977/4/5 12980/4/5
f 12986/4/5 12983/4/5 12982/4/5
f 12987/4/5 12983/4/5 12986/4/5
f 12988/4/5 12985/4/5 12984/4/5
f 12989/4/5 12985/4/5 12988/4/5
f 12992/4/5 12991/4/5 12990/4/5
f 12993/4/5 12991/4/5 12992/4/5
f 12996/4/5 12995/4/5 12994/4/5
f 12997/4/5 12995/4/5 12996/4/5
f 13000/4/5 12999/4/5 12998/4/5
f 13001/4/5 12999/4/5 13000/4/5
f 13004/4/5 13003/4/5 13002/4/5
f 13005/4/5 13003/4/5 13004/4/5
f 13008/4/5 13007/4/5 13006/4/5
f 13009/4/5 13007/4/5 13008/4/5
f 13014/4/5 13011/4/5 13010/4/5
f 13015/4/5 13011/4/5 13014/4/5
f 13016/4/5 13013/4/5 13012/4/5
f 13017/4/5 13013/4/5 13016/4/5
f 13020/4/5 13019/4/5 13018/4/5
f 13021/4/5 13019/4/5 13020/4/5
f 13024/4/5 13023/4/5 13022/4/5
f 13025/4/5 13023/4/5 13024/4/5
f 13030/4/5 13027/4/5 13026/4/5
f 13031/4/5 13027/4/5 13030/4/5
f 13032/4/5 13029/4/5 13028/4/5
f 13033/4/5 13029/4/5 13032/4/5
f 13038/4/5 13035/4/5 13034/4/5
f 13039/4/5 13035/4/5 13038/4/5
f 13040/4/5 13037/4/5 13036/4/5
f 13041/4/5 13037/4/5 13040/4/5
f 13046/4/5 13043/4/5 13042/4/5
f 13047/4/5 13043/4/5 13046/4/5
f 13048/4/5 13045/4/5 13044/4/5
f 13049/4/5 13045/4/5 13048/4/5
f 13054/4/5 13051/4/5 13050/4/5
f 13055/4/5 13051/4/5 13054/4/5
f 13056/4/5 13053/4/5 13052/4/5
f 13057/4/5 13053/4/5 13056/4/5
f 13060/4/5 13059/4/5 13058/4/5
f 13061/4/5 13059/4/5 13060/4/5
f 13064/4/5 13063/4/5 13062/4/5
f 13065/4/5 13063/4/5 13064/4/5
f 13070/4/5 13067/4/5 13066/4/5
f 13071/4/5 13067/4/5 13070/4/5
f 13072/4/5 13069/4/5 13068/4/5
f 13073/4/5 13069/4/5 13072/4/5
f 13078/4/5 13075/4/5 13074/4/5
f 13079/4/5 13075/4/5 13078/4/5
f 13080/4/5 13077/4/5 13076/4/5
f 13081/4/5 13077/4/5 13080/4/5
f 13084/4/5 13083/4/5 13082/4/5
f 13085/4/5 13083/4/5 13084/4/5
f 13088/4/5 13087/4/5 13086/4/5
f 13089/4/5 13087/4/5 13088/4/5
f 13092/4/5 13091/4/5 13090/4/5
f 13093/4/5 13091/4/5 13092/4/5
f 13098/4/5 13095/4/5 13094/4/5
f 13099/4/5 13095/4/5 13098/4/5
f 13100/4/5 13097/4/5 13096/4/5
f 13101/4/5 13097/4/5 13100/4/5
f 13106/4/5 13103/4/5 13102/4/5
f 13107/4/5 13103/4/5 13106/4/5
f 13108/4/5 13105/4/5 13104/4/5
f 13109/4/5 13105/4/5 13108/4/5
f 13112/4/5 13111/4/5 13110/4/5
f 13113/4/5 13111/4/5 13112/4/5
f 13118/4/5 13115/4/5 13114/4/5
f 13119/4/5 13115/4/5 13118/4/5
f 13120/4/5 13117/4/5 13116/4/5
f 13121/4/5 13117/4/5 13120/4/5
f 13126/4/5 13123/4/5 13122/4/5
f 13127/4/5 13123/4/5 13126/4/5
f 13128/4/5 13125/4/5 13124/4/5
f 13129/4/5 13125/4/5 13128/4/5
f 13132/4/5 13131/4/5 13130/4/5
f 13133/4/5 13131/4/5 13132/4/5
f 13136/4/5 13135/4/5 13134/4/5
f 13137/4/5 13135/4/5 13136/4/5
f 13140/4/5 13139/4/5 13138/4/5
f 13141/4/5 13139/4/5 13140/4/5
f 13144/4/5 13143/4/5 13142/4/5
f 13145/4/5 13143/4/5 13144/4/5
f 13148/4/5 13147/4/5 13146/4/5
f 13149/4/5 13147/4/5 13148/4/5
f 13154/4/5 13151/4/5 13150/4/5
f 13155/4/5 13151/4/5 13154/4/5
f 13156/4/5 13153/4/5 13152/4/5
f 13157/4/5 13153/4/5 13156/4/5
f 13160/4/5 13159/4/5 13158/4/5
f 13161/4/5 13159/4/5 13160/4/5
f 13164/4/5 13163/4/5 13162/4/5
f 13165/4/5 13163/4/5 13164/4/5
f 13168/4/5 13167/4/5 13166/4/5
f 13169/4/5 13167/4/5 13168/4/5
f 13172/4/5 13171/4/5 13170/4/5
f 13173/4/5 13171/4/5 13172/4/5
f 13178/4/5 13175/4/5 13174/4/5
f 13179/4/5 13175/4/5 13178/4/5
f 13180/4/5 13177/4/5 13176/4/5
f 13181/4/5 13177/4/5 13180/4/5
f 13184/4/5 13183/4/5 13182/4/5
f 13185/4/5 13183/4/5 13184/4/5
f 13190/4/5 13189/4/5 13188/4/5
f 13191/4/5 13189/4/5 13190/4/5
f 13192/4/5 13187/4/5 13186/4/5
f 13193/4/5 13187/4/5 13192/4/5
f 13196/4/5 13195/4/5 13194/4/5
f 13197/4/5 13195/4/5 13196/4/5
f 13202/4/5 13199/4/5 13198/4/5
f 13203/4/5 13199/4/5 13202/4/5
f 13204/4/5 13201/4/5 13200/4/5
f 13205/4/5 13201/4/5 13204/4/5
f 13210/4/5 13207/4/5 13206/4/5
f 13211/4/5 13207/4/5 13210/4/5
f 13212/4/5 13209/4/5 13208/4/5
f 13213/4/5 13209/4/5 13212/4/5
f 13216/4/5 13215/4/5 13214/4/5
f 13217/4/5 13215/4/5 13216/4/5
f 13220/4/5 13219/4/5 13218/4/5
f 13221/4/5 13219/4/5 13220/4/5
f 13226/4/5 13223/4/5 13222/4/5
f 13227/4/5 13223/4/5 13226/4/5
f 13228/4/5 13225/4/5 13224/4/5
f 13229/4/5 13225/4/5 13228/4/5
f 13234/4/5 13231/4/5 13230/4/5
f 13235/4/5 13231/4/5 13234/4/5
f 13236/4/5 13233/4/5 13232/4/5
f 13237/4/5 13233/4/5 13236/4/5
f 13244/4/5 13239/4/5 13238/4/5
f 13245/4/5 13239/4/5 13244/4/5
f 13246/4/5 13241/4/5 13240/4/5
f 13247/4/5 13241/4/5 13246/4/5
f 13248/4/5 13243/4/5 13242/4/5
f 13249/4/5 13243/4/5 13248/4/5
f 13252/4/5 13251/4/5 13250/4/5
f 13253/4/5 13251/4/5 13252/4/5
f 13256/4/5 13255/4/5 13254/4/5
f 13257/4/5 13255/4/5 13256/4/5
f 13260/4/5 13259/4/5 13258/4/5
f 13261/4/5 13259/4/5 13260/4/5
f 13266/4/5 13263/4/5 13262/4/5
f 13267/4/5 13263/4/5 13266/4/5
f 13268/4/5 13265/4/5 13264/4/5
f 13269/4/5 13265/4/5 13268/4/5
f 13274/4/5 13271/4/5 13270/4/5
f 13275/4/5 13271/4/5 13274/4/5
f 13276/4/5 13273/4/5 13272/4/5
f 13277/4/5 13273/4/5 13276/4/5
f 13280/4/5 13279/4/5 13278/4/5
f 13281/4/5 13279/4/5 13280/4/5
f 13284/4/5 13283/4/5 13282/4/5
f 13285/4/5 13283/4/5 13284/4/5
f 13288/4/5 13287/4/5 13286/4/5
f 13289/4/5 13287/4/5 13288/4/5
f 13292/4/5 13291/4/5 13290/4/5
f 13293/4/5 13291/4/5 13292/4/5
f 13298/4/5 13295/4/5 13294/4/5
f 13299/4/5 13295/4/5 13298/4/5
f 13300/4/5 13297/4/5 13296/4/5
f 13301/4/5 13297/4/5 13300/4/5
f 13304/4/5 13303/4/5 13302/4/5
f 13305/4/5 13303/4/5 13304/4/5
f 13308/4/5 13307/4/5 13306/4/5
f 13309/4/5 13307/4/5 13308/4/5
f 13312/4/5 13311/4/5 13310/4/5
f 13313/4/5 13311/4/5 13312/4/5
f 13318/4/5 13315/4/5 13314/4/5
f 13319/4/5 13315/4/5 13318/4/5
f 13320/4/5 13317/4/5 13316/4/5
f 13321/4/5 13317/4/5 13320/4/5
f 13326/4/5 13323/4/5 13322/4/5
f 13327/4/5 13323/4/5 13326/4/5
f 13328/4/5 13325/4/5 13324/4/5
f 13329/4/5 13325/4/5 13328/4/5
f 13332/4/5 13331/4/5 13330/4/5
f 13333/4/5 13331/4/5 13332/4/5
f 13336/4/5 13335/4/5 13334/4/5
f 13337/4/5 13335/4/5 13336/4/5
f 13342/4/5 13339/4/5 13338/4/5
f 13343/4/5 13339/4/5 13342/4/5
f 13344/4/5 13341/4/5 13340/4/5
f 13345/4/5 13341/4/5 13344/4/5
f 13350/4/5 13347/4/5 13346/4/5
f 13351/4/5 13347/4/5 13350/4/5
f 13352/4/5 13349/4/5 13348/4/5
f 13353/4/5 13349/4/5 13352/4/5
f 13358/4/5 13355/4/5 13354/4/5
f 13359/4/5 13355/4/5 13358/4/5
f 13360/4/5 13357/4/5 13356/4/5
f 13361/4/5 13357/4/5 13360/4/5
f 13366/4/5 13363/4/5 13362/4/5
f 13367/4/5 13363/4/5 13366/4/5
f 13368/4/5 13365/4/5 13364/4/5
f 13369/4/5 13365/4/5 13368/4/5
f 13372/4/5 13371/4/5 13370/4/5
f 13373/4/5 13371/4/5 13372/4/5
f 13376/4/5 13375/4/5 13374/4/5
f 13377/4/5 13375/4/5 13376/4/5
f 13382/4/5 13379/4/5 13378/4/5
f 13383/4/5 13379/4/5 13382/4/5
f 13384/4/5 13381/4/5 13380/4/5
f 13385/4/5 13381/4/5 13384/4/5
f 13390/4/5 13387/4/5 13386/4/5
f 13391/4/5 13387/4/5 13390/4/5
f 13392/4/5 13389/4/5 13388/4/5
f 13393/4/5 13389/4/5 13392/4/5
f 13396/4/5 13395/4/5 13394/4/5
f 13397/4/5 13395/4/5 13396/4/5
f 13400/4/5 13399/4/5 13398/4/5
f 13401/4/5 13399/4/5 13400/4/5
f 13404/4/5 13403/4/5 13402/4/5
f 13405/4/5 13403/4/5 13404/4/5
f 13408/4/5 13407/4/5 13406/4/5
f 13409/4/5 13407/4/5 13408/4/5
f 13414/4/5 13411/4/5 13410/4/5
f 13415/4/5 13411/4/5 13414/4/5
f 13416/4/5 13413/4/5 13412/4/5
f 13417/4/5 13413/4/5 13416/4/5
f 13422/4/5 13419/4/5 13418/4/5
f 13423/4/5 13419/4/5 13422/4/5
f 13424/4/5 13421/4/5 13420/4/5
f 13425/4/5 13421/4/5 13424/4/5
f 13428/4/5 13427/4/5 13426/4/5
f 13429/4/5 13427/4/5 13428/4/5
f 13432/4/5 13431/4/5 13430/4/5
f 13433/4/5 13431/4/5 13432/4/5
f 13436/4/5 13435/4/5 13434/4/5
f 13437/4/5 13435/4/5 13436/4/5
f 13440/4/5 13439/4/5 13438/4/5
f 13441/4/5 13439/4/5 13440/4/5
f 13446/4/5 13443/4/5 13442/4/5
f 13447/4/5 13443/4/5 13446/4/5
f 13448/4/5 13445/4/5 13444/4/5
f 13449/4/5 13445/4/5 13448/4/5
f 13452/4/5 13451/4/5 13450/4/5
f 13453/4/5 13451/4/5 13452/4/5
f 13456/4/5 13455/4/5 13454/4/5
f 13457/4/5 13455/4/5 13456/4/5
f 13462/4/5 13459/4/5 13458/4/5
f 13463/4/5 13459/4/5 13462/4/5
f 13464/4/5 13461/4/5 13460/4/5
f 13465/4/5 13461/4/5 13464/4/5
f 13470/4/5 13467/4/5 13466/4/5
f 13471/4/5 13467/4/5 13470/4/5
f 13472/4/5 13469/4/5 13468/4/5
f 13473/4/5 13469/4/5 13472/4/5
f 13478/4/5 13475/4/5 13474/4/5
f 13479/4/5 13475/4/5 13478/4/5
f 13480/4/5 13477/4/5 13476/4/5
f 13481/4/5 13477/4/5 13480/4/5
f 13484/4/5 13483/4/5 13482/4/5
f 13485/4/5 13483/4/5 13484/4/5
f 13488/4/5 13487/4/5 13486/4/5
f 13489/4/5 13487/4/5 13488/4/5
f 13494/4/5 13491/4/5 13490/4/5
f 13495/4/5 13491/4/5 13494/4/5
f 13496/4/5 13493/4/5 13492/4/5
f 13497/4/5 13493/4/5 13496/4/5
f 13502/4/5 13499/4/5 13498/4/5
f 13503/4/5 13499/4/5 13502/4/5
f 13504/4/5 13501/4/5 13500/4/5
f 13505/4/5 13501/4/5 13504/4/5
f 13508/4/5 13507/4/5 13506/4/5
f 13509/4/5 13507/4/5 13508/4/5
f 13512/4/5 13511/4/5 13510/4/5
f 13513/4/5 13511/4/5 13512/4/5
f 13516/4/5 13515/4/5 13514/4/5
f 13517/4/5 13515/4/5 13516/4/5
f 13520/4/5 13519/4/5 13518/4/5
f 13521/4/5 13519/4/5 13520/4/5
f 13526/4/5 13523/4/5 13522/4/5
f 13527/4/5 13523/4/5 13526/4/5
f 13528/4/5 13525/4/5 13524/4/5
f 13529/4/5 13525/4/5 13528/4/5
f 13536/4/5 13531/4/5 13530/4/5
f 13537/4/5 13531/4/5 13536/4/5
f 13538/4/5 13533/4/5 13532/4/5
f 13539/4/5 13533/4/5 13538/4/5
f 13540/4/5 13535/4/5 13534/4/5
f 13541/4/5 13535/4/5 13540/4/5
f 13544/4/5 13543/4/5 13542/4/5
f 13545/4/5 13543/4/5 13544/4/5
f 13548/4/5 13547/4/5 13546/4/5
f 13549/4/5 13547/4/5 13548/4/5
f 13552/4/5 13551/4/5 13550/4/5
f 13553/4/5 13551/4/5 13552/4/5
f 13558/6/5 13555/6/5 13554/6/5
f 13559/6/5 13555/6/5 13558/6/5
f 13560/4/5 13557/4/5 13556/4/5
f 13561/4/5 13557/4/5 13560/4/5
f 13566/4/5 13563/4/5 13562/4/5
f 13567/4/5 13563/4/5 13566/4/5
f 13568/4/5 13565/4/5 13564/4/5
f 13569/4/5 13565/4/5 13568/4/5
f 13572/4/5 13571/4/5 13570/4/5
f 13573/4/5 13571/4/5 13572/4/5
f 13578/4/5 13575/4/5 13574/4/5
f 13579/4/5 13575/4/5 13578/4/5
f 13580/4/5 13577/4/5 13576/4/5
f 13581/4/5 13577/4/5 13580/4/5
f 13584/4/5 13583/4/5 13582/4/5
f 13585/4/5 13583/4/5 13584/4/5
f 13592/4/5 13587/4/5 13586/4/5
f 13593/4/5 13587/4/5 13592/4/5
f 13594/4/5 13589/4/5 13588/4/5
f 13595/4/5 13589/4/5 13594/4/5
f 13596/4/5 13591/4/5 13590/4/5
f 13597/4/5 13591/4/5 13596/4/5
f 13600/4/5 13599/4/5 13598/4/5
f 13601/4/5 13599/4/5 13600/4/5
f 13604/4/5 13603/4/5 13602/4/5
f 13605/4/5 13603/4/5 13604/4/5
f 13610/4/5 13607/4/5 13606/4/5
f 13611/4/5 13607/4/5 13610/4/5
f 13612/4/5 13609/4/5 13608/4/5
f 13613/4/5 13609/4/5 13612/4/5
f 13618/4/5 13615/4/5 13614/4/5
f 13619/4/5 13615/4/5 13618/4/5
f 13620/4/5 13617/4/5 13616/4/5
f 13621/4/5 13617/4/5 13620/4/5
f 13624/4/5 13623/4/5 13622/4/5
f 13625/4/5 13623/4/5 13624/4/5
f 13628/4/5 13627/4/5 13626/4/5
f 13629/4/5 13627/4/5 13628/4/5
f 13632/4/5 13631/4/5 13630/4/5
f 13633/4/5 13631/4/5 13632/4/5
f 13636/4/5 13635/4/5 13634/4/5
f 13637/4/5 13635/4/5 13636/4/5
f 13642/4/5 13639/4/5 13638/4/5
f 13643/4/5 13639/4/5 13642/4/5
f 13644/4/5 13641/4/5 13640/4/5
f 13645/4/5 13641/4/5 13644/4/5
f 13648/4/5 13647/4/5 13646/4/5
f 13649/4/5 13647/4/5 13648/4/5
f 13652/4/5 13651/4/5 13650/4/5
f 13653/4/5 13651/4/5 13652/4/5
f 13656/4/5 13655/4/5 13654/4/5
f 13657/4/5 13655/4/5 13656/4/5
f 13660/4/5 13659/4/5 13658/4/5
f 13661/4/5 13659/4/5 13660/4/5
f 13664/4/5 13663/4/5 13662/4/5
f 13665/4/5 13663/4/5 13664/4/5
f 13670/4/5 13667/4/5 13666/4/5
f 13671/4/5 13667/4/5 13670/4/5
f 13672/4/5 13669/4/5 13668/4/5
f 13673/4/5 13669/4/5 13672/4/5
f 13678/4/5 13675/4/5 13674/4/5
f 13679/4/5 13675/4/5 13678/4/5
f 13680/4/5 13677/4/5 13676/4/5
f 13681/4/5 13677/4/5 13680/4/5
f 13686/4/5 13683/4/5 13682/4/5
f 13687/4/5 13683/4/5 13686/4/5
f 13688/4/5 13685/4/5 13684/4/5
f 13689/4/5 13685/4/5 13688/4/5
f 13694/4/5 13693/4/5 13692/4/5
f 13695/4/5 13693/4/5 13694/4/5
f 13696/4/5 13691/4/5 13690/4/5
f 13697/4/5 13691/4/5 13696/4/5
f 13702/4/5 13699/4/5 13698/4/5
f 13703/4/5 13699/4/5 13702/4/5
f 13704/4/5 13701/4/5 13700/4/5
f 13705/4/5 13701/4/5 13704/4/5
f 13710/4/5 13707/4/5 13706/4/5
f 13711/4/5 13707/4/5 13710/4/5
f 13712/4/5 13709/4/5 13708/4/5
f 13713/4/5 13709/4/5 13712/4/5
f 13716/4/5 13715/4/5 13714/4/5
f 13717/4/5 13715/4/5 13716/4/5
f 13720/4/5 13719/4/5 13718/4/5
f 13721/4/5 13719/4/5 13720/4/5
f 13724/4/5 13723/4/5 13722/4/5
f 13725/4/5 13723/4/5 13724/4/5
f 13728/4/5 13727/4/5 13726/4/5
f 13729/4/5 13727/4/5 13728/4/5
f 13734/4/5 13731/4/5 13730/4/5
f 13735/4/5 13731/4/5 13734/4/5
f 13736/4/5 13733/4/5 13732/4/5
f 13737/4/5 13733/4/5 13736/4/5
f 13742/4/5 13739/4/5 13738/4/5
f 13743/4/5 13739/4/5 13742/4/5
f 13744/4/5 13741/4/5 13740/4/5
f 13745/4/5 13741/4/5 13744/4/5
f 13748/4/5 13747/4/5 13746/4/5
f 13749/4/5 13747/4/5 13748/4/5
f 13752/4/5 13751/4/5 13750/4/5
f 13753/4/5 13751/4/5 13752/4/5
f 13756/4/5 13755/4/5 13754/4/5
f 13757/4/5 13755/4/5 13756/4/5
f 13762/4/5 13759/4/5 13758/4/5
f 13763/4/5 13759/4/5 13762/4/5
f 13764/4/5 13761/4/5 13760/4/5
f 13765/4/5 13761/4/5 13764/4/5
f 13770/4/5 13767/4/5 13766/4/5
f 13771/4/5 13767/4/5 13770/4/5
f 13772/4/5 13769/4/5 13768/4/5
f 13773/4/5 13769/4/5 13772/4/5
f 13776/4/5 13775/4/5 13774/4/5
f 13777/4/5 13775/4/5 13776/4/5
f 13780/4/5 13779/4/5 13778/4/5
f 13781/4/5 13779/4/5 13780/4/5
f 13785/1/5 13783/1/5 13782/1/5
f 13786/4/5 13784/4/5 13783/4/5
f 13786/1/5 13783/1/5 13785/1/5
f 13787/4/5 13784/4/5 13786/4/5
f 13792/4/5 13789/4/5 13788/4/5
f 13793/4/5 13789/4/5 13792/4/5
f 13794/4/5 13791/4/5 13790/4/5
f 13795/4/5 13791/4/5 13794/4/5
f 13799/6/5 13797/6/5 13796/6/5
f 13800/6/5 13797/6/5 13799/6/5
f 13803/6/5 13799/6/5 13798/6/5
f 13803/6/5 13801/6/5 13800/6/5
f 13803/6/5 13800/6/5 13799/6/5
f 13804/6/5 13801/6/5 13803/6/5
f 13806/6/5 13803/6/5 13802/6/5
f 13806/6/5 13805/6/5 13804/6/5
f 13806/6/5 13804/6/5 13803/6/5
f 13807/6/5 13805/6/5 13806/6/5
f 13810/4/5 13809/4/5 13808/4/5
f 13811/4/5 13809/4/5 13810/4/5
f 13815/1/5 13813/1/5 13812/1/5
f 13816/4/5 13814/4/5 13813/4/5
f 13816/1/5 13813/1/5 13815/1/5
f 13817/4/5 13814/4/5 13816/4/5
f 13820/4/5 13819/4/5 13818/4/5
f 13821/4/5 13819/4/5 13820/4/5
f 13825/1/5 13823/1/5 13822/1/5
f 13826/4/5 13824/4/5 13823/4/5
f 13826/1/5 13823/1/5 13825/1/5
f 13827/4/5 13824/4/5 13826/4/5
f 13830/5/5 13829/5/5 13828/5/5
f 13831/5/5 13829/5/5 13830/5/5
f 13832/6/5 13806/6/5 13802/6/5
f 13833/6/5 13805/6/5 13807/6/5
f 13834/6/5 13832/6/5 13802/6/5
f 13834/6/5 13833/6/5 13832/6/5
f 13835/6/5 13833/6/5 13834/6/5
f 13836/6/5 13805/6/5 13833/6/5
f 13836/6/5 13833/6/5 13835/6/5
f 13837/6/5 13805/6/5 13836/6/5
f 13838/6/5 13836/6/5 13835/6/5
f 13839/6/5 13836/6/5 13838/6/5
f 13840/6/5 13836/6/5 13839/6/5
f 13841/6/5 13836/6/5 13840/6/5
f 13842/6/5 13840/6/5 13839/6/5
f 13843/6/5 13840/6/5 13842/6/5
f 13848/4/5 13845/4/5 13844/4/5
f 13849/4/5 13845/4/5 13848/4/5
f 13850/4/5 13847/4/5 13846/4/5
f 13851/4/5 13847/4/5 13850/4/5
f 13855/1/5 13853/1/5 13852/1/5
f 13856/4/5 13854/4/5 13853/4/5
f 13856/1/5 13853/1/5 13855/1/5
f 13857/4/5 13854/4/5 13856/4/5
f 13860/4/5 13859/4/5 13858/4/5
f 13861/4/5 13859/4/5 13860/4/5
f 13867/4/5 13863/4/5 13862/4/5
f 13868/4/5 13863/4/5 13867/4/5
f 13869/1/5 13865/1/5 13864/1/5
f 13870/4/5 13866/4/5 13865/4/5
f 13870/1/5 13865/1/5 13869/1/5
f 13871/4/5 13866/4/5 13870/4/5
f 13874/5/5 13873/5/5 13872/5/5
f 13875/5/5 13873/5/5 13874/5/5
f 13880/4/5 13877/4/5 13876/4/5
f 13881/4/5 13877/4/5 13880/4/5
f 13882/4/5 13879/4/5 13878/4/5
f 13883/4/5 13879/4/5 13882/4/5
f 13889/4/5 13885/4/5 13884/4/5
f 13890/4/5 13885/4/5 13889/4/5
f 13891/1/5 13887/1/5 13886/1/5
f 13892/4/5 13888/4/5 13887/4/5
f 13892/1/5 13887/1/5 13891/1/5
f 13893/4/5 13888/4/5 13892/4/5
f 13897/1/5 13895/1/5 13894/1/5
f 13898/4/5 13896/4/5 13895/4/5
f 13898/1/5 13895/1/5 13897/1/5
f 13899/4/5 13896/4/5 13898/4/5
f 13902/4/5 13901/4/5 13900/4/5
f 13903/4/5 13901/4/5 13902/4/5
f 13908/4/5 13905/4/5 13904/4/5
f 13909/4/5 13905/4/5 13908/4/5
f 13910/4/5 13907/4/5 13906/4/5
f 13911/4/5 13907/4/5 13910/4/5
f 13914/4/5 13913/4/5 13912/4/5
f 13915/4/5 13913/4/5 13914/4/5
f 13919/1/5 13917/1/5 13916/1/5
f 13920/4/5 13918/4/5 13917/4/5
f 13920/1/5 13917/1/5 13919/1/5
f 13921/4/5 13918/4/5 13920/4/5
f 13924/4/5 13923/4/5 13922/4/5
f 13925/4/5 13923/4/5 13924/4/5
f 13932/5/5 13927/5/5 13926/5/5
f 13933/5/5 13927/5/5 13932/5/5
f 13934/5/5 13929/5/5 13928/5/5
f 13935/5/5 13929/5/5 13934/5/5
f 13936/4/5 13931/4/5 13930/4/5
f 13937/4/5 13931/4/5 13936/4/5
f 13942/4/5 13939/4/5 13938/4/5
f 13943/4/5 13939/4/5 13942/4/5
f 13944/4/5 13941/4/5 13940/4/5
f 13945/4/5 13941/4/5 13944/4/5
f 13948/4/5 13947/4/5 13946/4/5
f 13949/4/5 13947/4/5 13948/4/5
f 13952/4/5 13951/4/5 13950/4/5
f 13953/4/5 13951/4/5 13952/4/5
f 13956/4/5 13955/4/5 13954/4/5
f 13957/4/5 13955/4/5 13956/4/5
f 13965/4/5 13959/4/5 13958/4/5
f 13966/5/5 13960/5/5 13959/5/5
f 13966/4/5 13959/4/5 13965/4/5
f 13967/5/5 13960/5/5 13966/5/5
f 13968/5/5 13962/5/5 13961/5/5
f 13969/5/5 13962/5/5 13968/5/5
f 13970/4/5 13964/4/5 13963/4/5
f 13971/4/5 13964/4/5 13970/4/5
f 13978/4/5 13973/4/5 13972/4/5
f 13979/4/5 13973/4/5 13978/4/5
f 13980/4/5 13975/4/5 13974/4/5
f 13981/4/5 13975/4/5 13980/4/5
f 13982/4/5 13977/4/5 13976/4/5
f 13983/4/5 13977/4/5 13982/4/5
f 13986/4/5 13985/4/5 13984/4/5
f 13987/4/5 13985/4/5 13986/4/5
f 13990/4/5 13989/4/5 13988/4/5
f 13991/4/5 13989/4/5 13990/4/5
f 13996/4/5 13993/4/5 13992/4/5
f 13997/4/5 13993/4/5 13996/4/5
f 13998/4/5 13995/4/5 13994/4/5
f 13999/4/5 13995/4/5 13998/4/5
f 14004/4/5 14001/4/5 14000/4/5
f 14005/4/5 14001/4/5 14004/4/5
f 14006/4/5 14003/4/5 14002/4/5
f 14007/4/5 14003/4/5 14006/4/5
f 14010/4/5 14009/4/5 14008/4/5
f 14011/4/5 14009/4/5 14010/4/5
f 14014/4/5 14013/4/5 14012/4/5
f 14015/4/5 14013/4/5 14014/4/5
f 14018/4/5 14017/4/5 14016/4/5
f 14019/4/5 14017/4/5 14018/4/5
f 14022/4/5 14021/4/5 14020/4/5
f 14023/4/5 14021/4/5 14022/4/5
f 14028/4/5 14025/4/5 14024/4/5
f 14029/4/5 14025/4/5 14028/4/5
f 14030/4/5 14027/4/5 14026/4/5
f 14031/4/5 14027/4/5 14030/4/5
f 14034/4/5 14033/4/5 14032/4/5
f 14035/4/5 14033/4/5 14034/4/5
f 14040/4/5 14037/4/5 14036/4/5
f 14041/4/5 14037/4/5 14040/4/5
f 14042/4/5 14039/4/5 14038/4/5
f 14043/4/5 14039/4/5 14042/4/5
f 14048/4/5 14045/4/5 14044/4/5
f 14049/4/5 14045/4/5 14048/4/5
f 14050/4/5 14047/4/5 14046/4/5
f 14051/4/5 14047/4/5 14050/4/5
f 14054/4/5 14053/4/5 14052/4/5
f 14055/4/5 14053/4/5 14054/4/5
f 14058/4/5 14057/4/5 14056/4/5
f 14059/4/5 14057/4/5 14058/4/5
f 14062/4/5 14061/4/5 14060/4/5
f 14063/4/5 14061/4/5 14062/4/5
f 14066/4/5 14065/4/5 14064/4/5
f 14067/4/5 14065/4/5 14066/4/5
f 14070/4/5 14069/4/5 14068/4/5
f 14071/4/5 14069/4/5 14070/4/5
f 14076/4/5 14073/4/5 14072/4/5
f 14077/4/5 14073/4/5 14076/4/5
f 14078/4/5 14075/4/5 14074/4/5
f 14079/4/5 14075/4/5 14078/4/5
f 14082/4/5 14081/4/5 14080/4/5
f 14083/4/5 14081/4/5 14082/4/5
f 14086/4/5 14085/4/5 14084/4/5
f 14087/4/5 14085/4/5 14086/4/5
f 14090/4/5 14089/4/5 14088/4/5
f 14091/4/5 14089/4/5 14090/4/5
f 14094/4/5 14093/4/5 14092/4/5
f 14095/4/5 14093/4/5 14094/4/5
f 14100/4/5 14097/4/5 14096/4/5
f 14101/4/5 14097/4/5 14100/4/5
f 14102/4/5 14099/4/5 14098/4/5
f 14103/4/5 14099/4/5 14102/4/5
f 14108/4/5 14105/4/5 14104/4/5
f 14109/4/5 14105/4/5 14108/4/5
f 14110/4/5 14107/4/5 14106/4/5
f 14111/4/5 14107/4/5 14110/4/5
f 14114/4/5 14113/4/5 14112/4/5
f 14115/4/5 14113/4/5 14114/4/5
f 14118/4/5 14117/4/5 14116/4/5
f 14119/4/5 14117/4/5 14118/4/5
f 14122/4/5 14121/4/5 14120/4/5
f 14123/4/5 14121/4/5 14122/4/5
f 14126/4/5 14125/4/5 14124/4/5
f 14127/4/5 14125/4/5 14126/4/5
f 14132/4/5 14129/4/5 14128/4/5
f 14133/4/5 14129/4/5 14132/4/5
f 14134/4/5 14131/4/5 14130/4/5
f 14135/4/5 14131/4/5 14134/4/5
f 14138/4/5 14137/4/5 14136/4/5
f 14139/4/5 14137/4/5 14138/4/5
f 14142/4/5 14141/4/5 14140/4/5
f 14143/4/5 14141/4/5 14142/4/5
f 14148/4/5 14145/4/5 14144/4/5
f 14149/4/5 14145/4/5 14148/4/5
f 14150/4/5 14147/4/5 14146/4/5
f 14151/4/5 14147/4/5 14150/4/5
f 14154/4/5 14153/4/5 14152/4/5
f 14155/4/5 14153/4/5 14154/4/5
f 14160/4/5 14159/4/5 14158/4/5
f 14161/4/5 14159/4/5 14160/4/5
f 14162/4/5 14157/4/5 14156/4/5
f 14163/4/5 14157/4/5 14162/4/5
f 14168/4/5 14165/4/5 14164/4/5
f 14169/4/5 14165/4/5 14168/4/5
f 14170/4/5 14167/4/5 14166/4/5
f 14171/4/5 14167/4/5 14170/4/5
f 14176/4/5 14173/4/5 14172/4/5
f 14177/4/5 14173/4/5 14176/4/5
f 14178/4/5 14175/4/5 14174/4/5
f 14179/4/5 14175/4/5 14178/4/5
f 14182/4/5 14181/4/5 14180/4/5
f 14183/4/5 14181/4/5 14182/4/5
f 14186/4/5 14185/4/5 14184/4/5
f 14187/4/5 14185/4/5 14186/4/5
f 14190/4/5 14189/4/5 14188/4/5
f 14191/4/5 14189/4/5 14190/4/5
f 14196/4/5 14193/4/5 14192/4/5
f 14197/4/5 14193/4/5 14196/4/5
f 14198/4/5 14195/4/5 14194/4/5
f 14199/4/5 14195/4/5 14198/4/5
f 14204/4/5 14201/4/5 14200/4/5
f 14205/4/5 14201/4/5 14204/4/5
f 14206/4/5 14203/4/5 14202/4/5
f 14207/4/5 14203/4/5 14206/4/5
f 14210/4/5 14209/4/5 14208/4/5
f 14211/4/5 14209/4/5 14210/4/5
f 14214/4/5 14213/4/5 14212/4/5
f 14215/4/5 14213/4/5 14214/4/5
f 14220/4/5 14217/4/5 14216/4/5
f 14221/4/5 14217/4/5 14220/4/5
f 14222/4/5 14219/4/5 14218/4/5
f 14223/4/5 14219/4/5 14222/4/5
f 14228/4/5 14225/4/5 14224/4/5
f 14229/4/5 14225/4/5 14228/4/5
f 14230/4/5 14227/4/5 14226/4/5
f 14231/4/5 14227/4/5 14230/4/5
f 14238/4/5 14233/4/5 14232/4/5
f 14239/4/5 14233/4/5 14238/4/5
f 14240/4/5 14235/4/5 14234/4/5
f 14241/4/5 14235/4/5 14240/4/5
f 14244/4/5 14237/4/5 14236/4/5
f 14245/4/5 14237/4/5 14244/4/5
f 14246/4/5 14243/4/5 14242/4/5
f 14247/4/5 14243/4/5 14246/4/5
f 14252/4/5 14249/4/5 14248/4/5
f 14253/4/5 14249/4/5 14252/4/5
f 14254/4/5 14251/4/5 14250/4/5
f 14255/4/5 14251/4/5 14254/4/5
f 14258/4/5 14257/4/5 14256/4/5
f 14259/4/5 14257/4/5 14258/4/5
f 14262/4/5 14261/4/5 14260/4/5
f 14263/4/5 14261/4/5 14262/4/5
f 14266/4/5 14265/4/5 14264/4/5
f 14267/4/5 14265/4/5 14266/4/5
f 14272/4/5 14269/4/5 14268/4/5
f 14273/4/5 14269/4/5 14272/4/5
f 14274/4/5 14271/4/5 14270/4/5
f 14275/4/5 14271/4/5 14274/4/5
f 14280/4/5 14277/4/5 14276/4/5
f 14281/4/5 14277/4/5 14280/4/5
f 14282/4/5 14279/4/5 14278/4/5
f 14283/4/5 14279/4/5 14282/4/5
f 14286/4/5 14285/4/5 14284/4/5
f 14287/4/5 14285/4/5 14286/4/5
f 14290/4/5 14289/4/5 14288/4/5
f 14291/4/5 14289/4/5 14290/4/5
f 14296/4/5 14293/4/5 14292/4/5
f 14297/4/5 14293/4/5 14296/4/5
f 14298/4/5 14295/4/5 14294/4/5
f 14299/4/5 14295/4/5 14298/4/5
f 14304/4/5 14301/4/5 14300/4/5
f 14305/4/5 14301/4/5 14304/4/5
f 14306/4/5 14303/4/5 14302/4/5
f 14307/4/5 14303/4/5 14306/4/5
f 14312/4/5 14309/4/5 14308/4/5
f 14313/4/5 14309/4/5 14312/4/5
f 14314/4/5 14311/4/5 14310/4/5
f 14315/4/5 14311/4/5 14314/4/5
f 14318/4/5 14317/4/5 14316/4/5
f 14319/4/5 14317/4/5 14318/4/5
f 14324/4/5 14321/4/5 14320/4/5
f 14325/4/5 14321/4/5 14324/4/5
f 14326/4/5 14323/4/5 14322/4/5
f 14327/4/5 14323/4/5 14326/4/5
f 14332/4/5 14329/4/5 14328/4/5
f 14333/4/5 14329/4/5 14332/4/5
f 14334/4/5 14331/4/5 14330/4/5
f 14335/4/5 14331/4/5 14334/4/5
f 14340/4/5 14337/4/5 14336/4/5
f 14341/4/5 14337/4/5 14340/4/5
f 14342/4/5 14339/4/5 14338/4/5
f 14343/4/5 14339/4/5 14342/4/5
f 14346/4/5 14345/4/5 14344/4/5
f 14347/4/5 14345/4/5 14346/4/5
f 14350/4/5 14349/4/5 14348/4/5
f 14351/4/5 14349/4/5 14350/4/5
f 14356/4/5 14353/4/5 14352/4/5
f 14357/4/5 14353/4/5 14356/4/5
f 14358/4/5 14355/4/5 14354/4/5
f 14359/4/5 14355/4/5 14358/4/5
f 14362/4/5 14361/4/5 14360/4/5
f 14363/4/5 14361/4/5 14362/4/5
f 14368/4/5 14365/4/5 14364/4/5
f 14369/4/5 14365/4/5 14368/4/5
f 14370/4/5 14367/4/5 14366/4/5
f 14371/4/5 14367/4/5 14370/4/5
f 14374/4/5 14373/4/5 14372/4/5
f 14375/4/5 14373/4/5 14374/4/5
f 14378/4/5 14377/4/5 14376/4/5
f 14379/4/5 14377/4/5 14378/4/5
f 14384/4/5 14381/4/5 14380/4/5
f 14385/4/5 14381/4/5 14384/4/5
f 14386/4/5 14383/4/5 14382/4/5
f 14387/4/5 14383/4/5 14386/4/5
f 14392/4/5 14389/4/5 14388/4/5
f 14393/4/5 14389/4/5 14392/4/5
f 14394/4/5 14391/4/5 14390/4/5
f 14395/4/5 14391/4/5 14394/4/5
f 14400/4/5 14397/4/5 14396/4/5
f 14401/4/5 14397/4/5 14400/4/5
f 14402/4/5 14399/4/5 14398/4/5
f 14403/4/5 14399/4/5 14402/4/5
f 14406/4/5 14405/4/5 14404/4/5
f 14407/4/5 14405/4/5 14406/4/5
f 14410/4/5 14409/4/5 14408/4/5
f 14411/4/5 14409/4/5 14410/4/5
f 14416/4/5 14413/4/5 14412/4/5
f 14417/4/5 14413/4/5 14416/4/5
f 14418/4/5 14415/4/5 14414/4/5
f 14419/4/5 14415/4/5 14418/4/5
f 14422/4/5 14421/4/5 14420/4/5
f 14423/4/5 14421/4/5 14422/4/5
f 14428/4/5 14425/4/5 14424/4/5
f 14429/4/5 14425/4/5 14428/4/5
f 14430/4/5 14427/4/5 14426/4/5
f 14431/4/5 14427/4/5 14430/4/5
f 14436/4/5 14433/4/5 14432/4/5
f 14437/4/5 14433/4/5 14436/4/5
f 14438/4/5 14435/4/5 14434/4/5
f 14439/4/5 14435/4/5 14438/4/5
f 14444/4/5 14441/4/5 14440/4/5
f 14445/4/5 14441/4/5 14444/4/5
f 14446/4/5 14443/4/5 14442/4/5
f 14447/4/5 14443/4/5 14446/4/5
f 14450/4/5 14449/4/5 14448/4/5
f 14451/4/5 14449/4/5 14450/4/5
f 14454/4/5 14453/4/5 14452/4/5
f 14455/4/5 14453/4/5 14454/4/5
f 14460/4/5 14457/4/5 14456/4/5
f 14461/4/5 14457/4/5 14460/4/5
f 14462/4/5 14459/4/5 14458/4/5
f 14463/4/5 14459/4/5 14462/4/5
f 14468/4/5 14465/4/5 14464/4/5
f 14469/4/5 14465/4/5 14468/4/5
f 14470/4/5 14467/4/5 14466/4/5
f 14471/4/5 14467/4/5 14470/4/5
f 14476/4/5 14473/4/5 14472/4/5
f 14477/4/5 14473/4/5 14476/4/5
f 14478/4/5 14475/4/5 14474/4/5
f 14479/4/5 14475/4/5 14478/4/5
f 14482/4/5 14481/4/5 14480/4/5
f 14483/4/5 14481/4/5 14482/4/5
f 14486/4/5 14485/4/5 14484/4/5
f 14487/4/5 14485/4/5 14486/4/5
f 14492/4/5 14489/4/5 14488/4/5
f 14493/4/5 14489/4/5 14492/4/5
f 14494/4/5 14491/4/5 14490/4/5
f 14495/4/5 14491/4/5 14494/4/5
f 14500/4/5 14497/4/5 14496/4/5
f 14501/4/5 14497/4/5 14500/4/5
f 14502/4/5 14499/4/5 14498/4/5
f 14503/4/5 14499/4/5 14502/4/5
f 14508/4/5 14505/4/5 14504/4/5
f 14509/4/5 14505/4/5 14508/4/5
f 14510/4/5 14507/4/5 14506/4/5
f 14511/4/5 14507/4/5 14510/4/5
f 14514/4/5 14513/4/5 14512/4/5
f 14515/4/5 14513/4/5 14514/4/5
f 14520/4/5 14517/4/5 14516/4/5
f 14521/4/5 14517/4/5 14520/4/5
f 14522/4/5 14519/4/5 14518/4/5
f 14523/4/5 14519/4/5 14522/4/5
f 14528/4/5 14525/4/5 14524/4/5
f 14529/4/5 14525/4/5 14528/4/5
f 14530/4/5 14527/4/5 14526/4/5
f 14531/4/5 14527/4/5 14530/4/5
f 14536/4/5 14533/4/5 14532/4/5
f 14537/4/5 14533/4/5 14536/4/5
f 14538/4/5 14535/4/5 14534/4/5
f 14539/4/5 14535/4/5 14538/4/5
f 14544/4/5 14541/4/5 14540/4/5
f 14545/4/5 14541/4/5 14544/4/5
f 14546/4/5 14543/4/5 14542/4/5
f 14547/4/5 14543/4/5 14546/4/5
f 14552/4/5 14549/4/5 14548/4/5
f 14553/4/5 14549/4/5 14552/4/5
f 14554/4/5 14551/4/5 14550/4/5
f 14555/4/5 14551/4/5 14554/4/5
f 14560/4/5 14557/4/5 14556/4/5
f 14561/4/5 14557/4/5 14560/4/5
f 14562/4/5 14559/4/5 14558/4/5
f 14563/4/5 14559/4/5 14562/4/5
f 14568/4/5 14565/4/5 14564/4/5
f 14569/4/5 14565/4/5 14568/4/5
f 14570/4/5 14567/4/5 14566/4/5
f 14571/4/5 14567/4/5 14570/4/5
f 14574/4/5 14573/4/5 14572/4/5
f 14575/4/5 14573/4/5 14574/4/5
f 14580/4/5 14577/4/5 14576/4/5
f 14581/4/5 14577/4/5 14580/4/5
f 14582/4/5 14579/4/5 14578/4/5
f 14583/4/5 14579/4/5 14582/4/5
f 14588/4/5 14585/4/5 14584/4/5
f 14589/4/5 14585/4/5 14588/4/5
f 14590/4/5 14587/4/5 14586/4/5
f 14591/4/5 14587/4/5 14590/4/5
f 14596/4/5 14593/4/5 14592/4/5
f 14597/4/5 14593/4/5 14596/4/5
f 14598/4/5 14595/4/5 14594/4/5
f 14599/4/5 14595/4/5 14598/4/5
f 14604/4/5 14601/4/5 14600/4/5
f 14605/4/5 14601/4/5 14604/4/5
f 14606/4/5 14603/4/5 14602/4/5
f 14607/4/5 14603/4/5 14606/4/5
f 14612/4/5 14611/4/5 14610/4/5
f 14613/4/5 14611/4/5 14612/4/5
f 14614/4/5 14609/4/5 14608/4/5
f 14615/4/5 14609/4/5 14614/4/5
f 14620/4/5 14617/4/5 14616/4/5
f 14621/4/5 14617/4/5 14620/4/5
f 14622/4/5 14619/4/5 14618/4/5
f 14623/4/5 14619/4/5 14622/4/5
f 14626/4/5 14625/4/5 14624/4/5
f 14627/4/5 14625/4/5 14626/4/5
f 14632/4/5 14629/4/5 14628/4/5
f 14633/4/5 14629/4/5 14632/4/5
f 14634/4/5 14631/4/5 14630/4/5
f 14635/4/5 14631/4/5 14634/4/5
f 14640/4/5 14639/4/5 14638/4/5
f 14641/4/5 14639/4/5 14640/4/5
f 14642/4/5 14637/4/5 14636/4/5
f 14643/4/5 14637/4/5 14642/4/5
f 14646/4/5 14645/4/5 14644/4/5
f 14647/4/5 14645/4/5 14646/4/5
f 14652/4/5 14649/4/5 14648/4/5
f 14653/4/5 14649/4/5 14652/4/5
f 14654/4/5 14651/4/5 14650/4/5
f 14655/4/5 14651/4/5 14654/4/5
f 14660/4/5 14657/4/5 14656/4/5
f 14661/4/5 14657/4/5 14660/4/5
f 14662/4/5 14659/4/5 14658/4/5
f 14663/4/5 14659/4/5 14662/4/5
f 14668/4/5 14665/4/5 14664/4/5
f 14669/4/5 14665/4/5 14668/4/5
f 14670/4/5 14667/4/5 14666/4/5
f 14671/4/5 14667/4/5 14670/4/5
f 14676/4/5 14673/4/5 14672/4/5
f 14677/4/5 14673/4/5 14676/4/5
f 14678/4/5 14675/4/5 14674/4/5
f 14679/4/5 14675/4/5 14678/4/5
f 14684/4/5 14681/4/5 14680/4/5
f 14685/4/5 14681/4/5 14684/4/5
f 14686/4/5 14683/4/5 14682/4/5
f 14687/4/5 14683/4/5 14686/4/5
f 14692/4/5 14689/4/5 14688/4/5
f 14693/4/5 14689/4/5 14692/4/5
f 14694/4/5 14691/4/5 14690/4/5
f 14695/4/5 14691/4/5 14694/4/5
f 14700/4/5 14697/4/5 14696/4/5
f 14701/4/5 14697/4/5 14700/4/5
f 14702/4/5 14699/4/5 14698/4/5
f 14703/4/5 14699/4/5 14702/4/5
f 14708/4/5 14705/4/5 14704/4/5
f 14709/4/5 14705/4/5 14708/4/5
f 14710/4/5 14707/4/5 14706/4/5
f 14711/4/5 14707/4/5 14710/4/5
f 14714/4/5 14713/4/5 14712/4/5
f 14715/4/5 14713/4/5 14714/4/5
f 14718/4/5 14717/4/5 14716/4/5
f 14719/4/5 14717/4/5 14718/4/5
f 14724/4/5 14721/4/5 14720/4/5
f 14725/4/5 14721/4/5 14724/4/5
f 14726/4/5 14723/4/5 14722/4/5
f 14727/4/5 14723/4/5 14726/4/5
f 14730/4/5 14729/4/5 14728/4/5
f 14731/4/5 14729/4/5 14730/4/5
f 14736/4/5 14733/4/5 14732/4/5
f 14737/4/5 14733/4/5 14736/4/5
f 14738/4/5 14735/4/5 14734/4/5
f 14739/4/5 14735/4/5 14738/4/5
f 14744/4/5 14741/4/5 14740/4/5
f 14745/4/5 14741/4/5 14744/4/5
f 14746/4/5 14743/4/5 14742/4/5
f 14747/4/5 14743/4/5 14746/4/5
f 14752/4/5 14749/4/5 14748/4/5
f 14753/4/5 14749/4/5 14752/4/5
f 14754/4/5 14751/4/5 14750/4/5
f 14755/4/5 14751/4/5 14754/4/5
f 14760/4/5 14757/4/5 14756/4/5
f 14761/4/5 14757/4/5 14760/4/5
f 14762/4/5 14759/4/5 14758/4/5
f 14763/4/5 14759/4/5 14762/4/5
f 14768/4/5 14765/4/5 14764/4/5
f 14769/4/5 14765/4/5 14768/4/5
f 14770/4/5 14767/4/5 14766/4/5
f 14771/4/5 14767/4/5 14770/4/5
f 14776/4/5 14773/4/5 14772/4/5
f 14777/4/5 14773/4/5 14776/4/5
f 14778/4/5 14775/4/5 14774/4/5
f 14779/4/5 14775/4/5 14778/4/5
f 14784/4/5 14781/4/5 14780/4/5
f 14785/4/5 14781/4/5 14784/4/5
f 14786/4/5 14783/4/5 14782/4/5
f 14787/4/5 14783/4/5 14786/4/5
f 14792/4/5 14789/4/5 14788/4/5
f 14793/4/5 14789/4/5 14792/4/5
f 14794/4/5 14791/4/5 14790/4/5
f 14795/4/5 14791/4/5 14794/4/5
f 14800/4/5 14797/4/5 14796/4/5
f 14801/4/5 14797/4/5 14800/4/5
f 14802/4/5 14799/4/5 14798/4/5
f 14803/4/5 14799/4/5 14802/4/5
f 14808/4/5 14805/4/5 14804/4/5
f 14809/4/5 14805/4/5 14808/4/5
f 14810/4/5 14807/4/5 14806/4/5
f 14811/4/5 14807/4/5 14810/4/5
f 14816/4/5 14813/4/5 14812/4/5
f 14817/4/5 14813/4/5 14816/4/5
f 14818/4/5 14815/4/5 14814/4/5
f 14819/4/5 14815/4/5 14818/4/5
f 14823/2/5 14821/2/5 14820/2/5
f 14824/2/5 14821/2/5 14823/2/5
f 14827/2/5 14823/2/5 14822/2/5
f 14827/2/5 14825/2/5 14824/2/5
f 14827/2/5 14824/2/5 14823/2/5
f 14828/2/5 14825/2/5 14827/2/5
f 14829/2/5 14825/2/5 14828/2/5
f 14830/2/5 14825/2/5 14829/2/5
f 14835/4/5 14827/4/5 14826/4/5
f 14835/4/5 14828/4/5 14827/4/5
f 14836/4/5 14828/4/5 14835/4/5
f 14837/2/5 14830/2/5 14829/2/5
f 14838/2/5 14830/2/5 14837/2/5
f 14839/4/5 14832/4/5 14831/4/5
f 14840/4/5 14832/4/5 14839/4/5
f 14841/4/5 14834/4/5 14833/4/5
f 14842/4/5 14834/4/5 14841/4/5
f 14847/2/5 14844/2/5 14843/2/5
f 14847/2/5 14845/2/5 14844/2/5
f 14850/2/5 14849/2/5 14848/2/5
f 14851/2/5 14849/2/5 14850/2/5
f 14852/2/5 14847/2/5 14846/2/5
f 14853/2/5 14845/2/5 14847/2/5
f 14853/2/5 14847/2/5 14852/2/5
f 14854/2/5 14845/2/5 14853/2/5
f 14855/2/5 14845/2/5 14854/2/5
f 14856/2/5 14854/2/5 14853/2/5
f 14856/4/5 14855/4/5 14854/4/5
f 14857/4/5 14855/4/5 14856/4/5
f 14860/2/5 14856/2/5 14853/2/5
f 14861/2/5 14856/2/5 14860/2/5
f 14862/4/5 14859/4/5 14858/4/5
f 14863/4/5 14859/4/5 14862/4/5
f 14871/4/5 14865/4/5 14864/4/5
f 14872/2/5 14866/2/5 14865/2/5
f 14872/4/5 14865/4/5 14871/4/5
f 14873/4/5 14867/4/5 14866/4/5
f 14873/2/5 14866/2/5 14872/2/5
f 14874/4/5 14867/4/5 14873/4/5
f 14875/2/5 14869/2/5 14868/2/5
f 14876/2/5 14874/2/5 14873/2/5
f 14876/2/5 14875/2/5 14874/2/5
f 14876/2/5 14871/2/5 14870/2/5
f 14876/2/5 14872/2/5 14871/2/5
f 14876/2/5 14873/2/5 14872/2/5
f 14877/2/5 14875/2/5 14876/2/5
f 14878/2/5 14875/2/5 14877/2/5
f 14879/2/5 14869/2/5 14875/2/5
f 14879/2/5 14875/2/5 14878/2/5
f 14880/2/5 14878/2/5 14877/2/5
f 14881/2/5 14878/2/5 14880/2/5
f 14882/2/5 14878/2/5 14881/2/5
f 14883/2/5 14878/2/5 14882/2/5
f 14884/2/5 14882/2/5 14881/2/5
f 14885/2/5 14882/2/5 14884/2/5
f 14886/2/5 14882/2/5 14885/2/5
f 14887/2/5 14882/2/5 14886/2/5
f 14888/2/5 14886/2/5 14885/2/5
f 14889/2/5 14886/2/5 14888/2/5
f 14893/2/5 14891/2/5 14890/2/5
f 14894/2/5 14891/2/5 14893/2/5
f 14897/2/5 14893/2/5 14892/2/5
f 14897/2/5 14895/2/5 14894/2/5
f 14897/2/5 14894/2/5 14893/2/5
f 14898/2/5 14895/2/5 14897/2/5
f 14901/2/5 14897/2/5 14896/2/5
f 14901/2/5 14899/2/5 14898/2/5
f 14901/2/5 14898/2/5 14897/2/5
f 14902/2/5 14899/2/5 14901/2/5
f 14905/2/5 14901/2/5 14900/2/5
f 14905/2/5 14903/2/5 14902/2/5
f 14905/2/5 14902/2/5 14901/2/5
f 14906/2/5 14903/2/5 14905/2/5
f 14909/2/5 14905/2/5 14904/2/5
f 14909/2/5 14907/2/5 14906/2/5
f 14909/2/5 14906/2/5 14905/2/5
f 14910/2/5 14907/2/5 14909/2/5
f 14913/2/5 14909/2/5 14908/2/5
f 14913/2/5 14911/2/5 14910/2/5
f 14913/2/5 14910/2/5 14909/2/5
f 14914/2/5 14911/2/5 14913/2/5
f 14917/2/5 14913/2/5 14912/2/5
f 14917/2/5 14915/2/5 14914/2/5
f 14917/2/5 14914/2/5 14913/2/5
f 14918/2/5 14915/2/5 14917/2/5
f 14919/2/5 14915/2/5 14918/2/5
f 14920/2/5 14915/2/5 14919/2/5
f 14922/2/5 14917/2/5 14916/2/5
f 14922/2/5 14918/2/5 14917/2/5
f 14923/2/5 14918/2/5 14922/2/5
f 14924/2/5 14921/2/5 14920/2/5
f 14924/2/5 14920/2/5 14919/2/5
f 14925/2/5 14921/2/5 14924/2/5
f 14927/2/5 14922/2/5 14916/2/5
f 14928/2/5 14922/2/5 14927/2/5
f 14929/2/5 14922/2/5 14928/2/5
f 14930/2/5 14922/2/5 14929/2/5
f 14931/2/5 14922/2/5 14930/2/5
f 14932/2/5 14921/2/5 14925/2/5
f 14933/2/5 14921/2/5 14932/2/5
f 14934/2/5 14921/2/5 14933/2/5
f 14935/2/5 14921/2/5 14934/2/5
f 14936/2/5 14921/2/5 14935/2/5
f 14939/2/5 14927/2/5 14926/2/5
f 14939/2/5 14928/2/5 14927/2/5
f 14940/4/5 14930/4/5 14929/4/5
f 14941/4/5 14930/4/5 14940/4/5
f 14942/2/5 14934/2/5 14933/2/5
f 14943/2/5 14934/2/5 14942/2/5
f 14945/2/5 14937/2/5 14936/2/5
f 14945/2/5 14936/2/5 14935/2/5
f 14946/2/5 14937/2/5 14945/2/5
f 14948/2/5 14939/2/5 14938/2/5
f 14948/2/5 14928/2/5 14939/2/5
f 14950/2/5 14948/2/5 14938/2/5
f 14950/4/5 14949/4/5 14948/4/5
f 14951/4/5 14949/4/5 14950/4/5
f 14952/4/5 14945/4/5 14944/4/5
f 14953/2/5 14947/2/5 14946/2/5
f 14953/4/5 14945/4/5 14952/4/5
f 14953/2/5 14946/2/5 14945/2/5
f 14955/2/5 14950/2/5 14938/2/5
f 14956/2/5 14950/2/5 14955/2/5
f 14957/2/5 14950/2/5 14956/2/5
f 14958/2/5 14953/2/5 14952/2/5
f 14958/2/5 14947/2/5 14953/2/5
f 14960/2/5 14956/2/5 14955/2/5
f 14960/2/5 14955/2/5 14954/2/5
f 14961/2/5 14956/2/5 14960/2/5
f 14962/2/5 14959/2/5 14958/2/5
f 14962/2/5 14958/2/5 14952/2/5
f 14963/2/5 14959/2/5 14962/2/5
f 14964/2/5 14960/2/5 14954/2/5
f 14967/2/5 14959/2/5 14963/2/5
f 14968/2/5 14967/2/5 14966/2/5
f 14969/2/5 14959/2/5 14967/2/5
f 14969/2/5 14967/2/5 14968/2/5
f 14970/2/5 14965/2/5 14964/2/5
f 14970/2/5 14964/2/5 14954/2/5
f 14971/2/5 14965/2/5 14970/2/5
f 14972/2/5 14965/2/5 14971/2/5
f 14974/2/5 14959/2/5 14969/2/5
f 14975/2/5 14959/2/5 14974/2/5
f 14976/2/5 14973/2/5 14972/2/5
f 14976/2/5 14972/2/5 14971/2/5
f 14981/2/5 14974/2/5 14969/2/5
f 14982/2/5 14977/2/5 14976/2/5
f 14983/2/5 14979/2/5 14978/2/5
f 14984/2/5 14981/2/5 14980/2/5
f 14985/2/5 14982/2/5 14976/2/5
f 14985/2/5 14976/2/5 14971/2/5
f 14986/2/5 14982/2/5 14985/2/5
f 14987/2/5 14982/2/5 14986/2/5
f 14990/2/5 14984/2/5 14983/2/5
f 14990/2/5 14983/2/5 14978/2/5
f 14991/2/5 14981/2/5 14984/2/5
f 14991/2/5 14974/2/5 14981/2/5
f 14991/2/5 14984/2/5 14990/2/5
f 14992/2/5 14974/2/5 14991/2/5
f 14993/2/5 14988/2/5 14987/2/5
f 14993/2/5 14987/2/5 14986/2/5
f 14994/2/5 14988/2/5 14993/2/5
f 14995/2/5 14988/2/5 14994/2/5
f 14998/2/5 14990/2/5 14989/2/5
f 14998/2/5 14991/2/5 14990/2/5
f 14999/2/5 14991/2/5 14998/2/5
f 15000/2/5 14991/2/5 14999/2/5
f 15001/2/5 14996/2/5 14995/2/5
f 15001/2/5 14995/2/5 14994/2/5
f 15004/2/5 14999/2/5 14998/2/5
f 15004/2/5 14998/2/5 14997/2/5
f 15005/2/5 15002/2/5 15001/2/5
f 15005/2/5 15001/2/5 14994/2/5
f 15006/2/5 15002/2/5 15005/2/5
f 15007/2/5 15002/2/5 15006/2/5
f 15008/2/5 15004/2/5 15003/2/5
f 15009/2/5 14999/2/5 15004/2/5
f 15009/2/5 15004/2/5 15008/2/5
f 15010/2/5 14999/2/5 15009/2/5
f 15011/2/5 15007/2/5 15006/2/5
f 15011/2/5 15008/2/5 15007/2/5
f 15011/2/5 15009/2/5 15008/2/5
f 15012/2/5 15009/2/5 15011/2/5
f 15013/2/5 15009/2/5 15012/2/5
f 15014/2/5 15009/2/5 15013/2/5
f 15015/2/5 15013/2/5 15012/2/5
f 15016/2/5 15013/2/5 15015/2/5
f 15017/2/5 15013/2/5 15016/2/5
f 15018/2/5 15013/2/5 15017/2/5
f 15019/2/5 15017/2/5 15016/2/5
f 15020/2/5 15017/2/5 15019/2/5
f 15021/2/5 15017/2/5 15020/2/5
f 15022/2/5 15017/2/5 15021/2/5
f 15023/2/5 15021/2/5 15020/2/5
f 15024/2/5 15021/2/5 15023/2/5
f 15025/2/5 15021/2/5 15024/2/5
f 15026/2/5 15021/2/5 15025/2/5
f 15027/2/5 15025/2/5 15024/2/5
f 15028/2/5 15025/2/5 15027/2/5
f 15029/2/5 15025/2/5 15028/2/5
f 15030/2/5 15025/2/5 15029/2/5
f 15031/2/5 15029/2/5 15028/2/5
f 15032/2/5 15029/2/5 15031/2/5
f 15033/2/5 15029/2/5 15032/2/5
f 15034/2/5 15029/2/5 15033/2/5
f 15035/2/5 15033/2/5 15032/2/5
f 15036/2/5 15033/2/5 15035/2/5
f 15040/2/5 15038/2/5 15037/2/5
f 15041/2/5 15038/2/5 15040/2/5
f 15044/2/5 15040/2/5 15039/2/5
f 15044/2/5 15042/2/5 15041/2/5
f 15044/2/5 15041/2/5 15040/2/5
f 15045/2/5 15042/2/5 15044/2/5
f 15048/2/5 15044/2/5 15043/2/5
f 15048/2/5 15046/2/5 15045/2/5
f 15048/2/5 15045/2/5 15044/2/5
f 15049/2/5 15046/2/5 15048/2/5
f 15052/2/5 15048/2/5 15047/2/5
f 15052/2/5 15050/2/5 15049/2/5
f 15052/2/5 15049/2/5 15048/2/5
f 15053/2/5 15050/2/5 15052/2/5
f 15054/2/5 15050/2/5 15053/2/5
f 15055/2/5 15050/2/5 15054/2/5
f 15058/2/5 15052/2/5 15051/2/5
f 15058/2/5 15053/2/5 15052/2/5
f 15059/2/5 15053/2/5 15058/2/5
f 15060/2/5 15053/2/5 15059/2/5
f 15061/2/5 15055/2/5 15054/2/5
f 15061/2/5 15056/2/5 15055/2/5
f 15062/2/5 15056/2/5 15061/2/5
f 15063/2/5 15056/2/5 15062/2/5
f 15066/2/5 15059/2/5 15058/2/5
f 15066/2/5 15058/2/5 15057/2/5
f 15067/2/5 15059/2/5 15066/2/5
f 15068/2/5 15059/2/5 15067/2/5
f 15069/2/5 15064/2/5 15063/2/5
f 15069/2/5 15063/2/5 15062/2/5
f 15070/2/5 15064/2/5 15069/2/5
f 15071/2/5 15064/2/5 15070/2/5
f 15074/2/5 15067/2/5 15066/2/5
f 15074/2/5 15066/2/5 15065/2/5
f 15075/2/5 15067/2/5 15074/2/5
f 15076/2/5 15067/2/5 15075/2/5
f 15077/2/5 15072/2/5 15071/2/5
f 15077/2/5 15071/2/5 15070/2/5
f 15078/2/5 15072/2/5 15077/2/5
f 15079/2/5 15072/2/5 15078/2/5
f 15082/2/5 15075/2/5 15074/2/5
f 15082/2/5 15074/2/5 15073/2/5
f 15083/2/5 15075/2/5 15082/2/5
f 15084/2/5 15075/2/5 15083/2/5
f 15085/2/5 15080/2/5 15079/2/5
f 15085/2/5 15079/2/5 15078/2/5
f 15086/2/5 15080/2/5 15085/2/5
f 15087/2/5 15080/2/5 15086/2/5
f 15090/2/5 15083/2/5 15082/2/5
f 15090/2/5 15082/2/5 15081/2/5
f 15091/2/5 15083/2/5 15090/2/5
f 15092/2/5 15083/2/5 15091/2/5
f 15093/2/5 15088/2/5 15087/2/5
f 15093/2/5 15087/2/5 15086/2/5
f 15094/2/5 15088/2/5 15093/2/5
f 15095/2/5 15088/2/5 15094/2/5
f 15098/2/5 15091/2/5 15090/2/5
f 15098/2/5 15090/2/5 15089/2/5
f 15099/2/5 15091/2/5 15098/2/5
f 15100/2/5 15091/2/5 15099/2/5
f 15101/2/5 15096/2/5 15095/2/5
f 15101/2/5 15095/2/5 15094/2/5
f 15102/2/5 15096/2/5 15101/2/5
f 15103/2/5 15096/2/5 15102/2/5
f 15105/2/5 15099/2/5 15098/2/5
f 15105/2/5 15098/2/5 15097/2/5
f 15106/2/5 15099/2/5 15105/2/5
f 15107/2/5 15104/2/5 15103/2/5
f 15107/2/5 15103/2/5 15102/2/5
f 15108/2/5 15104/2/5 15107/2/5
f 15110/2/5 15105/2/5 15097/2/5
f 15111/2/5 15104/2/5 15108/2/5
f 15113/2/5 15110/2/5 15109/2/5
f 15113/2/5 15105/2/5 15110/2/5
f 15114/2/5 15105/2/5 15113/2/5
f 15115/2/5 15112/2/5 15111/2/5
f 15115/2/5 15111/2/5 15108/2/5
f 15116/2/5 15112/2/5 15115/2/5
f 15118/2/5 15113/2/5 15109/2/5
f 15119/2/5 15113/2/5 15118/2/5
f 15120/2/5 15113/2/5 15119/2/5
f 15121/2/5 15112/2/5 15116/2/5
f 15122/2/5 15112/2/5 15121/2/5
f 15123/2/5 15112/2/5 15122/2/5
f 15126/2/5 15118/2/5 15117/2/5
f 15126/2/5 15119/2/5 15118/2/5
f 15127/2/5 15124/2/5 15123/2/5
f 15127/2/5 15123/2/5 15122/2/5
f 15129/2/5 15126/2/5 15125/2/5
f 15129/2/5 15119/2/5 15126/2/5
f 15130/2/5 15119/2/5 15129/2/5
f 15131/2/5 15128/2/5 15127/2/5
f 15131/2/5 15127/2/5 15122/2/5
f 15132/2/5 15128/2/5 15131/2/5
f 15133/2/5 15129/2/5 15125/2/5
f 15136/2/5 15128/2/5 15132/2/5
f 15137/2/5 15134/2/5 15133/2/5
f 15137/2/5 15133/2/5 15125/2/5
f 15138/2/5 15134/2/5 15137/2/5
f 15139/2/5 15136/2/5 15135/2/5
f 15139/2/5 15128/2/5 15136/2/5
f 15140/2/5 15128/2/5 15139/2/5
f 15141/2/5 15134/2/5 15138/2/5
f 15142/2/5 15134/2/5 15141/2/5
f 15143/2/5 15134/2/5 15142/2/5
f 15146/2/5 15139/2/5 15135/2/5
f 15147/2/5 15139/2/5 15146/2/5
f 15148/2/5 15139/2/5 15147/2/5
f 15149/2/5 15144/2/5 15143/2/5
f 15149/2/5 15143/2/5 15142/2/5
f 15152/2/5 15147/2/5 15146/2/5
f 15152/2/5 15146/2/5 15145/2/5
f 15153/2/5 15150/2/5 15149/2/5
f 15153/2/5 15149/2/5 15142/2/5
f 15154/2/5 15150/2/5 15153/2/5
f 15155/2/5 15152/2/5 15151/2/5
f 15155/2/5 15147/2/5 15152/2/5
f 15156/2/5 15147/2/5 15155/2/5
f 15157/2/5 15150/2/5 15154/2/5
f 15160/2/5 15155/2/5 15151/2/5
f 15161/2/5 15158/2/5 15157/2/5
f 15161/2/5 15157/2/5 15154/2/5
f 15162/2/5 15158/2/5 15161/2/5
f 15163/2/5 15158/2/5 15162/2/5
f 15166/2/5 15160/2/5 15159/2/5
f 15167/2/5 15155/2/5 15160/2/5
f 15167/2/5 15160/2/5 15166/2/5
f 15168/2/5 15155/2/5 15167/2/5
f 15169/2/5 15164/2/5 15163/2/5
f 15169/2/5 15163/2/5 15162/2/5
f 15170/2/5 15164/2/5 15169/2/5
f 15171/2/5 15164/2/5 15170/2/5
f 15174/2/5 15166/2/5 15165/2/5
f 15174/2/5 15167/2/5 15166/2/5
f 15175/2/5 15167/2/5 15174/2/5
f 15176/2/5 15167/2/5 15175/2/5
f 15177/2/5 15172/2/5 15171/2/5
f 15177/2/5 15171/2/5 15170/2/5
f 15178/2/5 15172/2/5 15177/2/5
f 15179/2/5 15172/2/5 15178/2/5
f 15182/2/5 15175/2/5 15174/2/5
f 15182/2/5 15174/2/5 15173/2/5
f 15183/2/5 15175/2/5 15182/2/5
f 15184/2/5 15175/2/5 15183/2/5
f 15185/2/5 15180/2/5 15179/2/5
f 15185/2/5 15179/2/5 15178/2/5
f 15186/2/5 15180/2/5 15185/2/5
f 15187/2/5 15180/2/5 15186/2/5
f 15190/2/5 15183/2/5 15182/2/5
f 15190/2/5 15182/2/5 15181/2/5
f 15191/2/5 15183/2/5 15190/2/5
f 15192/2/5 15183/2/5 15191/2/5
f 15193/2/5 15188/2/5 15187/2/5
f 15193/2/5 15187/2/5 15186/2/5
f 15194/2/5 15188/2/5 15193/2/5
f 15195/2/5 15188/2/5 15194/2/5
f 15198/2/5 15191/2/5 15190/2/5
f 15198/2/5 15190/2/5 15189/2/5
f 15199/2/5 15191/2/5 15198/2/5
f 15200/2/5 15191/2/5 15199/2/5
f 15201/2/5 15196/2/5 15195/2/5
f 15201/2/5 15195/2/5 15194/2/5
f 15202/2/5 15196/2/5 15201/2/5
f 15203/2/5 15196/2/5 15202/2/5
f 15206/2/5 15199/2/5 15198/2/5
f 15206/2/5 15198/2/5 15197/2/5
f 15207/2/5 15199/2/5 15206/2/5
f 15208/2/5 15199/2/5 15207/2/5
f 15209/2/5 15204/2/5 15203/2/5
f 15209/2/5 15203/2/5 15202/2/5
f 15210/2/5 15204/2/5 15209/2/5
f 15211/2/5 15204/2/5 15210/2/5
f 15212/2/5 15207/2/5 15206/2/5
f 15212/2/5 15206/2/5 15205/2/5
f 15213/2/5 15207/2/5 15212/2/5
f 15214/2/5 15207/2/5 15213/2/5
f 15215/2/5 15211/2/5 15210/2/5
f 15215/2/5 15213/2/5 15212/2/5
f 15215/2/5 15212/2/5 15211/2/5
f 15216/2/5 15213/2/5 15215/2/5
f 15217/2/5 15213/2/5 15216/2/5
f 15218/2/5 15213/2/5 15217/2/5
f 15219/2/5 15217/2/5 15216/2/5
f 15220/2/5 15217/2/5 15219/2/5
f 15221/2/5 15217/2/5 15220/2/5
f 15222/2/5 15217/2/5 15221/2/5
f 15223/2/5 15221/2/5 15220/2/5
f 15224/2/5 15221/2/5 15223/2/5
f 15225/2/5 15221/2/5 15224/2/5
f 15226/2/5 15221/2/5 15225/2/5
f 15227/2/5 15225/2/5 15224/2/5
f 15228/2/5 15225/2/5 15227/2/5
f 15232/2/5 15230/2/5 15229/2/5
f 15233/2/5 15230/2/5 15232/2/5
f 15236/2/5 15232/2/5 15231/2/5
f 15236/2/5 15234/2/5 15233/2/5
f 15236/2/5 15233/2/5 15232/2/5
f 15237/2/5 15234/2/5 15236/2/5
f 15238/2/5 15234/2/5 15237/2/5
f 15239/2/5 15234/2/5 15238/2/5
f 15242/2/5 15236/2/5 15235/2/5
f 15242/2/5 15237/2/5 15236/2/5
f 15243/2/5 15237/2/5 15242/2/5
f 15244/2/5 15237/2/5 15243/2/5
f 15245/2/5 15239/2/5 15238/2/5
f 15245/2/5 15240/2/5 15239/2/5
f 15246/2/5 15240/2/5 15245/2/5
f 15247/2/5 15240/2/5 15246/2/5
f 15250/2/5 15243/2/5 15242/2/5
f 15250/2/5 15242/2/5 15241/2/5
f 15251/2/5 15243/2/5 15250/2/5
f 15252/2/5 15243/2/5 15251/2/5
f 15253/2/5 15248/2/5 15247/2/5
f 15253/2/5 15247/2/5 15246/2/5
f 15254/2/5 15248/2/5 15253/2/5
f 15255/2/5 15248/2/5 15254/2/5
f 15258/2/5 15251/2/5 15250/2/5
f 15258/2/5 15250/2/5 15249/2/5
f 15259/2/5 15251/2/5 15258/2/5
f 15260/2/5 15251/2/5 15259/2/5
f 15261/2/5 15256/2/5 15255/2/5
f 15261/2/5 15255/2/5 15254/2/5
f 15262/2/5 15256/2/5 15261/2/5
f 15263/2/5 15256/2/5 15262/2/5
f 15266/2/5 15259/2/5 15258/2/5
f 15266/2/5 15258/2/5 15257/2/5
f 15267/2/5 15259/2/5 15266/2/5
f 15268/2/5 15259/2/5 15267/2/5
f 15269/2/5 15264/2/5 15263/2/5
f 15269/2/5 15263/2/5 15262/2/5
f 15270/2/5 15264/2/5 15269/2/5
f 15271/2/5 15264/2/5 15270/2/5
f 15274/2/5 15267/2/5 15266/2/5
f 15274/2/5 15266/2/5 15265/2/5
f 15275/2/5 15267/2/5 15274/2/5
f 15276/2/5 15267/2/5 15275/2/5
f 15277/2/5 15272/2/5 15271/2/5
f 15277/2/5 15271/2/5 15270/2/5
f 15278/2/5 15272/2/5 15277/2/5
f 15279/2/5 15272/2/5 15278/2/5
f 15282/2/5 15275/2/5 15274/2/5
f 15282/2/5 15274/2/5 15273/2/5
f 15283/2/5 15275/2/5 15282/2/5
f 15284/2/5 15275/2/5 15283/2/5
f 15285/2/5 15280/2/5 15279/2/5
f 15285/2/5 15279/2/5 15278/2/5
f 15286/2/5 15280/2/5 15285/2/5
f 15287/2/5 15280/2/5 15286/2/5
f 15289/2/5 15283/2/5 15282/2/5
f 15289/2/5 15282/2/5 15281/2/5
f 15290/2/5 15283/2/5 15289/2/5
f 15291/2/5 15288/2/5 15287/2/5
f 15291/2/5 15287/2/5 15286/2/5
f 15292/2/5 15288/2/5 15291/2/5
f 15294/2/5 15289/2/5 15281/2/5
f 15295/2/5 15289/2/5 15294/2/5
f 15296/2/5 15289/2/5 15295/2/5
f 15297/2/5 15288/2/5 15292/2/5
f 15298/2/5 15288/2/5 15297/2/5
f 15299/2/5 15288/2/5 15298/2/5
f 15302/2/5 15294/2/5 15293/2/5
f 15302/2/5 15295/2/5 15294/2/5
f 15303/2/5 15295/2/5 15302/2/5
f 15304/2/5 15295/2/5 15303/2/5
f 15305/2/5 15300/2/5 15299/2/5
f 15305/2/5 15299/2/5 15298/2/5
f 15306/2/5 15300/2/5 15305/2/5
f 15307/2/5 15300/2/5 15306/2/5
f 15309/2/5 15303/2/5 15302/2/5
f 15309/2/5 15302/2/5 15301/2/5
f 15310/2/5 15303/2/5 15309/2/5
f 15311/2/5 15308/2/5 15307/2/5
f 15311/2/5 15307/2/5 15306/2/5
f 15312/2/5 15308/2/5 15311/2/5
f 15314/2/5 15309/2/5 15301/2/5
f 15315/2/5 15308/2/5 15312/2/5
f 15318/2/5 15314/2/5 15313/2/5
f 15319/2/5 15309/2/5 15314/2/5
f 15319/2/5 15314/2/5 15318/2/5
f 15320/2/5 15309/2/5 15319/2/5
f 15321/2/5 15316/2/5 15315/2/5
f 15321/2/5 15315/2/5 15312/2/5
f 15322/2/5 15316/2/5 15321/2/5
f 15323/2/5 15316/2/5 15322/2/5
f 15325/2/5 15318/2/5 15317/2/5
f 15325/2/5 15319/2/5 15318/2/5
f 15326/2/5 15319/2/5 15325/2/5
f 15327/2/5 15324/2/5 15323/2/5
f 15327/2/5 15323/2/5 15322/2/5
f 15328/2/5 15324/2/5 15327/2/5
f 15330/2/5 15325/2/5 15317/2/5
f 15331/2/5 15324/2/5 15328/2/5
f 15333/2/5 15330/2/5 15329/2/5
f 15333/2/5 15325/2/5 15330/2/5
f 15334/2/5 15325/2/5 15333/2/5
f 15335/2/5 15332/2/5 15331/2/5
f 15335/2/5 15331/2/5 15328/2/5
f 15336/2/5 15332/2/5 15335/2/5
f 15338/2/5 15333/2/5 15329/2/5
f 15339/2/5 15332/2/5 15336/2/5
f 15341/2/5 15338/2/5 15337/2/5
f 15342/2/5 15333/2/5 15338/2/5
f 15342/2/5 15338/2/5 15341/2/5
f 15343/2/5 15340/2/5 15339/2/5
f 15343/2/5 15339/2/5 15336/2/5
f 15344/2/5 15340/2/5 15343/2/5
f 15345/2/5 15333/2/5 15342/2/5
f 15348/2/5 15343/2/5 15336/2/5
f 15349/2/5 15346/2/5 15345/2/5
f 15349/2/5 15345/2/5 15342/2/5
f 15350/2/5 15346/2/5 15349/2/5
f 15351/2/5 15348/2/5 15347/2/5
f 15351/2/5 15343/2/5 15348/2/5
f 15352/2/5 15343/2/5 15351/2/5
f 15353/2/5 15346/2/5 15350/2/5
f 15356/2/5 15351/2/5 15347/2/5
f 15357/2/5 15354/2/5 15353/2/5
f 15357/2/5 15353/2/5 15350/2/5
f 15358/2/5 15354/2/5 15357/2/5
f 15359/2/5 15354/2/5 15358/2/5
f 15362/2/5 15356/2/5 15355/2/5
f 15363/2/5 15351/2/5 15356/2/5
f 15363/2/5 15356/2/5 15362/2/5
f 15364/2/5 15351/2/5 15363/2/5
f 15365/2/5 15360/2/5 15359/2/5
f 15365/2/5 15359/2/5 15358/2/5
f 15366/2/5 15360/2/5 15365/2/5
f 15367/2/5 15362/2/5 15361/2/5
f 15367/2/5 15363/2/5 15362/2/5
f 15368/2/5 15363/2/5 15367/2/5
f 15369/2/5 15360/2/5 15366/2/5
f 15372/2/5 15367/2/5 15361/2/5
f 15373/2/5 15370/2/5 15369/2/5
f 15373/2/5 15369/2/5 15366/2/5
f 15374/2/5 15370/2/5 15373/2/5
f 15375/2/5 15370/2/5 15374/2/5
f 15378/2/5 15372/2/5 15371/2/5
f 15379/2/5 15367/2/5 15372/2/5
f 15379/2/5 15372/2/5 15378/2/5
f 15380/2/5 15367/2/5 15379/2/5
f 15381/2/5 15376/2/5 15375/2/5
f 15381/2/5 15375/2/5 15374/2/5
f 15382/2/5 15376/2/5 15381/2/5
f 15383/2/5 15376/2/5 15382/2/5
f 15386/2/5 15378/2/5 15377/2/5
f 15386/2/5 15379/2/5 15378/2/5
f 15387/2/5 15379/2/5 15386/2/5
f 15388/2/5 15379/2/5 15387/2/5
f 15389/2/5 15384/2/5 15383/2/5
f 15389/2/5 15383/2/5 15382/2/5
f 15392/2/5 15387/2/5 15386/2/5
f 15392/2/5 15386/2/5 15385/2/5
f 15393/2/5 15390/2/5 15389/2/5
f 15393/2/5 15389/2/5 15382/2/5
f 15394/2/5 15390/2/5 15393/2/5
f 15395/2/5 15390/2/5 15394/2/5
f 15398/2/5 15392/2/5 15391/2/5
f 15399/2/5 15387/2/5 15392/2/5
f 15399/2/5 15392/2/5 15398/2/5
f 15400/2/5 15387/2/5 15399/2/5
f 15401/2/5 15396/2/5 15395/2/5
f 15401/2/5 15395/2/5 15394/2/5
f 15402/2/5 15396/2/5 15401/2/5
f 15403/2/5 15396/2/5 15402/2/5
f 15406/2/5 15398/2/5 15397/2/5
f 15406/2/5 15399/2/5 15398/2/5
f 15407/2/5 15399/2/5 15406/2/5
f 15408/2/5 15399/2/5 15407/2/5
f 15409/2/5 15404/2/5 15403/2/5
f 15409/2/5 15403/2/5 15402/2/5
f 15410/2/5 15404/2/5 15409/2/5
f 15411/2/5 15404/2/5 15410/2/5
f 15414/2/5 15407/2/5 15406/2/5
f 15414/2/5 15406/2/5 15405/2/5
f 15415/2/5 15407/2/5 15414/2/5
f 15416/2/5 15407/2/5 15415/2/5
f 15417/2/5 15412/2/5 15411/2/5
f 15417/2/5 15411/2/5 15410/2/5
f 15418/2/5 15412/2/5 15417/2/5
f 15419/2/5 15412/2/5 15418/2/5
f 15422/2/5 15415/2/5 15414/2/5
f 15422/2/5 15414/2/5 15413/2/5
f 15423/2/5 15415/2/5 15422/2/5
f 15424/2/5 15415/2/5 15423/2/5
f 15425/2/5 15420/2/5 15419/2/5
f 15425/2/5 15419/2/5 15418/2/5
f 15426/2/5 15420/2/5 15425/2/5
f 15427/2/5 15420/2/5 15426/2/5
f 15430/2/5 15423/2/5 15422/2/5
f 15430/2/5 15422/2/5 15421/2/5
f 15431/2/5 15423/2/5 15430/2/5
f 15432/2/5 15423/2/5 15431/2/5
f 15433/2/5 15428/2/5 15427/2/5
f 15433/2/5 15427/2/5 15426/2/5
f 15434/2/5 15428/2/5 15433/2/5
f 15435/2/5 15428/2/5 15434/2/5
f 15438/2/5 15431/2/5 15430/2/5
f 15438/2/5 15430/2/5 15429/2/5
f 15439/2/5 15431/2/5 15438/2/5
f 15440/2/5 15431/2/5 15439/2/5
f 15441/2/5 15436/2/5 15435/2/5
f 15441/2/5 15435/2/5 15434/2/5
f 15442/2/5 15436/2/5 15441/2/5
f 15443/2/5 15436/2/5 15442/2/5
f 15444/2/5 15439/2/5 15438/2/5
f 15444/2/5 15438/2/5 15437/2/5
f 15445/2/5 15439/2/5 15444/2/5
f 15446/2/5 15439/2/5 15445/2/5
f 15447/2/5 15443/2/5 15442/2/5
f 15447/2/5 15445/2/5 15444/2/5
f 15447/2/5 15444/2/5 15443/2/5
f 15448/2/5 15445/2/5 15447/2/5
f 15449/2/5 15445/2/5 15448/2/5
f 15450/2/5 15445/2/5 15449/2/5
f 15451/2/5 15449/2/5 15448/2/5
f 15452/2/5 15449/2/5 15451/2/5
f 15456/2/5 15454/2/5 15453/2/5
f 15457/2/5 15454/2/5 15456/2/5
f 15460/2/5 15456/2/5 15455/2/5
f 15461/2/5 15456/2/5 15460/2/5
f 15462/2/5 15458/2/5 15457/2/5
f 15463/2/5 15458/2/5 15462/2/5
f 15466/2/5 15460/2/5 15459/2/5
f 15467/2/5 15460/2/5 15466/2/5
f 15468/2/5 15460/2/5 15467/2/5
f 15469/2/5 15464/2/5 15463/2/5
f 15470/2/5 15464/2/5 15469/2/5
f 15471/2/5 15464/2/5 15470/2/5
f 15474/2/5 15466/2/5 15465/2/5
f 15474/2/5 15467/2/5 15466/2/5
f 15475/2/5 15467/2/5 15474/2/5
f 15476/2/5 15467/2/5 15475/2/5
f 15477/2/5 15472/2/5 15471/2/5
f 15477/2/5 15471/2/5 15470/2/5
f 15478/2/5 15472/2/5 15477/2/5
f 15479/2/5 15472/2/5 15478/2/5
f 15482/2/5 15475/2/5 15474/2/5
f 15482/2/5 15474/2/5 15473/2/5
f 15483/2/5 15475/2/5 15482/2/5
f 15484/2/5 15480/2/5 15479/2/5
f 15484/2/5 15479/2/5 15478/2/5
f 15485/2/5 15480/2/5 15484/2/5
f 15488/2/5 15482/2/5 15481/2/5
f 15489/2/5 15482/2/5 15488/2/5
f 15490/2/5 15482/2/5 15489/2/5
f 15491/2/5 15486/2/5 15485/2/5
f 15492/2/5 15486/2/5 15491/2/5
f 15493/2/5 15486/2/5 15492/2/5
f 15496/2/5 15488/2/5 15487/2/5
f 15496/2/5 15489/2/5 15488/2/5
f 15497/2/5 15489/2/5 15496/2/5
f 15498/2/5 15494/2/5 15493/2/5
f 15498/2/5 15493/2/5 15492/2/5
f 15499/2/5 15494/2/5 15498/2/5
f 15502/2/5 15496/2/5 15495/2/5
f 15503/2/5 15496/2/5 15502/2/5
f 15504/2/5 15500/2/5 15499/2/5
f 15505/2/5 15500/2/5 15504/2/5
f 15508/2/5 15502/2/5 15501/2/5
f 15509/2/5 15502/2/5 15508/2/5
f 15510/2/5 15506/2/5 15505/2/5
f 15511/2/5 15506/2/5 15510/2/5
f 15514/2/5 15508/2/5 15507/2/5
f 15515/2/5 15512/2/5 15511/2/5
f 15517/2/5 15514/2/5 15513/2/5
f 15517/2/5 15508/2/5 15514/2/5
f 15518/2/5 15508/2/5 15517/2/5
f 15519/2/5 15516/2/5 15515/2/5
f 15519/2/5 15515/2/5 15511/2/5
f 15520/2/5 15516/2/5 15519/2/5
f 15522/2/5 15517/2/5 15513/2/5
f 15523/2/5 15517/2/5 15522/2/5
f 15524/2/5 15516/2/5 15520/2/5
f 15525/2/5 15516/2/5 15524/2/5
f 15528/2/5 15522/2/5 15521/2/5
f 15529/2/5 15526/2/5 15525/2/5
f 15531/2/5 15528/2/5 15527/2/5
f 15531/2/5 15522/2/5 15528/2/5
f 15532/2/5 15522/2/5 15531/2/5
f 15533/2/5 15530/2/5 15529/2/5
f 15533/2/5 15529/2/5 15525/2/5
f 15534/2/5 15530/2/5 15533/2/5
f 15536/2/5 15531/2/5 15527/2/5
f 15537/2/5 15531/2/5 15536/2/5
f 15538/2/5 15530/2/5 15534/2/5
f 15539/2/5 15530/2/5 15538/2/5
f 15542/2/5 15536/2/5 15535/2/5
f 15543/2/5 15540/2/5 15539/2/5
f 15545/2/5 15542/2/5 15541/2/5
f 15545/2/5 15536/2/5 15542/2/5
f 15546/2/5 15536/2/5 15545/2/5
f 15547/2/5 15544/2/5 15543/2/5
f 15547/2/5 15543/2/5 15539/2/5
f 15548/2/5 15544/2/5 15547/2/5
f 15550/2/5 15545/2/5 15541/2/5
f 15551/2/5 15544/2/5 15548/2/5
f 15553/2/5 15550/2/5 15549/2/5
f 15553/2/5 15545/2/5 15550/2/5
f 15554/2/5 15545/2/5 15553/2/5
f 15555/2/5 15552/2/5 15551/2/5
f 15555/2/5 15551/2/5 15548/2/5
f 15556/2/5 15552/2/5 15555/2/5
f 15557/2/5 15553/2/5 15549/2/5
f 15560/2/5 15552/2/5 15556/2/5
f 15561/2/5 15558/2/5 15557/2/5
f 15561/2/5 15557/2/5 15549/2/5
f 15562/2/5 15558/2/5 15561/2/5
f 15563/2/5 15560/2/5 15559/2/5
f 15563/2/5 15552/2/5 15560/2/5
f 15564/2/5 15552/2/5 15563/2/5
f 15565/2/5 15558/2/5 15562/2/5
f 15568/2/5 15563/2/5 15559/2/5
f 15569/2/5 15566/2/5 15565/2/5
f 15569/2/5 15565/2/5 15562/2/5
f 15570/2/5 15566/2/5 15569/2/5
f 15571/2/5 15568/2/5 15567/2/5
f 15571/2/5 15563/2/5 15568/2/5
f 15572/2/5 15563/2/5 15571/2/5
f 15573/2/5 15566/2/5 15570/2/5
f 15574/2/5 15566/2/5 15573/2/5
f 15577/2/5 15571/2/5 15567/2/5
f 15578/2/5 15571/2/5 15577/2/5
f 15579/2/5 15575/2/5 15574/2/5
f 15582/2/5 15577/2/5 15576/2/5
f 15583/2/5 15580/2/5 15579/2/5
f 15583/2/5 15579/2/5 15574/2/5
f 15584/2/5 15580/2/5 15583/2/5
f 15585/2/5 15582/2/5 15581/2/5
f 15585/2/5 15577/2/5 15582/2/5
f 15586/2/5 15577/2/5 15585/2/5
f 15587/2/5 15580/2/5 15584/2/5
f 15588/2/5 15580/2/5 15587/2/5
f 15591/2/5 15585/2/5 15581/2/5
f 15592/2/5 15585/2/5 15591/2/5
f 15593/2/5 15589/2/5 15588/2/5
f 15596/2/5 15591/2/5 15590/2/5
f 15597/2/5 15594/2/5 15593/2/5
f 15597/2/5 15593/2/5 15588/2/5
f 15598/2/5 15594/2/5 15597/2/5
f 15599/2/5 15596/2/5 15595/2/5
f 15599/2/5 15591/2/5 15596/2/5
f 15600/2/5 15591/2/5 15599/2/5
f 15601/2/5 15594/2/5 15598/2/5
f 15602/2/5 15594/2/5 15601/2/5
f 15605/2/5 15599/2/5 15595/2/5
f 15606/2/5 15599/2/5 15605/2/5
f 15607/2/5 15603/2/5 15602/2/5
f 15608/2/5 15603/2/5 15607/2/5
f 15611/2/5 15605/2/5 15604/2/5
f 15612/2/5 15605/2/5 15611/2/5
f 15613/2/5 15609/2/5 15608/2/5
f 15614/2/5 15609/2/5 15613/2/5
f 15617/2/5 15611/2/5 15610/2/5
f 15618/2/5 15611/2/5 15617/2/5
f 15619/2/5 15615/2/5 15614/2/5
f 15620/2/5 15615/2/5 15619/2/5
f 15621/2/5 15615/2/5 15620/2/5
f 15624/2/5 15617/2/5 15616/2/5
f 15625/2/5 15617/2/5 15624/2/5
f 15626/2/5 15617/2/5 15625/2/5
f 15627/2/5 15622/2/5 15621/2/5
f 15627/2/5 15621/2/5 15620/2/5
f 15628/2/5 15622/2/5 15627/2/5
f 15631/2/5 15625/2/5 15624/2/5
f 15631/2/5 15624/2/5 15623/2/5
f 15632/2/5 15625/2/5 15631/2/5
f 15633/2/5 15629/2/5 15628/2/5
f 15634/2/5 15629/2/5 15633/2/5
f 15635/2/5 15629/2/5 15634/2/5
f 15638/2/5 15631/2/5 15630/2/5
f 15639/2/5 15631/2/5 15638/2/5
f 15640/2/5 15631/2/5 15639/2/5
f 15641/2/5 15636/2/5 15635/2/5
f 15641/2/5 15635/2/5 15634/2/5
f 15642/2/5 15636/2/5 15641/2/5
f 15643/2/5 15636/2/5 15642/2/5
f 15646/2/5 15639/2/5 15638/2/5
f 15646/2/5 15638/2/5 15637/2/5
f 15647/2/5 15639/2/5 15646/2/5
f 15648/2/5 15639/2/5 15647/2/5
f 15649/2/5 15644/2/5 15643/2/5
f 15649/2/5 15643/2/5 15642/2/5
f 15650/2/5 15644/2/5 15649/2/5
f 15653/2/5 15647/2/5 15646/2/5
f 15653/2/5 15646/2/5 15645/2/5
f 15654/2/5 15647/2/5 15653/2/5
f 15655/2/5 15651/2/5 15650/2/5
f 15656/2/5 15651/2/5 15655/2/5
f 15657/2/5 15653/2/5 15652/2/5
f 15658/2/5 15653/2/5 15657/2/5
f 15659/2/5 15657/2/5 15656/2/5
f 15660/2/5 15657/2/5 15659/2/5
f 15661/4/6 15662/4/6 15665/4/6
f 15665/4/6 15662/4/6 15666/4/6
f 15663/4/6 15664/4/6 15667/4/6
f 15667/4/6 15664/4/6 15668/4/6
f 15669/4/6 15670/4/6 15671/4/6
f 15671/4/6 15670/4/6 15672/4/6
f 15673/4/6 15674/4/6 15675/4/6
f 15675/4/6 15674/4/6 15676/4/6
f 15677/4/6 15678/4/6 15681/4/6
f 15681/4/6 15678/4/6 15682/4/6
f 15679/4/6 15680/4/6 15683/4/6
f 15683/4/6 15680/4/6 15684/4/6
f 15685/4/6 15686/4/6 15687/4/6
f 15687/4/6 15686/4/6 15688/4/6
f 15689/4/6 15690/4/6 15691/4/6
f 15691/4/6 15690/4/6 15692/4/6
f 15693/4/6 15694/4/6 15695/4/6
f 15695/4/6 15694/4/6 15696/4/6
f 15699/4/6 15700/4/6 15702/4/6
f 15700/1/6 15701/1/6 15703/1/6
f 15702/4/6 15700/4/6 15703/4/6
f 15703/1/6 15701/1/6 15704/1/6
f 15697/4/6 15698/4/6 15705/4/6
f 15705/4/6 15698/4/6 15706/4/6
f 15707/4/6 15708/4/6 15711/4/6
f 15711/4/6 15708/4/6 15712/4/6
f 15709/4/6 15710/4/6 15713/4/6
f 15713/4/6 15710/4/6 15714/4/6
f 15715/4/6 15716/4/6 15719/4/6
f 15719/4/6 15716/4/6 15720/4/6
f 15717/4/6 15718/4/6 15721/4/6
f 15721/4/6 15718/4/6 15722/4/6
f 15723/4/6 15724/4/6 15725/4/6
f 15725/4/6 15724/4/6 15726/4/6
f 15727/4/6 15728/4/6 15729/4/6
f 15729/4/6 15728/4/6 15730/4/6
f 15731/4/6 15732/4/6 15736/4/6
f 15736/4/6 15732/4/6 15737/4/6
f 15733/4/6 15734/4/6 15738/4/6
f 15734/1/6 15735/1/6 15739/1/6
f 15738/4/6 15734/4/6 15739/4/6
f 15739/1/6 15735/1/6 15740/1/6
f 15741/4/6 15742/4/6 15745/4/6
f 15745/4/6 15742/4/6 15746/4/6
f 15743/4/6 15744/4/6 15747/4/6
f 15747/4/6 15744/4/6 15748/4/6
f 15749/4/6 15750/4/6 15753/4/6
f 15753/4/6 15750/4/6 15754/4/6
f 15751/4/6 15752/4/6 15755/4/6
f 15755/4/6 15752/4/6 15756/4/6
f 15757/4/6 15758/4/6 15759/4/6
f 15759/4/6 15758/4/6 15760/4/6
f 15761/4/6 15762/4/6 15766/4/6
f 15766/4/6 15762/4/6 15767/4/6
f 15763/4/6 15764/4/6 15768/4/6
f 15764/1/6 15765/1/6 15769/1/6
f 15768/4/6 15764/4/6 15769/4/6
f 15769/1/6 15765/1/6 15770/1/6
f 15771/4/6 15772/4/6 15775/4/6
f 15775/4/6 15772/4/6 15776/4/6
f 15773/4/6 15774/4/6 15777/4/6
f 15777/4/6 15774/4/6 15778/4/6
f 15779/4/6 15780/4/6 15781/4/6
f 15781/4/6 15780/4/6 15782/4/6
f 15783/4/6 15784/4/6 15785/4/6
f 15785/4/6 15784/4/6 15786/4/6
f 15787/4/6 15788/4/6 15792/4/6
f 15792/4/6 15788/4/6 15793/4/6
f 15789/4/6 15790/4/6 15794/4/6
f 15790/1/6 15791/1/6 15795/1/6
f 15794/4/6 15790/4/6 15795/4/6
f 15795/1/6 15791/1/6 15796/1/6
f 15797/4/6 15798/4/6 15801/4/6
f 15801/4/6 15798/4/6 15802/4/6
f 15799/4/6 15800/4/6 15803/4/6
f 15803/4/6 15800/4/6 15804/4/6
f 15805/4/6 15806/4/6 15807/4/6
f 15807/4/6 15806/4/6 15808/4/6
f 15809/4/6 15810/4/6 15811/4/6
f 15811/4/6 15810/4/6 15812/4/6
f 15813/4/6 15814/4/6 15816/4/6
f 15814/1/6 15815/1/6 15817/1/6
f 15816/4/6 15814/4/6 15817/4/6
f 15817/1/6 15815/1/6 15818/1/6
f 15819/4/6 15820/4/6 15821/4/6
f 15821/4/6 15820/4/6 15822/4/6
f 15823/4/6 15824/4/6 15827/4/6
f 15827/4/6 15824/4/6 15828/4/6
f 15825/4/6 15826/4/6 15829/4/6
f 15829/4/6 15826/4/6 15830/4/6
f 15831/4/6 15832/4/6 15835/4/6
f 15835/4/6 15832/4/6 15836/4/6
f 15833/4/6 15834/4/6 15837/4/6
f 15837/4/6 15834/4/6 15838/4/6
f 15839/4/6 15840/4/6 15841/4/6
f 15841/4/6 15840/4/6 15842/4/6
f 15843/4/6 15844/4/6 15845/4/6
f 15845/4/6 15844/4/6 15846/4/6
f 15847/4/6 15848/4/6 15849/4/6
f 15849/4/6 15848/4/6 15850/4/6
f 15851/4/6 15852/4/6 15853/4/6
f 15853/4/6 15852/4/6 15854/4/6
f 15855/4/6 15856/4/6 15859/4/6
f 15859/4/6 15856/4/6 15860/4/6
f 15857/4/6 15858/4/6 15861/4/6
f 15861/4/6 15858/4/6 15862/4/6
f 15863/4/6 15864/4/6 15865/4/6
f 15865/4/6 15864/4/6 15866/4/6
f 15867/4/6 15868/4/6 15869/4/6
f 15869/4/6 15868/4/6 15870/4/6
f 15871/4/6 15872/4/6 15873/4/6
f 15873/4/6 15872/4/6 15874/4/6
f 15875/4/6 15876/4/6 15879/4/6
f 15879/4/6 15876/4/6 15880/4/6
f 15877/4/6 15878/4/6 15881/4/6
f 15881/4/6 15878/4/6 15882/4/6
f 15883/4/6 15884/4/6 15887/4/6
f 15887/4/6 15884/4/6 15888/4/6
f 15885/4/6 15886/4/6 15889/4/6
f 15889/4/6 15886/4/6 15890/4/6
f 15891/4/6 15892/4/6 15893/4/6
f 15893/4/6 15892/4/6 15894/4/6
f 15895/4/6 15896/4/6 15897/4/6
f 15897/4/6 15896/4/6 15898/4/6
f 15899/4/6 15900/4/6 15901/4/6
f 15901/4/6 15900/4/6 15902/4/6
f 15903/4/6 15904/4/6 15907/4/6
f 15907/4/6 15904/4/6 15908/4/6
f 15905/4/6 15906/4/6 15909/4/6
f 15909/4/6 15906/4/6 15910/4/6
f 15911/4/6 15912/4/6 15915/4/6
f 15915/4/6 15912/4/6 15916/4/6
f 15913/4/6 15914/4/6 15917/4/6
f 15917/4/6 15914/4/6 15918/4/6
f 15921/4/6 15922/4/6 15923/4/6
f 15923/4/6 15922/4/6 15924/4/6
f 15919/4/6 15920/4/6 15925/4/6
f 15925/4/6 15920/4/6 15926/4/6
f 15927/4/6 15928/4/6 15929/4/6
f 15929/4/6 15928/4/6 15930/4/6
f 15931/4/6 15932/4/6 15933/4/6
f 15933/4/6 15932/4/6 15934/4/6
f 15935/4/6 15936/4/6 15939/4/6
f 15939/4/6 15936/4/6 15940/4/6
f 15937/4/6 15938/4/6 15941/4/6
f 15941/4/6 15938/4/6 15942/4/6
f 15943/4/6 15944/4/6 15949/4/6
f 15949/4/6 15944/4/6 15950/4/6
f 15945/4/6 15946/4/6 15951/4/6
f 15951/4/6 15946/4/6 15952/4/6
f 15947/4/6 15948/4/6 15953/4/6
f 15953/4/6 15948/4/6 15954/4/6
f 15955/4/6 15956/4/6 15957/4/6
f 15957/4/6 15956/4/6 15958/4/6
f 15959/4/6 15960/4/6 15961/4/6
f 15961/4/6 15960/4/6 15962/4/6
f 15963/4/6 15964/4/6 15965/4/6
f 15965/4/6 15964/4/6 15966/4/6
f 15967/4/6 15968/4/6 15971/4/6
f 15971/4/6 15968/4/6 15972/4/6
f 15969/4/6 15970/4/6 15973/4/6
f 15973/4/6 15970/4/6 15974/4/6
f 15975/4/6 15976/4/6 15979/4/6
f 15979/4/6 15976/4/6 15980/4/6
f 15977/4/6 15978/4/6 15981/4/6
f 15981/4/6 15978/4/6 15982/4/6
f 15983/4/6 15984/4/6 15985/4/6
f 15985/4/6 15984/4/6 15986/4/6
f 15987/4/6 15988/4/6 15989/4/6
f 15989/4/6 15988/4/6 15990/4/6
f 15991/4/6 15992/4/6 15995/4/6
f 15995/4/6 15992/4/6 15996/4/6
f 15993/4/6 15994/4/6 15997/4/6
f 15997/4/6 15994/4/6 15998/4/6
f 15999/4/6 16000/4/6 16001/4/6
f 16001/4/6 16000/4/6 16002/4/6
f 16003/4/6 16004/4/6 16007/4/6
f 16007/4/6 16004/4/6 16008/4/6
f 16005/4/6 16006/4/6 16009/4/6
f 16009/4/6 16006/4/6 16010/4/6
f 16011/4/6 16012/4/6 16013/4/6
f 16013/4/6 16012/4/6 16014/4/6
f 16015/4/6 16016/4/6 16017/4/6
f 16017/4/6 16016/4/6 16018/4/6
f 16019/4/6 16020/4/6 16021/4/6
f 16021/4/6 16020/4/6 16022/4/6
f 16023/4/6 16024/4/6 16025/4/6
f 16025/4/6 16024/4/6 16026/4/6
f 16027/4/6 16028/4/6 16031/4/6
f 16031/4/6 16028/4/6 16032/4/6
f 16029/4/6 16030/4/6 16033/4/6
f 16033/4/6 16030/4/6 16034/4/6
f 16035/4/6 16036/4/6 16037/4/6
f 16037/4/6 16036/4/6 16038/4/6
f 16039/4/6 16040/4/6 16043/4/6
f 16043/4/6 16040/4/6 16044/4/6
f 16041/4/6 16042/4/6 16045/4/6
f 16045/4/6 16042/4/6 16046/4/6
f 16047/4/6 16048/4/6 16049/4/6
f 16049/4/6 16048/4/6 16050/4/6
f 16051/4/6 16052/4/6 16053/4/6
f 16053/4/6 16052/4/6 16054/4/6
f 16055/4/6 16056/4/6 16057/4/6
f 16057/4/6 16056/4/6 16058/4/6
f 16059/4/6 16060/4/6 16061/4/6
f 16061/4/6 16060/4/6 16062/4/6
f 16063/4/6 16064/4/6 16067/4/6
f 16067/4/6 16064/4/6 16068/4/6
f 16065/4/6 16066/4/6 16069/4/6
f 16069/4/6 16066/4/6 16070/4/6
f 16071/4/6 16072/4/6 16075/4/6
f 16075/4/6 16072/4/6 16076/4/6
f 16073/4/6 16074/4/6 16077/4/6
f 16077/4/6 16074/4/6 16078/4/6
f 16079/4/6 16080/4/6 16083/4/6
f 16083/4/6 16080/4/6 16084/4/6
f 16081/4/6 16082/4/6 16085/4/6
f 16085/4/6 16082/4/6 16086/4/6
f 16087/4/6 16088/4/6 16091/4/6
f 16091/4/6 16088/4/6 16092/4/6
f 16089/4/6 16090/4/6 16093/4/6
f 16093/4/6 16090/4/6 16094/4/6
f 16095/4/6 16096/4/6 16099/4/6
f 16099/4/6 16096/4/6 16100/4/6
f 16097/4/6 16098/4/6 16101/4/6
f 16101/4/6 16098/4/6 16102/4/6
f 16103/4/6 16104/4/6 16107/4/6
f 16107/4/6 16104/4/6 16108/4/6
f 16105/4/6 16106/4/6 16109/4/6
f 16109/4/6 16106/4/6 16110/4/6
f 16111/4/6 16112/4/6 16113/4/6
f 16113/4/6 16112/4/6 16114/4/6
f 16115/4/6 16116/4/6 16117/4/6
f 16117/4/6 16116/4/6 16118/4/6
f 16119/4/6 16120/4/6 16121/4/6
f 16121/4/6 16120/4/6 16122/4/6
f 16123/4/6 16124/4/6 16125/4/6
f 16125/4/6 16124/4/6 16126/4/6
f 16127/4/6 16128/4/6 16129/4/6
f 16129/4/6 16128/4/6 16130/4/6
f 16131/4/6 16132/4/6 16135/4/6
f 16135/4/6 16132/4/6 16136/4/6
f 16133/4/6 16134/4/6 16137/4/6
f 16137/4/6 16134/4/6 16138/4/6
f 16139/4/6 16140/4/6 16141/4/6
f 16141/4/6 16140/4/6 16142/4/6
f 16143/4/6 16144/4/6 16145/4/6
f 16145/4/6 16144/4/6 16146/4/6
f 16147/4/6 16148/4/6 16149/4/6
f 16149/4/6 16148/4/6 16150/4/6
f 16151/4/6 16152/4/6 16155/4/6
f 16155/4/6 16152/4/6 16156/4/6
f 16153/4/6 16154/4/6 16157/4/6
f 16157/4/6 16154/4/6 16158/4/6
f 16159/4/6 16160/4/6 16163/4/6
f 16163/4/6 16160/4/6 16164/4/6
f 16161/4/6 16162/4/6 16165/4/6
f 16165/4/6 16162/4/6 16166/4/6
f 16167/4/6 16168/4/6 16169/4/6
f 16169/4/6 16168/4/6 16170/4/6
f 16171/4/6 16172/4/6 16173/4/6
f 16173/4/6 16172/4/6 16174/4/6
f 16175/4/6 16176/4/6 16177/4/6
f 16177/4/6 16176/4/6 16178/4/6
f 16179/4/6 16180/4/6 16181/4/6
f 16181/4/6 16180/4/6 16182/4/6
f 16183/4/6 16184/4/6 16187/4/6
f 16187/4/6 16184/4/6 16188/4/6
f 16185/4/6 16186/4/6 16189/4/6
f 16189/4/6 16186/4/6 16190/4/6
f 16191/4/6 16192/4/6 16195/4/6
f 16195/4/6 16192/4/6 16196/4/6
f 16193/4/6 16194/4/6 16197/4/6
f 16197/4/6 16194/4/6 16198/4/6
f 16199/4/6 16200/4/6 16201/4/6
f 16201/4/6 16200/4/6 16202/4/6
f 16203/4/6 16204/4/6 16205/4/6
f 16205/4/6 16204/4/6 16206/4/6
f 16207/4/6 16208/4/6 16211/4/6
f 16211/4/6 16208/4/6 16212/4/6
f 16209/4/6 16210/4/6 16213/4/6
f 16213/4/6 16210/4/6 16214/4/6
f 16215/4/6 16216/4/6 16221/4/6
f 16221/4/6 16216/4/6 16222/4/6
f 16217/4/6 16218/4/6 16223/4/6
f 16223/4/6 16218/4/6 16224/4/6
f 16219/4/6 16220/4/6 16227/4/6
f 16227/4/6 16220/4/6 16228/4/6
f 16225/4/6 16226/4/6 16229/4/6
f 16229/4/6 16226/4/6 16230/4/6
f 16231/4/6 16232/4/6 16233/4/6
f 16233/4/6 16232/4/6 16234/4/6
f 16235/4/6 16236/4/6 16237/4/6
f 16237/4/6 16236/4/6 16238/4/6
f 16239/4/6 16240/4/6 16241/4/6
f 16241/4/6 16240/4/6 16242/4/6
f 16243/4/6 16244/4/6 16247/4/6
f 16247/4/6 16244/4/6 16248/4/6
f 16245/4/6 16246/4/6 16249/4/6
f 16249/4/6 16246/4/6 16250/4/6
f 16251/4/6 16252/4/6 16253/4/6
f 16253/4/6 16252/4/6 16254/4/6
f 16255/4/6 16256/4/6 16257/4/6
f 16257/4/6 16256/4/6 16258/4/6
f 16259/4/6 16260/4/6 16261/4/6
f 16261/4/6 16260/4/6 16262/4/6
f 16263/4/6 16264/4/6 16267/4/6
f 16267/4/6 16264/4/6 16268/4/6
f 16265/4/6 16266/4/6 16269/4/6
f 16269/4/6 16266/4/6 16270/4/6
f 16271/4/6 16272/4/6 16273/4/6
f 16273/4/6 16272/4/6 16274/4/6
f 16275/4/6 16276/4/6 16279/4/6
f 16279/4/6 16276/4/6 16280/4/6
f 16277/4/6 16278/4/6 16281/4/6
f 16281/4/6 16278/4/6 16282/4/6
f 16283/4/6 16284/4/6 16287/4/6
f 16287/4/6 16284/4/6 16288/4/6
f 16285/4/6 16286/4/6 16289/4/6
f 16289/4/6 16286/4/6 16290/4/6
f 16291/4/6 16292/4/6 16293/4/6
f 16293/4/6 16292/4/6 16294/4/6
f 16295/4/6 16296/4/6 16297/4/6
f 16297/4/6 16296/4/6 16298/4/6
f 16299/4/6 16300/4/6 16301/4/6
f 16301/4/6 16300/4/6 16302/4/6
f 16303/4/6 16304/4/6 16305/4/6
f 16305/4/6 16304/4/6 16306/4/6
f 16307/4/6 16308/4/6 16309/4/6
f 16309/4/6 16308/4/6 16310/4/6
f 16311/4/6 16312/4/6 16315/4/6
f 16315/4/6 16312/4/6 16316/4/6
f 16313/4/6 16314/4/6 16317/4/6
f 16317/4/6 16314/4/6 16318/4/6
f 16319/4/6 16320/4/6 16323/4/6
f 16323/4/6 16320/4/6 16324/4/6
f 16321/4/6 16322/4/6 16325/4/6
f 16325/4/6 16322/4/6 16326/4/6
f 16327/4/6 16328/4/6 16329/4/6
f 16329/4/6 16328/4/6 16330/4/6
f 16331/4/6 16332/4/6 16335/4/6
f 16335/4/6 16332/4/6 16336/4/6
f 16333/4/6 16334/4/6 16337/4/6
f 16337/4/6 16334/4/6 16338/4/6
f 16339/4/6 16340/4/6 16343/4/6
f 16343/4/6 16340/4/6 16344/4/6
f 16341/4/6 16342/4/6 16345/4/6
f 16345/4/6 16342/4/6 16346/4/6
f 16347/4/6 16348/4/6 16349/4/6
f 16349/4/6 16348/4/6 16350/4/6
f 16351/4/6 16352/4/6 16353/4/6
f 16353/4/6 16352/4/6 16354/4/6
f 16355/4/6 16356/4/6 16357/4/6
f 16357/4/6 16356/4/6 16358/4/6
f 16359/4/6 16360/4/6 16363/4/6
f 16363/4/6 16360/4/6 16364/4/6
f 16361/4/6 16362/4/6 16365/4/6
f 16365/4/6 16362/4/6 16366/4/6
f 16367/4/6 16368/4/6 16371/4/6
f 16371/4/6 16368/4/6 16372/4/6
f 16369/4/6 16370/4/6 16373/4/6
f 16373/4/6 16370/4/6 16374/4/6
f 16375/4/6 16376/4/6 16377/4/6
f 16377/4/6 16376/4/6 16378/4/6
f 16379/4/6 16380/4/6 16381/4/6
f 16381/4/6 16380/4/6 16382/4/6
f 16383/4/6 16384/4/6 16385/4/6
f 16385/4/6 16384/4/6 16386/4/6
f 16387/4/6 16388/4/6 16389/4/6
f 16389/4/6 16388/4/6 16390/4/6
f 16391/4/6 16392/4/6 16393/4/6
f 16393/4/6 16392/4/6 16394/4/6
f 16395/4/6 16396/4/6 16399/4/6
f 16399/4/6 16396/4/6 16400/4/6
f 16397/4/6 16398/4/6 16401/4/6
f 16401/4/6 16398/4/6 16402/4/6
f 16403/4/6 16404/4/6 16405/4/6
f 16405/4/6 16404/4/6 16406/4/6
f 16407/4/6 16408/4/6 16409/4/6
f 16409/4/6 16408/4/6 16410/4/6
f 16411/4/6 16412/4/6 16415/4/6
f 16415/4/6 16412/4/6 16416/4/6
f 16413/4/6 16414/4/6 16417/4/6
f 16417/4/6 16414/4/6 16418/4/6
f 16419/4/6 16420/4/6 16423/4/6
f 16423/4/6 16420/4/6 16424/4/6
f 16421/4/6 16422/4/6 16425/4/6
f 16425/4/6 16422/4/6 16426/4/6
f 16427/4/6 16428/4/6 16431/4/6
f 16431/4/6 16428/4/6 16432/4/6
f 16429/4/6 16430/4/6 16433/4/6
f 16433/4/6 16430/4/6 16434/4/6
f 16435/4/6 16436/4/6 16439/4/6
f 16439/4/6 16436/4/6 16440/4/6
f 16437/4/6 16438/4/6 16441/4/6
f 16441/4/6 16438/4/6 16442/4/6
f 16443/4/6 16444/4/6 16445/4/6
f 16445/4/6 16444/4/6 16446/4/6
f 16447/4/6 16448/4/6 16449/4/6
f 16449/4/6 16448/4/6 16450/4/6
f 16451/4/6 16452/4/6 16455/4/6
f 16455/4/6 16452/4/6 16456/4/6
f 16453/4/6 16454/4/6 16457/4/6
f 16457/4/6 16454/4/6 16458/4/6
f 16459/4/6 16460/4/6 16463/4/6
f 16463/4/6 16460/4/6 16464/4/6
f 16461/4/6 16462/4/6 16465/4/6
f 16465/4/6 16462/4/6 16466/4/6
f 16467/4/6 16468/4/6 16469/4/6
f 16469/4/6 16468/4/6 16470/4/6
f 16471/4/6 16472/4/6 16473/4/6
f 16473/4/6 16472/4/6 16474/4/6
f 16475/4/6 16476/4/6 16479/4/6
f 16479/4/6 16476/4/6 16480/4/6
f 16477/4/6 16478/4/6 16481/4/6
f 16481/4/6 16478/4/6 16482/4/6
f 16483/4/6 16484/4/6 16487/4/6
f 16487/4/6 16484/4/6 16488/4/6
f 16485/4/6 16486/4/6 16489/4/6
f 16489/4/6 16486/4/6 16490/4/6
f 16491/4/6 16492/4/6 16493/4/6
f 16493/4/6 16492/4/6 16494/4/6
f 16495/4/6 16496/4/6 16497/4/6
f 16497/4/6 16496/4/6 16498/4/6
f 16499/4/6 16500/4/6 16503/4/6
f 16503/4/6 16500/4/6 16504/4/6
f 16501/4/6 16502/4/6 16505/4/6
f 16505/4/6 16502/4/6 16506/4/6
f 16507/4/6 16508/4/6 16511/4/6
f 16511/4/6 16508/4/6 16512/4/6
f 16509/4/6 16510/4/6 16513/4/6
f 16513/4/6 16510/4/6 16514/4/6
f 16515/4/6 16516/4/6 16517/4/6
f 16517/4/6 16516/4/6 16518/4/6
f 16519/4/6 16520/4/6 16521/4/6
f 16521/4/6 16520/4/6 16522/4/6
f 16523/4/6 16524/4/6 16525/4/6
f 16525/4/6 16524/4/6 16526/4/6
f 16527/4/6 16528/4/6 16529/4/6
f 16529/4/6 16528/4/6 16530/4/6
f 16531/4/6 16532/4/6 16533/4/6
f 16533/4/6 16532/4/6 16534/4/6
f 16535/4/6 16536/4/6 16539/4/6
f 16539/4/6 16536/4/6 16540/4/6
f 16537/4/6 16538/4/6 16541/4/6
f 16541/4/6 16538/4/6 16542/4/6
f 16543/4/6 16544/4/6 16545/4/6
f 16545/4/6 16544/4/6 16546/4/6
f 16547/4/6 16548/4/6 16549/4/6
f 16549/4/6 16548/4/6 16550/4/6
f 16551/4/6 16552/4/6 16553/4/6
f 16553/4/6 16552/4/6 16554/4/6
f 16555/4/6 16556/4/6 16559/4/6
f 16559/4/6 16556/4/6 16560/4/6
f 16557/4/6 16558/4/6 16561/4/6
f 16561/4/6 16558/4/6 16562/4/6
f 16565/4/6 16566/4/6 16567/4/6
f 16567/4/6 16566/4/6 16568/4/6
f 16563/4/6 16564/4/6 16569/4/6
f 16569/4/6 16564/4/6 16570/4/6
f 16571/4/6 16572/4/6 16573/4/6
f 16573/4/6 16572/4/6 16574/4/6
f 16575/4/6 16576/4/6 16577/4/6
f 16577/4/6 16576/4/6 16578/4/6
f 16579/4/6 16580/4/6 16583/4/6
f 16583/4/6 16580/4/6 16584/4/6
f 16581/4/6 16582/4/6 16585/4/6
f 16585/4/6 16582/4/6 16586/4/6
f 16587/4/6 16588/4/6 16589/4/6
f 16589/4/6 16588/4/6 16590/4/6
f 16591/4/6 16592/4/6 16593/4/6
f 16593/4/6 16592/4/6 16594/4/6
f 16595/4/6 16596/4/6 16597/4/6
f 16597/4/6 16596/4/6 16598/4/6
f 16599/4/6 16600/4/6 16603/4/6
f 16603/4/6 16600/4/6 16604/4/6
f 16601/4/6 16602/4/6 16605/4/6
f 16605/4/6 16602/4/6 16606/4/6
f 16607/4/6 16608/4/6 16611/4/6
f 16611/4/6 16608/4/6 16612/4/6
f 16609/4/6 16610/4/6 16613/4/6
f 16613/4/6 16610/4/6 16614/4/6
f 16615/4/6 16616/4/6 16621/4/6
f 16621/4/6 16616/4/6 16622/4/6
f 16617/4/6 16618/4/6 16623/4/6
f 16623/4/6 16618/4/6 16624/4/6
f 16619/4/6 16620/4/6 16625/4/6
f 16625/4/6 16620/4/6 16626/4/6
f 16627/4/6 16628/4/6 16629/4/6
f 16629/4/6 16628/4/6 16630/4/6
f 16631/4/6 16632/4/6 16633/4/6
f 16633/4/6 16632/4/6 16634/4/6
f 16635/4/6 16636/4/6 16637/4/6
f 16637/4/6 16636/4/6 16638/4/6
f 16639/4/6 16640/4/6 16641/4/6
f 16641/4/6 16640/4/6 16642/4/6
f 16643/4/6 16644/4/6 16647/4/6
f 16647/4/6 16644/4/6 16648/4/6
f 16645/4/6 16646/4/6 16649/4/6
f 16649/4/6 16646/4/6 16650/4/6
f 16651/4/6 16652/4/6 16653/4/6
f 16653/4/6 16652/4/6 16654/4/6
f 16655/4/6 16656/4/6 16657/4/6
f 16657/4/6 16656/4/6 16658/4/6
f 16659/4/6 16660/4/6 16661/4/6
f 16661/4/6 16660/4/6 16662/4/6
f 16663/4/6 16664/4/6 16665/4/6
f 16665/4/6 16664/4/6 16666/4/6
f 16667/4/6 16668/4/6 16671/4/6
f 16671/4/6 16668/4/6 16672/4/6
f 16669/4/6 16670/4/6 16673/4/6
f 16673/4/6 16670/4/6 16674/4/6
f 16675/4/6 16676/4/6 16677/4/6
f 16677/4/6 16676/4/6 16678/4/6
f 16679/4/6 16680/4/6 16681/4/6
f 16681/4/6 16680/4/6 16682/4/6
f 16683/4/6 16684/4/6 16685/4/6
f 16685/4/6 16684/4/6 16686/4/6
f 16687/4/6 16688/4/6 16689/4/6
f 16689/4/6 16688/4/6 16690/4/6
f 16691/4/6 16692/4/6 16695/4/6
f 16695/4/6 16692/4/6 16696/4/6
f 16693/4/6 16694/4/6 16697/4/6
f 16697/4/6 16694/4/6 16698/4/6
f 16699/4/6 16700/4/6 16703/4/6
f 16703/4/6 16700/4/6 16704/4/6
f 16701/4/6 16702/4/6 16705/4/6
f 16705/4/6 16702/4/6 16706/4/6
f 16707/4/6 16708/4/6 16709/4/6
f 16709/4/6 16708/4/6 16710/4/6
f 16711/4/6 16712/4/6 16713/4/6
f 16713/4/6 16712/4/6 16714/4/6
f 16715/4/6 16716/4/6 16719/4/6
f 16719/4/6 16716/4/6 16720/4/6
f 16717/4/6 16718/4/6 16721/4/6
f 16721/4/6 16718/4/6 16722/4/6
f 16723/4/6 16724/4/6 16727/4/6
f 16727/4/6 16724/4/6 16728/4/6
f 16725/4/6 16726/4/6 16729/4/6
f 16729/4/6 16726/4/6 16730/4/6
f 16731/4/6 16732/4/6 16735/4/6
f 16735/4/6 16732/4/6 16736/4/6
f 16733/4/6 16734/4/6 16737/4/6
f 16737/4/6 16734/4/6 16738/4/6
f 16739/4/6 16740/4/6 16743/4/6
f 16743/4/6 16740/4/6 16744/4/6
f 16741/4/6 16742/4/6 16745/4/6
f 16745/4/6 16742/4/6 16746/4/6
f 16747/4/6 16748/4/6 16749/4/6
f 16749/4/6 16748/4/6 16750/4/6
f 16751/4/6 16752/4/6 16753/4/6
f 16753/4/6 16752/4/6 16754/4/6
f 16755/4/6 16756/4/6 16759/4/6
f 16759/4/6 16756/4/6 16760/4/6
f 16757/4/6 16758/4/6 16761/4/6
f 16761/4/6 16758/4/6 16762/4/6
f 16763/4/6 16764/4/6 16767/4/6
f 16767/4/6 16764/4/6 16768/4/6
f 16765/4/6 16766/4/6 16769/4/6
f 16769/4/6 16766/4/6 16770/4/6
f 16771/4/6 16772/4/6 16773/4/6
f 16773/4/6 16772/4/6 16774/4/6
f 16775/4/6 16776/4/6 16777/4/6
f 16777/4/6 16776/4/6 16778/4/6
f 16779/4/6 16780/4/6 16781/4/6
f 16781/4/6 16780/4/6 16782/4/6
f 16783/4/6 16784/4/6 16787/4/6
f 16787/4/6 16784/4/6 16788/4/6
f 16785/4/6 16786/4/6 16789/4/6
f 16789/4/6 16786/4/6 16790/4/6
f 16791/4/6 16792/4/6 16793/4/6
f 16793/4/6 16792/4/6 16794/4/6
f 16795/4/6 16796/4/6 16797/4/6
f 16797/4/6 16796/4/6 16798/4/6
f 16799/4/6 16800/4/6 16803/4/6
f 16803/4/6 16800/4/6 16804/4/6
f 16801/4/6 16802/4/6 16805/4/6
f 16805/4/6 16802/4/6 16806/4/6
f 16807/4/6 16808/4/6 16811/4/6
f 16811/4/6 16808/4/6 16812/4/6
f 16809/4/6 16810/4/6 16813/4/6
f 16813/4/6 16810/4/6 16814/4/6
f 16815/4/6 16816/4/6 16817/4/6
f 16817/4/6 16816/4/6 16818/4/6
f 16819/4/6 16820/4/6 16821/4/6
f 16821/4/6 16820/4/6 16822/4/6
f 16823/4/6 16824/4/6 16825/4/6
f 16825/4/6 16824/4/6 16826/4/6
f 16827/4/6 16828/4/6 16831/4/6
f 16831/4/6 16828/4/6 16832/4/6
f 16829/4/6 16830/4/6 16833/4/6
f 16833/4/6 16830/4/6 16834/4/6
f 16835/4/6 16836/4/6 16837/4/6
f 16837/4/6 16836/4/6 16838/4/6
f 16839/4/6 16840/4/6 16841/4/6
f 16841/4/6 16840/4/6 16842/4/6
f 16843/4/6 16844/4/6 16845/4/6
f 16845/4/6 16844/4/6 16846/4/6
f 16847/4/6 16848/4/6 16849/4/6
f 16849/4/6 16848/4/6 16850/4/6
f 16851/4/6 16852/4/6 16853/4/6
f 16853/4/6 16852/4/6 16854/4/6
f 16855/4/6 16856/4/6 16859/4/6
f 16859/4/6 16856/4/6 16860/4/6
f 16857/4/6 16858/4/6 16861/4/6
f 16861/4/6 16858/4/6 16862/4/6
f 16863/4/6 16864/4/6 16865/4/6
f 16865/4/6 16864/4/6 16866/4/6
f 16867/4/6 16868/4/6 16871/4/6
f 16871/4/6 16868/4/6 16872/4/6
f 16869/6/6 16870/6/6 16873/6/6
f 16873/6/6 16870/6/6 16874/6/6
f 16873/4/6 16874/4/6 16875/4/6
f 16875/4/6 16874/4/6 16876/4/6
f 16877/4/6 16878/4/6 16879/4/6
f 16879/4/6 16878/4/6 16880/4/6
f 16881/4/6 16882/4/6 16883/4/6
f 16883/4/6 16882/4/6 16884/4/6
f 16885/4/6 16886/4/6 16889/4/6
f 16889/4/6 16886/4/6 16890/4/6
f 16887/4/6 16888/4/6 16891/4/6
f 16891/4/6 16888/4/6 16892/4/6
f 16893/4/6 16894/4/6 16899/4/6
f 16899/4/6 16894/4/6 16900/4/6
f 16895/4/6 16896/4/6 16901/4/6
f 16901/4/6 16896/4/6 16902/4/6
f 16897/4/6 16898/4/6 16903/4/6
f 16903/4/6 16898/4/6 16904/4/6
f 16905/4/6 16906/4/6 16907/4/6
f 16907/4/6 16906/4/6 16908/4/6
f 16909/4/6 16910/4/6 16911/4/6
f 16911/4/6 16910/4/6 16912/4/6
f 16913/4/6 16914/4/6 16915/4/6
f 16915/4/6 16914/4/6 16916/4/6
f 16917/6/6 16918/6/6 16919/6/6
f 16919/6/6 16918/6/6 16920/6/6
f 16921/4/6 16922/4/6 16925/4/6
f 16925/4/6 16922/4/6 16926/4/6
f 16923/4/6 16924/4/6 16927/4/6
f 16927/4/6 16924/4/6 16928/4/6
f 16929/4/6 16930/4/6 16931/4/6
f 16931/4/6 16930/4/6 16932/4/6
f 16933/4/6 16934/4/6 16937/4/6
f 16937/4/6 16934/4/6 16938/4/6
f 16935/4/6 16936/4/6 16939/4/6
f 16939/4/6 16936/4/6 16940/4/6
f 16941/4/6 16942/4/6 16943/4/6
f 16943/4/6 16942/4/6 16944/4/6
f 16945/4/6 16946/4/6 16951/4/6
f 16951/4/6 16946/4/6 16952/4/6
f 16947/4/6 16948/4/6 16953/4/6
f 16953/4/6 16948/4/6 16954/4/6
f 16949/4/6 16950/4/6 16955/4/6
f 16955/4/6 16950/4/6 16956/4/6
f 16957/1/6 16958/1/6 16960/1/6
f 16958/4/6 16959/4/6 16961/4/6
f 16960/1/6 16958/1/6 16961/1/6
f 16961/4/6 16959/4/6 16962/4/6
f 16963/4/6 16964/4/6 16965/4/6
f 16965/4/6 16964/4/6 16966/4/6
f 16967/4/6 16968/4/6 16971/4/6
f 16971/4/6 16968/4/6 16972/4/6
f 16969/4/6 16970/4/6 16973/4/6
f 16973/4/6 16970/4/6 16974/4/6
f 16975/4/6 16976/4/6 16979/4/6
f 16979/4/6 16976/4/6 16980/4/6
f 16977/4/6 16978/4/6 16981/4/6
f 16981/4/6 16978/4/6 16982/4/6
f 16983/4/6 16984/4/6 16985/4/6
f 16985/4/6 16984/4/6 16986/4/6
f 16987/1/6 16988/1/6 16990/1/6
f 16988/4/6 16989/4/6 16991/4/6
f 16990/1/6 16988/1/6 16991/1/6
f 16991/4/6 16989/4/6 16992/4/6
f 16993/1/6 16994/1/6 16996/1/6
f 16994/4/6 16995/4/6 16997/4/6
f 16996/1/6 16994/1/6 16997/1/6
f 16997/4/6 16995/4/6 16998/4/6
f 16999/4/6 17000/4/6 17001/4/6
f 17001/4/6 17000/4/6 17002/4/6
f 17003/4/6 17004/4/6 17007/4/6
f 17007/4/6 17004/4/6 17008/4/6
f 17005/4/6 17006/4/6 17009/4/6
f 17009/4/6 17006/4/6 17010/4/6
f 17011/4/6 17012/4/6 17013/4/6
f 17013/4/6 17012/4/6 17014/4/6
f 17015/4/6 17016/4/6 17017/4/6
f 17017/4/6 17016/4/6 17018/4/6
f 17019/1/6 17020/1/6 17022/1/6
f 17020/4/6 17021/4/6 17023/4/6
f 17022/1/6 17020/1/6 17023/1/6
f 17023/4/6 17021/4/6 17024/4/6
f 17025/1/6 17026/1/6 17028/1/6
f 17026/4/6 17027/4/6 17029/4/6
f 17028/1/6 17026/1/6 17029/1/6
f 17029/4/6 17027/4/6 17030/4/6
f 17031/4/6 17032/4/6 17033/4/6
f 17033/4/6 17032/4/6 17034/4/6
f 17035/4/6 17036/4/6 17039/4/6
f 17039/4/6 17036/4/6 17040/4/6
f 17037/4/6 17038/4/6 17041/4/6
f 17041/4/6 17038/4/6 17042/4/6
f 17043/4/6 17044/4/6 17047/4/6
f 17047/4/6 17044/4/6 17048/4/6
f 17045/4/6 17046/4/6 17049/4/6
f 17049/4/6 17046/4/6 17050/4/6
f 17051/4/6 17052/4/6 17056/4/6
f 17056/4/6 17052/4/6 17057/4/6
f 17053/1/6 17054/1/6 17058/1/6
f 17054/4/6 17055/4/6 17059/4/6
f 17058/1/6 17054/1/6 17059/1/6
f 17059/4/6 17055/4/6 17060/4/6
f 17064/4/6 17065/4/6 17066/4/6
f 17066/4/6 17065/4/6 17067/4/6
f 17061/1/6 17062/1/6 17068/1/6
f 17062/4/6 17063/4/6 17069/4/6
f 17068/1/6 17062/1/6 17069/1/6
f 17069/4/6 17063/4/6 17070/4/6
f 17071/4/6 17072/4/6 17075/4/6
f 17075/4/6 17072/4/6 17076/4/6
f 17073/4/6 17074/4/6 17077/4/6
f 17077/4/6 17074/4/6 17078/4/6
f 17079/1/6 17080/1/6 17082/1/6
f 17080/4/6 17081/4/6 17083/4/6
f 17082/1/6 17080/1/6 17083/1/6
f 17083/4/6 17081/4/6 17084/4/6
f 17085/4/6 17086/4/6 17087/4/6
f 17087/4/6 17086/4/6 17088/4/6
f 17089/4/6 17090/4/6 17091/4/6
f 17091/4/6 17090/4/6 17092/4/6
f 17093/4/6 17094/4/6 17097/4/6
f 17097/4/6 17094/4/6 17098/4/6
f 17095/4/6 17096/4/6 17099/4/6
f 17099/4/6 17096/4/6 17100/4/6
f 17101/4/6 17102/4/6 17105/4/6
f 17105/4/6 17102/4/6 17106/4/6
f 17103/4/6 17104/4/6 17107/4/6
f 17107/4/6 17104/4/6 17108/4/6
f 17109/4/6 17110/4/6 17111/4/6
f 17111/4/6 17110/4/6 17112/4/6
f 17113/4/6 17114/4/6 17115/4/6
f 17115/4/6 17114/4/6 17116/4/6
f 17117/4/6 17118/4/6 17119/4/6
f 17119/4/6 17118/4/6 17120/4/6
f 17121/4/6 17122/4/6 17125/4/6
f 17125/4/6 17122/4/6 17126/4/6
f 17123/4/6 17124/4/6 17127/4/6
f 17127/4/6 17124/4/6 17128/4/6
f 17129/4/6 17130/4/6 17131/4/6
f 17131/4/6 17130/4/6 17132/4/6
f 17133/4/6 17134/4/6 17135/4/6
f 17135/4/6 17134/4/6 17136/4/6
f 17137/4/6 17138/4/6 17139/4/6
f 17139/4/6 17138/4/6 17140/4/6
f 17141/4/6 17142/4/6 17145/4/6
f 17145/4/6 17142/4/6 17146/4/6
f 17143/4/6 17144/4/6 17147/4/6
f 17147/4/6 17144/4/6 17148/4/6
f 17149/4/6 17150/4/6 17151/4/6
f 17151/4/6 17150/4/6 17152/4/6
f 17153/4/6 17154/4/6 17155/4/6
f 17155/4/6 17154/4/6 17156/4/6
f 17157/4/6 17158/4/6 17159/4/6
f 17159/4/6 17158/4/6 17160/4/6
f 17161/5/6 17162/5/6 17163/5/6
f 17163/5/6 17162/5/6 17164/5/6
f 17165/4/6 17166/4/6 17169/4/6
f 17169/4/6 17166/4/6 17170/4/6
f 17167/4/6 17168/4/6 17171/4/6
f 17171/4/6 17168/4/6 17172/4/6
f 17173/4/6 17174/4/6 17175/4/6
f 17175/4/6 17174/4/6 17176/4/6
f 17177/4/6 17178/4/6 17181/4/6
f 17181/4/6 17178/4/6 17182/4/6
f 17179/4/6 17180/4/6 17183/4/6
f 17183/4/6 17180/4/6 17184/4/6
f 17185/5/6 17186/5/6 17189/5/6
f 17189/5/6 17186/5/6 17190/5/6
f 17187/5/6 17188/5/6 17191/5/6
f 17191/5/6 17188/5/6 17192/5/6
f 17196/4/6 17197/4/6 17200/4/6
f 17200/4/6 17197/4/6 17201/4/6
f 17198/4/6 17199/4/6 17202/4/6
f 17202/4/6 17199/4/6 17203/4/6
f 17204/4/6 17205/4/6 17206/4/6
f 17206/4/6 17205/4/6 17207/4/6
f 17208/4/6 17209/4/6 17210/4/6
f 17210/4/6 17209/4/6 17211/4/6
f 17212/4/6 17213/4/6 17214/4/6
f 17214/4/6 17213/4/6 17215/4/6
f 17216/5/6 17217/5/6 17218/5/6
f 17218/5/6 17217/5/6 17219/5/6
f 17193/6/6 17194/6/6 17220/6/6
f 17194/6/6 17195/6/6 17220/6/6
f 17220/6/6 17195/6/6 17221/6/6
f 17221/6/6 17195/6/6 17222/6/6
f 17223/6/6 17224/6/6 17225/6/6
f 17225/6/6 17224/6/6 17226/6/6
f 17225/6/6 17226/6/6 17227/6/6
f 17227/6/6 17226/6/6 17228/6/6
f 17229/6/6 17230/6/6 17231/6/6
f 17231/6/6 17230/6/6 17232/6/6
f 17231/6/6 17232/6/6 17233/6/6
f 17233/6/6 17232/6/6 17234/6/6
f 17238/4/6 17239/4/6 17242/4/6
f 17242/4/6 17239/4/6 17243/4/6
f 17240/4/6 17241/4/6 17244/4/6
f 17244/4/6 17241/4/6 17245/4/6
f 17246/4/6 17247/4/6 17248/4/6
f 17248/4/6 17247/4/6 17249/4/6
f 17250/4/6 17251/4/6 17252/4/6
f 17252/4/6 17251/4/6 17253/4/6
f 17254/5/6 17255/5/6 17260/5/6
f 17260/5/6 17255/5/6 17261/5/6
f 17256/5/6 17257/5/6 17262/5/6
f 17262/5/6 17257/5/6 17263/5/6
f 17258/4/6 17259/4/6 17264/4/6
f 17264/4/6 17259/4/6 17265/4/6
f 17235/6/6 17236/6/6 17266/6/6
f 17236/6/6 17237/6/6 17266/6/6
f 17266/6/6 17237/6/6 17267/6/6
f 17267/6/6 17237/6/6 17268/6/6
f 17269/4/6 17270/4/6 17273/4/6
f 17273/4/6 17270/4/6 17274/4/6
f 17271/4/6 17272/4/6 17275/4/6
f 17275/4/6 17272/4/6 17276/4/6
f 17277/4/6 17278/4/6 17279/4/6
f 17279/4/6 17278/4/6 17280/4/6
f 17281/4/6 17282/4/6 17283/4/6
f 17283/4/6 17282/4/6 17284/4/6
f 17285/4/6 17286/4/6 17287/4/6
f 17287/4/6 17286/4/6 17288/4/6
f 17289/4/6 17290/4/6 17296/4/6
f 17290/5/6 17291/5/6 17297/5/6
f 17296/4/6 17290/4/6 17297/4/6
f 17297/5/6 17291/5/6 17298/5/6
f 17292/5/6 17293/5/6 17299/5/6
f 17299/5/6 17293/5/6 17300/5/6
f 17294/4/6 17295/4/6 17301/4/6
f 17301/4/6 17295/4/6 17302/4/6
f 17303/4/6 17304/4/6 17309/4/6
f 17309/4/6 17304/4/6 17310/4/6
f 17305/4/6 17306/4/6 17311/4/6
f 17311/4/6 17306/4/6 17312/4/6
f 17307/4/6 17308/4/6 17313/4/6
f 17313/4/6 17308/4/6 17314/4/6
f 17315/4/6 17316/4/6 17317/4/6
f 17317/4/6 17316/4/6 17318/4/6
f 17319/4/6 17320/4/6 17321/4/6
f 17321/4/6 17320/4/6 17322/4/6
f 17323/4/6 17324/4/6 17325/4/6
f 17325/4/6 17324/4/6 17326/4/6
f 17327/4/6 17328/4/6 17329/4/6
f 17329/4/6 17328/4/6 17330/4/6
f 17331/4/6 17332/4/6 17335/4/6
f 17335/4/6 17332/4/6 17336/4/6
f 17333/4/6 17334/4/6 17337/4/6
f 17337/4/6 17334/4/6 17338/4/6
f 17339/4/6 17340/4/6 17343/4/6
f 17343/4/6 17340/4/6 17344/4/6
f 17341/4/6 17342/4/6 17345/4/6
f 17345/4/6 17342/4/6 17346/4/6
f 17347/4/6 17348/4/6 17349/4/6
f 17349/4/6 17348/4/6 17350/4/6
f 17351/4/6 17352/4/6 17353/4/6
f 17353/4/6 17352/4/6 17354/4/6
f 17355/4/6 17356/4/6 17359/4/6
f 17359/4/6 17356/4/6 17360/4/6
f 17357/4/6 17358/4/6 17361/4/6
f 17361/4/6 17358/4/6 17362/4/6
f 17363/6/6 17364/6/6 17367/6/6
f 17365/6/6 17366/6/6 17368/6/6
f 17363/6/6 17367/6/6 17369/6/6
f 17367/6/6 17368/6/6 17369/6/6
f 17369/6/6 17368/6/6 17370/6/6
f 17368/6/6 17366/6/6 17371/6/6
f 17370/6/6 17368/6/6 17371/6/6
f 17371/6/6 17366/6/6 17372/6/6
f 17370/6/6 17371/6/6 17373/6/6
f 17373/6/6 17371/6/6 17374/6/6
f 17375/4/6 17376/4/6 17379/4/6
f 17379/4/6 17376/4/6 17380/4/6
f 17377/4/6 17378/4/6 17381/4/6
f 17381/4/6 17378/4/6 17382/4/6
f 17383/4/6 17384/4/6 17385/4/6
f 17385/4/6 17384/4/6 17386/4/6
f 17387/4/6 17388/4/6 17391/4/6
f 17391/4/6 17388/4/6 17392/4/6
f 17389/4/6 17390/4/6 17393/4/6
f 17393/4/6 17390/4/6 17394/4/6
f 17395/4/6 17396/4/6 17399/4/6
f 17399/4/6 17396/4/6 17400/4/6
f 17397/4/6 17398/4/6 17401/4/6
f 17401/4/6 17398/4/6 17402/4/6
f 17370/6/6 17373/6/6 17403/6/6
f 17374/6/6 17371/6/6 17404/6/6
f 17370/6/6 17403/6/6 17406/6/6
f 17403/6/6 17404/6/6 17406/6/6
f 17404/6/6 17371/6/6 17407/6/6
f 17406/6/6 17404/6/6 17407/6/6
f 17405/6/6 17406/6/6 17409/6/6
f 17407/6/6 17408/6/6 17409/6/6
f 17406/6/6 17407/6/6 17409/6/6
f 17409/6/6 17408/6/6 17410/6/6
f 17405/6/6 17409/6/6 17411/6/6
f 17411/6/6 17409/6/6 17412/6/6
f 17410/6/6 17408/6/6 17413/6/6
f 17413/6/6 17408/6/6 17414/6/6
f 17415/4/6 17416/4/6 17417/4/6
f 17417/4/6 17416/4/6 17418/4/6
f 17419/4/6 17420/4/6 17421/4/6
f 17421/4/6 17420/4/6 17422/4/6
f 17423/4/6 17424/4/6 17425/4/6
f 17425/4/6 17424/4/6 17426/4/6
f 17427/4/6 17428/4/6 17429/4/6
f 17429/4/6 17428/4/6 17430/4/6
f 17431/4/6 17432/4/6 17435/4/6
f 17435/4/6 17432/4/6 17436/4/6
f 17433/4/6 17434/4/6 17437/4/6
f 17437/4/6 17434/4/6 17438/4/6
f 17439/4/6 17440/4/6 17441/4/6
f 17441/4/6 17440/4/6 17442/4/6
f 17443/4/6 17444/4/6 17445/4/6
f 17445/4/6 17444/4/6 17446/4/6
f 17447/4/6 17448/4/6 17449/4/6
f 17449/4/6 17448/4/6 17450/4/6
f 17451/4/6 17452/4/6 17453/4/6
f 17453/4/6 17452/4/6 17454/4/6
f 17455/4/6 17456/4/6 17457/4/6
f 17457/4/6 17456/4/6 17458/4/6
f 17459/4/6 17460/4/6 17463/4/6
f 17463/4/6 17460/4/6 17464/4/6
f 17461/4/6 17462/4/6 17465/4/6
f 17465/4/6 17462/4/6 17466/4/6
f 17467/4/6 17468/4/6 17471/4/6
f 17471/4/6 17468/4/6 17472/4/6
f 17469/4/6 17470/4/6 17473/4/6
f 17473/4/6 17470/4/6 17474/4/6
f 17475/4/6 17476/4/6 17477/4/6
f 17477/4/6 17476/4/6 17478/4/6
f 17479/4/6 17480/4/6 17481/4/6
f 17481/4/6 17480/4/6 17482/4/6
f 17483/4/6 17484/4/6 17485/4/6
f 17485/4/6 17484/4/6 17486/4/6
f 17487/4/6 17488/4/6 17489/4/6
f 17489/4/6 17488/4/6 17490/4/6
f 17491/4/6 17492/4/6 17495/4/6
f 17495/4/6 17492/4/6 17496/4/6
f 17493/4/6 17494/4/6 17497/4/6
f 17497/4/6 17494/4/6 17498/4/6
f 17499/4/6 17500/4/6 17503/4/6
f 17503/4/6 17500/4/6 17504/4/6
f 17501/4/6 17502/4/6 17505/4/6
f 17505/4/6 17502/4/6 17506/4/6
f 17507/4/6 17508/4/6 17509/4/6
f 17509/4/6 17508/4/6 17510/4/6
f 17511/4/6 17512/4/6 17513/4/6
f 17513/4/6 17512/4/6 17514/4/6
f 17515/4/6 17516/4/6 17519/4/6
f 17519/4/6 17516/4/6 17520/4/6
f 17517/4/6 17518/4/6 17521/4/6
f 17521/4/6 17518/4/6 17522/4/6
f 17523/4/6 17524/4/6 17525/4/6
f 17525/4/6 17524/4/6 17526/4/6
f 17527/4/6 17528/4/6 17529/4/6
f 17529/4/6 17528/4/6 17530/4/6
f 17531/4/6 17532/4/6 17535/4/6
f 17535/4/6 17532/4/6 17536/4/6
f 17533/4/6 17534/4/6 17537/4/6
f 17537/4/6 17534/4/6 17538/4/6
f 17539/4/6 17540/4/6 17543/4/6
f 17543/4/6 17540/4/6 17544/4/6
f 17541/4/6 17542/4/6 17545/4/6
f 17545/4/6 17542/4/6 17546/4/6
f 17547/4/6 17548/4/6 17549/4/6
f 17549/4/6 17548/4/6 17550/4/6
f 17551/4/6 17552/4/6 17555/4/6
f 17555/4/6 17552/4/6 17556/4/6
f 17553/4/6 17554/4/6 17557/4/6
f 17557/4/6 17554/4/6 17558/4/6
f 17559/4/6 17560/4/6 17563/4/6
f 17563/4/6 17560/4/6 17564/4/6
f 17561/4/6 17562/4/6 17565/4/6
f 17565/4/6 17562/4/6 17566/4/6
f 17567/4/6 17568/4/6 17571/4/6
f 17571/4/6 17568/4/6 17572/4/6
f 17569/4/6 17570/4/6 17573/4/6
f 17573/4/6 17570/4/6 17574/4/6
f 17575/4/6 17576/4/6 17577/4/6
f 17577/4/6 17576/4/6 17578/4/6
f 17579/4/6 17580/4/6 17581/4/6
f 17581/4/6 17580/4/6 17582/4/6
f 17583/4/6 17584/4/6 17587/4/6
f 17587/4/6 17584/4/6 17588/4/6
f 17585/4/6 17586/4/6 17589/4/6
f 17589/4/6 17586/4/6 17590/4/6
f 17591/4/6 17592/4/6 17595/4/6
f 17595/4/6 17592/4/6 17596/4/6
f 17593/4/6 17594/4/6 17597/4/6
f 17597/4/6 17594/4/6 17598/4/6
f 17599/4/6 17600/4/6 17605/4/6
f 17605/4/6 17600/4/6 17606/4/6
f 17601/4/6 17602/4/6 17607/4/6
f 17607/4/6 17602/4/6 17608/4/6
f 17603/4/6 17604/4/6 17611/4/6
f 17611/4/6 17604/4/6 17612/4/6
f 17609/4/6 17610/4/6 17613/4/6
f 17613/4/6 17610/4/6 17614/4/6
f 17615/4/6 17616/4/6 17619/4/6
f 17619/4/6 17616/4/6 17620/4/6
f 17617/4/6 17618/4/6 17621/4/6
f 17621/4/6 17618/4/6 17622/4/6
f 17623/4/6 17624/4/6 17625/4/6
f 17625/4/6 17624/4/6 17626/4/6
f 17627/4/6 17628/4/6 17631/4/6
f 17631/4/6 17628/4/6 17632/4/6
f 17629/4/6 17630/4/6 17633/4/6
f 17633/4/6 17630/4/6 17634/4/6
f 17635/4/6 17636/4/6 17639/4/6
f 17639/4/6 17636/4/6 17640/4/6
f 17637/4/6 17638/4/6 17643/4/6
f 17643/4/6 17638/4/6 17644/4/6
f 17641/4/6 17642/4/6 17645/4/6
f 17645/4/6 17642/4/6 17646/4/6
f 17647/4/6 17648/4/6 17649/4/6
f 17649/4/6 17648/4/6 17650/4/6
f 17651/4/6 17652/4/6 17655/4/6
f 17655/4/6 17652/4/6 17656/4/6
f 17653/4/6 17654/4/6 17657/4/6
f 17657/4/6 17654/4/6 17658/4/6
f 17659/4/6 17660/4/6 17663/4/6
f 17663/4/6 17660/4/6 17664/4/6
f 17661/4/6 17662/4/6 17665/4/6
f 17665/4/6 17662/4/6 17666/4/6
f 17667/4/6 17668/4/6 17671/4/6
f 17671/4/6 17668/4/6 17672/4/6
f 17669/4/6 17670/4/6 17673/4/6
f 17673/4/6 17670/4/6 17674/4/6
f 17675/4/6 17676/4/6 17677/4/6
f 17677/4/6 17676/4/6 17678/4/6
f 17679/4/6 17680/4/6 17681/4/6
f 17681/4/6 17680/4/6 17682/4/6
f 17683/4/6 17684/4/6 17687/4/6
f 17687/4/6 17684/4/6 17688/4/6
f 17685/4/6 17686/4/6 17689/4/6
f 17689/4/6 17686/4/6 17690/4/6
f 17691/4/6 17692/4/6 17695/4/6
f 17695/4/6 17692/4/6 17696/4/6
f 17693/4/6 17694/4/6 17697/4/6
f 17697/4/6 17694/4/6 17698/4/6
f 17699/4/6 17700/4/6 17703/4/6
f 17703/4/6 17700/4/6 17704/4/6
f 17701/4/6 17702/4/6 17705/4/6
f 17705/4/6 17702/4/6 17706/4/6
f 17707/4/6 17708/4/6 17709/4/6
f 17709/4/6 17708/4/6 17710/4/6
f 17711/4/6 17712/4/6 17713/4/6
f 17713/4/6 17712/4/6 17714/4/6
f 17715/4/6 17716/4/6 17719/4/6
f 17719/4/6 17716/4/6 17720/4/6
f 17717/4/6 17718/4/6 17721/4/6
f 17721/4/6 17718/4/6 17722/4/6
f 17723/4/6 17724/4/6 17727/4/6
f 17727/4/6 17724/4/6 17728/4/6
f 17725/4/6 17726/4/6 17729/4/6
f 17729/4/6 17726/4/6 17730/4/6
f 17731/4/6 17732/4/6 17735/4/6
f 17735/4/6 17732/4/6 17736/4/6
f 17733/4/6 17734/4/6 17737/4/6
f 17737/4/6 17734/4/6 17738/4/6
f 17739/4/6 17740/4/6 17741/4/6
f 17741/4/6 17740/4/6 17742/4/6
f 17743/4/6 17744/4/6 17745/4/6
f 17745/4/6 17744/4/6 17746/4/6
f 17747/4/6 17748/4/6 17751/4/6
f 17751/4/6 17748/4/6 17752/4/6
f 17749/4/6 17750/4/6 17753/4/6
f 17753/4/6 17750/4/6 17754/4/6
f 17755/4/6 17756/4/6 17757/4/6
f 17757/4/6 17756/4/6 17758/4/6
f 17759/4/6 17760/4/6 17763/4/6
f 17763/4/6 17760/4/6 17764/4/6
f 17761/4/6 17762/4/6 17765/4/6
f 17765/4/6 17762/4/6 17766/4/6
f 17767/4/6 17768/4/6 17769/4/6
f 17769/4/6 17768/4/6 17770/4/6
f 17771/4/6 17772/4/6 17773/4/6
f 17773/4/6 17772/4/6 17774/4/6
f 17775/4/6 17776/4/6 17779/4/6
f 17779/4/6 17776/4/6 17780/4/6
f 17777/4/6 17778/4/6 17781/4/6
f 17781/4/6 17778/4/6 17782/4/6
f 17783/4/6 17784/4/6 17785/4/6
f 17785/4/6 17784/4/6 17786/4/6
f 17789/4/6 17790/4/6 17791/4/6
f 17791/4/6 17790/4/6 17792/4/6
f 17787/4/6 17788/4/6 17793/4/6
f 17793/4/6 17788/4/6 17794/4/6
f 17795/4/6 17796/4/6 17799/4/6
f 17799/4/6 17796/4/6 17800/4/6
f 17797/4/6 17798/4/6 17801/4/6
f 17801/4/6 17798/4/6 17802/4/6
f 17803/4/6 17804/4/6 17807/4/6
f 17807/4/6 17804/4/6 17808/4/6
f 17805/4/6 17806/4/6 17809/4/6
f 17809/4/6 17806/4/6 17810/4/6
f 17811/4/6 17812/4/6 17813/4/6
f 17813/4/6 17812/4/6 17814/4/6
f 17815/4/6 17816/4/6 17817/4/6
f 17817/4/6 17816/4/6 17818/4/6
f 17819/4/6 17820/4/6 17823/4/6
f 17823/4/6 17820/4/6 17824/4/6
f 17821/4/6 17822/4/6 17825/4/6
f 17825/4/6 17822/4/6 17826/4/6
f 17827/4/6 17828/4/6 17831/4/6
f 17831/4/6 17828/4/6 17832/4/6
f 17829/4/6 17830/4/6 17833/4/6
f 17833/4/6 17830/4/6 17834/4/6
f 17835/4/6 17836/4/6 17837/4/6
f 17837/4/6 17836/4/6 17838/4/6
f 17839/4/6 17840/4/6 17841/4/6
f 17841/4/6 17840/4/6 17842/4/6
f 17843/4/6 17844/4/6 17845/4/6
f 17845/4/6 17844/4/6 17846/4/6
f 17847/4/6 17848/4/6 17851/4/6
f 17851/4/6 17848/4/6 17852/4/6
f 17849/4/6 17850/4/6 17853/4/6
f 17853/4/6 17850/4/6 17854/4/6
f 17855/4/6 17856/4/6 17859/4/6
f 17859/4/6 17856/4/6 17860/4/6
f 17857/4/6 17858/4/6 17861/4/6
f 17861/4/6 17858/4/6 17862/4/6
f 17863/4/6 17864/4/6 17865/4/6
f 17865/4/6 17864/4/6 17866/4/6
f 17867/4/6 17868/4/6 17869/4/6
f 17869/4/6 17868/4/6 17870/4/6
f 17871/4/6 17872/4/6 17875/4/6
f 17875/4/6 17872/4/6 17876/4/6
f 17873/4/6 17874/4/6 17877/4/6
f 17877/4/6 17874/4/6 17878/4/6
f 17879/4/6 17880/4/6 17881/4/6
f 17881/4/6 17880/4/6 17882/4/6
f 17883/4/6 17884/4/6 17889/4/6
f 17889/4/6 17884/4/6 17890/4/6
f 17885/4/6 17886/4/6 17891/4/6
f 17891/4/6 17886/4/6 17892/4/6
f 17887/4/6 17888/4/6 17893/4/6
f 17893/4/6 17888/4/6 17894/4/6
f 17895/4/6 17896/4/6 17897/4/6
f 17897/4/6 17896/4/6 17898/4/6
f 17899/4/6 17900/4/6 17903/4/6
f 17903/4/6 17900/4/6 17904/4/6
f 17901/4/6 17902/4/6 17905/4/6
f 17905/4/6 17902/4/6 17906/4/6
f 17907/4/6 17908/4/6 17911/4/6
f 17911/4/6 17908/4/6 17912/4/6
f 17909/4/6 17910/4/6 17913/4/6
f 17913/4/6 17910/4/6 17914/4/6
f 17915/4/6 17916/4/6 17917/4/6
f 17917/4/6 17916/4/6 17918/4/6
f 17919/4/6 17920/4/6 17921/4/6
f 17921/4/6 17920/4/6 17922/4/6
f 17925/4/6 17926/4/6 17927/4/6
f 17927/4/6 17926/4/6 17928/4/6
f 17923/4/6 17924/4/6 17929/4/6
f 17929/4/6 17924/4/6 17930/4/6
f 17931/4/6 17932/4/6 17935/4/6
f 17935/4/6 17932/4/6 17936/4/6
f 17933/4/6 17934/4/6 17937/4/6
f 17937/4/6 17934/4/6 17938/4/6
f 17939/4/6 17940/4/6 17941/4/6
f 17941/4/6 17940/4/6 17942/4/6
f 17943/4/6 17944/4/6 17947/4/6
f 17947/4/6 17944/4/6 17948/4/6
f 17945/4/6 17946/4/6 17949/4/6
f 17949/4/6 17946/4/6 17950/4/6
f 17953/4/6 17954/4/6 17955/4/6
f 17955/4/6 17954/4/6 17956/4/6
f 17951/4/6 17952/4/6 17957/4/6
f 17957/4/6 17952/4/6 17958/4/6
f 17959/4/6 17960/4/6 17963/4/6
f 17963/4/6 17960/4/6 17964/4/6
f 17961/4/6 17962/4/6 17965/4/6
f 17965/4/6 17962/4/6 17966/4/6
f 17967/4/6 17968/4/6 17971/4/6
f 17971/4/6 17968/4/6 17972/4/6
f 17969/4/6 17970/4/6 17973/4/6
f 17973/4/6 17970/4/6 17974/4/6
f 17975/4/6 17976/4/6 17979/4/6
f 17979/4/6 17976/4/6 17980/4/6
f 17977/4/6 17978/4/6 17981/4/6
f 17981/4/6 17978/4/6 17982/4/6
f 17985/4/6 17986/4/6 17987/4/6
f 17987/4/6 17986/4/6 17988/4/6
f 17983/4/6 17984/4/6 17989/4/6
f 17989/4/6 17984/4/6 17990/4/6
f 17991/4/6 17992/4/6 17995/4/6
f 17995/4/6 17992/4/6 17996/4/6
f 17993/4/6 17994/4/6 17997/4/6
f 17997/4/6 17994/4/6 17998/4/6
f 17999/4/6 18000/4/6 18003/4/6
f 18003/4/6 18000/4/6 18004/4/6
f 18001/4/6 18002/4/6 18005/4/6
f 18005/4/6 18002/4/6 18006/4/6
f 18007/4/6 18008/4/6 18011/4/6
f 18011/4/6 18008/4/6 18012/4/6
f 18009/4/6 18010/4/6 18013/4/6
f 18013/4/6 18010/4/6 18014/4/6
f 18015/4/6 18016/4/6 18017/4/6
f 18017/4/6 18016/4/6 18018/4/6
f 18019/4/6 18020/4/6 18023/4/6
f 18023/4/6 18020/4/6 18024/4/6
f 18021/4/6 18022/4/6 18025/4/6
f 18025/4/6 18022/4/6 18026/4/6
f 18027/4/6 18028/4/6 18031/4/6
f 18031/4/6 18028/4/6 18032/4/6
f 18029/4/6 18030/4/6 18033/4/6
f 18033/4/6 18030/4/6 18034/4/6
f 18035/4/6 18036/4/6 18039/4/6
f 18039/4/6 18036/4/6 18040/4/6
f 18037/4/6 18038/4/6 18041/4/6
f 18041/4/6 18038/4/6 18042/4/6
f 18043/4/6 18044/4/6 18045/4/6
f 18045/4/6 18044/4/6 18046/4/6
f 18047/4/6 18048/4/6 18051/4/6
f 18051/4/6 18048/4/6 18052/4/6
f 18049/4/6 18050/4/6 18053/4/6
f 18053/4/6 18050/4/6 18054/4/6
f 18055/4/6 18056/4/6 18057/4/6
f 18057/4/6 18056/4/6 18058/4/6
f 18059/4/6 18060/4/6 18061/4/6
f 18061/4/6 18060/4/6 18062/4/6
f 18063/4/6 18064/4/6 18067/4/6
f 18067/4/6 18064/4/6 18068/4/6
f 18065/4/6 18066/4/6 18069/4/6
f 18069/4/6 18066/4/6 18070/4/6
f 18071/4/6 18072/4/6 18073/4/6
f 18073/4/6 18072/4/6 18074/4/6
f 18075/4/6 18076/4/6 18079/4/6
f 18079/4/6 18076/4/6 18080/4/6
f 18077/4/6 18078/4/6 18081/4/6
f 18081/4/6 18078/4/6 18082/4/6
f 18083/4/6 18084/4/6 18087/4/6
f 18087/4/6 18084/4/6 18088/4/6
f 18085/4/6 18086/4/6 18089/4/6
f 18089/4/6 18086/4/6 18090/4/6
f 18091/4/6 18092/4/6 18093/4/6
f 18093/4/6 18092/4/6 18094/4/6
f 18095/4/6 18096/4/6 18099/4/6
f 18099/4/6 18096/4/6 18100/4/6
f 18097/4/6 18098/4/6 18101/4/6
f 18101/4/6 18098/4/6 18102/4/6
f 18103/4/6 18104/4/6 18107/4/6
f 18107/4/6 18104/4/6 18108/4/6
f 18105/4/6 18106/4/6 18109/4/6
f 18109/4/6 18106/4/6 18110/4/6
f 18111/4/6 18112/4/6 18115/4/6
f 18115/4/6 18112/4/6 18116/4/6
f 18113/4/6 18114/4/6 18117/4/6
f 18117/4/6 18114/4/6 18118/4/6
f 18119/4/6 18120/4/6 18121/4/6
f 18121/4/6 18120/4/6 18122/4/6
f 18123/4/6 18124/4/6 18125/4/6
f 18125/4/6 18124/4/6 18126/4/6
f 18127/4/6 18128/4/6 18131/4/6
f 18131/4/6 18128/4/6 18132/4/6
f 18129/4/6 18130/4/6 18133/4/6
f 18133/4/6 18130/4/6 18134/4/6
f 18135/4/6 18136/4/6 18137/4/6
f 18137/4/6 18136/4/6 18138/4/6
f 18139/2/6 18140/2/6 18142/2/6
f 18142/2/6 18140/2/6 18143/2/6
f 18141/2/6 18142/2/6 18146/2/6
f 18146/2/6 18142/2/6 18147/2/6
f 18143/2/6 18144/2/6 18148/2/6
f 18148/2/6 18144/2/6 18149/2/6
f 18145/2/6 18146/2/6 18152/2/6
f 18152/2/6 18146/2/6 18153/2/6
f 18153/2/6 18146/2/6 18154/2/6
f 18149/2/6 18150/2/6 18155/2/6
f 18155/2/6 18150/2/6 18156/2/6
f 18156/2/6 18150/2/6 18157/2/6
f 18151/2/6 18152/2/6 18160/2/6
f 18152/2/6 18153/2/6 18160/2/6
f 18160/2/6 18153/2/6 18161/2/6
f 18161/2/6 18153/2/6 18162/2/6
f 18157/2/6 18158/2/6 18163/2/6
f 18156/2/6 18157/2/6 18163/2/6
f 18163/2/6 18158/2/6 18164/2/6
f 18164/2/6 18158/2/6 18165/2/6
f 18160/2/6 18161/2/6 18168/2/6
f 18159/2/6 18160/2/6 18168/2/6
f 18168/2/6 18161/2/6 18169/2/6
f 18165/2/6 18166/2/6 18170/2/6
f 18164/2/6 18165/2/6 18170/2/6
f 18170/2/6 18166/2/6 18171/2/6
f 18167/2/6 18168/2/6 18174/2/6
f 18174/2/6 18168/2/6 18175/2/6
f 18175/2/6 18168/2/6 18176/2/6
f 18171/2/6 18172/2/6 18177/2/6
f 18177/2/6 18172/2/6 18178/2/6
f 18178/2/6 18172/2/6 18179/2/6
f 18173/2/6 18174/2/6 18182/2/6
f 18174/2/6 18175/2/6 18182/2/6
f 18182/2/6 18175/2/6 18183/2/6
f 18179/2/6 18180/2/6 18184/2/6
f 18178/2/6 18179/2/6 18184/2/6
f 18184/2/6 18180/2/6 18185/2/6
f 18181/2/6 18182/2/6 18188/2/6
f 18188/2/6 18182/2/6 18189/2/6
f 18185/2/6 18186/2/6 18190/2/6
f 18190/2/6 18186/2/6 18191/2/6
f 18187/2/6 18188/2/6 18194/2/6
f 18194/2/6 18188/2/6 18195/2/6
f 18191/2/6 18192/2/6 18196/2/6
f 18196/2/6 18192/2/6 18197/2/6
f 18193/2/6 18194/2/6 18200/2/6
f 18197/2/6 18198/2/6 18201/2/6
f 18199/2/6 18200/2/6 18203/2/6
f 18200/2/6 18194/2/6 18203/2/6
f 18203/2/6 18194/2/6 18204/2/6
f 18201/2/6 18202/2/6 18205/2/6
f 18197/2/6 18201/2/6 18205/2/6
f 18205/2/6 18202/2/6 18206/2/6
f 18199/2/6 18203/2/6 18208/2/6
f 18208/2/6 18203/2/6 18209/2/6
f 18206/2/6 18202/2/6 18210/2/6
f 18210/2/6 18202/2/6 18211/2/6
f 18207/2/6 18208/2/6 18214/2/6
f 18211/2/6 18212/2/6 18215/2/6
f 18213/2/6 18214/2/6 18217/2/6
f 18214/2/6 18208/2/6 18217/2/6
f 18217/2/6 18208/2/6 18218/2/6
f 18215/2/6 18216/2/6 18219/2/6
f 18211/2/6 18215/2/6 18219/2/6
f 18219/2/6 18216/2/6 18220/2/6
f 18213/2/6 18217/2/6 18222/2/6
f 18222/2/6 18217/2/6 18223/2/6
f 18220/2/6 18216/2/6 18224/2/6
f 18224/2/6 18216/2/6 18225/2/6
f 18221/2/6 18222/2/6 18228/2/6
f 18225/2/6 18226/2/6 18229/2/6
f 18227/2/6 18228/2/6 18231/2/6
f 18228/2/6 18222/2/6 18231/2/6
f 18231/2/6 18222/2/6 18232/2/6
f 18229/2/6 18230/2/6 18233/2/6
f 18225/2/6 18229/2/6 18233/2/6
f 18233/2/6 18230/2/6 18234/2/6
f 18227/2/6 18231/2/6 18236/2/6
f 18234/2/6 18230/2/6 18237/2/6
f 18235/2/6 18236/2/6 18239/2/6
f 18236/2/6 18231/2/6 18239/2/6
f 18239/2/6 18231/2/6 18240/2/6
f 18237/2/6 18238/2/6 18241/2/6
f 18234/2/6 18237/2/6 18241/2/6
f 18241/2/6 18238/2/6 18242/2/6
f 18235/2/6 18239/2/6 18243/2/6
f 18242/2/6 18238/2/6 18246/2/6
f 18243/2/6 18244/2/6 18247/2/6
f 18235/2/6 18243/2/6 18247/2/6
f 18247/2/6 18244/2/6 18248/2/6
f 18245/2/6 18246/2/6 18249/2/6
f 18246/2/6 18238/2/6 18249/2/6
f 18249/2/6 18238/2/6 18250/2/6
f 18248/2/6 18244/2/6 18251/2/6
f 18245/2/6 18249/2/6 18254/2/6
f 18251/2/6 18252/2/6 18255/2/6
f 18248/2/6 18251/2/6 18255/2/6
f 18255/2/6 18252/2/6 18256/2/6
f 18253/2/6 18254/2/6 18257/2/6
f 18254/2/6 18249/2/6 18257/2/6
f 18257/2/6 18249/2/6 18258/2/6
f 18256/2/6 18252/2/6 18259/2/6
f 18259/2/6 18252/2/6 18260/2/6
f 18253/2/6 18257/2/6 18263/2/6
f 18263/2/6 18257/2/6 18264/2/6
f 18260/2/6 18261/2/6 18265/2/6
f 18262/2/6 18263/2/6 18268/2/6
f 18265/2/6 18266/2/6 18269/2/6
f 18260/2/6 18265/2/6 18269/2/6
f 18269/2/6 18266/2/6 18270/2/6
f 18267/2/6 18268/2/6 18271/2/6
f 18268/2/6 18263/2/6 18271/2/6
f 18271/2/6 18263/2/6 18272/2/6
f 18270/2/6 18266/2/6 18273/2/6
f 18273/2/6 18266/2/6 18274/2/6
f 18267/2/6 18271/2/6 18277/2/6
f 18277/2/6 18271/2/6 18278/2/6
f 18274/2/6 18275/2/6 18279/2/6
f 18276/2/6 18277/2/6 18282/2/6
f 18279/2/6 18280/2/6 18283/2/6
f 18274/2/6 18279/2/6 18283/2/6
f 18283/2/6 18280/2/6 18284/2/6
f 18281/2/6 18282/2/6 18285/2/6
f 18282/2/6 18277/2/6 18285/2/6
f 18285/2/6 18277/2/6 18286/2/6
f 18284/2/6 18280/2/6 18287/2/6
f 18287/2/6 18280/2/6 18288/2/6
f 18281/2/6 18285/2/6 18291/2/6
f 18291/2/6 18285/2/6 18292/2/6
f 18288/2/6 18289/2/6 18293/2/6
f 18293/2/6 18289/2/6 18294/2/6
f 18290/2/6 18291/2/6 18297/2/6
f 18297/2/6 18291/2/6 18298/2/6
f 18294/2/6 18295/2/6 18299/2/6
f 18299/2/6 18295/2/6 18300/2/6
f 18296/2/6 18297/2/6 18303/2/6
f 18303/2/6 18297/2/6 18304/2/6
f 18300/2/6 18301/2/6 18305/2/6
f 18305/2/6 18301/2/6 18306/2/6
f 18306/2/6 18301/2/6 18307/2/6
f 18302/2/6 18303/2/6 18310/2/6
f 18310/2/6 18303/2/6 18311/2/6
f 18311/2/6 18303/2/6 18312/2/6
f 18307/2/6 18308/2/6 18313/2/6
f 18306/2/6 18307/2/6 18313/2/6
f 18313/2/6 18308/2/6 18314/2/6
f 18310/2/6 18311/2/6 18317/2/6
f 18309/2/6 18310/2/6 18317/2/6
f 18317/2/6 18311/2/6 18318/2/6
f 18314/2/6 18315/2/6 18319/2/6
f 18319/2/6 18315/2/6 18320/2/6
f 18320/2/6 18315/2/6 18321/2/6
f 18316/2/6 18317/2/6 18324/2/6
f 18324/2/6 18317/2/6 18325/2/6
f 18325/2/6 18317/2/6 18326/2/6
f 18321/2/6 18322/2/6 18327/2/6
f 18320/2/6 18321/2/6 18327/2/6
f 18327/2/6 18322/2/6 18328/2/6
f 18328/2/6 18322/2/6 18329/2/6
f 18324/2/6 18325/2/6 18332/2/6
f 18323/2/6 18324/2/6 18332/2/6
f 18332/2/6 18325/2/6 18333/2/6
f 18333/2/6 18325/2/6 18334/2/6
f 18329/2/6 18330/2/6 18335/2/6
f 18328/2/6 18329/2/6 18335/2/6
f 18335/2/6 18330/2/6 18336/2/6
f 18332/2/6 18333/2/6 18339/2/6
f 18331/2/6 18332/2/6 18339/2/6
f 18339/2/6 18333/2/6 18340/2/6
f 18336/2/6 18337/2/6 18341/2/6
f 18341/2/6 18337/2/6 18342/2/6
f 18338/2/6 18339/2/6 18343/2/6
f 18343/2/6 18339/2/6 18344/2/6
f 18342/2/6 18343/2/6 18345/2/6
f 18345/2/6 18343/2/6 18346/2/6
f 18347/2/6 18348/2/6 18350/2/6
f 18350/2/6 18348/2/6 18351/2/6
f 18349/2/6 18350/2/6 18354/2/6
f 18351/2/6 18352/2/6 18354/2/6
f 18350/2/6 18351/2/6 18354/2/6
f 18354/2/6 18352/2/6 18355/2/6
f 18355/2/6 18352/2/6 18356/2/6
f 18356/2/6 18352/2/6 18357/2/6
f 18353/2/6 18354/2/6 18360/2/6
f 18354/2/6 18355/2/6 18360/2/6
f 18360/2/6 18355/2/6 18361/2/6
f 18361/2/6 18355/2/6 18362/2/6
f 18356/2/6 18357/2/6 18363/2/6
f 18357/2/6 18358/2/6 18363/2/6
f 18363/2/6 18358/2/6 18364/2/6
f 18364/2/6 18358/2/6 18365/2/6
f 18360/2/6 18361/2/6 18368/2/6
f 18359/2/6 18360/2/6 18368/2/6
f 18368/2/6 18361/2/6 18369/2/6
f 18369/2/6 18361/2/6 18370/2/6
f 18365/2/6 18366/2/6 18371/2/6
f 18364/2/6 18365/2/6 18371/2/6
f 18371/2/6 18366/2/6 18372/2/6
f 18372/2/6 18366/2/6 18373/2/6
f 18368/2/6 18369/2/6 18376/2/6
f 18367/2/6 18368/2/6 18376/2/6
f 18376/2/6 18369/2/6 18377/2/6
f 18377/2/6 18369/2/6 18378/2/6
f 18373/2/6 18374/2/6 18379/2/6
f 18372/2/6 18373/2/6 18379/2/6
f 18379/2/6 18374/2/6 18380/2/6
f 18380/2/6 18374/2/6 18381/2/6
f 18376/2/6 18377/2/6 18384/2/6
f 18375/2/6 18376/2/6 18384/2/6
f 18384/2/6 18377/2/6 18385/2/6
f 18385/2/6 18377/2/6 18386/2/6
f 18381/2/6 18382/2/6 18387/2/6
f 18380/2/6 18381/2/6 18387/2/6
f 18387/2/6 18382/2/6 18388/2/6
f 18388/2/6 18382/2/6 18389/2/6
f 18384/2/6 18385/2/6 18392/2/6
f 18383/2/6 18384/2/6 18392/2/6
f 18392/2/6 18385/2/6 18393/2/6
f 18393/2/6 18385/2/6 18394/2/6
f 18389/2/6 18390/2/6 18395/2/6
f 18388/2/6 18389/2/6 18395/2/6
f 18395/2/6 18390/2/6 18396/2/6
f 18396/2/6 18390/2/6 18397/2/6
f 18392/2/6 18393/2/6 18400/2/6
f 18391/2/6 18392/2/6 18400/2/6
f 18400/2/6 18393/2/6 18401/2/6
f 18401/2/6 18393/2/6 18402/2/6
f 18397/2/6 18398/2/6 18403/2/6
f 18396/2/6 18397/2/6 18403/2/6
f 18403/2/6 18398/2/6 18404/2/6
f 18404/2/6 18398/2/6 18405/2/6
f 18400/2/6 18401/2/6 18407/2/6
f 18399/2/6 18400/2/6 18407/2/6
f 18407/2/6 18401/2/6 18408/2/6
f 18405/2/6 18406/2/6 18409/2/6
f 18404/2/6 18405/2/6 18409/2/6
f 18409/2/6 18406/2/6 18410/2/6
f 18399/2/6 18407/2/6 18412/2/6
f 18412/2/6 18407/2/6 18413/2/6
f 18413/2/6 18407/2/6 18414/2/6
f 18410/2/6 18406/2/6 18415/2/6
f 18415/2/6 18406/2/6 18416/2/6
f 18416/2/6 18406/2/6 18417/2/6
f 18411/2/6 18412/2/6 18420/2/6
f 18412/2/6 18413/2/6 18420/2/6
f 18420/2/6 18413/2/6 18421/2/6
f 18421/2/6 18413/2/6 18422/2/6
f 18417/2/6 18418/2/6 18423/2/6
f 18416/2/6 18417/2/6 18423/2/6
f 18423/2/6 18418/2/6 18424/2/6
f 18424/2/6 18418/2/6 18425/2/6
f 18420/2/6 18421/2/6 18427/2/6
f 18419/2/6 18420/2/6 18427/2/6
f 18427/2/6 18421/2/6 18428/2/6
f 18425/2/6 18426/2/6 18429/2/6
f 18424/2/6 18425/2/6 18429/2/6
f 18429/2/6 18426/2/6 18430/2/6
f 18419/2/6 18427/2/6 18432/2/6
f 18430/2/6 18426/2/6 18433/2/6
f 18431/2/6 18432/2/6 18436/2/6
f 18432/2/6 18427/2/6 18437/2/6
f 18436/2/6 18432/2/6 18437/2/6
f 18437/2/6 18427/2/6 18438/2/6
f 18433/2/6 18434/2/6 18439/2/6
f 18430/2/6 18433/2/6 18439/2/6
f 18439/2/6 18434/2/6 18440/2/6
f 18440/2/6 18434/2/6 18441/2/6
f 18435/2/6 18436/2/6 18443/2/6
f 18436/2/6 18437/2/6 18443/2/6
f 18443/2/6 18437/2/6 18444/2/6
f 18441/2/6 18442/2/6 18445/2/6
f 18440/2/6 18441/2/6 18445/2/6
f 18445/2/6 18442/2/6 18446/2/6
f 18435/2/6 18443/2/6 18448/2/6
f 18446/2/6 18442/2/6 18449/2/6
f 18447/2/6 18448/2/6 18451/2/6
f 18448/2/6 18443/2/6 18451/2/6
f 18451/2/6 18443/2/6 18452/2/6
f 18449/2/6 18450/2/6 18453/2/6
f 18446/2/6 18449/2/6 18453/2/6
f 18453/2/6 18450/2/6 18454/2/6
f 18447/2/6 18451/2/6 18456/2/6
f 18454/2/6 18450/2/6 18457/2/6
f 18455/2/6 18456/2/6 18459/2/6
f 18456/2/6 18451/2/6 18460/2/6
f 18459/2/6 18456/2/6 18460/2/6
f 18457/2/6 18458/2/6 18461/2/6
f 18454/2/6 18457/2/6 18461/2/6
f 18461/2/6 18458/2/6 18462/2/6
f 18460/2/6 18451/2/6 18463/2/6
f 18454/2/6 18461/2/6 18466/2/6
f 18463/2/6 18464/2/6 18467/2/6
f 18460/2/6 18463/2/6 18467/2/6
f 18467/2/6 18464/2/6 18468/2/6
f 18465/2/6 18466/2/6 18469/2/6
f 18466/2/6 18461/2/6 18469/2/6
f 18469/2/6 18461/2/6 18470/2/6
f 18468/2/6 18464/2/6 18471/2/6
f 18465/2/6 18469/2/6 18474/2/6
f 18471/2/6 18472/2/6 18475/2/6
f 18468/2/6 18471/2/6 18475/2/6
f 18475/2/6 18472/2/6 18476/2/6
f 18476/2/6 18472/2/6 18477/2/6
f 18473/2/6 18474/2/6 18480/2/6
f 18474/2/6 18469/2/6 18481/2/6
f 18480/2/6 18474/2/6 18481/2/6
f 18481/2/6 18469/2/6 18482/2/6
f 18477/2/6 18478/2/6 18483/2/6
f 18476/2/6 18477/2/6 18483/2/6
f 18483/2/6 18478/2/6 18484/2/6
f 18479/2/6 18480/2/6 18485/2/6
f 18480/2/6 18481/2/6 18485/2/6
f 18485/2/6 18481/2/6 18486/2/6
f 18484/2/6 18478/2/6 18487/2/6
f 18479/2/6 18485/2/6 18490/2/6
f 18487/2/6 18488/2/6 18491/2/6
f 18484/2/6 18487/2/6 18491/2/6
f 18491/2/6 18488/2/6 18492/2/6
f 18492/2/6 18488/2/6 18493/2/6
f 18489/2/6 18490/2/6 18496/2/6
f 18490/2/6 18485/2/6 18497/2/6
f 18496/2/6 18490/2/6 18497/2/6
f 18497/2/6 18485/2/6 18498/2/6
f 18493/2/6 18494/2/6 18499/2/6
f 18492/2/6 18493/2/6 18499/2/6
f 18499/2/6 18494/2/6 18500/2/6
f 18500/2/6 18494/2/6 18501/2/6
f 18495/2/6 18496/2/6 18504/2/6
f 18496/2/6 18497/2/6 18504/2/6
f 18504/2/6 18497/2/6 18505/2/6
f 18505/2/6 18497/2/6 18506/2/6
f 18501/2/6 18502/2/6 18507/2/6
f 18500/2/6 18501/2/6 18507/2/6
f 18504/2/6 18505/2/6 18510/2/6
f 18503/2/6 18504/2/6 18510/2/6
f 18507/2/6 18508/2/6 18511/2/6
f 18500/2/6 18507/2/6 18511/2/6
f 18511/2/6 18508/2/6 18512/2/6
f 18512/2/6 18508/2/6 18513/2/6
f 18509/2/6 18510/2/6 18516/2/6
f 18510/2/6 18505/2/6 18517/2/6
f 18516/2/6 18510/2/6 18517/2/6
f 18517/2/6 18505/2/6 18518/2/6
f 18513/2/6 18514/2/6 18519/2/6
f 18512/2/6 18513/2/6 18519/2/6
f 18519/2/6 18514/2/6 18520/2/6
f 18520/2/6 18514/2/6 18521/2/6
f 18515/2/6 18516/2/6 18524/2/6
f 18516/2/6 18517/2/6 18524/2/6
f 18524/2/6 18517/2/6 18525/2/6
f 18525/2/6 18517/2/6 18526/2/6
f 18521/2/6 18522/2/6 18527/2/6
f 18520/2/6 18521/2/6 18527/2/6
f 18527/2/6 18522/2/6 18528/2/6
f 18528/2/6 18522/2/6 18529/2/6
f 18524/2/6 18525/2/6 18532/2/6
f 18523/2/6 18524/2/6 18532/2/6
f 18532/2/6 18525/2/6 18533/2/6
f 18533/2/6 18525/2/6 18534/2/6
f 18529/2/6 18530/2/6 18535/2/6
f 18528/2/6 18529/2/6 18535/2/6
f 18535/2/6 18530/2/6 18536/2/6
f 18536/2/6 18530/2/6 18537/2/6
f 18532/2/6 18533/2/6 18540/2/6
f 18531/2/6 18532/2/6 18540/2/6
f 18540/2/6 18533/2/6 18541/2/6
f 18541/2/6 18533/2/6 18542/2/6
f 18537/2/6 18538/2/6 18543/2/6
f 18536/2/6 18537/2/6 18543/2/6
f 18543/2/6 18538/2/6 18544/2/6
f 18544/2/6 18538/2/6 18545/2/6
f 18540/2/6 18541/2/6 18548/2/6
f 18539/2/6 18540/2/6 18548/2/6
f 18548/2/6 18541/2/6 18549/2/6
f 18549/2/6 18541/2/6 18550/2/6
f 18545/2/6 18546/2/6 18551/2/6
f 18544/2/6 18545/2/6 18551/2/6
f 18551/2/6 18546/2/6 18552/2/6
f 18552/2/6 18546/2/6 18553/2/6
f 18548/2/6 18549/2/6 18556/2/6
f 18547/2/6 18548/2/6 18556/2/6
f 18556/2/6 18549/2/6 18557/2/6
f 18557/2/6 18549/2/6 18558/2/6
f 18553/2/6 18554/2/6 18559/2/6
f 18552/2/6 18553/2/6 18559/2/6
f 18559/2/6 18554/2/6 18560/2/6
f 18560/2/6 18554/2/6 18561/2/6
f 18556/2/6 18557/2/6 18562/2/6
f 18555/2/6 18556/2/6 18562/2/6
f 18562/2/6 18557/2/6 18563/2/6
f 18563/2/6 18557/2/6 18564/2/6
f 18560/2/6 18561/2/6 18565/2/6
f 18562/2/6 18563/2/6 18565/2/6
f 18561/2/6 18562/2/6 18565/2/6
f 18565/2/6 18563/2/6 18566/2/6
f 18566/2/6 18563/2/6 18567/2/6
f 18567/2/6 18563/2/6 18568/2/6
f 18566/2/6 18567/2/6 18569/2/6
f 18569/2/6 18567/2/6 18570/2/6
f 18571/2/6 18572/2/6 18574/2/6
f 18574/2/6 18572/2/6 18575/2/6
f 18573/2/6 18574/2/6 18578/2/6
f 18575/2/6 18576/2/6 18578/2/6
f 18574/2/6 18575/2/6 18578/2/6
f 18578/2/6 18576/2/6 18579/2/6
f 18577/2/6 18578/2/6 18582/2/6
f 18579/2/6 18580/2/6 18582/2/6
f 18578/2/6 18579/2/6 18582/2/6
f 18582/2/6 18580/2/6 18583/2/6
f 18581/2/6 18582/2/6 18586/2/6
f 18583/2/6 18584/2/6 18586/2/6
f 18582/2/6 18583/2/6 18586/2/6
f 18586/2/6 18584/2/6 18587/2/6
f 18587/2/6 18584/2/6 18588/2/6
f 18588/2/6 18584/2/6 18589/2/6
f 18585/2/6 18586/2/6 18592/2/6
f 18586/2/6 18587/2/6 18592/2/6
f 18592/2/6 18587/2/6 18593/2/6
f 18593/2/6 18587/2/6 18594/2/6
f 18588/2/6 18589/2/6 18595/2/6
f 18589/2/6 18590/2/6 18595/2/6
f 18595/2/6 18590/2/6 18596/2/6
f 18596/2/6 18590/2/6 18597/2/6
f 18592/2/6 18593/2/6 18600/2/6
f 18591/2/6 18592/2/6 18600/2/6
f 18600/2/6 18593/2/6 18601/2/6
f 18601/2/6 18593/2/6 18602/2/6
f 18597/2/6 18598/2/6 18603/2/6
f 18596/2/6 18597/2/6 18603/2/6
f 18603/2/6 18598/2/6 18604/2/6
f 18604/2/6 18598/2/6 18605/2/6
f 18600/2/6 18601/2/6 18608/2/6
f 18599/2/6 18600/2/6 18608/2/6
f 18608/2/6 18601/2/6 18609/2/6
f 18609/2/6 18601/2/6 18610/2/6
f 18605/2/6 18606/2/6 18611/2/6
f 18604/2/6 18605/2/6 18611/2/6
f 18611/2/6 18606/2/6 18612/2/6
f 18612/2/6 18606/2/6 18613/2/6
f 18608/2/6 18609/2/6 18616/2/6
f 18607/2/6 18608/2/6 18616/2/6
f 18616/2/6 18609/2/6 18617/2/6
f 18617/2/6 18609/2/6 18618/2/6
f 18613/2/6 18614/2/6 18619/2/6
f 18612/2/6 18613/2/6 18619/2/6
f 18619/2/6 18614/2/6 18620/2/6
f 18620/2/6 18614/2/6 18621/2/6
f 18616/2/6 18617/2/6 18624/2/6
f 18615/2/6 18616/2/6 18624/2/6
f 18624/2/6 18617/2/6 18625/2/6
f 18625/2/6 18617/2/6 18626/2/6
f 18621/2/6 18622/2/6 18627/2/6
f 18620/2/6 18621/2/6 18627/2/6
f 18627/2/6 18622/2/6 18628/2/6
f 18628/2/6 18622/2/6 18629/2/6
f 18624/2/6 18625/2/6 18632/2/6
f 18623/2/6 18624/2/6 18632/2/6
f 18632/2/6 18625/2/6 18633/2/6
f 18633/2/6 18625/2/6 18634/2/6
f 18629/2/6 18630/2/6 18635/2/6
f 18628/2/6 18629/2/6 18635/2/6
f 18635/2/6 18630/2/6 18636/2/6
f 18636/2/6 18630/2/6 18637/2/6
f 18632/2/6 18633/2/6 18639/2/6
f 18631/2/6 18632/2/6 18639/2/6
f 18639/2/6 18633/2/6 18640/2/6
f 18637/2/6 18638/2/6 18641/2/6
f 18636/2/6 18637/2/6 18641/2/6
f 18641/2/6 18638/2/6 18642/2/6
f 18631/2/6 18639/2/6 18644/2/6
f 18642/2/6 18638/2/6 18645/2/6
f 18643/2/6 18644/2/6 18647/2/6
f 18644/2/6 18639/2/6 18647/2/6
f 18647/2/6 18639/2/6 18648/2/6
f 18645/2/6 18646/2/6 18649/2/6
f 18642/2/6 18645/2/6 18649/2/6
f 18649/2/6 18646/2/6 18650/2/6
f 18643/2/6 18647/2/6 18652/2/6
f 18652/2/6 18647/2/6 18653/2/6
f 18653/2/6 18647/2/6 18654/2/6
f 18650/2/6 18646/2/6 18655/2/6
f 18655/2/6 18646/2/6 18656/2/6
f 18656/2/6 18646/2/6 18657/2/6
f 18651/2/6 18652/2/6 18660/2/6
f 18652/2/6 18653/2/6 18660/2/6
f 18657/2/6 18658/2/6 18661/2/6
f 18656/2/6 18657/2/6 18661/2/6
f 18659/2/6 18660/2/6 18663/2/6
f 18660/2/6 18653/2/6 18663/2/6
f 18663/2/6 18653/2/6 18664/2/6
f 18661/2/6 18662/2/6 18665/2/6
f 18656/2/6 18661/2/6 18665/2/6
f 18665/2/6 18662/2/6 18666/2/6
f 18659/2/6 18663/2/6 18667/2/6
f 18666/2/6 18662/2/6 18670/2/6
f 18667/2/6 18668/2/6 18671/2/6
f 18659/2/6 18667/2/6 18671/2/6
f 18671/2/6 18668/2/6 18672/2/6
f 18669/2/6 18670/2/6 18673/2/6
f 18670/2/6 18662/2/6 18673/2/6
f 18673/2/6 18662/2/6 18674/2/6
f 18672/2/6 18668/2/6 18675/2/6
f 18675/2/6 18668/2/6 18676/2/6
f 18676/2/6 18668/2/6 18677/2/6
f 18669/2/6 18673/2/6 18680/2/6
f 18680/2/6 18673/2/6 18681/2/6
f 18681/2/6 18673/2/6 18682/2/6
f 18677/2/6 18678/2/6 18683/2/6
f 18676/2/6 18677/2/6 18683/2/6
f 18680/2/6 18681/2/6 18686/2/6
f 18679/2/6 18680/2/6 18686/2/6
f 18683/2/6 18684/2/6 18687/2/6
f 18676/2/6 18683/2/6 18687/2/6
f 18687/2/6 18684/2/6 18688/2/6
f 18685/2/6 18686/2/6 18689/2/6
f 18686/2/6 18681/2/6 18689/2/6
f 18689/2/6 18681/2/6 18690/2/6
f 18688/2/6 18684/2/6 18691/2/6
f 18685/2/6 18689/2/6 18694/2/6
f 18691/2/6 18692/2/6 18695/2/6
f 18688/2/6 18691/2/6 18695/2/6
f 18695/2/6 18692/2/6 18696/2/6
f 18696/2/6 18692/2/6 18697/2/6
f 18693/2/6 18694/2/6 18700/2/6
f 18694/2/6 18689/2/6 18701/2/6
f 18700/2/6 18694/2/6 18701/2/6
f 18701/2/6 18689/2/6 18702/2/6
f 18697/2/6 18698/2/6 18703/2/6
f 18696/2/6 18697/2/6 18703/2/6
f 18703/2/6 18698/2/6 18704/2/6
f 18704/2/6 18698/2/6 18705/2/6
f 18699/2/6 18700/2/6 18708/2/6
f 18700/2/6 18701/2/6 18708/2/6
f 18708/2/6 18701/2/6 18709/2/6
f 18709/2/6 18701/2/6 18710/2/6
f 18705/2/6 18706/2/6 18711/2/6
f 18704/2/6 18705/2/6 18711/2/6
f 18711/2/6 18706/2/6 18712/2/6
f 18712/2/6 18706/2/6 18713/2/6
f 18708/2/6 18709/2/6 18716/2/6
f 18707/2/6 18708/2/6 18716/2/6
f 18716/2/6 18709/2/6 18717/2/6
f 18717/2/6 18709/2/6 18718/2/6
f 18713/2/6 18714/2/6 18719/2/6
f 18712/2/6 18713/2/6 18719/2/6
f 18719/2/6 18714/2/6 18720/2/6
f 18720/2/6 18714/2/6 18721/2/6
f 18716/2/6 18717/2/6 18724/2/6
f 18715/2/6 18716/2/6 18724/2/6
f 18724/2/6 18717/2/6 18725/2/6
f 18725/2/6 18717/2/6 18726/2/6
f 18721/2/6 18722/2/6 18727/2/6
f 18720/2/6 18721/2/6 18727/2/6
f 18727/2/6 18722/2/6 18728/2/6
f 18728/2/6 18722/2/6 18729/2/6
f 18724/2/6 18725/2/6 18732/2/6
f 18723/2/6 18724/2/6 18732/2/6
f 18732/2/6 18725/2/6 18733/2/6
f 18733/2/6 18725/2/6 18734/2/6
f 18729/2/6 18730/2/6 18735/2/6
f 18728/2/6 18729/2/6 18735/2/6
f 18735/2/6 18730/2/6 18736/2/6
f 18736/2/6 18730/2/6 18737/2/6
f 18732/2/6 18733/2/6 18740/2/6
f 18731/2/6 18732/2/6 18740/2/6
f 18740/2/6 18733/2/6 18741/2/6
f 18741/2/6 18733/2/6 18742/2/6
f 18737/2/6 18738/2/6 18743/2/6
f 18736/2/6 18737/2/6 18743/2/6
f 18743/2/6 18738/2/6 18744/2/6
f 18744/2/6 18738/2/6 18745/2/6
f 18740/2/6 18741/2/6 18746/2/6
f 18739/2/6 18740/2/6 18746/2/6
f 18746/2/6 18741/2/6 18747/2/6
f 18747/2/6 18741/2/6 18748/2/6
f 18744/2/6 18745/2/6 18749/2/6
f 18746/2/6 18747/2/6 18749/2/6
f 18745/2/6 18746/2/6 18749/2/6
f 18749/2/6 18747/2/6 18750/2/6
f 18750/2/6 18747/2/6 18751/2/6
f 18751/2/6 18747/2/6 18752/2/6
f 18750/2/6 18751/2/6 18753/2/6
f 18753/2/6 18751/2/6 18754/2/6
f 18754/2/6 18751/2/6 18755/2/6
f 18755/2/6 18751/2/6 18756/2/6
f 18754/2/6 18755/2/6 18757/2/6
f 18757/2/6 18755/2/6 18758/2/6
f 18758/2/6 18755/2/6 18759/2/6
f 18759/2/6 18755/2/6 18760/2/6
f 18758/2/6 18759/2/6 18761/2/6
f 18761/2/6 18759/2/6 18762/2/6
f 18763/2/6 18764/2/6 18766/2/6
f 18766/2/6 18764/2/6 18767/2/6
f 18765/2/6 18766/2/6 18770/2/6
f 18767/2/6 18768/2/6 18770/2/6
f 18766/2/6 18767/2/6 18770/2/6
f 18770/2/6 18768/2/6 18771/2/6
f 18769/2/6 18770/2/6 18774/2/6
f 18771/2/6 18772/2/6 18774/2/6
f 18770/2/6 18771/2/6 18774/2/6
f 18774/2/6 18772/2/6 18775/2/6
f 18773/2/6 18774/2/6 18778/2/6
f 18775/2/6 18776/2/6 18778/2/6
f 18774/2/6 18775/2/6 18778/2/6
f 18778/2/6 18776/2/6 18779/2/6
f 18777/2/6 18778/2/6 18782/2/6
f 18779/2/6 18780/2/6 18782/2/6
f 18778/2/6 18779/2/6 18782/2/6
f 18782/2/6 18780/2/6 18783/2/6
f 18781/2/6 18782/2/6 18786/2/6
f 18783/2/6 18784/2/6 18786/2/6
f 18782/2/6 18783/2/6 18786/2/6
f 18786/2/6 18784/2/6 18787/2/6
f 18785/2/6 18786/2/6 18790/2/6
f 18787/2/6 18788/2/6 18790/2/6
f 18786/2/6 18787/2/6 18790/2/6
f 18790/2/6 18788/2/6 18791/2/6
f 18791/2/6 18788/2/6 18792/2/6
f 18792/2/6 18788/2/6 18793/2/6
f 18789/2/6 18790/2/6 18795/2/6
f 18790/2/6 18791/2/6 18795/2/6
f 18795/2/6 18791/2/6 18796/2/6
f 18793/2/6 18794/2/6 18797/2/6
f 18792/2/6 18793/2/6 18797/2/6
f 18797/2/6 18794/2/6 18798/2/6
f 18789/2/6 18795/2/6 18800/2/6
f 18800/2/6 18795/2/6 18801/2/6
f 18801/2/6 18795/2/6 18802/2/6
f 18798/2/6 18794/2/6 18803/2/6
f 18803/2/6 18794/2/6 18804/2/6
f 18804/2/6 18794/2/6 18805/2/6
f 18805/2/6 18794/2/6 18806/2/6
f 18806/2/6 18794/2/6 18807/2/6
f 18799/2/6 18800/2/6 18810/2/6
f 18800/2/6 18801/2/6 18810/2/6
f 18810/2/6 18801/2/6 18811/2/6
f 18804/2/6 18805/2/6 18813/2/6
f 18813/2/6 18805/2/6 18814/2/6
f 18807/2/6 18808/2/6 18815/2/6
f 18806/2/6 18807/2/6 18815/2/6
f 18815/2/6 18816/2/6 18818/2/6
f 18806/2/6 18815/2/6 18818/2/6
f 18810/2/6 18811/2/6 18819/2/6
f 18811/2/6 18812/2/6 18819/2/6
f 18809/2/6 18810/2/6 18819/2/6
f 18819/2/6 18812/2/6 18820/2/6
f 18809/2/6 18819/2/6 18822/2/6
f 18822/2/6 18819/2/6 18823/2/6
f 18823/2/6 18819/2/6 18824/2/6
f 18817/2/6 18818/2/6 18825/2/6
f 18818/2/6 18816/2/6 18825/2/6
f 18822/2/6 18823/2/6 18827/2/6
f 18821/2/6 18822/2/6 18827/2/6
f 18827/2/6 18823/2/6 18828/2/6
f 18825/2/6 18826/2/6 18829/2/6
f 18817/2/6 18825/2/6 18829/2/6
f 18829/2/6 18826/2/6 18830/2/6
f 18821/2/6 18827/2/6 18831/2/6
f 18821/2/6 18831/2/6 18833/2/6
f 18831/2/6 18832/2/6 18833/2/6
f 18833/2/6 18832/2/6 18834/2/6
f 18834/2/6 18832/2/6 18835/2/6
f 18830/2/6 18826/2/6 18837/2/6
f 18837/2/6 18826/2/6 18838/2/6
f 18835/2/6 18836/2/6 18839/2/6
f 18834/2/6 18835/2/6 18839/2/6
f 18830/2/6 18837/2/6 18842/2/6
f 18841/2/6 18842/2/6 18844/2/6
f 18839/2/6 18840/2/6 18845/2/6
f 18834/2/6 18839/2/6 18845/2/6
f 18845/2/6 18840/2/6 18846/2/6
f 18846/2/6 18840/2/6 18847/2/6
f 18843/2/6 18844/2/6 18850/2/6
f 18844/2/6 18842/2/6 18851/2/6
f 18842/2/6 18837/2/6 18851/2/6
f 18850/2/6 18844/2/6 18851/2/6
f 18851/2/6 18837/2/6 18852/2/6
f 18847/2/6 18848/2/6 18853/2/6
f 18846/2/6 18847/2/6 18853/2/6
f 18853/2/6 18848/2/6 18854/2/6
f 18854/2/6 18848/2/6 18855/2/6
f 18849/2/6 18850/2/6 18858/2/6
f 18850/2/6 18851/2/6 18858/2/6
f 18858/2/6 18851/2/6 18859/2/6
f 18859/2/6 18851/2/6 18860/2/6
f 18855/2/6 18856/2/6 18861/2/6
f 18854/2/6 18855/2/6 18861/2/6
f 18858/2/6 18859/2/6 18864/2/6
f 18857/2/6 18858/2/6 18864/2/6
f 18861/2/6 18862/2/6 18865/2/6
f 18854/2/6 18861/2/6 18865/2/6
f 18865/2/6 18862/2/6 18866/2/6
f 18866/2/6 18862/2/6 18867/2/6
f 18863/2/6 18864/2/6 18868/2/6
f 18864/2/6 18859/2/6 18869/2/6
f 18868/2/6 18864/2/6 18869/2/6
f 18869/2/6 18859/2/6 18870/2/6
f 18866/2/6 18867/2/6 18871/2/6
f 18867/2/6 18868/2/6 18871/2/6
f 18868/2/6 18869/2/6 18871/2/6
f 18871/2/6 18869/2/6 18872/2/6
f 18872/2/6 18869/2/6 18873/2/6
f 18873/2/6 18869/2/6 18874/2/6
f 18872/2/6 18873/2/6 18875/2/6
f 18875/2/6 18873/2/6 18876/2/6
f 18876/2/6 18873/2/6 18877/2/6
f 18877/2/6 18873/2/6 18878/2/6
f 18876/2/6 18877/2/6 18879/2/6
f 18879/2/6 18877/2/6 18880/2/6
f 18880/2/6 18877/2/6 18881/2/6
f 18881/2/6 18877/2/6 18882/2/6
f 18880/2/6 18881/2/6 18883/2/6
f 18883/2/6 18881/2/6 18884/2/6
f 18884/2/6 18881/2/6 18885/2/6
f 18885/2/6 18881/2/6 18886/2/6
f 18884/2/6 18885/2/6 18887/2/6
f 18887/2/6 18885/2/6 18888/2/6
f 18888/2/6 18885/2/6 18889/2/6
f 18889/2/6 18885/2/6 18890/2/6
f 18888/2/6 18889/2/6 18891/2/6
f 18891/2/6 18889/2/6 18892/2/6
f 18892/2/6 18889/2/6 18893/2/6
f 18893/2/6 18889/2/6 18894/2/6
f 18892/2/6 18893/2/6 18895/2/6
f 18895/2/6 18893/2/6 18896/2/6
f 18897/2/6 18898/2/6 18900/2/6
f 18900/2/6 18898/2/6 18901/2/6
f 18899/2/6 18900/2/6 18904/2/6
f 18901/2/6 18902/2/6 18904/2/6
f 18900/2/6 18901/2/6 18904/2/6
f 18904/2/6 18902/2/6 18905/2/6
f 18903/2/6 18904/2/6 18909/2/6
f 18904/2/6 18905/2/6 18909/2/6
f 18905/2/6 18906/2/6 18909/2/6
f 18909/2/6 18906/2/6 18910/2/6
f 18910/2/6 18906/2/6 18911/2/6
f 18907/2/6 18908/2/6 18912/2/6
f 18910/2/6 18911/2/6 18913/2/6
f 18911/2/6 18912/2/6 18913/2/6
f 18912/2/6 18908/2/6 18913/2/6
f 18913/2/6 18908/2/6 18914/2/6
f 18910/2/6 18913/2/6 18916/2/6
f 18915/2/6 18916/2/6 18918/2/6
f 18917/2/6 18918/2/6 18920/2/6
f 18916/2/6 18913/2/6 18921/2/6
f 18918/2/6 18916/2/6 18921/2/6
f 18920/2/6 18918/2/6 18921/2/6
f 18919/2/6 18920/2/6 18923/2/6
f 18921/2/6 18922/2/6 18923/2/6
f 18920/2/6 18921/2/6 18923/2/6
f 18923/2/6 18922/2/6 18924/2/6
f 18924/2/6 18922/2/6 18925/2/6
f 18925/2/6 18922/2/6 18926/2/6
f 18926/2/6 18922/2/6 18927/2/6
f 18927/2/6 18922/2/6 18928/2/6
f 18928/2/6 18922/2/6 18929/2/6
f 18929/2/6 18922/2/6 18930/2/6
f 18928/2/6 18929/2/6 18931/2/6
f 18931/2/6 18929/2/6 18932/2/6
f 18928/2/6 18931/2/6 18933/2/6
f 18933/2/6 18931/2/6 18934/2/6
f 18934/2/6 18931/2/6 18935/2/6
f 18935/2/6 18931/2/6 18936/2/6
f 18934/2/6 18935/2/6 18937/2/6
f 18937/2/6 18935/2/6 18938/2/6
f 18938/2/6 18935/2/6 18939/2/6
f 18939/2/6 18935/2/6 18940/2/6
f 18938/2/6 18939/2/6 18941/2/6
f 18941/2/6 18939/2/6 18942/2/6
f 18942/2/6 18939/2/6 18943/2/6
f 18943/2/6 18939/2/6 18944/2/6
f 18942/2/6 18943/2/6 18945/2/6
f 18945/2/6 18943/2/6 18946/2/6
