# MagicaVoxel @ Ephtracy

# group
o 

# material
mtllib kanransya.mtl
usemtl palette

# normals
vn -1 0 0
vn 1 0 0
vn 0 0 1
vn 0 0 -1
vn 0 -1 0
vn 0 1 0

# texcoords
vt 0.0136719 0.5
vt 0.423828 0.5
vt 0.712891 0.5
vt 0.982422 0.5

# verts
v -14.7 4.1 -10.4
v -14.7 4.1 -10.5
v -14.7 4.2 -10.4
v -14.7 4.2 -10.5
v -3.7 11.4 -10.1
v -3.7 11.4 -10.5
v -3.7 11.8 -10.1
v -3.7 11.8 -10.5
v -3.6 11.2 -10.2
v -3.6 11.2 -10.4
v -3.6 11.3 -10.1
v -3.6 11.3 -10.2
v -3.6 11.3 -10.4
v -3.6 11.3 -10.5
v -3.6 11.4 -10
v -3.6 11.4 -10.1
v -3.6 11.4 -10.5
v -3.6 11.4 -10.6
v -3.6 11.8 -10
v -3.6 11.8 -10.1
v -3.6 11.8 -10.5
v -3.6 11.8 -10.6
v -3.6 11.9 -10.1
v -3.6 11.9 -10.2
v -3.6 11.9 -10.4
v -3.6 11.9 -10.5
v -3.6 12 -10.2
v -3.6 12 -10.4
v -3.5 11.1 -10.2
v -3.5 11.1 -10.4
v -3.5 11.2 -10
v -3.5 11.2 -10.2
v -3.5 11.2 -10.4
v -3.5 11.2 -10.6
v -3.5 11.3 -9.9
v -3.5 11.3 -10
v -3.5 11.3 -10.1
v -3.5 11.3 -10.2
v -3.5 11.3 -10.4
v -3.5 11.3 -10.5
v -3.5 11.3 -10.6
v -3.5 11.3 -10.7
v -3.5 11.4 -10
v -3.5 11.4 -10.1
v -3.5 11.4 -10.5
v -3.5 11.4 -10.6
v -3.5 11.8 -10
v -3.5 11.8 -10.1
v -3.5 11.8 -10.5
v -3.5 11.8 -10.6
v -3.5 11.9 -9.9
v -3.5 11.9 -10
v -3.5 11.9 -10.1
v -3.5 11.9 -10.2
v -3.5 11.9 -10.4
v -3.5 11.9 -10.5
v -3.5 11.9 -10.6
v -3.5 11.9 -10.7
v -3.5 12 -10
v -3.5 12 -10.2
v -3.5 12 -10.4
v -3.5 12 -10.6
v -3.5 12.1 -10.2
v -3.5 12.1 -10.4
v -3.4 11 -10.2
v -3.4 11 -10.4
v -3.4 11.1 -10
v -3.4 11.1 -10.2
v -3.4 11.1 -10.4
v -3.4 11.1 -10.6
v -3.4 11.2 -9.9
v -3.4 11.2 -10
v -3.4 11.2 -10.2
v -3.4 11.2 -10.4
v -3.4 11.2 -10.6
v -3.4 11.2 -10.7
v -3.4 11.3 -9.9
v -3.4 11.3 -10
v -3.4 11.3 -10.6
v -3.4 11.3 -10.7
v -3.4 11.4 -9.8
v -3.4 11.4 -9.9
v -3.4 11.4 -10.7
v -3.4 11.4 -10.8
v -3.4 11.8 -9.8
v -3.4 11.8 -9.9
v -3.4 11.8 -10.7
v -3.4 11.8 -10.8
v -3.4 11.9 -9.9
v -3.4 11.9 -10
v -3.4 11.9 -10.6
v -3.4 11.9 -10.7
v -3.4 12 -9.9
v -3.4 12 -10
v -3.4 12 -10.2
v -3.4 12 -10.4
v -3.4 12 -10.6
v -3.4 12 -10.7
v -3.4 12.1 -10
v -3.4 12.1 -10.2
v -3.4 12.1 -10.4
v -3.4 12.1 -10.6
v -3.4 12.2 -10.2
v -3.4 12.2 -10.4
v -3.3 11 -10.1
v -3.3 11 -10.2
v -3.3 11 -10.4
v -3.3 11 -10.5
v -3.3 11.1 -9.9
v -3.3 11.1 -10
v -3.3 11.1 -10.1
v -3.3 11.1 -10.2
v -3.3 11.1 -10.4
v -3.3 11.1 -10.5
v -3.3 11.1 -10.6
v -3.3 11.1 -10.7
v -3.3 11.2 -9.9
v -3.3 11.2 -10
v -3.3 11.2 -10.6
v -3.3 11.2 -10.7
v -3.3 11.3 -9.8
v -3.3 11.3 -9.9
v -3.3 11.3 -10.7
v -3.3 11.3 -10.8
v -3.3 11.4 -9.8
v -3.3 11.4 -9.9
v -3.3 11.4 -10.7
v -3.3 11.4 -10.8
v -3.3 11.8 -9.8
v -3.3 11.8 -9.9
v -3.3 11.8 -10.7
v -3.3 11.8 -10.8
v -3.3 11.9 -9.8
v -3.3 11.9 -9.9
v -3.3 11.9 -10.7
v -3.3 11.9 -10.8
v -3.3 12 -9.9
v -3.3 12 -10
v -3.3 12 -10.6
v -3.3 12 -10.7
v -3.3 12.1 -9.9
v -3.3 12.1 -10
v -3.3 12.1 -10.1
v -3.3 12.1 -10.2
v -3.3 12.1 -10.4
v -3.3 12.1 -10.5
v -3.3 12.1 -10.6
v -3.3 12.1 -10.7
v -3.3 12.2 -10.1
v -3.3 12.2 -10.2
v -3.3 12.2 -10.4
v -3.3 12.2 -10.5
v -3.2 10.9 -10.2
v -3.2 10.9 -10.4
v -3.2 11 -10
v -3.2 11 -10.1
v -3.2 11 -10.2
v -3.2 11 -10.4
v -3.2 11 -10.5
v -3.2 11 -10.6
v -3.2 11.1 -10
v -3.2 11.1 -10.1
v -3.2 11.1 -10.5
v -3.2 11.1 -10.6
v -3.2 11.2 -9.8
v -3.2 11.2 -9.9
v -3.2 11.2 -10.7
v -3.2 11.2 -10.8
v -3.2 11.3 -9.8
v -3.2 11.3 -9.9
v -3.2 11.3 -10.7
v -3.2 11.3 -10.8
v -3.2 11.4 -9.7
v -3.2 11.4 -9.8
v -3.2 11.4 -10.8
v -3.2 11.4 -10.9
v -3.2 11.8 -9.7
v -3.2 11.8 -9.8
v -3.2 11.8 -10.8
v -3.2 11.8 -10.9
v -3.2 11.9 -9.8
v -3.2 11.9 -9.9
v -3.2 11.9 -10.7
v -3.2 11.9 -10.8
v -3.2 12 -9.8
v -3.2 12 -9.9
v -3.2 12 -10.7
v -3.2 12 -10.8
v -3.2 12.1 -10
v -3.2 12.1 -10.1
v -3.2 12.1 -10.5
v -3.2 12.1 -10.6
v -3.2 12.2 -10
v -3.2 12.2 -10.1
v -3.2 12.2 -10.2
v -3.2 12.2 -10.4
v -3.2 12.2 -10.5
v -3.2 12.2 -10.6
v -3.2 12.3 -10.2
v -3.2 12.3 -10.4
v -3.1 10.9 -10.1
v -3.1 10.9 -10.2
v -3.1 10.9 -10.4
v -3.1 10.9 -10.5
v -3.1 11 -9.9
v -3.1 11 -10
v -3.1 11 -10.1
v -3.1 11 -10.2
v -3.1 11 -10.4
v -3.1 11 -10.5
v -3.1 11 -10.6
v -3.1 11 -10.7
v -3.1 11.1 -9.8
v -3.1 11.1 -9.9
v -3.1 11.1 -10
v -3.1 11.1 -10.6
v -3.1 11.1 -10.7
v -3.1 11.1 -10.8
v -3.1 11.2 -9.8
v -3.1 11.2 -9.9
v -3.1 11.2 -10.7
v -3.1 11.2 -10.8
v -3.1 11.3 -9.7
v -3.1 11.3 -9.8
v -3.1 11.3 -10.8
v -3.1 11.3 -10.9
v -3.1 11.4 -9.7
v -3.1 11.4 -9.8
v -3.1 11.4 -10.8
v -3.1 11.4 -10.9
v -3.1 11.8 -9.7
v -3.1 11.8 -9.8
v -3.1 11.8 -10.8
v -3.1 11.8 -10.9
v -3.1 11.9 -9.7
v -3.1 11.9 -9.8
v -3.1 11.9 -10.8
v -3.1 11.9 -10.9
v -3.1 12 -9.8
v -3.1 12 -9.9
v -3.1 12 -10.7
v -3.1 12 -10.8
v -3.1 12.1 -9.8
v -3.1 12.1 -9.9
v -3.1 12.1 -10
v -3.1 12.1 -10.6
v -3.1 12.1 -10.7
v -3.1 12.1 -10.8
v -3.1 12.2 -9.9
v -3.1 12.2 -10
v -3.1 12.2 -10.1
v -3.1 12.2 -10.2
v -3.1 12.2 -10.4
v -3.1 12.2 -10.5
v -3.1 12.2 -10.6
v -3.1 12.2 -10.7
v -3.1 12.3 -10.1
v -3.1 12.3 -10.2
v -3.1 12.3 -10.4
v -3.1 12.3 -10.5
v -3 10.9 -10
v -3 10.9 -10.1
v -3 10.9 -10.5
v -3 10.9 -10.6
v -3 11 -10
v -3 11 -10.1
v -3 11 -10.5
v -3 11 -10.6
v -3 11.2 -9.7
v -3 11.2 -9.8
v -3 11.2 -10.8
v -3 11.2 -10.9
v -3 11.3 -9.7
v -3 11.3 -9.8
v -3 11.3 -10.8
v -3 11.3 -10.9
v -3 11.9 -9.7
v -3 11.9 -9.8
v -3 11.9 -10.8
v -3 11.9 -10.9
v -3 12 -9.7
v -3 12 -9.8
v -3 12 -10.8
v -3 12 -10.9
v -3 12.2 -10
v -3 12.2 -10.1
v -3 12.2 -10.5
v -3 12.2 -10.6
v -3 12.3 -10
v -3 12.3 -10.1
v -3 12.3 -10.5
v -3 12.3 -10.6
v -2.9 10.8 -10.2
v -2.9 10.8 -10.4
v -2.9 10.9 -9.9
v -2.9 10.9 -10
v -2.9 10.9 -10.2
v -2.9 10.9 -10.4
v -2.9 10.9 -10.6
v -2.9 10.9 -10.7
v -2.9 11 -9.9
v -2.9 11 -10
v -2.9 11 -10.6
v -2.9 11 -10.7
v -2.9 11.4 -9.6
v -2.9 11.4 -9.7
v -2.9 11.4 -10.9
v -2.9 11.4 -11
v -2.9 11.8 -9.6
v -2.9 11.8 -9.7
v -2.9 11.8 -10.9
v -2.9 11.8 -11
v -2.9 12.2 -9.9
v -2.9 12.2 -10
v -2.9 12.2 -10.6
v -2.9 12.2 -10.7
v -2.9 12.3 -9.9
v -2.9 12.3 -10
v -2.9 12.3 -10.2
v -2.9 12.3 -10.4
v -2.9 12.3 -10.6
v -2.9 12.3 -10.7
v -2.9 12.4 -10.2
v -2.9 12.4 -10.4
v -2.8 11 -9.8
v -2.8 11 -9.9
v -2.8 11 -10.7
v -2.8 11 -10.8
v -2.8 11.1 -9.7
v -2.8 11.1 -9.8
v -2.8 11.1 -9.9
v -2.8 11.1 -10.7
v -2.8 11.1 -10.8
v -2.8 11.1 -10.9
v -2.8 11.2 -9.3
v -2.8 11.2 -9.6
v -2.8 11.2 -9.7
v -2.8 11.2 -9.8
v -2.8 11.2 -10.8
v -2.8 11.2 -10.9
v -2.8 11.2 -11.2
v -2.8 11.3 -10.9
v -2.8 11.4 -9.6
v -2.8 11.4 -10.9
v -2.8 11.4 -11
v -2.8 11.8 -9.6
v -2.8 11.8 -10.9
v -2.8 11.8 -11
v -2.8 11.9 -10.9
v -2.8 12 -9.3
v -2.8 12 -9.6
v -2.8 12 -9.7
v -2.8 12 -9.8
v -2.8 12 -10.8
v -2.8 12 -10.9
v -2.8 12 -11.2
v -2.8 12.1 -9.7
v -2.8 12.1 -9.8
v -2.8 12.1 -9.9
v -2.8 12.1 -10.7
v -2.8 12.1 -10.8
v -2.8 12.1 -10.9
v -2.8 12.2 -9.8
v -2.8 12.2 -9.9
v -2.8 12.2 -10.7
v -2.8 12.2 -10.8
v -2.7 10.7 -9.3
v -2.7 10.7 -9.6
v -2.7 10.7 -10.9
v -2.7 10.7 -11.2
v -2.7 10.8 -10.1
v -2.7 10.8 -10.2
v -2.7 10.8 -10.4
v -2.7 10.8 -10.5
v -2.7 10.9 -10.1
v -2.7 10.9 -10.2
v -2.7 10.9 -10.4
v -2.7 10.9 -10.5
v -2.7 11.1 -10.9
v -2.7 11.2 -9.3
v -2.7 11.2 -9.6
v -2.7 11.2 -10.9
v -2.7 11.2 -11.2
v -2.7 11.3 -9.6
v -2.7 11.3 -9.7
v -2.7 11.4 -9.6
v -2.7 11.4 -9.7
v -2.7 11.8 -9.6
v -2.7 11.8 -9.7
v -2.7 11.9 -9.6
v -2.7 11.9 -9.7
v -2.7 12 -9.3
v -2.7 12 -9.6
v -2.7 12 -10.9
v -2.7 12 -11.2
v -2.7 12.1 -10.9
v -2.7 12.3 -10.1
v -2.7 12.3 -10.2
v -2.7 12.3 -10.4
v -2.7 12.3 -10.5
v -2.7 12.4 -10.1
v -2.7 12.4 -10.2
v -2.7 12.4 -10.4
v -2.7 12.4 -10.5
v -2.7 12.5 -9.3
v -2.7 12.5 -9.6
v -2.7 12.5 -10.9
v -2.7 12.5 -11.2
v -2.6 10.4 -9.3
v -2.6 10.4 -9.6
v -2.6 10.4 -10.9
v -2.6 10.4 -11.2
v -2.6 10.7 -9.3
v -2.6 10.7 -9.6
v -2.6 10.7 -10.9
v -2.6 10.7 -11.2
v -2.6 12.5 -9.3
v -2.6 12.5 -9.6
v -2.6 12.5 -10.9
v -2.6 12.5 -11.2
v -2.6 12.8 -9.3
v -2.6 12.8 -9.6
v -2.6 12.8 -10.9
v -2.6 12.8 -11.2
v -2.5 10.3 -9.3
v -2.5 10.3 -9.6
v -2.5 10.3 -10.9
v -2.5 10.3 -11.2
v -2.5 10.4 -9.3
v -2.5 10.4 -9.6
v -2.5 10.4 -10.9
v -2.5 10.4 -11.2
v -2.5 12.8 -9.3
v -2.5 12.8 -9.6
v -2.5 12.8 -10.9
v -2.5 12.8 -11.2
v -2.5 12.9 -9.3
v -2.5 12.9 -9.6
v -2.5 12.9 -10.9
v -2.5 12.9 -11.2
v -2.4 10.1 -9.3
v -2.4 10.1 -9.6
v -2.4 10.1 -10.9
v -2.4 10.1 -11.2
v -2.4 10.3 -9.3
v -2.4 10.3 -9.6
v -2.4 10.3 -10.9
v -2.4 10.3 -11.2
v -2.4 11.2 -8.9
v -2.4 11.2 -9.3
v -2.4 11.4 -11.2
v -2.4 11.4 -11.6
v -2.4 12 -8.9
v -2.4 12 -9.3
v -2.4 12 -11.2
v -2.4 12 -11.6
v -2.4 12.9 -9.3
v -2.4 12.9 -9.6
v -2.4 12.9 -10.9
v -2.4 12.9 -11.2
v -2.4 13.1 -9.3
v -2.4 13.1 -9.6
v -2.4 13.1 -10.9
v -2.4 13.1 -11.2
v -2.3 10 -9.3
v -2.3 10 -9.6
v -2.3 10 -10.9
v -2.3 10 -11.2
v -2.3 10.1 -9.3
v -2.3 10.1 -9.6
v -2.3 10.1 -10.9
v -2.3 10.1 -11.2
v -2.3 13.1 -9.3
v -2.3 13.1 -9.6
v -2.3 13.1 -10.9
v -2.3 13.1 -11.2
v -2.3 13.2 -9.3
v -2.3 13.2 -9.6
v -2.3 13.2 -10.9
v -2.3 13.2 -11.2
v -2.2 9.9 -9.3
v -2.2 9.9 -9.6
v -2.2 9.9 -10.9
v -2.2 9.9 -11.2
v -2.2 10 -9.3
v -2.2 10 -9.6
v -2.2 10 -10.9
v -2.2 10 -11.2
v -2.2 13.2 -9.3
v -2.2 13.2 -9.6
v -2.2 13.2 -10.9
v -2.2 13.2 -11.2
v -2.2 13.3 -9.3
v -2.2 13.3 -9.6
v -2.2 13.3 -10.9
v -2.2 13.3 -11.2
v -2.1 9.7 -9.3
v -2.1 9.7 -9.6
v -2.1 9.7 -10.9
v -2.1 9.7 -11.2
v -2.1 9.9 -9.3
v -2.1 9.9 -9.6
v -2.1 9.9 -10.9
v -2.1 9.9 -11.2
v -2.1 13.3 -9.3
v -2.1 13.3 -9.6
v -2.1 13.3 -10.9
v -2.1 13.3 -11.2
v -2.1 13.5 -9.3
v -2.1 13.5 -9.6
v -2.1 13.5 -10.9
v -2.1 13.5 -11.2
v -1.9 9.6 -9.3
v -1.9 9.6 -9.6
v -1.9 9.6 -10.9
v -1.9 9.6 -11.2
v -1.9 9.7 -9.3
v -1.9 9.7 -9.6
v -1.9 9.7 -10.9
v -1.9 9.7 -11.2
v -1.9 13.5 -9.3
v -1.9 13.5 -9.6
v -1.9 13.5 -10.9
v -1.9 13.5 -11.2
v -1.9 13.6 -9.3
v -1.9 13.6 -9.6
v -1.9 13.6 -10.9
v -1.9 13.6 -11.2
v -1.8 9.5 -9.3
v -1.8 9.5 -9.6
v -1.8 9.5 -10.9
v -1.8 9.5 -11.2
v -1.8 9.6 -9.3
v -1.8 9.6 -9.6
v -1.8 9.6 -10.9
v -1.8 9.6 -11.2
v -1.8 13.6 -9.3
v -1.8 13.6 -9.6
v -1.8 13.6 -10.9
v -1.8 13.6 -11.2
v -1.8 13.7 -9.3
v -1.8 13.7 -9.6
v -1.8 13.7 -10.9
v -1.8 13.7 -11.2
v -1.7 9.4 -9.3
v -1.7 9.4 -9.6
v -1.7 9.4 -10.9
v -1.7 9.4 -11.2
v -1.7 9.5 -9.3
v -1.7 9.5 -9.6
v -1.7 9.5 -10.9
v -1.7 9.5 -11.2
v -1.7 13.7 -9.3
v -1.7 13.7 -9.6
v -1.7 13.7 -10.9
v -1.7 13.7 -11.2
v -1.7 13.8 -9.3
v -1.7 13.8 -9.6
v -1.7 13.8 -10.9
v -1.7 13.8 -11.2
v -1.5 9.3 -9.3
v -1.5 9.3 -9.6
v -1.5 9.3 -10.9
v -1.5 9.3 -11.2
v -1.5 9.4 -9.3
v -1.5 9.4 -9.6
v -1.5 9.4 -10.9
v -1.5 9.4 -11.2
v -1.5 13.8 -9.3
v -1.5 13.8 -9.6
v -1.5 13.8 -10.9
v -1.5 13.8 -11.2
v -1.5 13.9 -9.3
v -1.5 13.9 -9.6
v -1.5 13.9 -10.9
v -1.5 13.9 -11.2
v -1.4 8.7 -10
v -1.4 8.7 -10.4
v -1.4 9.1 -10
v -1.4 9.1 -10.4
v -1.4 9.2 -9.3
v -1.4 9.2 -9.6
v -1.4 9.2 -10.9
v -1.4 9.2 -11.2
v -1.4 9.3 -9.3
v -1.4 9.3 -9.6
v -1.4 9.3 -10.9
v -1.4 9.3 -11.2
v -1.4 13.1 -10
v -1.4 13.1 -10.4
v -1.4 13.5 -10
v -1.4 13.5 -10.4
v -1.4 13.9 -9.3
v -1.4 13.9 -9.6
v -1.4 13.9 -10.9
v -1.4 13.9 -11.2
v -1.4 14 -9.3
v -1.4 14 -9.6
v -1.4 14 -10.9
v -1.4 14 -11.2
v -1.3 8.5 -10.1
v -1.3 8.5 -10.3
v -1.3 8.6 -10
v -1.3 8.6 -10.1
v -1.3 8.6 -10.3
v -1.3 8.6 -10.4
v -1.3 8.7 -9.9
v -1.3 8.7 -10
v -1.3 8.7 -10.4
v -1.3 8.7 -10.5
v -1.3 9.1 -9.9
v -1.3 9.1 -10
v -1.3 9.1 -10.4
v -1.3 9.1 -10.5
v -1.3 9.2 -10
v -1.3 9.2 -10.1
v -1.3 9.2 -10.3
v -1.3 9.2 -10.4
v -1.3 9.3 -10.1
v -1.3 9.3 -10.3
v -1.3 12.9 -10.1
v -1.3 12.9 -10.3
v -1.3 13 -10
v -1.3 13 -10.1
v -1.3 13 -10.3
v -1.3 13 -10.4
v -1.3 13.1 -9.9
v -1.3 13.1 -10
v -1.3 13.1 -10.4
v -1.3 13.1 -10.5
v -1.3 13.5 -9.9
v -1.3 13.5 -10
v -1.3 13.5 -10.4
v -1.3 13.5 -10.5
v -1.3 13.6 -10
v -1.3 13.6 -10.1
v -1.3 13.6 -10.3
v -1.3 13.6 -10.4
v -1.3 13.7 -10.1
v -1.3 13.7 -10.3
v -1.2 8.4 -10.1
v -1.2 8.4 -10.3
v -1.2 8.5 -9.9
v -1.2 8.5 -10.1
v -1.2 8.5 -10.3
v -1.2 8.5 -10.5
v -1.2 8.6 -9.8
v -1.2 8.6 -9.9
v -1.2 8.6 -10
v -1.2 8.6 -10.1
v -1.2 8.6 -10.3
v -1.2 8.6 -10.4
v -1.2 8.6 -10.5
v -1.2 8.6 -10.6
v -1.2 8.7 -9.9
v -1.2 8.7 -10
v -1.2 8.7 -10.4
v -1.2 8.7 -10.5
v -1.2 9.1 -9.9
v -1.2 9.1 -10
v -1.2 9.1 -10.4
v -1.2 9.1 -10.5
v -1.2 9.2 -9.8
v -1.2 9.2 -9.9
v -1.2 9.2 -10
v -1.2 9.2 -10.1
v -1.2 9.2 -10.3
v -1.2 9.2 -10.4
v -1.2 9.2 -10.5
v -1.2 9.2 -10.6
v -1.2 9.3 -9.9
v -1.2 9.3 -10.1
v -1.2 9.3 -10.3
v -1.2 9.3 -10.5
v -1.2 9.4 -10.1
v -1.2 9.4 -10.3
v -1.2 12.8 -10.1
v -1.2 12.8 -10.3
v -1.2 12.9 -9.9
v -1.2 12.9 -10.1
v -1.2 12.9 -10.3
v -1.2 12.9 -10.5
v -1.2 13 -9.8
v -1.2 13 -9.9
v -1.2 13 -10
v -1.2 13 -10.1
v -1.2 13 -10.3
v -1.2 13 -10.4
v -1.2 13 -10.5
v -1.2 13 -10.6
v -1.2 13.1 -9.9
v -1.2 13.1 -10
v -1.2 13.1 -10.4
v -1.2 13.1 -10.5
v -1.2 13.5 -9.9
v -1.2 13.5 -10
v -1.2 13.5 -10.4
v -1.2 13.5 -10.5
v -1.2 13.6 -9.8
v -1.2 13.6 -9.9
v -1.2 13.6 -10
v -1.2 13.6 -10.1
v -1.2 13.6 -10.3
v -1.2 13.6 -10.4
v -1.2 13.6 -10.5
v -1.2 13.6 -10.6
v -1.2 13.7 -9.9
v -1.2 13.7 -10.1
v -1.2 13.7 -10.3
v -1.2 13.7 -10.5
v -1.2 13.8 -10.1
v -1.2 13.8 -10.3
v -1.1 8.3 -10.1
v -1.1 8.3 -10.3
v -1.1 8.4 -9.9
v -1.1 8.4 -10.1
v -1.1 8.4 -10.3
v -1.1 8.4 -10.5
v -1.1 8.5 -9.8
v -1.1 8.5 -9.9
v -1.1 8.5 -10.1
v -1.1 8.5 -10.3
v -1.1 8.5 -10.5
v -1.1 8.5 -10.6
v -1.1 8.6 -9.8
v -1.1 8.6 -9.9
v -1.1 8.6 -10.5
v -1.1 8.6 -10.6
v -1.1 8.7 -9.7
v -1.1 8.7 -9.8
v -1.1 8.7 -10.6
v -1.1 8.7 -10.7
v -1.1 9.1 -9.3
v -1.1 9.1 -9.6
v -1.1 9.1 -9.7
v -1.1 9.1 -9.8
v -1.1 9.1 -10.6
v -1.1 9.1 -10.7
v -1.1 9.1 -10.9
v -1.1 9.1 -11.2
v -1.1 9.2 -9.3
v -1.1 9.2 -9.6
v -1.1 9.2 -9.8
v -1.1 9.2 -9.9
v -1.1 9.2 -10.5
v -1.1 9.2 -10.6
v -1.1 9.2 -10.9
v -1.1 9.2 -11.2
v -1.1 9.3 -9.8
v -1.1 9.3 -9.9
v -1.1 9.3 -10.1
v -1.1 9.3 -10.3
v -1.1 9.3 -10.5
v -1.1 9.3 -10.6
v -1.1 9.4 -9.9
v -1.1 9.4 -10.1
v -1.1 9.4 -10.3
v -1.1 9.4 -10.5
v -1.1 9.5 -10.1
v -1.1 9.5 -10.3
v -1.1 12.7 -10.1
v -1.1 12.7 -10.3
v -1.1 12.8 -9.9
v -1.1 12.8 -10.1
v -1.1 12.8 -10.3
v -1.1 12.8 -10.5
v -1.1 12.9 -9.8
v -1.1 12.9 -9.9
v -1.1 12.9 -10.1
v -1.1 12.9 -10.3
v -1.1 12.9 -10.5
v -1.1 12.9 -10.6
v -1.1 13 -9.8
v -1.1 13 -9.9
v -1.1 13 -10.5
v -1.1 13 -10.6
v -1.1 13.1 -9.7
v -1.1 13.1 -9.8
v -1.1 13.1 -10.6
v -1.1 13.1 -10.7
v -1.1 13.5 -9.7
v -1.1 13.5 -9.8
v -1.1 13.5 -10.6
v -1.1 13.5 -10.7
v -1.1 13.6 -9.8
v -1.1 13.6 -9.9
v -1.1 13.6 -10.5
v -1.1 13.6 -10.6
v -1.1 13.7 -9.8
v -1.1 13.7 -9.9
v -1.1 13.7 -10.1
v -1.1 13.7 -10.3
v -1.1 13.7 -10.5
v -1.1 13.7 -10.6
v -1.1 13.8 -9.9
v -1.1 13.8 -10.1
v -1.1 13.8 -10.3
v -1.1 13.8 -10.5
v -1.1 13.9 -10.1
v -1.1 13.9 -10.3
v -1.1 14 -9.3
v -1.1 14 -9.6
v -1.1 14 -10.9
v -1.1 14 -11.2
v -1.1 14.1 -9.3
v -1.1 14.1 -9.6
v -1.1 14.1 -10.9
v -1.1 14.1 -11.2
v -1 7.7 -8.9
v -1 7.7 -9.1
v -1 7.8 -8.9
v -1 7.8 -9.1
v -1 8.3 -10
v -1 8.3 -10.1
v -1 8.3 -10.3
v -1 8.3 -10.4
v -1 8.4 -9.8
v -1 8.4 -9.9
v -1 8.4 -10
v -1 8.4 -10.1
v -1 8.4 -10.3
v -1 8.4 -10.4
v -1 8.4 -10.5
v -1 8.4 -10.6
v -1 8.5 -9.8
v -1 8.5 -9.9
v -1 8.5 -10.5
v -1 8.5 -10.6
v -1 8.6 -9.7
v -1 8.6 -9.8
v -1 8.6 -10.6
v -1 8.6 -10.7
v -1 8.7 -9.7
v -1 8.7 -9.8
v -1 8.7 -10.6
v -1 8.7 -10.7
v -1 9.1 -9.7
v -1 9.1 -9.8
v -1 9.1 -10.6
v -1 9.1 -10.7
v -1 9.2 -9.7
v -1 9.2 -9.8
v -1 9.2 -10.6
v -1 9.2 -10.7
v -1 9.3 -9.8
v -1 9.3 -9.9
v -1 9.3 -10.5
v -1 9.3 -10.6
v -1 9.4 -9.8
v -1 9.4 -9.9
v -1 9.4 -10
v -1 9.4 -10.1
v -1 9.4 -10.3
v -1 9.4 -10.4
v -1 9.4 -10.5
v -1 9.4 -10.6
v -1 9.5 -10
v -1 9.5 -10.1
v -1 9.5 -10.3
v -1 9.5 -10.4
v -1 12.7 -10
v -1 12.7 -10.1
v -1 12.7 -10.3
v -1 12.7 -10.4
v -1 12.8 -9.8
v -1 12.8 -9.9
v -1 12.8 -10
v -1 12.8 -10.1
v -1 12.8 -10.3
v -1 12.8 -10.4
v -1 12.8 -10.5
v -1 12.8 -10.6
v -1 12.9 -9.8
v -1 12.9 -9.9
v -1 12.9 -10.5
v -1 12.9 -10.6
v -1 13 -9.7
v -1 13 -9.8
v -1 13 -10.6
v -1 13 -10.7
v -1 13.1 -9.7
v -1 13.1 -9.8
v -1 13.1 -10.6
v -1 13.1 -10.7
v -1 13.5 -9.7
v -1 13.5 -9.8
v -1 13.5 -10.6
v -1 13.5 -10.7
v -1 13.6 -9.7
v -1 13.6 -9.8
v -1 13.6 -10.6
v -1 13.6 -10.7
v -1 13.7 -9.8
v -1 13.7 -9.9
v -1 13.7 -10.5
v -1 13.7 -10.6
v -1 13.8 -9.8
v -1 13.8 -9.9
v -1 13.8 -10
v -1 13.8 -10.1
v -1 13.8 -10.3
v -1 13.8 -10.4
v -1 13.8 -10.5
v -1 13.8 -10.6
v -1 13.9 -10
v -1 13.9 -10.1
v -1 13.9 -10.3
v -1 13.9 -10.4
v -0.9 7.7 -11.4
v -0.9 7.7 -11.6
v -0.9 7.8 -8.9
v -0.9 7.8 -9.1
v -0.9 7.8 -11.4
v -0.9 7.8 -11.6
v -0.9 8 -8.9
v -0.9 8 -9.1
v -0.9 8.2 -10.1
v -0.9 8.2 -10.3
v -0.9 8.3 -9.9
v -0.9 8.3 -10
v -0.9 8.3 -10.1
v -0.9 8.3 -10.3
v -0.9 8.3 -10.4
v -0.9 8.3 -10.5
v -0.9 8.4 -9.9
v -0.9 8.4 -10
v -0.9 8.4 -10.4
v -0.9 8.4 -10.5
v -0.9 8.5 -9.7
v -0.9 8.5 -9.8
v -0.9 8.5 -10.6
v -0.9 8.5 -10.7
v -0.9 8.6 -9.7
v -0.9 8.6 -9.8
v -0.9 8.6 -10.6
v -0.9 8.6 -10.7
v -0.9 8.7 -9.6
v -0.9 8.7 -9.7
v -0.9 8.7 -10.7
v -0.9 8.7 -10.8
v -0.9 9.1 -9.6
v -0.9 9.1 -9.7
v -0.9 9.1 -10.7
v -0.9 9.1 -10.8
v -0.9 9.2 -9.7
v -0.9 9.2 -9.8
v -0.9 9.2 -10.6
v -0.9 9.2 -10.7
v -0.9 9.3 -9.7
v -0.9 9.3 -9.8
v -0.9 9.3 -10.6
v -0.9 9.3 -10.7
v -0.9 9.4 -9.9
v -0.9 9.4 -10
v -0.9 9.4 -10.4
v -0.9 9.4 -10.5
v -0.9 9.5 -9.9
v -0.9 9.5 -10
v -0.9 9.5 -10.1
v -0.9 9.5 -10.3
v -0.9 9.5 -10.4
v -0.9 9.5 -10.5
v -0.9 9.6 -10.1
v -0.9 9.6 -10.3
v -0.9 12.6 -10.1
v -0.9 12.6 -10.3
v -0.9 12.7 -9.9
v -0.9 12.7 -10
v -0.9 12.7 -10.1
v -0.9 12.7 -10.3
v -0.9 12.7 -10.4
v -0.9 12.7 -10.5
v -0.9 12.8 -9.9
v -0.9 12.8 -10
v -0.9 12.8 -10.4
v -0.9 12.8 -10.5
v -0.9 12.9 -9.7
v -0.9 12.9 -9.8
v -0.9 12.9 -10.6
v -0.9 12.9 -10.7
v -0.9 13 -9.7
v -0.9 13 -9.8
v -0.9 13 -10.6
v -0.9 13 -10.7
v -0.9 13.1 -9.6
v -0.9 13.1 -9.7
v -0.9 13.1 -10.7
v -0.9 13.1 -10.8
v -0.9 13.5 -9.6
v -0.9 13.5 -9.7
v -0.9 13.5 -10.7
v -0.9 13.5 -10.8
v -0.9 13.6 -9.7
v -0.9 13.6 -9.8
v -0.9 13.6 -10.6
v -0.9 13.6 -10.7
v -0.9 13.7 -9.7
v -0.9 13.7 -9.8
v -0.9 13.7 -10.6
v -0.9 13.7 -10.7
v -0.9 13.8 -9.9
v -0.9 13.8 -10
v -0.9 13.8 -10.4
v -0.9 13.8 -10.5
v -0.9 13.9 -9.9
v -0.9 13.9 -10
v -0.9 13.9 -10.1
v -0.9 13.9 -10.3
v -0.9 13.9 -10.4
v -0.9 13.9 -10.5
v -0.9 14 -10.1
v -0.9 14 -10.3
v -0.8 7.8 -11.4
v -0.8 7.8 -11.6
v -0.8 8 -8.9
v -0.8 8 -9.1
v -0.8 8 -11.4
v -0.8 8 -11.6
v -0.8 8.2 -8.9
v -0.8 8.2 -9.1
v -0.8 8.2 -10
v -0.8 8.2 -10.1
v -0.8 8.2 -10.3
v -0.8 8.2 -10.4
v -0.8 8.3 -9.8
v -0.8 8.3 -9.9
v -0.8 8.3 -10
v -0.8 8.3 -10.1
v -0.8 8.3 -10.3
v -0.8 8.3 -10.4
v -0.8 8.3 -10.5
v -0.8 8.3 -10.6
v -0.8 8.4 -9.7
v -0.8 8.4 -9.8
v -0.8 8.4 -9.9
v -0.8 8.4 -10.5
v -0.8 8.4 -10.6
v -0.8 8.4 -10.7
v -0.8 8.5 -9.7
v -0.8 8.5 -9.8
v -0.8 8.5 -10.6
v -0.8 8.5 -10.7
v -0.8 8.6 -9.6
v -0.8 8.6 -9.7
v -0.8 8.6 -10.7
v -0.8 8.6 -10.8
v -0.8 8.7 -9.6
v -0.8 8.7 -9.7
v -0.8 8.7 -10.7
v -0.8 8.7 -10.8
v -0.8 9.1 -9.6
v -0.8 9.1 -9.7
v -0.8 9.1 -10.7
v -0.8 9.1 -10.8
v -0.8 9.2 -9.6
v -0.8 9.2 -9.7
v -0.8 9.2 -10.7
v -0.8 9.2 -10.8
v -0.8 9.3 -9.7
v -0.8 9.3 -9.8
v -0.8 9.3 -10.6
v -0.8 9.3 -10.7
v -0.8 9.4 -9.7
v -0.8 9.4 -9.8
v -0.8 9.4 -9.9
v -0.8 9.4 -10.5
v -0.8 9.4 -10.6
v -0.8 9.4 -10.7
v -0.8 9.5 -9.8
v -0.8 9.5 -9.9
v -0.8 9.5 -10
v -0.8 9.5 -10.1
v -0.8 9.5 -10.3
v -0.8 9.5 -10.4
v -0.8 9.5 -10.5
v -0.8 9.5 -10.6
v -0.8 9.6 -10
v -0.8 9.6 -10.1
v -0.8 9.6 -10.3
v -0.8 9.6 -10.4
v -0.8 12.6 -10
v -0.8 12.6 -10.1
v -0.8 12.6 -10.3
v -0.8 12.6 -10.4
v -0.8 12.7 -9.8
v -0.8 12.7 -9.9
v -0.8 12.7 -10
v -0.8 12.7 -10.1
v -0.8 12.7 -10.3
v -0.8 12.7 -10.4
v -0.8 12.7 -10.5
v -0.8 12.7 -10.6
v -0.8 12.8 -9.7
v -0.8 12.8 -9.8
v -0.8 12.8 -9.9
v -0.8 12.8 -10.5
v -0.8 12.8 -10.6
v -0.8 12.8 -10.7
v -0.8 12.9 -9.7
v -0.8 12.9 -9.8
v -0.8 12.9 -10.6
v -0.8 12.9 -10.7
v -0.8 13 -9.6
v -0.8 13 -9.7
v -0.8 13 -10.7
v -0.8 13 -10.8
v -0.8 13.1 -9.6
v -0.8 13.1 -9.7
v -0.8 13.1 -10.7
v -0.8 13.1 -10.8
v -0.8 13.5 -9.6
v -0.8 13.5 -9.7
v -0.8 13.5 -10.7
v -0.8 13.5 -10.8
v -0.8 13.6 -9.6
v -0.8 13.6 -9.7
v -0.8 13.6 -10.7
v -0.8 13.6 -10.8
v -0.8 13.7 -9.7
v -0.8 13.7 -9.8
v -0.8 13.7 -10.6
v -0.8 13.7 -10.7
v -0.8 13.8 -9.7
v -0.8 13.8 -9.8
v -0.8 13.8 -9.9
v -0.8 13.8 -10.5
v -0.8 13.8 -10.6
v -0.8 13.8 -10.7
v -0.8 13.9 -9.8
v -0.8 13.9 -9.9
v -0.8 13.9 -10
v -0.8 13.9 -10.1
v -0.8 13.9 -10.3
v -0.8 13.9 -10.4
v -0.8 13.9 -10.5
v -0.8 13.9 -10.6
v -0.8 14 -10
v -0.8 14 -10.1
v -0.8 14 -10.3
v -0.8 14 -10.4
v -0.7 8 -11.4
v -0.7 8 -11.6
v -0.7 8.2 -8.9
v -0.7 8.2 -9.1
v -0.7 8.2 -9.9
v -0.7 8.2 -10
v -0.7 8.2 -10.4
v -0.7 8.2 -10.5
v -0.7 8.2 -11.4
v -0.7 8.2 -11.6
v -0.7 8.3 -9.9
v -0.7 8.3 -10
v -0.7 8.3 -10.4
v -0.7 8.3 -10.5
v -0.7 8.4 -8.9
v -0.7 8.4 -9.1
v -0.7 8.5 -9.6
v -0.7 8.5 -9.7
v -0.7 8.5 -10.7
v -0.7 8.5 -10.8
v -0.7 8.6 -9.6
v -0.7 8.6 -9.7
v -0.7 8.6 -10.7
v -0.7 8.6 -10.8
v -0.7 9.2 -9.6
v -0.7 9.2 -9.7
v -0.7 9.2 -10.7
v -0.7 9.2 -10.8
v -0.7 9.3 -9.6
v -0.7 9.3 -9.7
v -0.7 9.3 -10.7
v -0.7 9.3 -10.8
v -0.7 9.5 -9.9
v -0.7 9.5 -10
v -0.7 9.5 -10.4
v -0.7 9.5 -10.5
v -0.7 9.6 -9.9
v -0.7 9.6 -10
v -0.7 9.6 -10.4
v -0.7 9.6 -10.5
v -0.7 12.6 -9.9
v -0.7 12.6 -10
v -0.7 12.6 -10.4
v -0.7 12.6 -10.5
v -0.7 12.7 -9.9
v -0.7 12.7 -10
v -0.7 12.7 -10.4
v -0.7 12.7 -10.5
v -0.7 12.9 -9.6
v -0.7 12.9 -9.7
v -0.7 12.9 -10.7
v -0.7 12.9 -10.8
v -0.7 13 -9.6
v -0.7 13 -9.7
v -0.7 13 -10.7
v -0.7 13 -10.8
v -0.7 13.6 -9.6
v -0.7 13.6 -9.7
v -0.7 13.6 -10.7
v -0.7 13.6 -10.8
v -0.7 13.7 -9.6
v -0.7 13.7 -9.7
v -0.7 13.7 -10.7
v -0.7 13.7 -10.8
v -0.7 13.9 -9.9
v -0.7 13.9 -10
v -0.7 13.9 -10.4
v -0.7 13.9 -10.5
v -0.7 14 -9.9
v -0.7 14 -10
v -0.7 14 -10.4
v -0.7 14 -10.5
v -0.6 8.1 -10.1
v -0.6 8.1 -10.3
v -0.6 8.2 -9.8
v -0.6 8.2 -9.9
v -0.6 8.2 -10.1
v -0.6 8.2 -10.3
v -0.6 8.2 -10.5
v -0.6 8.2 -10.6
v -0.6 8.2 -11.4
v -0.6 8.2 -11.6
v -0.6 8.3 -9.8
v -0.6 8.3 -9.9
v -0.6 8.3 -10.5
v -0.6 8.3 -10.6
v -0.6 8.4 -8.9
v -0.6 8.4 -9.1
v -0.6 8.4 -11.4
v -0.6 8.4 -11.6
v -0.6 8.7 -9.5
v -0.6 8.7 -9.6
v -0.6 8.7 -10.8
v -0.6 8.7 -10.9
v -0.6 9 -9.3
v -0.6 9 -9.5
v -0.6 9 -10.9
v -0.6 9 -11.2
v -0.6 9.1 -9.3
v -0.6 9.1 -9.5
v -0.6 9.1 -9.6
v -0.6 9.1 -10.8
v -0.6 9.1 -10.9
v -0.6 9.1 -11.2
v -0.6 9.5 -9.8
v -0.6 9.5 -9.9
v -0.6 9.5 -10.5
v -0.6 9.5 -10.6
v -0.6 9.6 -9.8
v -0.6 9.6 -9.9
v -0.6 9.6 -10.1
v -0.6 9.6 -10.3
v -0.6 9.6 -10.5
v -0.6 9.6 -10.6
v -0.6 9.7 -10.1
v -0.6 9.7 -10.3
v -0.6 11.2 -8.9
v -0.6 11.2 -9.1
v -0.6 12.5 -10.1
v -0.6 12.5 -10.3
v -0.6 12.6 -9.8
v -0.6 12.6 -9.9
v -0.6 12.6 -10.1
v -0.6 12.6 -10.3
v -0.6 12.6 -10.5
v -0.6 12.6 -10.6
v -0.6 12.7 -9.8
v -0.6 12.7 -9.9
v -0.6 12.7 -10.5
v -0.6 12.7 -10.6
v -0.6 13.1 -9.5
v -0.6 13.1 -9.6
v -0.6 13.1 -10.8
v -0.6 13.1 -10.9
v -0.6 13.5 -9.5
v -0.6 13.5 -9.6
v -0.6 13.5 -10.8
v -0.6 13.5 -10.9
v -0.6 13.9 -9.8
v -0.6 13.9 -9.9
v -0.6 13.9 -10.5
v -0.6 13.9 -10.6
v -0.6 14 -9.8
v -0.6 14 -9.9
v -0.6 14 -10.1
v -0.6 14 -10.3
v -0.6 14 -10.5
v -0.6 14 -10.6
v -0.6 14.1 -9.3
v -0.6 14.1 -9.6
v -0.6 14.1 -10.1
v -0.6 14.1 -10.3
v -0.6 14.1 -10.9
v -0.6 14.1 -11.2
v -0.6 14.2 -9.3
v -0.6 14.2 -9.6
v -0.6 14.2 -10.9
v -0.6 14.2 -11.2
v -0.5 8.3 -9.7
v -0.5 8.3 -9.8
v -0.5 8.3 -10.6
v -0.5 8.3 -10.7
v -0.5 8.4 -9.6
v -0.5 8.4 -9.7
v -0.5 8.4 -9.8
v -0.5 8.4 -10.6
v -0.5 8.4 -10.7
v -0.5 8.4 -10.8
v -0.5 8.4 -11.4
v -0.5 8.4 -11.6
v -0.5 8.5 -9.6
v -0.5 8.5 -9.7
v -0.5 8.5 -10.7
v -0.5 8.5 -10.8
v -0.5 9.3 -9.6
v -0.5 9.3 -9.7
v -0.5 9.3 -10.7
v -0.5 9.3 -10.8
v -0.5 9.4 -9.6
v -0.5 9.4 -9.7
v -0.5 9.4 -9.8
v -0.5 9.4 -10.6
v -0.5 9.4 -10.7
v -0.5 9.4 -10.8
v -0.5 9.5 -9.7
v -0.5 9.5 -9.8
v -0.5 9.5 -10.6
v -0.5 9.5 -10.7
v -0.5 11.4 -11.4
v -0.5 11.4 -11.6
v -0.5 12.7 -9.7
v -0.5 12.7 -9.8
v -0.5 12.7 -10.6
v -0.5 12.7 -10.7
v -0.5 12.8 -9.6
v -0.5 12.8 -9.7
v -0.5 12.8 -9.8
v -0.5 12.8 -10.6
v -0.5 12.8 -10.7
v -0.5 12.8 -10.8
v -0.5 12.9 -9.6
v -0.5 12.9 -9.7
v -0.5 12.9 -10.7
v -0.5 12.9 -10.8
v -0.5 13.7 -9.6
v -0.5 13.7 -9.7
v -0.5 13.7 -10.7
v -0.5 13.7 -10.8
v -0.5 13.8 -9.6
v -0.5 13.8 -9.7
v -0.5 13.8 -9.8
v -0.5 13.8 -10.6
v -0.5 13.8 -10.7
v -0.5 13.8 -10.8
v -0.5 13.9 -9.7
v -0.5 13.9 -9.8
v -0.5 13.9 -10.6
v -0.5 13.9 -10.7
v -0.4 8.1 -10
v -0.4 8.1 -10.1
v -0.4 8.1 -10.3
v -0.4 8.1 -10.4
v -0.4 8.2 -10
v -0.4 8.2 -10.1
v -0.4 8.2 -10.3
v -0.4 8.2 -10.4
v -0.4 8.6 -9.5
v -0.4 8.6 -9.6
v -0.4 8.6 -10.8
v -0.4 8.6 -10.9
v -0.4 8.7 -9.5
v -0.4 8.7 -9.6
v -0.4 8.7 -10.8
v -0.4 8.7 -10.9
v -0.4 9.1 -10.8
v -0.4 9.1 -10.9
v -0.4 9.2 -10.8
v -0.4 9.2 -10.9
v -0.4 9.6 -10
v -0.4 9.6 -10.1
v -0.4 9.6 -10.3
v -0.4 9.6 -10.4
v -0.4 9.7 -10
v -0.4 9.7 -10.1
v -0.4 9.7 -10.3
v -0.4 9.7 -10.4
v -0.4 12.5 -10
v -0.4 12.5 -10.1
v -0.4 12.5 -10.3
v -0.4 12.5 -10.4
v -0.4 12.6 -10
v -0.4 12.6 -10.1
v -0.4 12.6 -10.3
v -0.4 12.6 -10.4
v -0.4 13 -9.5
v -0.4 13 -9.6
v -0.4 13 -10.8
v -0.4 13 -10.9
v -0.4 13.1 -9.5
v -0.4 13.1 -9.6
v -0.4 13.1 -10.8
v -0.4 13.1 -10.9
v -0.4 13.5 -9.5
v -0.4 13.5 -9.6
v -0.4 13.5 -10.8
v -0.4 13.5 -10.9
v -0.4 13.6 -9.5
v -0.4 13.6 -9.6
v -0.4 13.6 -10.8
v -0.4 13.6 -10.9
v -0.4 14 -10
v -0.4 14 -10.1
v -0.4 14 -10.3
v -0.4 14 -10.4
v -0.4 14.1 -10
v -0.4 14.1 -10.1
v -0.4 14.1 -10.3
v -0.4 14.1 -10.4
v 0.1 9.3 -9.3
v 0.1 9.3 -9.6
v 0.1 9.3 -10.9
v 0.1 9.3 -11.2
v 0.1 9.4 -9.3
v 0.1 9.4 -9.6
v 0.1 9.4 -10.9
v 0.1 9.4 -11.2
v 0.1 13.8 -9.3
v 0.1 13.8 -9.6
v 0.1 13.8 -10.9
v 0.1 13.8 -11.2
v 0.1 13.9 -9.3
v 0.1 13.9 -9.6
v 0.1 13.9 -10.9
v 0.1 13.9 -11.2
v 0.6 9.4 -9.3
v 0.6 9.4 -9.6
v 0.6 9.4 -10.9
v 0.6 9.4 -11.2
v 0.6 9.5 -9.3
v 0.6 9.5 -9.6
v 0.6 9.5 -10.9
v 0.6 9.5 -11.2
v 0.6 13.7 -9.3
v 0.6 13.7 -9.6
v 0.6 13.7 -10.9
v 0.6 13.7 -11.2
v 0.6 13.8 -9.3
v 0.6 13.8 -9.6
v 0.6 13.8 -10.9
v 0.6 13.8 -11.2
v 0.7 9.5 -9.3
v 0.7 9.5 -9.6
v 0.7 9.5 -10.9
v 0.7 9.5 -11.2
v 0.7 9.6 -9.3
v 0.7 9.6 -9.6
v 0.7 9.6 -10.9
v 0.7 9.6 -11.2
v 0.7 13.6 -9.3
v 0.7 13.6 -9.6
v 0.7 13.6 -10.9
v 0.7 13.6 -11.2
v 0.7 13.7 -9.3
v 0.7 13.7 -9.6
v 0.7 13.7 -10.9
v 0.7 13.7 -11.2
v 0.9 9.6 -9.3
v 0.9 9.6 -9.6
v 0.9 9.6 -10.9
v 0.9 9.6 -11.2
v 0.9 9.7 -9.3
v 0.9 9.7 -9.6
v 0.9 9.7 -10.9
v 0.9 9.7 -11.2
v 0.9 11.4 -10
v 0.9 11.4 -10.4
v 0.9 11.8 -10
v 0.9 11.8 -10.4
v 0.9 13.5 -9.3
v 0.9 13.5 -9.6
v 0.9 13.5 -10.9
v 0.9 13.5 -11.2
v 0.9 13.6 -9.3
v 0.9 13.6 -9.6
v 0.9 13.6 -10.9
v 0.9 13.6 -11.2
v 1 11.2 -10.1
v 1 11.2 -10.3
v 1 11.3 -10
v 1 11.3 -10.1
v 1 11.3 -10.3
v 1 11.3 -10.4
v 1 11.4 -9.9
v 1 11.4 -10
v 1 11.4 -10.4
v 1 11.4 -10.5
v 1 11.8 -9.9
v 1 11.8 -10
v 1 11.8 -10.4
v 1 11.8 -10.5
v 1 11.9 -10
v 1 11.9 -10.1
v 1 11.9 -10.3
v 1 11.9 -10.4
v 1 12 -10.1
v 1 12 -10.3
v 1.1 9.7 -9.3
v 1.1 9.7 -9.6
v 1.1 9.7 -10.9
v 1.1 9.7 -11.2
v 1.1 9.8 -9.3
v 1.1 9.8 -9.6
v 1.1 9.8 -10.9
v 1.1 9.8 -11.2
v 1.1 11.1 -10.1
v 1.1 11.1 -10.3
v 1.1 11.2 -9.9
v 1.1 11.2 -10.1
v 1.1 11.2 -10.3
v 1.1 11.2 -10.5
v 1.1 11.3 -9.8
v 1.1 11.3 -9.9
v 1.1 11.3 -10
v 1.1 11.3 -10.1
v 1.1 11.3 -10.3
v 1.1 11.3 -10.4
v 1.1 11.3 -10.5
v 1.1 11.3 -10.6
v 1.1 11.4 -9.9
v 1.1 11.4 -10
v 1.1 11.4 -10.4
v 1.1 11.4 -10.5
v 1.1 11.8 -9.9
v 1.1 11.8 -10
v 1.1 11.8 -10.4
v 1.1 11.8 -10.5
v 1.1 11.9 -9.8
v 1.1 11.9 -9.9
v 1.1 11.9 -10
v 1.1 11.9 -10.1
v 1.1 11.9 -10.3
v 1.1 11.9 -10.4
v 1.1 11.9 -10.5
v 1.1 11.9 -10.6
v 1.1 12 -9.9
v 1.1 12 -10.1
v 1.1 12 -10.3
v 1.1 12 -10.5
v 1.1 12.1 -10.1
v 1.1 12.1 -10.3
v 1.1 13.4 -9.3
v 1.1 13.4 -9.6
v 1.1 13.4 -10.9
v 1.1 13.4 -11.2
v 1.1 13.5 -9.3
v 1.1 13.5 -9.6
v 1.1 13.5 -10.9
v 1.1 13.5 -11.2
v 1.2 9.8 -9.3
v 1.2 9.8 -9.6
v 1.2 9.8 -10.9
v 1.2 9.8 -11.2
v 1.2 9.9 -9.3
v 1.2 9.9 -9.6
v 1.2 9.9 -10.9
v 1.2 9.9 -11.2
v 1.2 11 -10.1
v 1.2 11 -10.3
v 1.2 11.1 -9.9
v 1.2 11.1 -10.1
v 1.2 11.1 -10.3
v 1.2 11.1 -10.5
v 1.2 11.2 -9.8
v 1.2 11.2 -9.9
v 1.2 11.2 -10.1
v 1.2 11.2 -10.3
v 1.2 11.2 -10.5
v 1.2 11.2 -10.6
v 1.2 11.3 -9.8
v 1.2 11.3 -9.9
v 1.2 11.3 -10.5
v 1.2 11.3 -10.6
v 1.2 11.4 -9.7
v 1.2 11.4 -9.8
v 1.2 11.4 -10.6
v 1.2 11.4 -10.7
v 1.2 11.8 -9.7
v 1.2 11.8 -9.8
v 1.2 11.8 -10.6
v 1.2 11.8 -10.7
v 1.2 11.9 -9.8
v 1.2 11.9 -9.9
v 1.2 11.9 -10.5
v 1.2 11.9 -10.6
v 1.2 12 -9.8
v 1.2 12 -9.9
v 1.2 12 -10.1
v 1.2 12 -10.3
v 1.2 12 -10.5
v 1.2 12 -10.6
v 1.2 12.1 -9.9
v 1.2 12.1 -10.1
v 1.2 12.1 -10.3
v 1.2 12.1 -10.5
v 1.2 12.2 -10.1
v 1.2 12.2 -10.3
v 1.2 13.3 -9.3
v 1.2 13.3 -9.6
v 1.2 13.3 -10.9
v 1.2 13.3 -11.2
v 1.2 13.4 -9.3
v 1.2 13.4 -9.6
v 1.2 13.4 -10.9
v 1.2 13.4 -11.2
v 1.3 9.9 -9.3
v 1.3 9.9 -9.6
v 1.3 9.9 -10.9
v 1.3 9.9 -11.2
v 1.3 10 -9.3
v 1.3 10 -9.6
v 1.3 10 -10.9
v 1.3 10 -11.2
v 1.3 11 -10
v 1.3 11 -10.1
v 1.3 11 -10.3
v 1.3 11 -10.4
v 1.3 11.1 -9.8
v 1.3 11.1 -9.9
v 1.3 11.1 -10
v 1.3 11.1 -10.1
v 1.3 11.1 -10.3
v 1.3 11.1 -10.4
v 1.3 11.1 -10.5
v 1.3 11.1 -10.6
v 1.3 11.2 -9.8
v 1.3 11.2 -9.9
v 1.3 11.2 -10.5
v 1.3 11.2 -10.6
v 1.3 11.3 -9.7
v 1.3 11.3 -9.8
v 1.3 11.3 -10.6
v 1.3 11.3 -10.7
v 1.3 11.4 -9.7
v 1.3 11.4 -9.8
v 1.3 11.4 -10.6
v 1.3 11.4 -10.7
v 1.3 11.8 -9.7
v 1.3 11.8 -9.8
v 1.3 11.8 -10.6
v 1.3 11.8 -10.7
v 1.3 11.9 -9.7
v 1.3 11.9 -9.8
v 1.3 11.9 -10.6
v 1.3 11.9 -10.7
v 1.3 12 -9.8
v 1.3 12 -9.9
v 1.3 12 -10.5
v 1.3 12 -10.6
v 1.3 12.1 -9.8
v 1.3 12.1 -9.9
v 1.3 12.1 -10
v 1.3 12.1 -10.1
v 1.3 12.1 -10.3
v 1.3 12.1 -10.4
v 1.3 12.1 -10.5
v 1.3 12.1 -10.6
v 1.3 12.2 -10
v 1.3 12.2 -10.1
v 1.3 12.2 -10.3
v 1.3 12.2 -10.4
v 1.3 13.2 -9.3
v 1.3 13.2 -9.6
v 1.3 13.2 -10.9
v 1.3 13.2 -11.2
v 1.3 13.3 -9.3
v 1.3 13.3 -9.6
v 1.3 13.3 -10.9
v 1.3 13.3 -11.2
v 1.4 10 -9.3
v 1.4 10 -9.6
v 1.4 10 -10.9
v 1.4 10 -11.2
v 1.4 10.1 -9.3
v 1.4 10.1 -9.6
v 1.4 10.1 -10.9
v 1.4 10.1 -11.2
v 1.4 10.9 -10.1
v 1.4 10.9 -10.3
v 1.4 11 -9.9
v 1.4 11 -10
v 1.4 11 -10.1
v 1.4 11 -10.3
v 1.4 11 -10.4
v 1.4 11 -10.5
v 1.4 11.1 -9.9
v 1.4 11.1 -10
v 1.4 11.1 -10.4
v 1.4 11.1 -10.5
v 1.4 11.2 -9.7
v 1.4 11.2 -9.8
v 1.4 11.2 -10.6
v 1.4 11.2 -10.7
v 1.4 11.3 -9.7
v 1.4 11.3 -9.8
v 1.4 11.3 -10.6
v 1.4 11.3 -10.7
v 1.4 11.4 -9.6
v 1.4 11.4 -9.7
v 1.4 11.4 -10.7
v 1.4 11.4 -10.8
v 1.4 11.8 -9.6
v 1.4 11.8 -9.7
v 1.4 11.8 -10.7
v 1.4 11.8 -10.8
v 1.4 11.9 -9.7
v 1.4 11.9 -9.8
v 1.4 11.9 -10.6
v 1.4 11.9 -10.7
v 1.4 12 -9.7
v 1.4 12 -9.8
v 1.4 12 -10.6
v 1.4 12 -10.7
v 1.4 12.1 -9.9
v 1.4 12.1 -10
v 1.4 12.1 -10.4
v 1.4 12.1 -10.5
v 1.4 12.2 -9.9
v 1.4 12.2 -10
v 1.4 12.2 -10.1
v 1.4 12.2 -10.3
v 1.4 12.2 -10.4
v 1.4 12.2 -10.5
v 1.4 12.3 -10.1
v 1.4 12.3 -10.3
v 1.4 13.1 -9.3
v 1.4 13.1 -9.6
v 1.4 13.1 -10.9
v 1.4 13.1 -11.2
v 1.4 13.2 -9.3
v 1.4 13.2 -9.6
v 1.4 13.2 -10.9
v 1.4 13.2 -11.2
v 1.5 10.1 -9.3
v 1.5 10.1 -9.6
v 1.5 10.1 -10.9
v 1.5 10.1 -11.2
v 1.5 10.3 -9.3
v 1.5 10.3 -9.6
v 1.5 10.3 -10.9
v 1.5 10.3 -11.2
v 1.5 10.9 -10
v 1.5 10.9 -10.1
v 1.5 10.9 -10.3
v 1.5 10.9 -10.4
v 1.5 11 -9.8
v 1.5 11 -9.9
v 1.5 11 -10
v 1.5 11 -10.1
v 1.5 11 -10.3
v 1.5 11 -10.4
v 1.5 11 -10.5
v 1.5 11 -10.6
v 1.5 11.1 -9.7
v 1.5 11.1 -9.8
v 1.5 11.1 -9.9
v 1.5 11.1 -10.5
v 1.5 11.1 -10.6
v 1.5 11.1 -10.7
v 1.5 11.2 -9.7
v 1.5 11.2 -9.8
v 1.5 11.2 -10.6
v 1.5 11.2 -10.7
v 1.5 11.3 -9.6
v 1.5 11.3 -9.7
v 1.5 11.3 -10.7
v 1.5 11.3 -10.8
v 1.5 11.4 -9.6
v 1.5 11.4 -9.7
v 1.5 11.4 -10.7
v 1.5 11.4 -10.8
v 1.5 11.8 -9.6
v 1.5 11.8 -9.7
v 1.5 11.8 -10.7
v 1.5 11.8 -10.8
v 1.5 11.9 -9.6
v 1.5 11.9 -9.7
v 1.5 11.9 -10.7
v 1.5 11.9 -10.8
v 1.5 12 -9.7
v 1.5 12 -9.8
v 1.5 12 -10.6
v 1.5 12 -10.7
v 1.5 12.1 -9.7
v 1.5 12.1 -9.8
v 1.5 12.1 -9.9
v 1.5 12.1 -10.5
v 1.5 12.1 -10.6
v 1.5 12.1 -10.7
v 1.5 12.2 -9.8
v 1.5 12.2 -9.9
v 1.5 12.2 -10
v 1.5 12.2 -10.1
v 1.5 12.2 -10.3
v 1.5 12.2 -10.4
v 1.5 12.2 -10.5
v 1.5 12.2 -10.6
v 1.5 12.3 -10
v 1.5 12.3 -10.1
v 1.5 12.3 -10.3
v 1.5 12.3 -10.4
v 1.5 12.9 -9.3
v 1.5 12.9 -9.6
v 1.5 12.9 -10.9
v 1.5 12.9 -11.2
v 1.5 13.1 -9.3
v 1.5 13.1 -9.6
v 1.5 13.1 -10.9
v 1.5 13.1 -11.2
v 1.6 10.9 -9.9
v 1.6 10.9 -10
v 1.6 10.9 -10.4
v 1.6 10.9 -10.5
v 1.6 11 -9.9
v 1.6 11 -10
v 1.6 11 -10.4
v 1.6 11 -10.5
v 1.6 11.2 -9.6
v 1.6 11.2 -9.7
v 1.6 11.2 -10.7
v 1.6 11.2 -10.8
v 1.6 11.3 -9.6
v 1.6 11.3 -9.7
v 1.6 11.3 -10.7
v 1.6 11.3 -10.8
v 1.6 11.9 -9.6
v 1.6 11.9 -9.7
v 1.6 11.9 -10.7
v 1.6 11.9 -10.8
v 1.6 12 -9.6
v 1.6 12 -9.7
v 1.6 12 -10.7
v 1.6 12 -10.8
v 1.6 12.2 -9.9
v 1.6 12.2 -10
v 1.6 12.2 -10.4
v 1.6 12.2 -10.5
v 1.6 12.3 -9.9
v 1.6 12.3 -10
v 1.6 12.3 -10.4
v 1.6 12.3 -10.5
v 1.7 10.3 -9.3
v 1.7 10.3 -9.6
v 1.7 10.3 -10.9
v 1.7 10.3 -11.2
v 1.7 10.6 -9.3
v 1.7 10.6 -9.6
v 1.7 10.6 -10.9
v 1.7 10.6 -11.2
v 1.7 10.8 -10.1
v 1.7 10.8 -10.3
v 1.7 10.9 -9.8
v 1.7 10.9 -9.9
v 1.7 10.9 -10.1
v 1.7 10.9 -10.3
v 1.7 10.9 -10.5
v 1.7 10.9 -10.6
v 1.7 11 -9.8
v 1.7 11 -9.9
v 1.7 11 -10.5
v 1.7 11 -10.6
v 1.7 11.4 -10.8
v 1.7 11.4 -10.9
v 1.7 11.8 -10.8
v 1.7 11.8 -10.9
v 1.7 12.2 -9.8
v 1.7 12.2 -9.9
v 1.7 12.2 -10.5
v 1.7 12.2 -10.6
v 1.7 12.3 -9.8
v 1.7 12.3 -9.9
v 1.7 12.3 -10.1
v 1.7 12.3 -10.3
v 1.7 12.3 -10.5
v 1.7 12.3 -10.6
v 1.7 12.4 -10.1
v 1.7 12.4 -10.3
v 1.7 12.6 -9.3
v 1.7 12.6 -9.6
v 1.7 12.6 -10.9
v 1.7 12.6 -11.2
v 1.7 12.9 -9.3
v 1.7 12.9 -9.6
v 1.7 12.9 -10.9
v 1.7 12.9 -11.2
v 1.8 10.6 -9.3
v 1.8 10.6 -9.6
v 1.8 10.6 -10.9
v 1.8 10.6 -11.2
v 1.8 11 -9.3
v 1.8 11 -9.6
v 1.8 11 -9.7
v 1.8 11 -9.8
v 1.8 11 -10.6
v 1.8 11 -10.7
v 1.8 11 -10.9
v 1.8 11 -11.2
v 1.8 11.1 -9.6
v 1.8 11.1 -9.7
v 1.8 11.1 -9.8
v 1.8 11.1 -10.6
v 1.8 11.1 -10.7
v 1.8 11.1 -10.8
v 1.8 11.2 -9.6
v 1.8 11.2 -9.7
v 1.8 11.2 -10.7
v 1.8 11.2 -10.8
v 1.8 12 -9.6
v 1.8 12 -9.7
v 1.8 12 -10.7
v 1.8 12 -10.8
v 1.8 12.1 -9.6
v 1.8 12.1 -9.7
v 1.8 12.1 -9.8
v 1.8 12.1 -10.6
v 1.8 12.1 -10.7
v 1.8 12.1 -10.8
v 1.8 12.2 -9.3
v 1.8 12.2 -9.6
v 1.8 12.2 -9.7
v 1.8 12.2 -9.8
v 1.8 12.2 -10.6
v 1.8 12.2 -10.7
v 1.8 12.2 -10.9
v 1.8 12.2 -11.2
v 1.8 12.6 -9.3
v 1.8 12.6 -9.6
v 1.8 12.6 -10.9
v 1.8 12.6 -11.2
v 1.9 10.8 -10
v 1.9 10.8 -10.1
v 1.9 10.8 -10.3
v 1.9 10.8 -10.4
v 1.9 10.9 -10
v 1.9 10.9 -10.1
v 1.9 10.9 -10.3
v 1.9 10.9 -10.4
v 1.9 11 -9.3
v 1.9 11 -9.6
v 1.9 11 -10.9
v 1.9 11 -11.2
v 1.9 11.1 -9.6
v 1.9 11.2 -9.3
v 1.9 11.2 -9.6
v 1.9 11.2 -10.9
v 1.9 11.2 -11.2
v 1.9 11.3 -10.8
v 1.9 11.3 -10.9
v 1.9 11.4 -10.8
v 1.9 11.4 -10.9
v 1.9 11.4 -11.2
v 1.9 11.8 -10.8
v 1.9 11.8 -10.9
v 1.9 11.9 -10.8
v 1.9 11.9 -10.9
v 1.9 12 -9.3
v 1.9 12 -9.6
v 1.9 12 -10.9
v 1.9 12 -11.2
v 1.9 12.1 -9.6
v 1.9 12.2 -9.3
v 1.9 12.2 -9.6
v 1.9 12.2 -10.9
v 1.9 12.2 -11.2
v 1.9 12.3 -10
v 1.9 12.3 -10.1
v 1.9 12.3 -10.3
v 1.9 12.3 -10.4
v 1.9 12.4 -10
v 1.9 12.4 -10.1
v 1.9 12.4 -10.3
v 1.9 12.4 -10.4
v 2.2 11.4 -10.9
v 2.2 11.4 -11
v 2.2 11.5 -10.9
v 2.2 11.5 -11
v 10.8 6.6 -10.6
v 10.8 6.6 -10.7
v 10.8 7 -10.6
v 10.8 7 -10.7
v -14.6 4.1 -10.4
v -14.6 4.1 -10.5
v -14.6 4.2 -10.4
v -14.6 4.2 -10.5
v -2.3 11 -9.3
v -2.3 11 -9.6
v -2.3 11 -10.9
v -2.3 11 -11.2
v -2.3 11.1 -10.9
v -2.3 11.2 -9.3
v -2.3 11.2 -9.6
v -2.3 11.2 -10.9
v -2.3 11.2 -11.2
v -2.3 11.3 -10.9
v -2.3 11.3 -11
v -2.3 11.4 -11
v -2.3 11.4 -11.2
v -2.3 12 -9.3
v -2.3 12 -9.6
v -2.3 12 -10.9
v -2.3 12 -11.2
v -2.3 12.1 -10.9
v -2.3 12.2 -9.3
v -2.3 12.2 -9.6
v -2.3 12.2 -10.9
v -2.3 12.2 -11.2
v -2.2 10.6 -9.3
v -2.2 10.6 -9.6
v -2.2 10.6 -10.9
v -2.2 10.6 -11.2
v -2.2 10.8 -10.1
v -2.2 10.8 -10.2
v -2.2 10.8 -10.4
v -2.2 10.8 -10.5
v -2.2 10.9 -10.1
v -2.2 10.9 -10.2
v -2.2 10.9 -10.4
v -2.2 10.9 -10.5
v -2.2 11 -9.3
v -2.2 11 -9.6
v -2.2 11 -10.9
v -2.2 11 -11.2
v -2.2 11.3 -9.6
v -2.2 11.3 -9.7
v -2.2 11.3 -10.9
v -2.2 11.3 -11
v -2.2 11.4 -9.6
v -2.2 11.4 -9.7
v -2.2 11.4 -10.9
v -2.2 11.4 -11
v -2.2 11.8 -9.6
v -2.2 11.8 -9.7
v -2.2 11.9 -9.6
v -2.2 11.9 -9.7
v -2.2 12.2 -9.3
v -2.2 12.2 -9.6
v -2.2 12.2 -10.9
v -2.2 12.2 -11.2
v -2.2 12.3 -10.1
v -2.2 12.3 -10.2
v -2.2 12.3 -10.4
v -2.2 12.3 -10.5
v -2.2 12.4 -10.1
v -2.2 12.4 -10.2
v -2.2 12.4 -10.4
v -2.2 12.4 -10.5
v -2.2 12.6 -9.3
v -2.2 12.6 -9.6
v -2.2 12.6 -10.9
v -2.2 12.6 -11.2
v -2.1 10.3 -9.3
v -2.1 10.3 -9.6
v -2.1 10.3 -10.9
v -2.1 10.3 -11.2
v -2.1 10.6 -9.3
v -2.1 10.6 -9.6
v -2.1 10.6 -10.9
v -2.1 10.6 -11.2
v -2.1 11 -9.8
v -2.1 11 -9.9
v -2.1 11 -10.7
v -2.1 11 -10.8
v -2.1 11.1 -9.7
v -2.1 11.1 -9.8
v -2.1 11.1 -9.9
v -2.1 11.1 -10.7
v -2.1 11.1 -10.8
v -2.1 11.1 -10.9
v -2.1 11.2 -9.7
v -2.1 11.2 -9.8
v -2.1 11.2 -10.8
v -2.1 11.2 -10.9
v -2.1 12 -9.7
v -2.1 12 -9.8
v -2.1 12 -10.8
v -2.1 12 -10.9
v -2.1 12.1 -9.7
v -2.1 12.1 -9.8
v -2.1 12.1 -9.9
v -2.1 12.1 -10.7
v -2.1 12.1 -10.8
v -2.1 12.1 -10.9
v -2.1 12.2 -9.8
v -2.1 12.2 -9.9
v -2.1 12.2 -10.7
v -2.1 12.2 -10.8
v -2.1 12.6 -9.3
v -2.1 12.6 -9.6
v -2.1 12.6 -10.9
v -2.1 12.6 -11.2
v -2.1 12.9 -9.3
v -2.1 12.9 -9.6
v -2.1 12.9 -10.9
v -2.1 12.9 -11.2
v -2 10.8 -10.2
v -2 10.8 -10.4
v -2 10.9 -9.9
v -2 10.9 -10
v -2 10.9 -10.2
v -2 10.9 -10.4
v -2 10.9 -10.6
v -2 10.9 -10.7
v -2 11 -9.9
v -2 11 -10
v -2 11 -10.6
v -2 11 -10.7
v -2 11.4 -9.6
v -2 11.4 -9.7
v -2 11.8 -9.6
v -2 11.8 -9.7
v -2 12.2 -9.9
v -2 12.2 -10
v -2 12.2 -10.6
v -2 12.2 -10.7
v -2 12.3 -9.9
v -2 12.3 -10
v -2 12.3 -10.2
v -2 12.3 -10.4
v -2 12.3 -10.6
v -2 12.3 -10.7
v -2 12.4 -10.2
v -2 12.4 -10.4
v -1.9 10.1 -9.3
v -1.9 10.1 -9.6
v -1.9 10.1 -10.9
v -1.9 10.1 -11.2
v -1.9 10.3 -9.3
v -1.9 10.3 -9.6
v -1.9 10.3 -10.9
v -1.9 10.3 -11.2
v -1.9 10.9 -10
v -1.9 10.9 -10.1
v -1.9 10.9 -10.5
v -1.9 10.9 -10.6
v -1.9 11 -10
v -1.9 11 -10.1
v -1.9 11 -10.5
v -1.9 11 -10.6
v -1.9 11.2 -9.7
v -1.9 11.2 -9.8
v -1.9 11.2 -10.8
v -1.9 11.2 -10.9
v -1.9 11.3 -9.7
v -1.9 11.3 -9.8
v -1.9 11.3 -10.8
v -1.9 11.3 -10.9
v -1.9 11.9 -9.7
v -1.9 11.9 -9.8
v -1.9 11.9 -10.8
v -1.9 11.9 -10.9
v -1.9 12 -9.7
v -1.9 12 -9.8
v -1.9 12 -10.8
v -1.9 12 -10.9
v -1.9 12.2 -10
v -1.9 12.2 -10.1
v -1.9 12.2 -10.5
v -1.9 12.2 -10.6
v -1.9 12.3 -10
v -1.9 12.3 -10.1
v -1.9 12.3 -10.5
v -1.9 12.3 -10.6
v -1.9 12.9 -9.3
v -1.9 12.9 -9.6
v -1.9 12.9 -10.9
v -1.9 12.9 -11.2
v -1.9 13.1 -9.3
v -1.9 13.1 -9.6
v -1.9 13.1 -10.9
v -1.9 13.1 -11.2
v -1.8 10 -9.3
v -1.8 10 -9.6
v -1.8 10 -10.9
v -1.8 10 -11.2
v -1.8 10.1 -9.3
v -1.8 10.1 -9.6
v -1.8 10.1 -10.9
v -1.8 10.1 -11.2
v -1.8 10.9 -10.1
v -1.8 10.9 -10.2
v -1.8 10.9 -10.4
v -1.8 10.9 -10.5
v -1.8 11 -9.9
v -1.8 11 -10
v -1.8 11 -10.1
v -1.8 11 -10.2
v -1.8 11 -10.4
v -1.8 11 -10.5
v -1.8 11 -10.6
v -1.8 11 -10.7
v -1.8 11.1 -9.8
v -1.8 11.1 -9.9
v -1.8 11.1 -10
v -1.8 11.1 -10.6
v -1.8 11.1 -10.7
v -1.8 11.1 -10.8
v -1.8 11.2 -9.8
v -1.8 11.2 -9.9
v -1.8 11.2 -10.7
v -1.8 11.2 -10.8
v -1.8 11.3 -9.7
v -1.8 11.3 -9.8
v -1.8 11.3 -10.8
v -1.8 11.3 -10.9
v -1.8 11.4 -9.7
v -1.8 11.4 -9.8
v -1.8 11.4 -10.8
v -1.8 11.4 -10.9
v -1.8 11.8 -9.7
v -1.8 11.8 -9.8
v -1.8 11.8 -10.8
v -1.8 11.8 -10.9
v -1.8 11.9 -9.7
v -1.8 11.9 -9.8
v -1.8 11.9 -10.8
v -1.8 11.9 -10.9
v -1.8 12 -9.8
v -1.8 12 -9.9
v -1.8 12 -10.7
v -1.8 12 -10.8
v -1.8 12.1 -9.8
v -1.8 12.1 -9.9
v -1.8 12.1 -10
v -1.8 12.1 -10.6
v -1.8 12.1 -10.7
v -1.8 12.1 -10.8
v -1.8 12.2 -9.9
v -1.8 12.2 -10
v -1.8 12.2 -10.1
v -1.8 12.2 -10.2
v -1.8 12.2 -10.4
v -1.8 12.2 -10.5
v -1.8 12.2 -10.6
v -1.8 12.2 -10.7
v -1.8 12.3 -10.1
v -1.8 12.3 -10.2
v -1.8 12.3 -10.4
v -1.8 12.3 -10.5
v -1.8 13.1 -9.3
v -1.8 13.1 -9.6
v -1.8 13.1 -10.9
v -1.8 13.1 -11.2
v -1.8 13.2 -9.3
v -1.8 13.2 -9.6
v -1.8 13.2 -10.9
v -1.8 13.2 -11.2
v -1.7 9.9 -9.3
v -1.7 9.9 -9.6
v -1.7 9.9 -10.9
v -1.7 9.9 -11.2
v -1.7 10 -9.3
v -1.7 10 -9.6
v -1.7 10 -10.9
v -1.7 10 -11.2
v -1.7 10.9 -10.2
v -1.7 10.9 -10.4
v -1.7 11 -10
v -1.7 11 -10.1
v -1.7 11 -10.2
v -1.7 11 -10.4
v -1.7 11 -10.5
v -1.7 11 -10.6
v -1.7 11.1 -10
v -1.7 11.1 -10.1
v -1.7 11.1 -10.5
v -1.7 11.1 -10.6
v -1.7 11.2 -9.8
v -1.7 11.2 -9.9
v -1.7 11.2 -10.7
v -1.7 11.2 -10.8
v -1.7 11.3 -9.8
v -1.7 11.3 -9.9
v -1.7 11.3 -10.7
v -1.7 11.3 -10.8
v -1.7 11.4 -9.7
v -1.7 11.4 -9.8
v -1.7 11.4 -10.8
v -1.7 11.4 -10.9
v -1.7 11.8 -9.7
v -1.7 11.8 -9.8
v -1.7 11.8 -10.8
v -1.7 11.8 -10.9
v -1.7 11.9 -9.8
v -1.7 11.9 -9.9
v -1.7 11.9 -10.7
v -1.7 11.9 -10.8
v -1.7 12 -9.8
v -1.7 12 -9.9
v -1.7 12 -10.7
v -1.7 12 -10.8
v -1.7 12.1 -10
v -1.7 12.1 -10.1
v -1.7 12.1 -10.5
v -1.7 12.1 -10.6
v -1.7 12.2 -10
v -1.7 12.2 -10.1
v -1.7 12.2 -10.2
v -1.7 12.2 -10.4
v -1.7 12.2 -10.5
v -1.7 12.2 -10.6
v -1.7 12.3 -10.2
v -1.7 12.3 -10.4
v -1.7 13.2 -9.3
v -1.7 13.2 -9.6
v -1.7 13.2 -10.9
v -1.7 13.2 -11.2
v -1.7 13.3 -9.3
v -1.7 13.3 -9.6
v -1.7 13.3 -10.9
v -1.7 13.3 -11.2
v -1.6 9.8 -9.3
v -1.6 9.8 -9.6
v -1.6 9.8 -10.9
v -1.6 9.8 -11.2
v -1.6 9.9 -9.3
v -1.6 9.9 -9.6
v -1.6 9.9 -10.9
v -1.6 9.9 -11.2
v -1.6 11 -10.1
v -1.6 11 -10.2
v -1.6 11 -10.4
v -1.6 11 -10.5
v -1.6 11.1 -9.9
v -1.6 11.1 -10
v -1.6 11.1 -10.1
v -1.6 11.1 -10.2
v -1.6 11.1 -10.4
v -1.6 11.1 -10.5
v -1.6 11.1 -10.6
v -1.6 11.1 -10.7
v -1.6 11.2 -9.9
v -1.6 11.2 -10
v -1.6 11.2 -10.6
v -1.6 11.2 -10.7
v -1.6 11.3 -9.8
v -1.6 11.3 -9.9
v -1.6 11.3 -10.7
v -1.6 11.3 -10.8
v -1.6 11.4 -9.8
v -1.6 11.4 -9.9
v -1.6 11.4 -10.7
v -1.6 11.4 -10.8
v -1.6 11.8 -9.8
v -1.6 11.8 -9.9
v -1.6 11.8 -10.7
v -1.6 11.8 -10.8
v -1.6 11.9 -9.8
v -1.6 11.9 -9.9
v -1.6 11.9 -10.7
v -1.6 11.9 -10.8
v -1.6 12 -9.9
v -1.6 12 -10
v -1.6 12 -10.6
v -1.6 12 -10.7
v -1.6 12.1 -9.9
v -1.6 12.1 -10
v -1.6 12.1 -10.1
v -1.6 12.1 -10.2
v -1.6 12.1 -10.4
v -1.6 12.1 -10.5
v -1.6 12.1 -10.6
v -1.6 12.1 -10.7
v -1.6 12.2 -10.1
v -1.6 12.2 -10.2
v -1.6 12.2 -10.4
v -1.6 12.2 -10.5
v -1.6 13.3 -9.3
v -1.6 13.3 -9.6
v -1.6 13.3 -10.9
v -1.6 13.3 -11.2
v -1.6 13.4 -9.3
v -1.6 13.4 -9.6
v -1.6 13.4 -10.9
v -1.6 13.4 -11.2
v -1.5 9.7 -9.3
v -1.5 9.7 -9.6
v -1.5 9.7 -10.9
v -1.5 9.7 -11.2
v -1.5 9.8 -9.3
v -1.5 9.8 -9.6
v -1.5 9.8 -10.9
v -1.5 9.8 -11.2
v -1.5 11 -10.2
v -1.5 11 -10.4
v -1.5 11.1 -10
v -1.5 11.1 -10.2
v -1.5 11.1 -10.4
v -1.5 11.1 -10.6
v -1.5 11.2 -9.9
v -1.5 11.2 -10
v -1.5 11.2 -10.2
v -1.5 11.2 -10.4
v -1.5 11.2 -10.6
v -1.5 11.2 -10.7
v -1.5 11.3 -9.9
v -1.5 11.3 -10
v -1.5 11.3 -10.6
v -1.5 11.3 -10.7
v -1.5 11.4 -9.8
v -1.5 11.4 -9.9
v -1.5 11.4 -10.7
v -1.5 11.4 -10.8
v -1.5 11.8 -9.8
v -1.5 11.8 -9.9
v -1.5 11.8 -10.7
v -1.5 11.8 -10.8
v -1.5 11.9 -9.9
v -1.5 11.9 -10
v -1.5 11.9 -10.6
v -1.5 11.9 -10.7
v -1.5 12 -9.9
v -1.5 12 -10
v -1.5 12 -10.2
v -1.5 12 -10.4
v -1.5 12 -10.6
v -1.5 12 -10.7
v -1.5 12.1 -10
v -1.5 12.1 -10.2
v -1.5 12.1 -10.4
v -1.5 12.1 -10.6
v -1.5 12.2 -10.2
v -1.5 12.2 -10.4
v -1.5 13.4 -9.3
v -1.5 13.4 -9.6
v -1.5 13.4 -10.9
v -1.5 13.4 -11.2
v -1.5 13.5 -9.3
v -1.5 13.5 -9.6
v -1.5 13.5 -10.9
v -1.5 13.5 -11.2
v -1.4 11.1 -10.2
v -1.4 11.1 -10.4
v -1.4 11.2 -10
v -1.4 11.2 -10.2
v -1.4 11.2 -10.4
v -1.4 11.2 -10.6
v -1.4 11.3 -9.9
v -1.4 11.3 -10
v -1.4 11.3 -10.1
v -1.4 11.3 -10.2
v -1.4 11.3 -10.4
v -1.4 11.3 -10.5
v -1.4 11.3 -10.6
v -1.4 11.3 -10.7
v -1.4 11.4 -9.9
v -1.4 11.4 -10
v -1.4 11.4 -10.1
v -1.4 11.4 -10.5
v -1.4 11.4 -10.6
v -1.4 11.4 -10.7
v -1.4 11.8 -10
v -1.4 11.8 -10.1
v -1.4 11.8 -10.5
v -1.4 11.8 -10.6
v -1.4 11.9 -9.9
v -1.4 11.9 -10
v -1.4 11.9 -10.1
v -1.4 11.9 -10.2
v -1.4 11.9 -10.4
v -1.4 11.9 -10.5
v -1.4 11.9 -10.6
v -1.4 11.9 -10.7
v -1.4 12 -10
v -1.4 12 -10.2
v -1.4 12 -10.4
v -1.4 12 -10.6
v -1.4 12.1 -10.2
v -1.4 12.1 -10.4
v -1.3 9.6 -9.3
v -1.3 9.6 -9.6
v -1.3 9.6 -10.9
v -1.3 9.6 -11.2
v -1.3 9.7 -9.3
v -1.3 9.7 -9.6
v -1.3 9.7 -10.9
v -1.3 9.7 -11.2
v -1.3 11.2 -10.2
v -1.3 11.2 -10.4
v -1.3 11.3 -10.1
v -1.3 11.3 -10.2
v -1.3 11.3 -10.4
v -1.3 11.3 -10.5
v -1.3 11.4 -10
v -1.3 11.4 -10.1
v -1.3 11.4 -10.5
v -1.3 11.4 -10.6
v -1.3 11.8 -10
v -1.3 11.8 -10.1
v -1.3 11.8 -10.5
v -1.3 11.8 -10.6
v -1.3 11.9 -10.1
v -1.3 11.9 -10.2
v -1.3 11.9 -10.4
v -1.3 11.9 -10.5
v -1.3 12 -10.2
v -1.3 12 -10.4
v -1.3 13.5 -9.3
v -1.3 13.5 -9.6
v -1.3 13.5 -10.9
v -1.3 13.5 -11.2
v -1.3 13.6 -9.3
v -1.3 13.6 -9.6
v -1.3 13.6 -10.9
v -1.3 13.6 -11.2
v -1.2 11.4 -10.1
v -1.2 11.4 -10.5
v -1.2 11.8 -10.1
v -1.2 11.8 -10.5
v -1.1 9.5 -9.3
v -1.1 9.5 -9.6
v -1.1 9.5 -10.9
v -1.1 9.5 -11.2
v -1.1 9.6 -9.3
v -1.1 9.6 -9.6
v -1.1 9.6 -10.9
v -1.1 9.6 -11.2
v -1.1 13.6 -9.3
v -1.1 13.6 -9.6
v -1.1 13.6 -10.9
v -1.1 13.6 -11.2
v -1.1 13.7 -9.3
v -1.1 13.7 -9.6
v -1.1 13.7 -10.9
v -1.1 13.7 -11.2
v -1 9.4 -9.3
v -1 9.4 -9.6
v -1 9.4 -10.9
v -1 9.4 -11.2
v -1 9.5 -9.3
v -1 9.5 -9.6
v -1 9.5 -10.9
v -1 9.5 -11.2
v -1 13.7 -9.3
v -1 13.7 -9.6
v -1 13.7 -10.9
v -1 13.7 -11.2
v -1 13.8 -9.3
v -1 13.8 -9.6
v -1 13.8 -10.9
v -1 13.8 -11.2
v -0.5 9.3 -9.3
v -0.5 9.3 -9.6
v -0.5 9.3 -10.9
v -0.5 9.3 -11.2
v -0.5 9.4 -9.3
v -0.5 9.4 -9.6
v -0.5 9.4 -10.9
v -0.5 9.4 -11.2
v -0.5 13.8 -9.3
v -0.5 13.8 -9.6
v -0.5 13.8 -10.9
v -0.5 13.8 -11.2
v -0.5 13.9 -9.3
v -0.5 13.9 -9.6
v -0.5 13.9 -10.9
v -0.5 13.9 -11.2
v 0.1 8.1 -10
v 0.1 8.1 -10.1
v 0.1 8.1 -10.3
v 0.1 8.1 -10.4
v 0.1 8.2 -10
v 0.1 8.2 -10.1
v 0.1 8.2 -10.3
v 0.1 8.2 -10.4
v 0.1 8.6 -9.5
v 0.1 8.6 -9.6
v 0.1 8.6 -10.8
v 0.1 8.6 -10.9
v 0.1 8.7 -9.5
v 0.1 8.7 -9.6
v 0.1 8.7 -10.8
v 0.1 8.7 -10.9
v 0.1 9.1 -10.8
v 0.1 9.1 -10.9
v 0.1 9.2 -10.8
v 0.1 9.2 -10.9
v 0.1 9.6 -10
v 0.1 9.6 -10.1
v 0.1 9.6 -10.3
v 0.1 9.6 -10.4
v 0.1 9.7 -10
v 0.1 9.7 -10.1
v 0.1 9.7 -10.3
v 0.1 9.7 -10.4
v 0.1 12.5 -10
v 0.1 12.5 -10.1
v 0.1 12.5 -10.3
v 0.1 12.5 -10.4
v 0.1 12.6 -10
v 0.1 12.6 -10.1
v 0.1 12.6 -10.3
v 0.1 12.6 -10.4
v 0.1 13 -9.5
v 0.1 13 -9.6
v 0.1 13 -10.8
v 0.1 13 -10.9
v 0.1 13.1 -9.5
v 0.1 13.1 -9.6
v 0.1 13.1 -10.8
v 0.1 13.1 -10.9
v 0.1 13.5 -9.5
v 0.1 13.5 -9.6
v 0.1 13.5 -10.8
v 0.1 13.5 -10.9
v 0.1 13.6 -9.5
v 0.1 13.6 -9.6
v 0.1 13.6 -10.8
v 0.1 13.6 -10.9
v 0.1 14 -10
v 0.1 14 -10.1
v 0.1 14 -10.3
v 0.1 14 -10.4
v 0.1 14.1 -10
v 0.1 14.1 -10.1
v 0.1 14.1 -10.3
v 0.1 14.1 -10.4
v 0.2 8.3 -9.7
v 0.2 8.3 -9.8
v 0.2 8.3 -10.6
v 0.2 8.3 -10.7
v 0.2 8.4 -9.6
v 0.2 8.4 -9.7
v 0.2 8.4 -9.8
v 0.2 8.4 -10.6
v 0.2 8.4 -10.7
v 0.2 8.4 -10.8
v 0.2 8.4 -11.4
v 0.2 8.4 -11.6
v 0.2 8.5 -9.6
v 0.2 8.5 -9.7
v 0.2 8.5 -10.7
v 0.2 8.5 -10.8
v 0.2 9 -9.3
v 0.2 9 -9.5
v 0.2 9 -10.9
v 0.2 9 -11.2
v 0.2 9.1 -9.3
v 0.2 9.1 -9.5
v 0.2 9.1 -10.9
v 0.2 9.1 -11.2
v 0.2 9.3 -9.6
v 0.2 9.3 -9.7
v 0.2 9.3 -10.7
v 0.2 9.3 -10.8
v 0.2 9.4 -9.6
v 0.2 9.4 -9.7
v 0.2 9.4 -9.8
v 0.2 9.4 -10.6
v 0.2 9.4 -10.7
v 0.2 9.4 -10.8
v 0.2 9.5 -9.7
v 0.2 9.5 -9.8
v 0.2 9.5 -10.6
v 0.2 9.5 -10.7
v 0.2 11.4 -11.4
v 0.2 11.4 -11.6
v 0.2 12.7 -9.7
v 0.2 12.7 -9.8
v 0.2 12.7 -10.6
v 0.2 12.7 -10.7
v 0.2 12.8 -9.6
v 0.2 12.8 -9.7
v 0.2 12.8 -9.8
v 0.2 12.8 -10.6
v 0.2 12.8 -10.7
v 0.2 12.8 -10.8
v 0.2 12.9 -9.6
v 0.2 12.9 -9.7
v 0.2 12.9 -10.7
v 0.2 12.9 -10.8
v 0.2 13.7 -9.6
v 0.2 13.7 -9.7
v 0.2 13.7 -10.7
v 0.2 13.7 -10.8
v 0.2 13.8 -9.6
v 0.2 13.8 -9.7
v 0.2 13.8 -9.8
v 0.2 13.8 -10.6
v 0.2 13.8 -10.7
v 0.2 13.8 -10.8
v 0.2 13.9 -9.7
v 0.2 13.9 -9.8
v 0.2 13.9 -10.6
v 0.2 13.9 -10.7
v 0.2 14.1 -9.3
v 0.2 14.1 -9.6
v 0.2 14.1 -10.9
v 0.2 14.1 -11.2
v 0.2 14.2 -9.3
v 0.2 14.2 -9.6
v 0.2 14.2 -10.9
v 0.2 14.2 -11.2
v 0.3 8.1 -10.1
v 0.3 8.1 -10.3
v 0.3 8.2 -9.8
v 0.3 8.2 -9.9
v 0.3 8.2 -10.1
v 0.3 8.2 -10.3
v 0.3 8.2 -10.5
v 0.3 8.2 -10.6
v 0.3 8.2 -11.4
v 0.3 8.2 -11.6
v 0.3 8.3 -9.8
v 0.3 8.3 -9.9
v 0.3 8.3 -10.5
v 0.3 8.3 -10.6
v 0.3 8.4 -8.9
v 0.3 8.4 -9.1
v 0.3 8.4 -11.4
v 0.3 8.4 -11.6
v 0.3 8.7 -9.5
v 0.3 8.7 -9.6
v 0.3 8.7 -10.8
v 0.3 8.7 -10.9
v 0.3 9.1 -9.5
v 0.3 9.1 -9.6
v 0.3 9.1 -10.8
v 0.3 9.1 -10.9
v 0.3 9.5 -9.8
v 0.3 9.5 -9.9
v 0.3 9.5 -10.5
v 0.3 9.5 -10.6
v 0.3 9.6 -9.8
v 0.3 9.6 -9.9
v 0.3 9.6 -10.1
v 0.3 9.6 -10.3
v 0.3 9.6 -10.5
v 0.3 9.6 -10.6
v 0.3 9.7 -10.1
v 0.3 9.7 -10.3
v 0.3 11.2 -8.9
v 0.3 11.2 -9.1
v 0.3 12.5 -10.1
v 0.3 12.5 -10.3
v 0.3 12.6 -9.8
v 0.3 12.6 -9.9
v 0.3 12.6 -10.1
v 0.3 12.6 -10.3
v 0.3 12.6 -10.5
v 0.3 12.6 -10.6
v 0.3 12.7 -9.8
v 0.3 12.7 -9.9
v 0.3 12.7 -10.5
v 0.3 12.7 -10.6
v 0.3 13.1 -9.5
v 0.3 13.1 -9.6
v 0.3 13.1 -10.8
v 0.3 13.1 -10.9
v 0.3 13.5 -9.5
v 0.3 13.5 -9.6
v 0.3 13.5 -10.8
v 0.3 13.5 -10.9
v 0.3 13.9 -9.8
v 0.3 13.9 -9.9
v 0.3 13.9 -10.5
v 0.3 13.9 -10.6
v 0.3 14 -9.8
v 0.3 14 -9.9
v 0.3 14 -10.1
v 0.3 14 -10.3
v 0.3 14 -10.5
v 0.3 14 -10.6
v 0.3 14.1 -10.1
v 0.3 14.1 -10.3
v 0.4 8 -11.4
v 0.4 8 -11.6
v 0.4 8.2 -8.9
v 0.4 8.2 -9.1
v 0.4 8.2 -9.9
v 0.4 8.2 -10
v 0.4 8.2 -10.4
v 0.4 8.2 -10.5
v 0.4 8.2 -11.4
v 0.4 8.2 -11.6
v 0.4 8.3 -9.9
v 0.4 8.3 -10
v 0.4 8.3 -10.4
v 0.4 8.3 -10.5
v 0.4 8.4 -8.9
v 0.4 8.4 -9.1
v 0.4 8.5 -9.6
v 0.4 8.5 -9.7
v 0.4 8.5 -10.7
v 0.4 8.5 -10.8
v 0.4 8.6 -9.6
v 0.4 8.6 -9.7
v 0.4 8.6 -10.7
v 0.4 8.6 -10.8
v 0.4 9.2 -9.6
v 0.4 9.2 -9.7
v 0.4 9.2 -10.7
v 0.4 9.2 -10.8
v 0.4 9.3 -9.6
v 0.4 9.3 -9.7
v 0.4 9.3 -10.7
v 0.4 9.3 -10.8
v 0.4 9.5 -9.9
v 0.4 9.5 -10
v 0.4 9.5 -10.4
v 0.4 9.5 -10.5
v 0.4 9.6 -9.9
v 0.4 9.6 -10
v 0.4 9.6 -10.4
v 0.4 9.6 -10.5
v 0.4 12.6 -9.9
v 0.4 12.6 -10
v 0.4 12.6 -10.4
v 0.4 12.6 -10.5
v 0.4 12.7 -9.9
v 0.4 12.7 -10
v 0.4 12.7 -10.4
v 0.4 12.7 -10.5
v 0.4 12.9 -9.6
v 0.4 12.9 -9.7
v 0.4 12.9 -10.7
v 0.4 12.9 -10.8
v 0.4 13 -9.6
v 0.4 13 -9.7
v 0.4 13 -10.7
v 0.4 13 -10.8
v 0.4 13.6 -9.6
v 0.4 13.6 -9.7
v 0.4 13.6 -10.7
v 0.4 13.6 -10.8
v 0.4 13.7 -9.6
v 0.4 13.7 -9.7
v 0.4 13.7 -10.7
v 0.4 13.7 -10.8
v 0.4 13.9 -9.9
v 0.4 13.9 -10
v 0.4 13.9 -10.4
v 0.4 13.9 -10.5
v 0.4 14 -9.9
v 0.4 14 -10
v 0.4 14 -10.4
v 0.4 14 -10.5
v 0.5 7.8 -11.4
v 0.5 7.8 -11.6
v 0.5 8 -8.9
v 0.5 8 -9.1
v 0.5 8 -11.4
v 0.5 8 -11.6
v 0.5 8.2 -8.9
v 0.5 8.2 -9.1
v 0.5 8.2 -10
v 0.5 8.2 -10.1
v 0.5 8.2 -10.3
v 0.5 8.2 -10.4
v 0.5 8.3 -9.8
v 0.5 8.3 -9.9
v 0.5 8.3 -10
v 0.5 8.3 -10.1
v 0.5 8.3 -10.3
v 0.5 8.3 -10.4
v 0.5 8.3 -10.5
v 0.5 8.3 -10.6
v 0.5 8.4 -9.7
v 0.5 8.4 -9.8
v 0.5 8.4 -9.9
v 0.5 8.4 -10.5
v 0.5 8.4 -10.6
v 0.5 8.4 -10.7
v 0.5 8.5 -9.7
v 0.5 8.5 -9.8
v 0.5 8.5 -10.6
v 0.5 8.5 -10.7
v 0.5 8.6 -9.6
v 0.5 8.6 -9.7
v 0.5 8.6 -10.7
v 0.5 8.6 -10.8
v 0.5 8.7 -9.6
v 0.5 8.7 -9.7
v 0.5 8.7 -10.7
v 0.5 8.7 -10.8
v 0.5 9.1 -9.6
v 0.5 9.1 -9.7
v 0.5 9.1 -10.7
v 0.5 9.1 -10.8
v 0.5 9.2 -9.6
v 0.5 9.2 -9.7
v 0.5 9.2 -10.7
v 0.5 9.2 -10.8
v 0.5 9.3 -9.7
v 0.5 9.3 -9.8
v 0.5 9.3 -10.6
v 0.5 9.3 -10.7
v 0.5 9.4 -9.7
v 0.5 9.4 -9.8
v 0.5 9.4 -9.9
v 0.5 9.4 -10.5
v 0.5 9.4 -10.6
v 0.5 9.4 -10.7
v 0.5 9.5 -9.8
v 0.5 9.5 -9.9
v 0.5 9.5 -10
v 0.5 9.5 -10.1
v 0.5 9.5 -10.3
v 0.5 9.5 -10.4
v 0.5 9.5 -10.5
v 0.5 9.5 -10.6
v 0.5 9.6 -10
v 0.5 9.6 -10.1
v 0.5 9.6 -10.3
v 0.5 9.6 -10.4
v 0.5 12.6 -10
v 0.5 12.6 -10.1
v 0.5 12.6 -10.3
v 0.5 12.6 -10.4
v 0.5 12.7 -9.8
v 0.5 12.7 -9.9
v 0.5 12.7 -10
v 0.5 12.7 -10.1
v 0.5 12.7 -10.3
v 0.5 12.7 -10.4
v 0.5 12.7 -10.5
v 0.5 12.7 -10.6
v 0.5 12.8 -9.7
v 0.5 12.8 -9.8
v 0.5 12.8 -9.9
v 0.5 12.8 -10.5
v 0.5 12.8 -10.6
v 0.5 12.8 -10.7
v 0.5 12.9 -9.7
v 0.5 12.9 -9.8
v 0.5 12.9 -10.6
v 0.5 12.9 -10.7
v 0.5 13 -9.6
v 0.5 13 -9.7
v 0.5 13 -10.7
v 0.5 13 -10.8
v 0.5 13.1 -9.6
v 0.5 13.1 -9.7
v 0.5 13.1 -10.7
v 0.5 13.1 -10.8
v 0.5 13.5 -9.6
v 0.5 13.5 -9.7
v 0.5 13.5 -10.7
v 0.5 13.5 -10.8
v 0.5 13.6 -9.6
v 0.5 13.6 -9.7
v 0.5 13.6 -10.7
v 0.5 13.6 -10.8
v 0.5 13.7 -9.7
v 0.5 13.7 -9.8
v 0.5 13.7 -10.6
v 0.5 13.7 -10.7
v 0.5 13.8 -9.7
v 0.5 13.8 -9.8
v 0.5 13.8 -9.9
v 0.5 13.8 -10.5
v 0.5 13.8 -10.6
v 0.5 13.8 -10.7
v 0.5 13.9 -9.8
v 0.5 13.9 -9.9
v 0.5 13.9 -10
v 0.5 13.9 -10.1
v 0.5 13.9 -10.3
v 0.5 13.9 -10.4
v 0.5 13.9 -10.5
v 0.5 13.9 -10.6
v 0.5 14 -10
v 0.5 14 -10.1
v 0.5 14 -10.3
v 0.5 14 -10.4
v 0.6 7.7 -11.4
v 0.6 7.7 -11.6
v 0.6 7.8 -8.9
v 0.6 7.8 -9.1
v 0.6 7.8 -11.4
v 0.6 7.8 -11.6
v 0.6 8 -8.9
v 0.6 8 -9.1
v 0.6 8.2 -10.1
v 0.6 8.2 -10.3
v 0.6 8.3 -9.9
v 0.6 8.3 -10
v 0.6 8.3 -10.1
v 0.6 8.3 -10.3
v 0.6 8.3 -10.4
v 0.6 8.3 -10.5
v 0.6 8.4 -9.9
v 0.6 8.4 -10
v 0.6 8.4 -10.4
v 0.6 8.4 -10.5
v 0.6 8.5 -9.7
v 0.6 8.5 -9.8
v 0.6 8.5 -10.6
v 0.6 8.5 -10.7
v 0.6 8.6 -9.7
v 0.6 8.6 -9.8
v 0.6 8.6 -10.6
v 0.6 8.6 -10.7
v 0.6 8.7 -9.6
v 0.6 8.7 -9.7
v 0.6 8.7 -10.7
v 0.6 8.7 -10.8
v 0.6 9.1 -9.6
v 0.6 9.1 -9.7
v 0.6 9.1 -10.7
v 0.6 9.1 -10.8
v 0.6 9.2 -9.7
v 0.6 9.2 -9.8
v 0.6 9.2 -10.6
v 0.6 9.2 -10.7
v 0.6 9.3 -9.7
v 0.6 9.3 -9.8
v 0.6 9.3 -10.6
v 0.6 9.3 -10.7
v 0.6 9.4 -9.9
v 0.6 9.4 -10
v 0.6 9.4 -10.4
v 0.6 9.4 -10.5
v 0.6 9.5 -9.9
v 0.6 9.5 -10
v 0.6 9.5 -10.1
v 0.6 9.5 -10.3
v 0.6 9.5 -10.4
v 0.6 9.5 -10.5
v 0.6 9.6 -10.1
v 0.6 9.6 -10.3
v 0.6 12.6 -10.1
v 0.6 12.6 -10.3
v 0.6 12.7 -9.9
v 0.6 12.7 -10
v 0.6 12.7 -10.1
v 0.6 12.7 -10.3
v 0.6 12.7 -10.4
v 0.6 12.7 -10.5
v 0.6 12.8 -9.9
v 0.6 12.8 -10
v 0.6 12.8 -10.4
v 0.6 12.8 -10.5
v 0.6 12.9 -9.7
v 0.6 12.9 -9.8
v 0.6 12.9 -10.6
v 0.6 12.9 -10.7
v 0.6 13 -9.7
v 0.6 13 -9.8
v 0.6 13 -10.6
v 0.6 13 -10.7
v 0.6 13.1 -9.6
v 0.6 13.1 -9.7
v 0.6 13.1 -10.7
v 0.6 13.1 -10.8
v 0.6 13.5 -9.6
v 0.6 13.5 -9.7
v 0.6 13.5 -10.7
v 0.6 13.5 -10.8
v 0.6 13.6 -9.7
v 0.6 13.6 -9.8
v 0.6 13.6 -10.6
v 0.6 13.6 -10.7
v 0.6 13.7 -9.7
v 0.6 13.7 -9.8
v 0.6 13.7 -10.6
v 0.6 13.7 -10.7
v 0.6 13.8 -9.9
v 0.6 13.8 -10
v 0.6 13.8 -10.4
v 0.6 13.8 -10.5
v 0.6 13.9 -9.9
v 0.6 13.9 -10
v 0.6 13.9 -10.1
v 0.6 13.9 -10.3
v 0.6 13.9 -10.4
v 0.6 13.9 -10.5
v 0.6 14 -10.1
v 0.6 14 -10.3
v 0.7 7.7 -8.9
v 0.7 7.7 -9.1
v 0.7 7.8 -8.9
v 0.7 7.8 -9.1
v 0.7 8.3 -10
v 0.7 8.3 -10.1
v 0.7 8.3 -10.3
v 0.7 8.3 -10.4
v 0.7 8.4 -9.8
v 0.7 8.4 -9.9
v 0.7 8.4 -10
v 0.7 8.4 -10.1
v 0.7 8.4 -10.3
v 0.7 8.4 -10.4
v 0.7 8.4 -10.5
v 0.7 8.4 -10.6
v 0.7 8.5 -9.8
v 0.7 8.5 -9.9
v 0.7 8.5 -10.5
v 0.7 8.5 -10.6
v 0.7 8.6 -9.7
v 0.7 8.6 -9.8
v 0.7 8.6 -10.6
v 0.7 8.6 -10.7
v 0.7 8.7 -9.7
v 0.7 8.7 -9.8
v 0.7 8.7 -10.6
v 0.7 8.7 -10.7
v 0.7 9.1 -9.3
v 0.7 9.1 -9.6
v 0.7 9.1 -9.7
v 0.7 9.1 -9.8
v 0.7 9.1 -10.6
v 0.7 9.1 -10.7
v 0.7 9.1 -10.9
v 0.7 9.1 -11.2
v 0.7 9.2 -9.3
v 0.7 9.2 -9.6
v 0.7 9.2 -9.7
v 0.7 9.2 -9.8
v 0.7 9.2 -10.6
v 0.7 9.2 -10.7
v 0.7 9.2 -10.9
v 0.7 9.2 -11.2
v 0.7 9.3 -9.8
v 0.7 9.3 -9.9
v 0.7 9.3 -10.5
v 0.7 9.3 -10.6
v 0.7 9.4 -9.8
v 0.7 9.4 -9.9
v 0.7 9.4 -10
v 0.7 9.4 -10.1
v 0.7 9.4 -10.3
v 0.7 9.4 -10.4
v 0.7 9.4 -10.5
v 0.7 9.4 -10.6
v 0.7 9.5 -10
v 0.7 9.5 -10.1
v 0.7 9.5 -10.3
v 0.7 9.5 -10.4
v 0.7 12.7 -10
v 0.7 12.7 -10.1
v 0.7 12.7 -10.3
v 0.7 12.7 -10.4
v 0.7 12.8 -9.8
v 0.7 12.8 -9.9
v 0.7 12.8 -10
v 0.7 12.8 -10.1
v 0.7 12.8 -10.3
v 0.7 12.8 -10.4
v 0.7 12.8 -10.5
v 0.7 12.8 -10.6
v 0.7 12.9 -9.8
v 0.7 12.9 -9.9
v 0.7 12.9 -10.5
v 0.7 12.9 -10.6
v 0.7 13 -9.7
v 0.7 13 -9.8
v 0.7 13 -10.6
v 0.7 13 -10.7
v 0.7 13.1 -9.7
v 0.7 13.1 -9.8
v 0.7 13.1 -10.6
v 0.7 13.1 -10.7
v 0.7 13.5 -9.7
v 0.7 13.5 -9.8
v 0.7 13.5 -10.6
v 0.7 13.5 -10.7
v 0.7 13.6 -9.7
v 0.7 13.6 -9.8
v 0.7 13.6 -10.6
v 0.7 13.6 -10.7
v 0.7 13.7 -9.8
v 0.7 13.7 -9.9
v 0.7 13.7 -10.5
v 0.7 13.7 -10.6
v 0.7 13.8 -9.8
v 0.7 13.8 -9.9
v 0.7 13.8 -10
v 0.7 13.8 -10.1
v 0.7 13.8 -10.3
v 0.7 13.8 -10.4
v 0.7 13.8 -10.5
v 0.7 13.8 -10.6
v 0.7 13.9 -10
v 0.7 13.9 -10.1
v 0.7 13.9 -10.3
v 0.7 13.9 -10.4
v 0.7 14 -9.3
v 0.7 14 -9.6
v 0.7 14 -10.9
v 0.7 14 -11.2
v 0.7 14.1 -9.3
v 0.7 14.1 -9.6
v 0.7 14.1 -10.9
v 0.7 14.1 -11.2
v 0.8 8.3 -10.1
v 0.8 8.3 -10.3
v 0.8 8.4 -9.9
v 0.8 8.4 -10.1
v 0.8 8.4 -10.3
v 0.8 8.4 -10.5
v 0.8 8.5 -9.8
v 0.8 8.5 -9.9
v 0.8 8.5 -10.1
v 0.8 8.5 -10.3
v 0.8 8.5 -10.5
v 0.8 8.5 -10.6
v 0.8 8.6 -9.8
v 0.8 8.6 -9.9
v 0.8 8.6 -10.5
v 0.8 8.6 -10.6
v 0.8 8.7 -9.7
v 0.8 8.7 -9.8
v 0.8 8.7 -10.6
v 0.8 8.7 -10.7
v 0.8 9.1 -9.7
v 0.8 9.1 -9.8
v 0.8 9.1 -10.6
v 0.8 9.1 -10.7
v 0.8 9.2 -9.8
v 0.8 9.2 -9.9
v 0.8 9.2 -10.5
v 0.8 9.2 -10.6
v 0.8 9.3 -9.8
v 0.8 9.3 -9.9
v 0.8 9.3 -10.1
v 0.8 9.3 -10.3
v 0.8 9.3 -10.5
v 0.8 9.3 -10.6
v 0.8 9.4 -9.9
v 0.8 9.4 -10.1
v 0.8 9.4 -10.3
v 0.8 9.4 -10.5
v 0.8 9.5 -10.1
v 0.8 9.5 -10.3
v 0.8 12.7 -10.1
v 0.8 12.7 -10.3
v 0.8 12.8 -9.9
v 0.8 12.8 -10.1
v 0.8 12.8 -10.3
v 0.8 12.8 -10.5
v 0.8 12.9 -9.8
v 0.8 12.9 -9.9
v 0.8 12.9 -10.1
v 0.8 12.9 -10.3
v 0.8 12.9 -10.5
v 0.8 12.9 -10.6
v 0.8 13 -9.8
v 0.8 13 -9.9
v 0.8 13 -10.5
v 0.8 13 -10.6
v 0.8 13.1 -9.7
v 0.8 13.1 -9.8
v 0.8 13.1 -10.6
v 0.8 13.1 -10.7
v 0.8 13.5 -9.7
v 0.8 13.5 -9.8
v 0.8 13.5 -10.6
v 0.8 13.5 -10.7
v 0.8 13.6 -9.8
v 0.8 13.6 -9.9
v 0.8 13.6 -10.5
v 0.8 13.6 -10.6
v 0.8 13.7 -9.8
v 0.8 13.7 -9.9
v 0.8 13.7 -10.1
v 0.8 13.7 -10.3
v 0.8 13.7 -10.5
v 0.8 13.7 -10.6
v 0.8 13.8 -9.9
v 0.8 13.8 -10.1
v 0.8 13.8 -10.3
v 0.8 13.8 -10.5
v 0.8 13.9 -10.1
v 0.8 13.9 -10.3
v 0.9 8.4 -10.1
v 0.9 8.4 -10.3
v 0.9 8.5 -9.9
v 0.9 8.5 -10.1
v 0.9 8.5 -10.3
v 0.9 8.5 -10.5
v 0.9 8.6 -9.8
v 0.9 8.6 -9.9
v 0.9 8.6 -10
v 0.9 8.6 -10.1
v 0.9 8.6 -10.3
v 0.9 8.6 -10.4
v 0.9 8.6 -10.5
v 0.9 8.6 -10.6
v 0.9 8.7 -9.8
v 0.9 8.7 -9.9
v 0.9 8.7 -10
v 0.9 8.7 -10.4
v 0.9 8.7 -10.5
v 0.9 8.7 -10.6
v 0.9 9.1 -9.9
v 0.9 9.1 -10
v 0.9 9.1 -10.4
v 0.9 9.1 -10.5
v 0.9 9.2 -9.8
v 0.9 9.2 -9.9
v 0.9 9.2 -10
v 0.9 9.2 -10.1
v 0.9 9.2 -10.3
v 0.9 9.2 -10.4
v 0.9 9.2 -10.5
v 0.9 9.2 -10.6
v 0.9 9.3 -9.9
v 0.9 9.3 -10.1
v 0.9 9.3 -10.3
v 0.9 9.3 -10.5
v 0.9 9.4 -10.1
v 0.9 9.4 -10.3
v 0.9 12.8 -10.1
v 0.9 12.8 -10.3
v 0.9 12.9 -9.9
v 0.9 12.9 -10.1
v 0.9 12.9 -10.3
v 0.9 12.9 -10.5
v 0.9 13 -9.8
v 0.9 13 -9.9
v 0.9 13 -10
v 0.9 13 -10.1
v 0.9 13 -10.3
v 0.9 13 -10.4
v 0.9 13 -10.5
v 0.9 13 -10.6
v 0.9 13.1 -9.8
v 0.9 13.1 -9.9
v 0.9 13.1 -10
v 0.9 13.1 -10.4
v 0.9 13.1 -10.5
v 0.9 13.1 -10.6
v 0.9 13.5 -9.9
v 0.9 13.5 -10
v 0.9 13.5 -10.4
v 0.9 13.5 -10.5
v 0.9 13.6 -9.8
v 0.9 13.6 -9.9
v 0.9 13.6 -10
v 0.9 13.6 -10.1
v 0.9 13.6 -10.3
v 0.9 13.6 -10.4
v 0.9 13.6 -10.5
v 0.9 13.6 -10.6
v 0.9 13.7 -9.9
v 0.9 13.7 -10.1
v 0.9 13.7 -10.3
v 0.9 13.7 -10.5
v 0.9 13.8 -10.1
v 0.9 13.8 -10.3
v 1 8.5 -10.1
v 1 8.5 -10.3
v 1 8.6 -10
v 1 8.6 -10.1
v 1 8.6 -10.3
v 1 8.6 -10.4
v 1 8.7 -9.9
v 1 8.7 -10
v 1 8.7 -10.4
v 1 8.7 -10.5
v 1 9.1 -9.9
v 1 9.1 -10
v 1 9.1 -10.4
v 1 9.1 -10.5
v 1 9.2 -9.3
v 1 9.2 -9.6
v 1 9.2 -10
v 1 9.2 -10.1
v 1 9.2 -10.3
v 1 9.2 -10.4
v 1 9.2 -10.9
v 1 9.2 -11.2
v 1 9.3 -9.3
v 1 9.3 -9.6
v 1 9.3 -10.1
v 1 9.3 -10.3
v 1 9.3 -10.9
v 1 9.3 -11.2
v 1 12.9 -10.1
v 1 12.9 -10.3
v 1 13 -10
v 1 13 -10.1
v 1 13 -10.3
v 1 13 -10.4
v 1 13.1 -9.9
v 1 13.1 -10
v 1 13.1 -10.4
v 1 13.1 -10.5
v 1 13.5 -9.9
v 1 13.5 -10
v 1 13.5 -10.4
v 1 13.5 -10.5
v 1 13.6 -10
v 1 13.6 -10.1
v 1 13.6 -10.3
v 1 13.6 -10.4
v 1 13.7 -10.1
v 1 13.7 -10.3
v 1 13.9 -9.3
v 1 13.9 -9.6
v 1 13.9 -10.9
v 1 13.9 -11.2
v 1 14 -9.3
v 1 14 -9.6
v 1 14 -10.9
v 1 14 -11.2
v 1.1 8.7 -10
v 1.1 8.7 -10.4
v 1.1 9.1 -10
v 1.1 9.1 -10.4
v 1.1 9.3 -9.3
v 1.1 9.3 -9.6
v 1.1 9.3 -10.9
v 1.1 9.3 -11.2
v 1.1 9.4 -9.3
v 1.1 9.4 -9.6
v 1.1 9.4 -10.9
v 1.1 9.4 -11.2
v 1.1 13.1 -10
v 1.1 13.1 -10.4
v 1.1 13.5 -10
v 1.1 13.5 -10.4
v 1.1 13.8 -9.3
v 1.1 13.8 -9.6
v 1.1 13.8 -10.9
v 1.1 13.8 -11.2
v 1.1 13.9 -9.3
v 1.1 13.9 -9.6
v 1.1 13.9 -10.9
v 1.1 13.9 -11.2
v 1.3 9.4 -9.3
v 1.3 9.4 -9.6
v 1.3 9.4 -10.9
v 1.3 9.4 -11.2
v 1.3 9.5 -9.3
v 1.3 9.5 -9.6
v 1.3 9.5 -10.9
v 1.3 9.5 -11.2
v 1.3 13.7 -9.3
v 1.3 13.7 -9.6
v 1.3 13.7 -10.9
v 1.3 13.7 -11.2
v 1.3 13.8 -9.3
v 1.3 13.8 -9.6
v 1.3 13.8 -10.9
v 1.3 13.8 -11.2
v 1.4 9.5 -9.3
v 1.4 9.5 -9.6
v 1.4 9.5 -10.9
v 1.4 9.5 -11.2
v 1.4 9.6 -9.3
v 1.4 9.6 -9.6
v 1.4 9.6 -10.9
v 1.4 9.6 -11.2
v 1.4 13.6 -9.3
v 1.4 13.6 -9.6
v 1.4 13.6 -10.9
v 1.4 13.6 -11.2
v 1.4 13.7 -9.3
v 1.4 13.7 -9.6
v 1.4 13.7 -10.9
v 1.4 13.7 -11.2
v 1.5 9.6 -9.3
v 1.5 9.6 -9.6
v 1.5 9.6 -10.9
v 1.5 9.6 -11.2
v 1.5 9.7 -9.3
v 1.5 9.7 -9.6
v 1.5 9.7 -10.9
v 1.5 9.7 -11.2
v 1.5 13.5 -9.3
v 1.5 13.5 -9.6
v 1.5 13.5 -10.9
v 1.5 13.5 -11.2
v 1.5 13.6 -9.3
v 1.5 13.6 -9.6
v 1.5 13.6 -10.9
v 1.5 13.6 -11.2
v 1.7 9.7 -9.3
v 1.7 9.7 -9.6
v 1.7 9.7 -10.9
v 1.7 9.7 -11.2
v 1.7 9.9 -9.3
v 1.7 9.9 -9.6
v 1.7 9.9 -10.9
v 1.7 9.9 -11.2
v 1.7 13.3 -9.3
v 1.7 13.3 -9.6
v 1.7 13.3 -10.9
v 1.7 13.3 -11.2
v 1.7 13.5 -9.3
v 1.7 13.5 -9.6
v 1.7 13.5 -10.9
v 1.7 13.5 -11.2
v 1.8 9.9 -9.3
v 1.8 9.9 -9.6
v 1.8 9.9 -10.9
v 1.8 9.9 -11.2
v 1.8 10 -9.3
v 1.8 10 -9.6
v 1.8 10 -10.9
v 1.8 10 -11.2
v 1.8 13.2 -9.3
v 1.8 13.2 -9.6
v 1.8 13.2 -10.9
v 1.8 13.2 -11.2
v 1.8 13.3 -9.3
v 1.8 13.3 -9.6
v 1.8 13.3 -10.9
v 1.8 13.3 -11.2
v 1.9 10 -9.3
v 1.9 10 -9.6
v 1.9 10 -10.9
v 1.9 10 -11.2
v 1.9 10.1 -9.3
v 1.9 10.1 -9.6
v 1.9 10.1 -10.9
v 1.9 10.1 -11.2
v 1.9 13.1 -9.3
v 1.9 13.1 -9.6
v 1.9 13.1 -10.9
v 1.9 13.1 -11.2
v 1.9 13.2 -9.3
v 1.9 13.2 -9.6
v 1.9 13.2 -10.9
v 1.9 13.2 -11.2
v 2 10.1 -9.3
v 2 10.1 -9.6
v 2 10.1 -10.9
v 2 10.1 -11.2
v 2 10.3 -9.3
v 2 10.3 -9.6
v 2 10.3 -10.9
v 2 10.3 -11.2
v 2 11.2 -8.9
v 2 11.2 -9.3
v 2 11.4 -11.2
v 2 11.4 -11.6
v 2 12 -8.9
v 2 12 -9.3
v 2 12 -11.2
v 2 12 -11.6
v 2 12.9 -9.3
v 2 12.9 -9.6
v 2 12.9 -10.9
v 2 12.9 -11.2
v 2 13.1 -9.3
v 2 13.1 -9.6
v 2 13.1 -10.9
v 2 13.1 -11.2
v 2.1 10.3 -9.3
v 2.1 10.3 -9.6
v 2.1 10.3 -10.9
v 2.1 10.3 -11.2
v 2.1 10.4 -9.3
v 2.1 10.4 -9.6
v 2.1 10.4 -10.9
v 2.1 10.4 -11.2
v 2.1 11.4 -10.9
v 2.1 11.4 -11
v 2.1 11.5 -10.9
v 2.1 11.5 -11
v 2.1 12.8 -9.3
v 2.1 12.8 -9.6
v 2.1 12.8 -10.9
v 2.1 12.8 -11.2
v 2.1 12.9 -9.3
v 2.1 12.9 -9.6
v 2.1 12.9 -10.9
v 2.1 12.9 -11.2
v 2.2 10.4 -9.3
v 2.2 10.4 -9.6
v 2.2 10.4 -10.9
v 2.2 10.4 -11.2
v 2.2 10.7 -9.3
v 2.2 10.7 -9.6
v 2.2 10.7 -10.9
v 2.2 10.7 -11.2
v 2.2 12.5 -9.3
v 2.2 12.5 -9.6
v 2.2 12.5 -10.9
v 2.2 12.5 -11.2
v 2.2 12.8 -9.3
v 2.2 12.8 -9.6
v 2.2 12.8 -10.9
v 2.2 12.8 -11.2
v 2.3 10.7 -9.3
v 2.3 10.7 -9.6
v 2.3 10.7 -10.9
v 2.3 10.7 -11.2
v 2.3 11.1 -9.6
v 2.3 11.2 -9.3
v 2.3 11.2 -9.6
v 2.3 11.2 -10.9
v 2.3 11.2 -11.2
v 2.3 12 -9.3
v 2.3 12 -9.6
v 2.3 12 -10.9
v 2.3 12 -11.2
v 2.3 12.1 -9.6
v 2.3 12.5 -9.3
v 2.3 12.5 -9.6
v 2.3 12.5 -10.9
v 2.3 12.5 -11.2
v 2.4 10.8 -10
v 2.4 10.8 -10.1
v 2.4 10.8 -10.3
v 2.4 10.8 -10.4
v 2.4 10.9 -10
v 2.4 10.9 -10.1
v 2.4 10.9 -10.3
v 2.4 10.9 -10.4
v 2.4 11.2 -9.3
v 2.4 11.2 -9.6
v 2.4 11.2 -10.9
v 2.4 11.2 -11.2
v 2.4 11.3 -9.5
v 2.4 11.3 -9.6
v 2.4 11.3 -10.8
v 2.4 11.3 -10.9
v 2.4 11.4 -9.5
v 2.4 11.4 -9.6
v 2.4 11.4 -10.8
v 2.4 11.4 -10.9
v 2.4 11.8 -9.5
v 2.4 11.8 -9.6
v 2.4 11.8 -10.8
v 2.4 11.8 -10.9
v 2.4 11.9 -9.5
v 2.4 11.9 -9.6
v 2.4 11.9 -10.8
v 2.4 11.9 -10.9
v 2.4 12 -9.3
v 2.4 12 -9.6
v 2.4 12 -10.9
v 2.4 12 -11.2
v 2.4 12.3 -10
v 2.4 12.3 -10.1
v 2.4 12.3 -10.3
v 2.4 12.3 -10.4
v 2.4 12.4 -10
v 2.4 12.4 -10.1
v 2.4 12.4 -10.3
v 2.4 12.4 -10.4
v 2.5 11 -9.7
v 2.5 11 -9.8
v 2.5 11 -10.6
v 2.5 11 -10.7
v 2.5 11.1 -9.6
v 2.5 11.1 -9.7
v 2.5 11.1 -9.8
v 2.5 11.1 -10.6
v 2.5 11.1 -10.7
v 2.5 11.1 -10.8
v 2.5 11.2 -9.6
v 2.5 11.2 -9.7
v 2.5 11.2 -10.7
v 2.5 11.2 -10.8
v 2.5 12 -9.6
v 2.5 12 -9.7
v 2.5 12 -10.7
v 2.5 12 -10.8
v 2.5 12.1 -9.6
v 2.5 12.1 -9.7
v 2.5 12.1 -9.8
v 2.5 12.1 -10.6
v 2.5 12.1 -10.7
v 2.5 12.1 -10.8
v 2.5 12.2 -9.7
v 2.5 12.2 -9.8
v 2.5 12.2 -10.6
v 2.5 12.2 -10.7
v 2.6 10.8 -10.1
v 2.6 10.8 -10.3
v 2.6 10.9 -9.8
v 2.6 10.9 -9.9
v 2.6 10.9 -10.1
v 2.6 10.9 -10.3
v 2.6 10.9 -10.5
v 2.6 10.9 -10.6
v 2.6 11 -9.8
v 2.6 11 -9.9
v 2.6 11 -10.5
v 2.6 11 -10.6
v 2.6 11.4 -9.5
v 2.6 11.4 -9.6
v 2.6 11.4 -10.8
v 2.6 11.4 -10.9
v 2.6 11.8 -9.5
v 2.6 11.8 -9.6
v 2.6 11.8 -10.8
v 2.6 11.8 -10.9
v 2.6 12.2 -9.8
v 2.6 12.2 -9.9
v 2.6 12.2 -10.5
v 2.6 12.2 -10.6
v 2.6 12.3 -9.8
v 2.6 12.3 -9.9
v 2.6 12.3 -10.1
v 2.6 12.3 -10.3
v 2.6 12.3 -10.5
v 2.6 12.3 -10.6
v 2.6 12.4 -10.1
v 2.6 12.4 -10.3
v 2.7 10.9 -9.9
v 2.7 10.9 -10
v 2.7 10.9 -10.4
v 2.7 10.9 -10.5
v 2.7 11 -9.9
v 2.7 11 -10
v 2.7 11 -10.4
v 2.7 11 -10.5
v 2.7 11.2 -9.6
v 2.7 11.2 -9.7
v 2.7 11.2 -10.7
v 2.7 11.2 -10.8
v 2.7 11.3 -9.6
v 2.7 11.3 -9.7
v 2.7 11.3 -10.7
v 2.7 11.3 -10.8
v 2.7 11.9 -9.6
v 2.7 11.9 -9.7
v 2.7 11.9 -10.7
v 2.7 11.9 -10.8
v 2.7 12 -9.6
v 2.7 12 -9.7
v 2.7 12 -10.7
v 2.7 12 -10.8
v 2.7 12.2 -9.9
v 2.7 12.2 -10
v 2.7 12.2 -10.4
v 2.7 12.2 -10.5
v 2.7 12.3 -9.9
v 2.7 12.3 -10
v 2.7 12.3 -10.4
v 2.7 12.3 -10.5
v 2.8 10.9 -10
v 2.8 10.9 -10.1
v 2.8 10.9 -10.3
v 2.8 10.9 -10.4
v 2.8 11 -9.8
v 2.8 11 -9.9
v 2.8 11 -10
v 2.8 11 -10.1
v 2.8 11 -10.3
v 2.8 11 -10.4
v 2.8 11 -10.5
v 2.8 11 -10.6
v 2.8 11.1 -9.7
v 2.8 11.1 -9.8
v 2.8 11.1 -9.9
v 2.8 11.1 -10.5
v 2.8 11.1 -10.6
v 2.8 11.1 -10.7
v 2.8 11.2 -9.7
v 2.8 11.2 -9.8
v 2.8 11.2 -10.6
v 2.8 11.2 -10.7
v 2.8 11.3 -9.6
v 2.8 11.3 -9.7
v 2.8 11.3 -10.7
v 2.8 11.3 -10.8
v 2.8 11.4 -9.6
v 2.8 11.4 -9.7
v 2.8 11.4 -10.7
v 2.8 11.4 -10.8
v 2.8 11.8 -9.6
v 2.8 11.8 -9.7
v 2.8 11.8 -10.7
v 2.8 11.8 -10.8
v 2.8 11.9 -9.6
v 2.8 11.9 -9.7
v 2.8 11.9 -10.7
v 2.8 11.9 -10.8
v 2.8 12 -9.7
v 2.8 12 -9.8
v 2.8 12 -10.6
v 2.8 12 -10.7
v 2.8 12.1 -9.7
v 2.8 12.1 -9.8
v 2.8 12.1 -9.9
v 2.8 12.1 -10.5
v 2.8 12.1 -10.6
v 2.8 12.1 -10.7
v 2.8 12.2 -9.8
v 2.8 12.2 -9.9
v 2.8 12.2 -10
v 2.8 12.2 -10.1
v 2.8 12.2 -10.3
v 2.8 12.2 -10.4
v 2.8 12.2 -10.5
v 2.8 12.2 -10.6
v 2.8 12.3 -10
v 2.8 12.3 -10.1
v 2.8 12.3 -10.3
v 2.8 12.3 -10.4
v 2.9 10.9 -10.1
v 2.9 10.9 -10.3
v 2.9 11 -9.9
v 2.9 11 -10
v 2.9 11 -10.1
v 2.9 11 -10.3
v 2.9 11 -10.4
v 2.9 11 -10.5
v 2.9 11.1 -9.9
v 2.9 11.1 -10
v 2.9 11.1 -10.4
v 2.9 11.1 -10.5
v 2.9 11.2 -9.7
v 2.9 11.2 -9.8
v 2.9 11.2 -10.6
v 2.9 11.2 -10.7
v 2.9 11.3 -9.7
v 2.9 11.3 -9.8
v 2.9 11.3 -10.6
v 2.9 11.3 -10.7
v 2.9 11.4 -9.6
v 2.9 11.4 -9.7
v 2.9 11.4 -10.7
v 2.9 11.4 -10.8
v 2.9 11.8 -9.6
v 2.9 11.8 -9.7
v 2.9 11.8 -10.7
v 2.9 11.8 -10.8
v 2.9 11.9 -9.7
v 2.9 11.9 -9.8
v 2.9 11.9 -10.6
v 2.9 11.9 -10.7
v 2.9 12 -9.7
v 2.9 12 -9.8
v 2.9 12 -10.6
v 2.9 12 -10.7
v 2.9 12.1 -9.9
v 2.9 12.1 -10
v 2.9 12.1 -10.4
v 2.9 12.1 -10.5
v 2.9 12.2 -9.9
v 2.9 12.2 -10
v 2.9 12.2 -10.1
v 2.9 12.2 -10.3
v 2.9 12.2 -10.4
v 2.9 12.2 -10.5
v 2.9 12.3 -10.1
v 2.9 12.3 -10.3
v 3 11 -10
v 3 11 -10.1
v 3 11 -10.3
v 3 11 -10.4
v 3 11.1 -9.8
v 3 11.1 -9.9
v 3 11.1 -10
v 3 11.1 -10.1
v 3 11.1 -10.3
v 3 11.1 -10.4
v 3 11.1 -10.5
v 3 11.1 -10.6
v 3 11.2 -9.8
v 3 11.2 -9.9
v 3 11.2 -10.5
v 3 11.2 -10.6
v 3 11.3 -9.7
v 3 11.3 -9.8
v 3 11.3 -10.6
v 3 11.3 -10.7
v 3 11.4 -9.7
v 3 11.4 -9.8
v 3 11.4 -10.6
v 3 11.4 -10.7
v 3 11.8 -9.7
v 3 11.8 -9.8
v 3 11.8 -10.6
v 3 11.8 -10.7
v 3 11.9 -9.7
v 3 11.9 -9.8
v 3 11.9 -10.6
v 3 11.9 -10.7
v 3 12 -9.8
v 3 12 -9.9
v 3 12 -10.5
v 3 12 -10.6
v 3 12.1 -9.8
v 3 12.1 -9.9
v 3 12.1 -10
v 3 12.1 -10.1
v 3 12.1 -10.3
v 3 12.1 -10.4
v 3 12.1 -10.5
v 3 12.1 -10.6
v 3 12.2 -10
v 3 12.2 -10.1
v 3 12.2 -10.3
v 3 12.2 -10.4
v 3.1 11 -10.1
v 3.1 11 -10.3
v 3.1 11.1 -9.9
v 3.1 11.1 -10.1
v 3.1 11.1 -10.3
v 3.1 11.1 -10.5
v 3.1 11.2 -9.8
v 3.1 11.2 -9.9
v 3.1 11.2 -10.1
v 3.1 11.2 -10.3
v 3.1 11.2 -10.5
v 3.1 11.2 -10.6
v 3.1 11.3 -9.8
v 3.1 11.3 -9.9
v 3.1 11.3 -10.5
v 3.1 11.3 -10.6
v 3.1 11.4 -9.7
v 3.1 11.4 -9.8
v 3.1 11.4 -10.6
v 3.1 11.4 -10.7
v 3.1 11.8 -9.7
v 3.1 11.8 -9.8
v 3.1 11.8 -10.6
v 3.1 11.8 -10.7
v 3.1 11.9 -9.8
v 3.1 11.9 -9.9
v 3.1 11.9 -10.5
v 3.1 11.9 -10.6
v 3.1 12 -9.8
v 3.1 12 -9.9
v 3.1 12 -10.1
v 3.1 12 -10.3
v 3.1 12 -10.5
v 3.1 12 -10.6
v 3.1 12.1 -9.9
v 3.1 12.1 -10.1
v 3.1 12.1 -10.3
v 3.1 12.1 -10.5
v 3.1 12.2 -10.1
v 3.1 12.2 -10.3
v 3.2 11.1 -10.1
v 3.2 11.1 -10.3
v 3.2 11.2 -9.9
v 3.2 11.2 -10.1
v 3.2 11.2 -10.3
v 3.2 11.2 -10.5
v 3.2 11.3 -9.8
v 3.2 11.3 -9.9
v 3.2 11.3 -10
v 3.2 11.3 -10.1
v 3.2 11.3 -10.3
v 3.2 11.3 -10.4
v 3.2 11.3 -10.5
v 3.2 11.3 -10.6
v 3.2 11.4 -9.8
v 3.2 11.4 -9.9
v 3.2 11.4 -10
v 3.2 11.4 -10.4
v 3.2 11.4 -10.5
v 3.2 11.4 -10.6
v 3.2 11.8 -9.9
v 3.2 11.8 -10
v 3.2 11.8 -10.4
v 3.2 11.8 -10.5
v 3.2 11.9 -9.8
v 3.2 11.9 -9.9
v 3.2 11.9 -10
v 3.2 11.9 -10.1
v 3.2 11.9 -10.3
v 3.2 11.9 -10.4
v 3.2 11.9 -10.5
v 3.2 11.9 -10.6
v 3.2 12 -9.9
v 3.2 12 -10.1
v 3.2 12 -10.3
v 3.2 12 -10.5
v 3.2 12.1 -10.1
v 3.2 12.1 -10.3
v 3.3 11.2 -10.1
v 3.3 11.2 -10.3
v 3.3 11.3 -10
v 3.3 11.3 -10.1
v 3.3 11.3 -10.3
v 3.3 11.3 -10.4
v 3.3 11.4 -9.9
v 3.3 11.4 -10
v 3.3 11.4 -10.4
v 3.3 11.4 -10.5
v 3.3 11.8 -9.9
v 3.3 11.8 -10
v 3.3 11.8 -10.4
v 3.3 11.8 -10.5
v 3.3 11.9 -10
v 3.3 11.9 -10.1
v 3.3 11.9 -10.3
v 3.3 11.9 -10.4
v 3.3 12 -10.1
v 3.3 12 -10.3
v 3.4 11.4 -10
v 3.4 11.4 -10.4
v 3.4 11.8 -10
v 3.4 11.8 -10.4
v 10.9 6.6 -10.6
v 10.9 6.6 -10.7
v 10.9 7 -10.6
v 10.9 7 -10.7
v -2.4 11.2 -8.9
v -2.4 12 -8.9
v -1 7.7 -8.9
v -1 7.8 -8.9
v -0.9 7.8 -8.9
v -0.9 8 -8.9
v -0.8 8 -8.9
v -0.8 8.2 -8.9
v -0.7 8.2 -8.9
v -0.7 8.4 -8.9
v -0.6 8.4 -8.9
v -0.6 11.2 -8.9
v 0.3 8.4 -8.9
v 0.3 11.2 -8.9
v 0.4 8.2 -8.9
v 0.4 8.4 -8.9
v 0.5 8 -8.9
v 0.5 8.2 -8.9
v 0.6 7.8 -8.9
v 0.6 8 -8.9
v 0.7 7.7 -8.9
v 0.7 7.8 -8.9
v 2 11.2 -8.9
v 2 12 -8.9
v -2.8 11.2 -9.3
v -2.8 12 -9.3
v -2.7 10.7 -9.3
v -2.7 11.2 -9.3
v -2.7 12 -9.3
v -2.7 12.5 -9.3
v -2.6 10.4 -9.3
v -2.6 10.7 -9.3
v -2.6 12.5 -9.3
v -2.6 12.8 -9.3
v -2.5 10.3 -9.3
v -2.5 10.4 -9.3
v -2.5 12.8 -9.3
v -2.5 12.9 -9.3
v -2.4 10.1 -9.3
v -2.4 10.3 -9.3
v -2.4 11.2 -9.3
v -2.4 12 -9.3
v -2.4 12.9 -9.3
v -2.4 13.1 -9.3
v -2.3 10 -9.3
v -2.3 10.1 -9.3
v -2.3 11 -9.3
v -2.3 11.2 -9.3
v -2.3 12 -9.3
v -2.3 12.2 -9.3
v -2.3 13.1 -9.3
v -2.3 13.2 -9.3
v -2.2 9.9 -9.3
v -2.2 10 -9.3
v -2.2 10.6 -9.3
v -2.2 11 -9.3
v -2.2 12.2 -9.3
v -2.2 12.6 -9.3
v -2.2 13.2 -9.3
v -2.2 13.3 -9.3
v -2.1 9.7 -9.3
v -2.1 9.9 -9.3
v -2.1 10.3 -9.3
v -2.1 10.6 -9.3
v -2.1 12.6 -9.3
v -2.1 12.9 -9.3
v -2.1 13.3 -9.3
v -2.1 13.5 -9.3
v -1.9 9.6 -9.3
v -1.9 9.7 -9.3
v -1.9 10.1 -9.3
v -1.9 10.3 -9.3
v -1.9 12.9 -9.3
v -1.9 13.1 -9.3
v -1.9 13.5 -9.3
v -1.9 13.6 -9.3
v -1.8 9.5 -9.3
v -1.8 9.6 -9.3
v -1.8 10 -9.3
v -1.8 10.1 -9.3
v -1.8 13.1 -9.3
v -1.8 13.2 -9.3
v -1.8 13.6 -9.3
v -1.8 13.7 -9.3
v -1.7 9.4 -9.3
v -1.7 9.5 -9.3
v -1.7 9.9 -9.3
v -1.7 10 -9.3
v -1.7 13.2 -9.3
v -1.7 13.3 -9.3
v -1.7 13.7 -9.3
v -1.7 13.8 -9.3
v -1.6 9.8 -9.3
v -1.6 9.9 -9.3
v -1.6 13.3 -9.3
v -1.6 13.4 -9.3
v -1.5 9.3 -9.3
v -1.5 9.4 -9.3
v -1.5 9.7 -9.3
v -1.5 9.8 -9.3
v -1.5 13.4 -9.3
v -1.5 13.5 -9.3
v -1.5 13.8 -9.3
v -1.5 13.9 -9.3
v -1.4 9.2 -9.3
v -1.4 9.3 -9.3
v -1.4 13.9 -9.3
v -1.4 14 -9.3
v -1.3 9.6 -9.3
v -1.3 9.7 -9.3
v -1.3 13.5 -9.3
v -1.3 13.6 -9.3
v -1.1 9.1 -9.3
v -1.1 9.2 -9.3
v -1.1 9.5 -9.3
v -1.1 9.6 -9.3
v -1.1 13.6 -9.3
v -1.1 13.7 -9.3
v -1.1 14 -9.3
v -1.1 14.1 -9.3
v -1 9.4 -9.3
v -1 9.5 -9.3
v -1 13.7 -9.3
v -1 13.8 -9.3
v -0.6 9 -9.3
v -0.6 9.1 -9.3
v -0.6 14.1 -9.3
v -0.6 14.2 -9.3
v -0.5 9.3 -9.3
v -0.5 9.4 -9.3
v -0.5 13.8 -9.3
v -0.5 13.9 -9.3
v 0.1 9.3 -9.3
v 0.1 9.4 -9.3
v 0.1 13.8 -9.3
v 0.1 13.9 -9.3
v 0.2 9 -9.3
v 0.2 9.1 -9.3
v 0.2 14.1 -9.3
v 0.2 14.2 -9.3
v 0.6 9.4 -9.3
v 0.6 9.5 -9.3
v 0.6 13.7 -9.3
v 0.6 13.8 -9.3
v 0.7 9.1 -9.3
v 0.7 9.2 -9.3
v 0.7 9.5 -9.3
v 0.7 9.6 -9.3
v 0.7 13.6 -9.3
v 0.7 13.7 -9.3
v 0.7 14 -9.3
v 0.7 14.1 -9.3
v 0.9 9.6 -9.3
v 0.9 9.7 -9.3
v 0.9 13.5 -9.3
v 0.9 13.6 -9.3
v 1 9.2 -9.3
v 1 9.3 -9.3
v 1 13.9 -9.3
v 1 14 -9.3
v 1.1 9.3 -9.3
v 1.1 9.4 -9.3
v 1.1 9.7 -9.3
v 1.1 9.8 -9.3
v 1.1 13.4 -9.3
v 1.1 13.5 -9.3
v 1.1 13.8 -9.3
v 1.1 13.9 -9.3
v 1.2 9.8 -9.3
v 1.2 9.9 -9.3
v 1.2 13.3 -9.3
v 1.2 13.4 -9.3
v 1.3 9.4 -9.3
v 1.3 9.5 -9.3
v 1.3 9.9 -9.3
v 1.3 10 -9.3
v 1.3 13.2 -9.3
v 1.3 13.3 -9.3
v 1.3 13.7 -9.3
v 1.3 13.8 -9.3
v 1.4 9.5 -9.3
v 1.4 9.6 -9.3
v 1.4 10 -9.3
v 1.4 10.1 -9.3
v 1.4 13.1 -9.3
v 1.4 13.2 -9.3
v 1.4 13.6 -9.3
v 1.4 13.7 -9.3
v 1.5 9.6 -9.3
v 1.5 9.7 -9.3
v 1.5 10.1 -9.3
v 1.5 10.3 -9.3
v 1.5 12.9 -9.3
v 1.5 13.1 -9.3
v 1.5 13.5 -9.3
v 1.5 13.6 -9.3
v 1.7 9.7 -9.3
v 1.7 9.9 -9.3
v 1.7 10.3 -9.3
v 1.7 10.6 -9.3
v 1.7 12.6 -9.3
v 1.7 12.9 -9.3
v 1.7 13.3 -9.3
v 1.7 13.5 -9.3
v 1.8 9.9 -9.3
v 1.8 10 -9.3
v 1.8 10.6 -9.3
v 1.8 11 -9.3
v 1.8 12.2 -9.3
v 1.8 12.6 -9.3
v 1.8 13.2 -9.3
v 1.8 13.3 -9.3
v 1.9 10 -9.3
v 1.9 10.1 -9.3
v 1.9 11 -9.3
v 1.9 11.2 -9.3
v 1.9 12 -9.3
v 1.9 12.2 -9.3
v 1.9 13.1 -9.3
v 1.9 13.2 -9.3
v 2 10.1 -9.3
v 2 10.3 -9.3
v 2 11.2 -9.3
v 2 12 -9.3
v 2 12.9 -9.3
v 2 13.1 -9.3
v 2.1 10.3 -9.3
v 2.1 10.4 -9.3
v 2.1 12.8 -9.3
v 2.1 12.9 -9.3
v 2.2 10.4 -9.3
v 2.2 10.7 -9.3
v 2.2 12.5 -9.3
v 2.2 12.8 -9.3
v 2.3 10.7 -9.3
v 2.3 11.2 -9.3
v 2.3 12 -9.3
v 2.3 12.5 -9.3
v 2.4 11.2 -9.3
v 2.4 12 -9.3
v -0.6 8.7 -9.5
v -0.6 9 -9.5
v -0.6 13.1 -9.5
v -0.6 13.5 -9.5
v -0.4 8.6 -9.5
v -0.4 8.7 -9.5
v -0.4 13 -9.5
v -0.4 13.1 -9.5
v -0.4 13.5 -9.5
v -0.4 13.6 -9.5
v -0.1 8.6 -9.5
v -0.1 8.7 -9.5
v -0.1 13 -9.5
v -0.1 13.1 -9.5
v 0.1 8.6 -9.5
v 0.1 8.7 -9.5
v 0.1 13 -9.5
v 0.1 13.1 -9.5
v 0.1 13.5 -9.5
v 0.1 13.6 -9.5
v 0.2 9 -9.5
v 0.2 9.1 -9.5
v 0.3 8.7 -9.5
v 0.3 9.1 -9.5
v 0.3 13.1 -9.5
v 0.3 13.5 -9.5
v 2.4 11.4 -9.5
v 2.4 11.8 -9.5
v 2.6 11.4 -9.5
v 2.6 11.8 -9.5
v -2.9 11.4 -9.6
v -2.9 11.8 -9.6
v -2.8 11.4 -9.6
v -2.8 11.8 -9.6
v -0.9 8.7 -9.6
v -0.9 9.1 -9.6
v -0.9 13.1 -9.6
v -0.9 13.5 -9.6
v -0.8 8.6 -9.6
v -0.8 8.7 -9.6
v -0.8 13 -9.6
v -0.8 13.1 -9.6
v -0.8 13.5 -9.6
v -0.8 13.6 -9.6
v -0.7 8.5 -9.6
v -0.7 8.6 -9.6
v -0.7 12.9 -9.6
v -0.7 13 -9.6
v -0.7 13.6 -9.6
v -0.7 13.7 -9.6
v -0.6 8.7 -9.6
v -0.6 9.1 -9.6
v -0.6 13.1 -9.6
v -0.6 13.5 -9.6
v -0.5 8.4 -9.6
v -0.5 8.5 -9.6
v -0.5 9.3 -9.6
v -0.5 9.4 -9.6
v -0.5 12.8 -9.6
v -0.5 12.9 -9.6
v -0.5 13.7 -9.6
v -0.5 13.8 -9.6
v -0.4 8.6 -9.6
v -0.4 8.7 -9.6
v -0.4 13 -9.6
v -0.4 13.1 -9.6
v -0.4 13.5 -9.6
v -0.4 13.6 -9.6
v -0.1 8.6 -9.6
v -0.1 13 -9.6
v 0.1 8.6 -9.6
v 0.1 8.7 -9.6
v 0.1 9.3 -9.6
v 0.1 9.4 -9.6
v 0.1 13 -9.6
v 0.1 13.1 -9.6
v 0.1 13.5 -9.6
v 0.1 13.6 -9.6
v 0.1 13.8 -9.6
v 0.2 8.4 -9.6
v 0.2 8.5 -9.6
v 0.2 12.8 -9.6
v 0.2 12.9 -9.6
v 0.2 13.7 -9.6
v 0.2 13.8 -9.6
v 0.3 8.7 -9.6
v 0.3 9.1 -9.6
v 0.3 13.1 -9.6
v 0.3 13.5 -9.6
v 0.4 8.5 -9.6
v 0.4 8.6 -9.6
v 0.4 12.9 -9.6
v 0.4 13 -9.6
v 0.4 13.6 -9.6
v 0.4 13.7 -9.6
v 0.5 8.6 -9.6
v 0.5 8.7 -9.6
v 0.5 13 -9.6
v 0.5 13.1 -9.6
v 0.5 13.5 -9.6
v 0.5 13.6 -9.6
v 0.6 8.7 -9.6
v 0.6 9.1 -9.6
v 0.6 13.1 -9.6
v 0.6 13.5 -9.6
v 1.8 11.1 -9.6
v 1.8 11.2 -9.6
v 1.8 12 -9.6
v 1.8 12.1 -9.6
v 1.9 11.1 -9.6
v 1.9 11.2 -9.6
v 1.9 12 -9.6
v 1.9 12.1 -9.6
v 2.3 11.1 -9.6
v 2.3 11.2 -9.6
v 2.3 12 -9.6
v 2.3 12.1 -9.6
v 2.4 11.2 -9.6
v 2.4 11.3 -9.6
v 2.4 11.4 -9.6
v 2.4 11.8 -9.6
v 2.4 11.9 -9.6
v 2.4 12 -9.6
v 2.5 11.1 -9.6
v 2.5 11.2 -9.6
v 2.5 12 -9.6
v 2.5 12.1 -9.6
v 2.6 11.4 -9.6
v 2.6 11.8 -9.6
v 2.7 11.2 -9.6
v 2.7 11.3 -9.6
v 2.7 11.9 -9.6
v 2.7 12 -9.6
v 2.8 11.3 -9.6
v 2.8 11.4 -9.6
v 2.8 11.8 -9.6
v 2.8 11.9 -9.6
v 2.9 11.4 -9.6
v 2.9 11.8 -9.6
v -3.2 11.4 -9.7
v -3.2 11.8 -9.7
v -3.1 11.3 -9.7
v -3.1 11.4 -9.7
v -3.1 11.8 -9.7
v -3.1 11.9 -9.7
v -3 11.2 -9.7
v -3 11.3 -9.7
v -3 11.9 -9.7
v -3 12 -9.7
v -2.9 11.4 -9.7
v -2.9 11.8 -9.7
v -2.8 11.1 -9.7
v -2.8 11.2 -9.7
v -2.8 12 -9.7
v -2.8 12.1 -9.7
v -2.7 11.3 -9.7
v -2.7 11.4 -9.7
v -2.7 11.8 -9.7
v -2.7 11.9 -9.7
v -2.4 11.3 -9.7
v -2.2 11.3 -9.7
v -2.2 11.4 -9.7
v -2.2 11.8 -9.7
v -2.2 11.9 -9.7
v -2.1 11.1 -9.7
v -2.1 11.2 -9.7
v -2.1 12 -9.7
v -2.1 12.1 -9.7
v -2 11.4 -9.7
v -2 11.8 -9.7
v -1.9 11.2 -9.7
v -1.9 11.3 -9.7
v -1.9 11.9 -9.7
v -1.9 12 -9.7
v -1.8 11.3 -9.7
v -1.8 11.4 -9.7
v -1.8 11.8 -9.7
v -1.8 11.9 -9.7
v -1.7 11.4 -9.7
v -1.7 11.8 -9.7
v -1.1 8.7 -9.7
v -1.1 9.1 -9.7
v -1.1 13.1 -9.7
v -1.1 13.5 -9.7
v -1 8.6 -9.7
v -1 8.7 -9.7
v -1 9.1 -9.7
v -1 9.2 -9.7
v -1 13 -9.7
v -1 13.1 -9.7
v -1 13.5 -9.7
v -1 13.6 -9.7
v -0.9 8.5 -9.7
v -0.9 8.6 -9.7
v -0.9 8.7 -9.7
v -0.9 9.1 -9.7
v -0.9 9.2 -9.7
v -0.9 9.3 -9.7
v -0.9 12.9 -9.7
v -0.9 13 -9.7
v -0.9 13.1 -9.7
v -0.9 13.5 -9.7
v -0.9 13.6 -9.7
v -0.9 13.7 -9.7
v -0.8 8.4 -9.7
v -0.8 8.5 -9.7
v -0.8 8.6 -9.7
v -0.8 8.7 -9.7
v -0.8 9.1 -9.7
v -0.8 9.2 -9.7
v -0.8 9.3 -9.7
v -0.8 9.4 -9.7
v -0.8 12.8 -9.7
v -0.8 12.9 -9.7
v -0.8 13 -9.7
v -0.8 13.1 -9.7
v -0.8 13.5 -9.7
v -0.8 13.6 -9.7
v -0.8 13.7 -9.7
v -0.8 13.8 -9.7
v -0.7 8.5 -9.7
v -0.7 8.6 -9.7
v -0.7 9.2 -9.7
v -0.7 9.3 -9.7
v -0.7 12.9 -9.7
v -0.7 13 -9.7
v -0.7 13.6 -9.7
v -0.7 13.7 -9.7
v -0.5 8.3 -9.7
v -0.5 8.4 -9.7
v -0.5 8.5 -9.7
v -0.5 9.3 -9.7
v -0.5 9.4 -9.7
v -0.5 9.5 -9.7
v -0.5 12.7 -9.7
v -0.5 12.8 -9.7
v -0.5 12.9 -9.7
v -0.5 13.7 -9.7
v -0.5 13.8 -9.7
v -0.5 13.9 -9.7
v 0.2 8.3 -9.7
v 0.2 8.4 -9.7
v 0.2 8.5 -9.7
v 0.2 9.3 -9.7
v 0.2 9.4 -9.7
v 0.2 9.5 -9.7
v 0.2 12.7 -9.7
v 0.2 12.8 -9.7
v 0.2 12.9 -9.7
v 0.2 13.7 -9.7
v 0.2 13.8 -9.7
v 0.2 13.9 -9.7
v 0.4 8.5 -9.7
v 0.4 8.6 -9.7
v 0.4 9.2 -9.7
v 0.4 9.3 -9.7
v 0.4 12.9 -9.7
v 0.4 13 -9.7
v 0.4 13.6 -9.7
v 0.4 13.7 -9.7
v 0.5 8.4 -9.7
v 0.5 8.5 -9.7
v 0.5 8.6 -9.7
v 0.5 8.7 -9.7
v 0.5 9.1 -9.7
v 0.5 9.2 -9.7
v 0.5 9.3 -9.7
v 0.5 9.4 -9.7
v 0.5 12.8 -9.7
v 0.5 12.9 -9.7
v 0.5 13 -9.7
v 0.5 13.1 -9.7
v 0.5 13.5 -9.7
v 0.5 13.6 -9.7
v 0.5 13.7 -9.7
v 0.5 13.8 -9.7
v 0.6 8.5 -9.7
v 0.6 8.6 -9.7
v 0.6 8.7 -9.7
v 0.6 9.1 -9.7
v 0.6 9.2 -9.7
v 0.6 9.3 -9.7
v 0.6 12.9 -9.7
v 0.6 13 -9.7
v 0.6 13.1 -9.7
v 0.6 13.5 -9.7
v 0.6 13.6 -9.7
v 0.6 13.7 -9.7
v 0.7 8.6 -9.7
v 0.7 8.7 -9.7
v 0.7 9.1 -9.7
v 0.7 9.2 -9.7
v 0.7 13 -9.7
v 0.7 13.1 -9.7
v 0.7 13.5 -9.7
v 0.7 13.6 -9.7
v 0.8 8.7 -9.7
v 0.8 9.1 -9.7
v 0.8 13.1 -9.7
v 0.8 13.5 -9.7
v 1.2 11.4 -9.7
v 1.2 11.8 -9.7
v 1.3 11.3 -9.7
v 1.3 11.4 -9.7
v 1.3 11.8 -9.7
v 1.3 11.9 -9.7
v 1.4 11.2 -9.7
v 1.4 11.3 -9.7
v 1.4 11.4 -9.7
v 1.4 11.8 -9.7
v 1.4 11.9 -9.7
v 1.4 12 -9.7
v 1.5 11.1 -9.7
v 1.5 11.2 -9.7
v 1.5 11.3 -9.7
v 1.5 11.4 -9.7
v 1.5 11.8 -9.7
v 1.5 11.9 -9.7
v 1.5 12 -9.7
v 1.5 12.1 -9.7
v 1.6 11.2 -9.7
v 1.6 11.3 -9.7
v 1.6 11.9 -9.7
v 1.6 12 -9.7
v 1.8 11 -9.7
v 1.8 11.1 -9.7
v 1.8 11.2 -9.7
v 1.8 12 -9.7
v 1.8 12.1 -9.7
v 1.8 12.2 -9.7
v 2.5 11 -9.7
v 2.5 11.1 -9.7
v 2.5 11.2 -9.7
v 2.5 12 -9.7
v 2.5 12.1 -9.7
v 2.5 12.2 -9.7
v 2.7 11.2 -9.7
v 2.7 11.3 -9.7
v 2.7 11.9 -9.7
v 2.7 12 -9.7
v 2.8 11.1 -9.7
v 2.8 11.2 -9.7
v 2.8 11.3 -9.7
v 2.8 11.4 -9.7
v 2.8 11.8 -9.7
v 2.8 11.9 -9.7
v 2.8 12 -9.7
v 2.8 12.1 -9.7
v 2.9 11.2 -9.7
v 2.9 11.3 -9.7
v 2.9 11.4 -9.7
v 2.9 11.8 -9.7
v 2.9 11.9 -9.7
v 2.9 12 -9.7
v 3 11.3 -9.7
v 3 11.4 -9.7
v 3 11.8 -9.7
v 3 11.9 -9.7
v 3.1 11.4 -9.7
v 3.1 11.8 -9.7
v -3.4 11.4 -9.8
v -3.4 11.8 -9.8
v -3.3 11.3 -9.8
v -3.3 11.4 -9.8
v -3.3 11.8 -9.8
v -3.3 11.9 -9.8
v -3.2 11.2 -9.8
v -3.2 11.3 -9.8
v -3.2 11.4 -9.8
v -3.2 11.8 -9.8
v -3.2 11.9 -9.8
v -3.2 12 -9.8
v -3.1 11.1 -9.8
v -3.1 11.2 -9.8
v -3.1 11.3 -9.8
v -3.1 11.4 -9.8
v -3.1 11.8 -9.8
v -3.1 11.9 -9.8
v -3.1 12 -9.8
v -3.1 12.1 -9.8
v -3 11.2 -9.8
v -3 11.3 -9.8
v -3 11.9 -9.8
v -3 12 -9.8
v -2.8 11 -9.8
v -2.8 11.1 -9.8
v -2.8 11.2 -9.8
v -2.8 12 -9.8
v -2.8 12.1 -9.8
v -2.8 12.2 -9.8
v -2.1 11 -9.8
v -2.1 11.1 -9.8
v -2.1 11.2 -9.8
v -2.1 12 -9.8
v -2.1 12.1 -9.8
v -2.1 12.2 -9.8
v -1.9 11.2 -9.8
v -1.9 11.3 -9.8
v -1.9 11.9 -9.8
v -1.9 12 -9.8
v -1.8 11.1 -9.8
v -1.8 11.2 -9.8
v -1.8 11.3 -9.8
v -1.8 11.4 -9.8
v -1.8 11.8 -9.8
v -1.8 11.9 -9.8
v -1.8 12 -9.8
v -1.8 12.1 -9.8
v -1.7 11.2 -9.8
v -1.7 11.3 -9.8
v -1.7 11.4 -9.8
v -1.7 11.8 -9.8
v -1.7 11.9 -9.8
v -1.7 12 -9.8
v -1.6 11.3 -9.8
v -1.6 11.4 -9.8
v -1.6 11.8 -9.8
v -1.6 11.9 -9.8
v -1.5 11.4 -9.8
v -1.5 11.8 -9.8
v -1.2 8.6 -9.8
v -1.2 9.2 -9.8
v -1.2 13 -9.8
v -1.2 13.6 -9.8
v -1.1 8.5 -9.8
v -1.1 8.6 -9.8
v -1.1 8.7 -9.8
v -1.1 9.1 -9.8
v -1.1 9.2 -9.8
v -1.1 9.3 -9.8
v -1.1 12.9 -9.8
v -1.1 13 -9.8
v -1.1 13.1 -9.8
v -1.1 13.5 -9.8
v -1.1 13.6 -9.8
v -1.1 13.7 -9.8
v -1 8.4 -9.8
v -1 8.5 -9.8
v -1 8.6 -9.8
v -1 8.7 -9.8
v -1 9.1 -9.8
v -1 9.2 -9.8
v -1 9.3 -9.8
v -1 9.4 -9.8
v -1 12.8 -9.8
v -1 12.9 -9.8
v -1 13 -9.8
v -1 13.1 -9.8
v -1 13.5 -9.8
v -1 13.6 -9.8
v -1 13.7 -9.8
v -1 13.8 -9.8
v -0.9 8.5 -9.8
v -0.9 8.6 -9.8
v -0.9 9.2 -9.8
v -0.9 9.3 -9.8
v -0.9 12.9 -9.8
v -0.9 13 -9.8
v -0.9 13.6 -9.8
v -0.9 13.7 -9.8
v -0.8 8.3 -9.8
v -0.8 8.4 -9.8
v -0.8 8.5 -9.8
v -0.8 9.3 -9.8
v -0.8 9.4 -9.8
v -0.8 9.5 -9.8
v -0.8 12.7 -9.8
v -0.8 12.8 -9.8
v -0.8 12.9 -9.8
v -0.8 13.7 -9.8
v -0.8 13.8 -9.8
v -0.8 13.9 -9.8
v -0.6 8.2 -9.8
v -0.6 8.3 -9.8
v -0.6 9.5 -9.8
v -0.6 9.6 -9.8
v -0.6 12.6 -9.8
v -0.6 12.7 -9.8
v -0.6 13.9 -9.8
v -0.6 14 -9.8
v -0.5 8.3 -9.8
v -0.5 8.4 -9.8
v -0.5 9.4 -9.8
v -0.5 9.5 -9.8
v -0.5 12.7 -9.8
v -0.5 12.8 -9.8
v -0.5 13.8 -9.8
v -0.5 13.9 -9.8
v 0.2 8.3 -9.8
v 0.2 8.4 -9.8
v 0.2 9.4 -9.8
v 0.2 9.5 -9.8
v 0.2 12.7 -9.8
v 0.2 12.8 -9.8
v 0.2 13.8 -9.8
v 0.2 13.9 -9.8
v 0.3 8.2 -9.8
v 0.3 8.3 -9.8
v 0.3 9.5 -9.8
v 0.3 9.6 -9.8
v 0.3 12.6 -9.8
v 0.3 12.7 -9.8
v 0.3 13.9 -9.8
v 0.3 14 -9.8
v 0.5 8.3 -9.8
v 0.5 8.4 -9.8
v 0.5 8.5 -9.8
v 0.5 9.3 -9.8
v 0.5 9.4 -9.8
v 0.5 9.5 -9.8
v 0.5 12.7 -9.8
v 0.5 12.8 -9.8
v 0.5 12.9 -9.8
v 0.5 13.7 -9.8
v 0.5 13.8 -9.8
v 0.5 13.9 -9.8
v 0.6 8.5 -9.8
v 0.6 8.6 -9.8
v 0.6 9.2 -9.8
v 0.6 9.3 -9.8
v 0.6 12.9 -9.8
v 0.6 13 -9.8
v 0.6 13.6 -9.8
v 0.6 13.7 -9.8
v 0.7 8.4 -9.8
v 0.7 8.5 -9.8
v 0.7 8.6 -9.8
v 0.7 8.7 -9.8
v 0.7 9.1 -9.8
v 0.7 9.2 -9.8
v 0.7 9.3 -9.8
v 0.7 9.4 -9.8
v 0.7 12.8 -9.8
v 0.7 12.9 -9.8
v 0.7 13 -9.8
v 0.7 13.1 -9.8
v 0.7 13.5 -9.8
v 0.7 13.6 -9.8
v 0.7 13.7 -9.8
v 0.7 13.8 -9.8
v 0.8 8.5 -9.8
v 0.8 8.6 -9.8
v 0.8 8.7 -9.8
v 0.8 9.1 -9.8
v 0.8 9.2 -9.8
v 0.8 9.3 -9.8
v 0.8 12.9 -9.8
v 0.8 13 -9.8
v 0.8 13.1 -9.8
v 0.8 13.5 -9.8
v 0.8 13.6 -9.8
v 0.8 13.7 -9.8
v 0.9 8.6 -9.8
v 0.9 8.7 -9.8
v 0.9 9.2 -9.8
v 0.9 13 -9.8
v 0.9 13.1 -9.8
v 0.9 13.6 -9.8
v 1.1 11.3 -9.8
v 1.1 11.9 -9.8
v 1.2 11.2 -9.8
v 1.2 11.3 -9.8
v 1.2 11.4 -9.8
v 1.2 11.8 -9.8
v 1.2 11.9 -9.8
v 1.2 12 -9.8
v 1.3 11.1 -9.8
v 1.3 11.2 -9.8
v 1.3 11.3 -9.8
v 1.3 11.4 -9.8
v 1.3 11.8 -9.8
v 1.3 11.9 -9.8
v 1.3 12 -9.8
v 1.3 12.1 -9.8
v 1.4 11.2 -9.8
v 1.4 11.3 -9.8
v 1.4 11.9 -9.8
v 1.4 12 -9.8
v 1.5 11 -9.8
v 1.5 11.1 -9.8
v 1.5 11.2 -9.8
v 1.5 12 -9.8
v 1.5 12.1 -9.8
v 1.5 12.2 -9.8
v 1.7 10.9 -9.8
v 1.7 11 -9.8
v 1.7 12.2 -9.8
v 1.7 12.3 -9.8
v 1.8 11 -9.8
v 1.8 11.1 -9.8
v 1.8 12.1 -9.8
v 1.8 12.2 -9.8
v 2.5 11 -9.8
v 2.5 11.1 -9.8
v 2.5 12.1 -9.8
v 2.5 12.2 -9.8
v 2.6 10.9 -9.8
v 2.6 11 -9.8
v 2.6 12.2 -9.8
v 2.6 12.3 -9.8
v 2.8 11 -9.8
v 2.8 11.1 -9.8
v 2.8 11.2 -9.8
v 2.8 12 -9.8
v 2.8 12.1 -9.8
v 2.8 12.2 -9.8
v 2.9 11.2 -9.8
v 2.9 11.3 -9.8
v 2.9 11.9 -9.8
v 2.9 12 -9.8
v 3 11.1 -9.8
v 3 11.2 -9.8
v 3 11.3 -9.8
v 3 11.4 -9.8
v 3 11.8 -9.8
v 3 11.9 -9.8
v 3 12 -9.8
v 3 12.1 -9.8
v 3.1 11.2 -9.8
v 3.1 11.3 -9.8
v 3.1 11.4 -9.8
v 3.1 11.8 -9.8
v 3.1 11.9 -9.8
v 3.1 12 -9.8
v 3.2 11.3 -9.8
v 3.2 11.4 -9.8
v 3.2 11.9 -9.8
v -3.5 11.3 -9.9
v -3.5 11.9 -9.9
v -3.4 11.2 -9.9
v -3.4 11.3 -9.9
v -3.4 11.4 -9.9
v -3.4 11.8 -9.9
v -3.4 11.9 -9.9
v -3.4 12 -9.9
v -3.3 11.1 -9.9
v -3.3 11.2 -9.9
v -3.3 11.3 -9.9
v -3.3 11.4 -9.9
v -3.3 11.8 -9.9
v -3.3 11.9 -9.9
v -3.3 12 -9.9
v -3.3 12.1 -9.9
v -3.2 11.2 -9.9
v -3.2 11.3 -9.9
v -3.2 11.9 -9.9
v -3.2 12 -9.9
v -3.1 11 -9.9
v -3.1 11.1 -9.9
v -3.1 11.2 -9.9
v -3.1 12 -9.9
v -3.1 12.1 -9.9
v -3.1 12.2 -9.9
v -2.9 10.9 -9.9
v -2.9 11 -9.9
v -2.9 12.2 -9.9
v -2.9 12.3 -9.9
v -2.8 11 -9.9
v -2.8 11.1 -9.9
v -2.8 12.1 -9.9
v -2.8 12.2 -9.9
v -2.1 11 -9.9
v -2.1 11.1 -9.9
v -2.1 12.1 -9.9
v -2.1 12.2 -9.9
v -2 10.9 -9.9
v -2 11 -9.9
v -2 12.2 -9.9
v -2 12.3 -9.9
v -1.8 11 -9.9
v -1.8 11.1 -9.9
v -1.8 11.2 -9.9
v -1.8 12 -9.9
v -1.8 12.1 -9.9
v -1.8 12.2 -9.9
v -1.7 11.2 -9.9
v -1.7 11.3 -9.9
v -1.7 11.9 -9.9
v -1.7 12 -9.9
v -1.6 11.1 -9.9
v -1.6 11.2 -9.9
v -1.6 11.3 -9.9
v -1.6 11.4 -9.9
v -1.6 11.8 -9.9
v -1.6 11.9 -9.9
v -1.6 12 -9.9
v -1.6 12.1 -9.9
v -1.5 11.2 -9.9
v -1.5 11.3 -9.9
v -1.5 11.4 -9.9
v -1.5 11.8 -9.9
v -1.5 11.9 -9.9
v -1.5 12 -9.9
v -1.4 11.3 -9.9
v -1.4 11.4 -9.9
v -1.4 11.9 -9.9
v -1.3 8.7 -9.9
v -1.3 9.1 -9.9
v -1.3 13.1 -9.9
v -1.3 13.5 -9.9
v -1.2 8.5 -9.9
v -1.2 8.6 -9.9
v -1.2 8.7 -9.9
v -1.2 9.1 -9.9
v -1.2 9.2 -9.9
v -1.2 9.3 -9.9
v -1.2 12.9 -9.9
v -1.2 13 -9.9
v -1.2 13.1 -9.9
v -1.2 13.5 -9.9
v -1.2 13.6 -9.9
v -1.2 13.7 -9.9
v -1.1 8.4 -9.9
v -1.1 8.5 -9.9
v -1.1 8.6 -9.9
v -1.1 9.2 -9.9
v -1.1 9.3 -9.9
v -1.1 9.4 -9.9
v -1.1 12.8 -9.9
v -1.1 12.9 -9.9
v -1.1 13 -9.9
v -1.1 13.6 -9.9
v -1.1 13.7 -9.9
v -1.1 13.8 -9.9
v -1 8.4 -9.9
v -1 8.5 -9.9
v -1 9.3 -9.9
v -1 9.4 -9.9
v -1 12.8 -9.9
v -1 12.9 -9.9
v -1 13.7 -9.9
v -1 13.8 -9.9
v -0.9 8.3 -9.9
v -0.9 8.4 -9.9
v -0.9 9.4 -9.9
v -0.9 9.5 -9.9
v -0.9 12.7 -9.9
v -0.9 12.8 -9.9
v -0.9 13.8 -9.9
v -0.9 13.9 -9.9
v -0.8 8.3 -9.9
v -0.8 8.4 -9.9
v -0.8 9.4 -9.9
v -0.8 9.5 -9.9
v -0.8 12.7 -9.9
v -0.8 12.8 -9.9
v -0.8 13.8 -9.9
v -0.8 13.9 -9.9
v -0.7 8.2 -9.9
v -0.7 8.3 -9.9
v -0.7 9.5 -9.9
v -0.7 9.6 -9.9
v -0.7 12.6 -9.9
v -0.7 12.7 -9.9
v -0.7 13.9 -9.9
v -0.7 14 -9.9
v -0.6 8.2 -9.9
v -0.6 8.3 -9.9
v -0.6 9.5 -9.9
v -0.6 9.6 -9.9
v -0.6 12.6 -9.9
v -0.6 12.7 -9.9
v -0.6 13.9 -9.9
v -0.6 14 -9.9
v 0.3 8.2 -9.9
v 0.3 8.3 -9.9
v 0.3 9.5 -9.9
v 0.3 9.6 -9.9
v 0.3 12.6 -9.9
v 0.3 12.7 -9.9
v 0.3 13.9 -9.9
v 0.3 14 -9.9
v 0.4 8.2 -9.9
v 0.4 8.3 -9.9
v 0.4 9.5 -9.9
v 0.4 9.6 -9.9
v 0.4 12.6 -9.9
v 0.4 12.7 -9.9
v 0.4 13.9 -9.9
v 0.4 14 -9.9
v 0.5 8.3 -9.9
v 0.5 8.4 -9.9
v 0.5 9.4 -9.9
v 0.5 9.5 -9.9
v 0.5 12.7 -9.9
v 0.5 12.8 -9.9
v 0.5 13.8 -9.9
v 0.5 13.9 -9.9
v 0.6 8.3 -9.9
v 0.6 8.4 -9.9
v 0.6 9.4 -9.9
v 0.6 9.5 -9.9
v 0.6 12.7 -9.9
v 0.6 12.8 -9.9
v 0.6 13.8 -9.9
v 0.6 13.9 -9.9
v 0.7 8.4 -9.9
v 0.7 8.5 -9.9
v 0.7 9.3 -9.9
v 0.7 9.4 -9.9
v 0.7 12.8 -9.9
v 0.7 12.9 -9.9
v 0.7 13.7 -9.9
v 0.7 13.8 -9.9
v 0.8 8.4 -9.9
v 0.8 8.5 -9.9
v 0.8 8.6 -9.9
v 0.8 9.2 -9.9
v 0.8 9.3 -9.9
v 0.8 9.4 -9.9
v 0.8 12.8 -9.9
v 0.8 12.9 -9.9
v 0.8 13 -9.9
v 0.8 13.6 -9.9
v 0.8 13.7 -9.9
v 0.8 13.8 -9.9
v 0.9 8.5 -9.9
v 0.9 8.6 -9.9
v 0.9 8.7 -9.9
v 0.9 9.1 -9.9
v 0.9 9.2 -9.9
v 0.9 9.3 -9.9
v 0.9 12.9 -9.9
v 0.9 13 -9.9
v 0.9 13.1 -9.9
v 0.9 13.5 -9.9
v 0.9 13.6 -9.9
v 0.9 13.7 -9.9
v 1 8.7 -9.9
v 1 9.1 -9.9
v 1 11.4 -9.9
v 1 11.8 -9.9
v 1 13.1 -9.9
v 1 13.5 -9.9
v 1.1 11.2 -9.9
v 1.1 11.3 -9.9
v 1.1 11.4 -9.9
v 1.1 11.8 -9.9
v 1.1 11.9 -9.9
v 1.1 12 -9.9
v 1.2 11.1 -9.9
v 1.2 11.2 -9.9
v 1.2 11.3 -9.9
v 1.2 11.9 -9.9
v 1.2 12 -9.9
v 1.2 12.1 -9.9
v 1.3 11.1 -9.9
v 1.3 11.2 -9.9
v 1.3 12 -9.9
v 1.3 12.1 -9.9
v 1.4 11 -9.9
v 1.4 11.1 -9.9
v 1.4 12.1 -9.9
v 1.4 12.2 -9.9
v 1.5 11 -9.9
v 1.5 11.1 -9.9
v 1.5 12.1 -9.9
v 1.5 12.2 -9.9
v 1.6 10.9 -9.9
v 1.6 11 -9.9
v 1.6 12.2 -9.9
v 1.6 12.3 -9.9
v 1.7 10.9 -9.9
v 1.7 11 -9.9
v 1.7 12.2 -9.9
v 1.7 12.3 -9.9
v 2.6 10.9 -9.9
v 2.6 11 -9.9
v 2.6 12.2 -9.9
v 2.6 12.3 -9.9
v 2.7 10.9 -9.9
v 2.7 11 -9.9
v 2.7 12.2 -9.9
v 2.7 12.3 -9.9
v 2.8 11 -9.9
v 2.8 11.1 -9.9
v 2.8 12.1 -9.9
v 2.8 12.2 -9.9
v 2.9 11 -9.9
v 2.9 11.1 -9.9
v 2.9 12.1 -9.9
v 2.9 12.2 -9.9
v 3 11.1 -9.9
v 3 11.2 -9.9
v 3 12 -9.9
v 3 12.1 -9.9
v 3.1 11.1 -9.9
v 3.1 11.2 -9.9
v 3.1 11.3 -9.9
v 3.1 11.9 -9.9
v 3.1 12 -9.9
v 3.1 12.1 -9.9
v 3.2 11.2 -9.9
v 3.2 11.3 -9.9
v 3.2 11.4 -9.9
v 3.2 11.8 -9.9
v 3.2 11.9 -9.9
v 3.2 12 -9.9
v 3.3 11.4 -9.9
v 3.3 11.8 -9.9
v -3.6 11.4 -10
v -3.6 11.8 -10
v -3.5 11.2 -10
v -3.5 11.3 -10
v -3.5 11.4 -10
v -3.5 11.8 -10
v -3.5 11.9 -10
v -3.5 12 -10
v -3.4 11.1 -10
v -3.4 11.2 -10
v -3.4 11.3 -10
v -3.4 11.9 -10
v -3.4 12 -10
v -3.4 12.1 -10
v -3.3 11.1 -10
v -3.3 11.2 -10
v -3.3 12 -10
v -3.3 12.1 -10
v -3.2 11 -10
v -3.2 11.1 -10
v -3.2 12.1 -10
v -3.2 12.2 -10
v -3.1 11 -10
v -3.1 11.1 -10
v -3.1 12.1 -10
v -3.1 12.2 -10
v -3 10.9 -10
v -3 11 -10
v -3 12.2 -10
v -3 12.3 -10
v -2.9 10.9 -10
v -2.9 11 -10
v -2.9 12.2 -10
v -2.9 12.3 -10
v -2 10.9 -10
v -2 11 -10
v -2 12.2 -10
v -2 12.3 -10
v -1.9 10.9 -10
v -1.9 11 -10
v -1.9 12.2 -10
v -1.9 12.3 -10
v -1.8 11 -10
v -1.8 11.1 -10
v -1.8 12.1 -10
v -1.8 12.2 -10
v -1.7 11 -10
v -1.7 11.1 -10
v -1.7 12.1 -10
v -1.7 12.2 -10
v -1.6 11.1 -10
v -1.6 11.2 -10
v -1.6 12 -10
v -1.6 12.1 -10
v -1.5 11.1 -10
v -1.5 11.2 -10
v -1.5 11.3 -10
v -1.5 11.9 -10
v -1.5 12 -10
v -1.5 12.1 -10
v -1.4 8.7 -10
v -1.4 9.1 -10
v -1.4 11.2 -10
v -1.4 11.3 -10
v -1.4 11.4 -10
v -1.4 11.8 -10
v -1.4 11.9 -10
v -1.4 12 -10
v -1.4 13.1 -10
v -1.4 13.5 -10
v -1.3 8.6 -10
v -1.3 8.7 -10
v -1.3 9.1 -10
v -1.3 9.2 -10
v -1.3 11.4 -10
v -1.3 11.8 -10
v -1.3 13 -10
v -1.3 13.1 -10
v -1.3 13.5 -10
v -1.3 13.6 -10
v -1.2 8.6 -10
v -1.2 8.7 -10
v -1.2 9.1 -10
v -1.2 9.2 -10
v -1.2 13 -10
v -1.2 13.1 -10
v -1.2 13.5 -10
v -1.2 13.6 -10
v -1 8.3 -10
v -1 8.4 -10
v -1 9.4 -10
v -1 9.5 -10
v -1 12.7 -10
v -1 12.8 -10
v -1 13.8 -10
v -1 13.9 -10
v -0.9 8.3 -10
v -0.9 8.4 -10
v -0.9 9.4 -10
v -0.9 9.5 -10
v -0.9 12.7 -10
v -0.9 12.8 -10
v -0.9 13.8 -10
v -0.9 13.9 -10
v -0.8 8.2 -10
v -0.8 8.3 -10
v -0.8 9.5 -10
v -0.8 9.6 -10
v -0.8 12.6 -10
v -0.8 12.7 -10
v -0.8 13.9 -10
v -0.8 14 -10
v -0.7 8.2 -10
v -0.7 8.3 -10
v -0.7 9.5 -10
v -0.7 9.6 -10
v -0.7 12.6 -10
v -0.7 12.7 -10
v -0.7 13.9 -10
v -0.7 14 -10
v -0.4 8.1 -10
v -0.4 8.2 -10
v -0.4 9.6 -10
v -0.4 9.7 -10
v -0.4 12.5 -10
v -0.4 12.6 -10
v -0.4 14 -10
v -0.4 14.1 -10
v 0.1 8.1 -10
v 0.1 8.2 -10
v 0.1 9.6 -10
v 0.1 9.7 -10
v 0.1 12.5 -10
v 0.1 12.6 -10
v 0.1 14 -10
v 0.1 14.1 -10
v 0.4 8.2 -10
v 0.4 8.3 -10
v 0.4 9.5 -10
v 0.4 9.6 -10
v 0.4 12.6 -10
v 0.4 12.7 -10
v 0.4 13.9 -10
v 0.4 14 -10
v 0.5 8.2 -10
v 0.5 8.3 -10
v 0.5 9.5 -10
v 0.5 9.6 -10
v 0.5 12.6 -10
v 0.5 12.7 -10
v 0.5 13.9 -10
v 0.5 14 -10
v 0.6 8.3 -10
v 0.6 8.4 -10
v 0.6 9.4 -10
v 0.6 9.5 -10
v 0.6 12.7 -10
v 0.6 12.8 -10
v 0.6 13.8 -10
v 0.6 13.9 -10
v 0.7 8.3 -10
v 0.7 8.4 -10
v 0.7 9.4 -10
v 0.7 9.5 -10
v 0.7 12.7 -10
v 0.7 12.8 -10
v 0.7 13.8 -10
v 0.7 13.9 -10
v 0.9 8.6 -10
v 0.9 8.7 -10
v 0.9 9.1 -10
v 0.9 9.2 -10
v 0.9 11.4 -10
v 0.9 11.8 -10
v 0.9 13 -10
v 0.9 13.1 -10
v 0.9 13.5 -10
v 0.9 13.6 -10
v 1 8.6 -10
v 1 8.7 -10
v 1 9.1 -10
v 1 9.2 -10
v 1 11.3 -10
v 1 11.4 -10
v 1 11.8 -10
v 1 11.9 -10
v 1 13 -10
v 1 13.1 -10
v 1 13.5 -10
v 1 13.6 -10
v 1.1 8.7 -10
v 1.1 9.1 -10
v 1.1 11.3 -10
v 1.1 11.4 -10
v 1.1 11.8 -10
v 1.1 11.9 -10
v 1.1 13.1 -10
v 1.1 13.5 -10
v 1.3 11 -10
v 1.3 11.1 -10
v 1.3 12.1 -10
v 1.3 12.2 -10
v 1.4 11 -10
v 1.4 11.1 -10
v 1.4 12.1 -10
v 1.4 12.2 -10
v 1.5 10.9 -10
v 1.5 11 -10
v 1.5 12.2 -10
v 1.5 12.3 -10
v 1.6 10.9 -10
v 1.6 11 -10
v 1.6 12.2 -10
v 1.6 12.3 -10
v 1.9 10.8 -10
v 1.9 10.9 -10
v 1.9 12.3 -10
v 1.9 12.4 -10
v 2.4 10.8 -10
v 2.4 10.9 -10
v 2.4 12.3 -10
v 2.4 12.4 -10
v 2.7 10.9 -10
v 2.7 11 -10
v 2.7 12.2 -10
v 2.7 12.3 -10
v 2.8 10.9 -10
v 2.8 11 -10
v 2.8 12.2 -10
v 2.8 12.3 -10
v 2.9 11 -10
v 2.9 11.1 -10
v 2.9 12.1 -10
v 2.9 12.2 -10
v 3 11 -10
v 3 11.1 -10
v 3 12.1 -10
v 3 12.2 -10
v 3.2 11.3 -10
v 3.2 11.4 -10
v 3.2 11.8 -10
v 3.2 11.9 -10
v 3.3 11.3 -10
v 3.3 11.4 -10
v 3.3 11.8 -10
v 3.3 11.9 -10
v 3.4 11.4 -10
v 3.4 11.8 -10
v -3.7 11.4 -10.1
v -3.7 11.8 -10.1
v -3.6 11.3 -10.1
v -3.6 11.4 -10.1
v -3.6 11.8 -10.1
v -3.6 11.9 -10.1
v -3.5 11.3 -10.1
v -3.5 11.4 -10.1
v -3.5 11.8 -10.1
v -3.5 11.9 -10.1
v -3.3 11 -10.1
v -3.3 11.1 -10.1
v -3.3 12.1 -10.1
v -3.3 12.2 -10.1
v -3.2 11 -10.1
v -3.2 11.1 -10.1
v -3.2 12.1 -10.1
v -3.2 12.2 -10.1
v -3.1 10.9 -10.1
v -3.1 11 -10.1
v -3.1 12.2 -10.1
v -3.1 12.3 -10.1
v -3 10.9 -10.1
v -3 11 -10.1
v -3 12.2 -10.1
v -3 12.3 -10.1
v -2.7 10.8 -10.1
v -2.7 10.9 -10.1
v -2.7 12.3 -10.1
v -2.7 12.4 -10.1
v -2.2 10.8 -10.1
v -2.2 10.9 -10.1
v -2.2 12.3 -10.1
v -2.2 12.4 -10.1
v -1.9 10.9 -10.1
v -1.9 11 -10.1
v -1.9 12.2 -10.1
v -1.9 12.3 -10.1
v -1.8 10.9 -10.1
v -1.8 11 -10.1
v -1.8 12.2 -10.1
v -1.8 12.3 -10.1
v -1.7 11 -10.1
v -1.7 11.1 -10.1
v -1.7 12.1 -10.1
v -1.7 12.2 -10.1
v -1.6 11 -10.1
v -1.6 11.1 -10.1
v -1.6 12.1 -10.1
v -1.6 12.2 -10.1
v -1.4 11.3 -10.1
v -1.4 11.4 -10.1
v -1.4 11.8 -10.1
v -1.4 11.9 -10.1
v -1.3 8.5 -10.1
v -1.3 8.6 -10.1
v -1.3 9.2 -10.1
v -1.3 9.3 -10.1
v -1.3 11.3 -10.1
v -1.3 11.4 -10.1
v -1.3 11.8 -10.1
v -1.3 11.9 -10.1
v -1.3 12.9 -10.1
v -1.3 13 -10.1
v -1.3 13.6 -10.1
v -1.3 13.7 -10.1
v -1.2 8.4 -10.1
v -1.2 8.5 -10.1
v -1.2 8.6 -10.1
v -1.2 9.2 -10.1
v -1.2 9.3 -10.1
v -1.2 9.4 -10.1
v -1.2 11.4 -10.1
v -1.2 11.8 -10.1
v -1.2 12.8 -10.1
v -1.2 12.9 -10.1
v -1.2 13 -10.1
v -1.2 13.6 -10.1
v -1.2 13.7 -10.1
v -1.2 13.8 -10.1
v -1.1 8.3 -10.1
v -1.1 8.4 -10.1
v -1.1 8.5 -10.1
v -1.1 9.3 -10.1
v -1.1 9.4 -10.1
v -1.1 9.5 -10.1
v -1.1 12.7 -10.1
v -1.1 12.8 -10.1
v -1.1 12.9 -10.1
v -1.1 13.7 -10.1
v -1.1 13.8 -10.1
v -1.1 13.9 -10.1
v -1 8.3 -10.1
v -1 8.4 -10.1
v -1 9.4 -10.1
v -1 9.5 -10.1
v -1 12.7 -10.1
v -1 12.8 -10.1
v -1 13.8 -10.1
v -1 13.9 -10.1
v -0.9 8.2 -10.1
v -0.9 8.3 -10.1
v -0.9 9.5 -10.1
v -0.9 9.6 -10.1
v -0.9 12.6 -10.1
v -0.9 12.7 -10.1
v -0.9 13.9 -10.1
v -0.9 14 -10.1
v -0.8 8.2 -10.1
v -0.8 8.3 -10.1
v -0.8 9.5 -10.1
v -0.8 9.6 -10.1
v -0.8 12.6 -10.1
v -0.8 12.7 -10.1
v -0.8 13.9 -10.1
v -0.8 14 -10.1
v -0.6 8.1 -10.1
v -0.6 8.2 -10.1
v -0.6 9.6 -10.1
v -0.6 9.7 -10.1
v -0.6 12.5 -10.1
v -0.6 12.6 -10.1
v -0.6 14 -10.1
v -0.6 14.1 -10.1
v -0.4 8.1 -10.1
v -0.4 8.2 -10.1
v -0.4 9.6 -10.1
v -0.4 9.7 -10.1
v -0.4 12.5 -10.1
v -0.4 12.6 -10.1
v -0.4 14 -10.1
v -0.4 14.1 -10.1
v 0.1 8.1 -10.1
v 0.1 8.2 -10.1
v 0.1 9.6 -10.1
v 0.1 9.7 -10.1
v 0.1 12.5 -10.1
v 0.1 12.6 -10.1
v 0.1 14 -10.1
v 0.1 14.1 -10.1
v 0.3 8.1 -10.1
v 0.3 8.2 -10.1
v 0.3 9.6 -10.1
v 0.3 9.7 -10.1
v 0.3 12.5 -10.1
v 0.3 12.6 -10.1
v 0.3 14 -10.1
v 0.3 14.1 -10.1
v 0.5 8.2 -10.1
v 0.5 8.3 -10.1
v 0.5 9.5 -10.1
v 0.5 9.6 -10.1
v 0.5 12.6 -10.1
v 0.5 12.7 -10.1
v 0.5 13.9 -10.1
v 0.5 14 -10.1
v 0.6 8.2 -10.1
v 0.6 8.3 -10.1
v 0.6 9.5 -10.1
v 0.6 9.6 -10.1
v 0.6 12.6 -10.1
v 0.6 12.7 -10.1
v 0.6 13.9 -10.1
v 0.6 14 -10.1
v 0.7 8.3 -10.1
v 0.7 8.4 -10.1
v 0.7 9.4 -10.1
v 0.7 9.5 -10.1
v 0.7 12.7 -10.1
v 0.7 12.8 -10.1
v 0.7 13.8 -10.1
v 0.7 13.9 -10.1
v 0.8 8.3 -10.1
v 0.8 8.4 -10.1
v 0.8 8.5 -10.1
v 0.8 9.3 -10.1
v 0.8 9.4 -10.1
v 0.8 9.5 -10.1
v 0.8 12.7 -10.1
v 0.8 12.8 -10.1
v 0.8 12.9 -10.1
v 0.8 13.7 -10.1
v 0.8 13.8 -10.1
v 0.8 13.9 -10.1
v 0.9 8.4 -10.1
v 0.9 8.5 -10.1
v 0.9 8.6 -10.1
v 0.9 9.2 -10.1
v 0.9 9.3 -10.1
v 0.9 9.4 -10.1
v 0.9 12.8 -10.1
v 0.9 12.9 -10.1
v 0.9 13 -10.1
v 0.9 13.6 -10.1
v 0.9 13.7 -10.1
v 0.9 13.8 -10.1
v 1 8.5 -10.1
v 1 8.6 -10.1
v 1 9.2 -10.1
v 1 9.3 -10.1
v 1 11.2 -10.1
v 1 11.3 -10.1
v 1 11.9 -10.1
v 1 12 -10.1
v 1 12.9 -10.1
v 1 13 -10.1
v 1 13.6 -10.1
v 1 13.7 -10.1
v 1.1 11.1 -10.1
v 1.1 11.2 -10.1
v 1.1 11.3 -10.1
v 1.1 11.9 -10.1
v 1.1 12 -10.1
v 1.1 12.1 -10.1
v 1.2 11 -10.1
v 1.2 11.1 -10.1
v 1.2 11.2 -10.1
v 1.2 12 -10.1
v 1.2 12.1 -10.1
v 1.2 12.2 -10.1
v 1.3 11 -10.1
v 1.3 11.1 -10.1
v 1.3 12.1 -10.1
v 1.3 12.2 -10.1
v 1.4 10.9 -10.1
v 1.4 11 -10.1
v 1.4 12.2 -10.1
v 1.4 12.3 -10.1
v 1.5 10.9 -10.1
v 1.5 11 -10.1
v 1.5 12.2 -10.1
v 1.5 12.3 -10.1
v 1.7 10.8 -10.1
v 1.7 10.9 -10.1
v 1.7 12.3 -10.1
v 1.7 12.4 -10.1
v 1.9 10.8 -10.1
v 1.9 10.9 -10.1
v 1.9 12.3 -10.1
v 1.9 12.4 -10.1
v 2.4 10.8 -10.1
v 2.4 10.9 -10.1
v 2.4 12.3 -10.1
v 2.4 12.4 -10.1
v 2.6 10.8 -10.1
v 2.6 10.9 -10.1
v 2.6 12.3 -10.1
v 2.6 12.4 -10.1
v 2.8 10.9 -10.1
v 2.8 11 -10.1
v 2.8 12.2 -10.1
v 2.8 12.3 -10.1
v 2.9 10.9 -10.1
v 2.9 11 -10.1
v 2.9 12.2 -10.1
v 2.9 12.3 -10.1
v 3 11 -10.1
v 3 11.1 -10.1
v 3 12.1 -10.1
v 3 12.2 -10.1
v 3.1 11 -10.1
v 3.1 11.1 -10.1
v 3.1 11.2 -10.1
v 3.1 12 -10.1
v 3.1 12.1 -10.1
v 3.1 12.2 -10.1
v 3.2 11.1 -10.1
v 3.2 11.2 -10.1
v 3.2 11.3 -10.1
v 3.2 11.9 -10.1
v 3.2 12 -10.1
v 3.2 12.1 -10.1
v 3.3 11.2 -10.1
v 3.3 11.3 -10.1
v 3.3 11.9 -10.1
v 3.3 12 -10.1
v -3.6 11.2 -10.2
v -3.6 11.3 -10.2
v -3.6 11.9 -10.2
v -3.6 12 -10.2
v -3.5 11.1 -10.2
v -3.5 11.2 -10.2
v -3.5 11.3 -10.2
v -3.5 11.9 -10.2
v -3.5 12 -10.2
v -3.5 12.1 -10.2
v -3.4 11 -10.2
v -3.4 11.1 -10.2
v -3.4 11.2 -10.2
v -3.4 12 -10.2
v -3.4 12.1 -10.2
v -3.4 12.2 -10.2
v -3.3 11 -10.2
v -3.3 11.1 -10.2
v -3.3 12.1 -10.2
v -3.3 12.2 -10.2
v -3.2 10.9 -10.2
v -3.2 11 -10.2
v -3.2 12.2 -10.2
v -3.2 12.3 -10.2
v -3.1 10.9 -10.2
v -3.1 11 -10.2
v -3.1 12.2 -10.2
v -3.1 12.3 -10.2
v -2.9 10.8 -10.2
v -2.9 10.9 -10.2
v -2.9 12.3 -10.2
v -2.9 12.4 -10.2
v -2.7 10.8 -10.2
v -2.7 10.9 -10.2
v -2.7 12.3 -10.2
v -2.7 12.4 -10.2
v -2.2 10.8 -10.2
v -2.2 10.9 -10.2
v -2.2 12.3 -10.2
v -2.2 12.4 -10.2
v -2 10.8 -10.2
v -2 10.9 -10.2
v -2 12.3 -10.2
v -2 12.4 -10.2
v -1.8 10.9 -10.2
v -1.8 11 -10.2
v -1.8 12.2 -10.2
v -1.8 12.3 -10.2
v -1.7 10.9 -10.2
v -1.7 11 -10.2
v -1.7 12.2 -10.2
v -1.7 12.3 -10.2
v -1.6 11 -10.2
v -1.6 11.1 -10.2
v -1.6 12.1 -10.2
v -1.6 12.2 -10.2
v -1.5 11 -10.2
v -1.5 11.1 -10.2
v -1.5 11.2 -10.2
v -1.5 12 -10.2
v -1.5 12.1 -10.2
v -1.5 12.2 -10.2
v -1.4 11.1 -10.2
v -1.4 11.2 -10.2
v -1.4 11.3 -10.2
v -1.4 11.9 -10.2
v -1.4 12 -10.2
v -1.4 12.1 -10.2
v -1.3 11.2 -10.2
v -1.3 11.3 -10.2
v -1.3 11.9 -10.2
v -1.3 12 -10.2
v -14.7 4.1 -10.4
v -14.7 4.2 -10.4
v -14.6 4.1 -10.4
v -14.6 4.2 -10.4
v 10.8 6.6 -10.6
v 10.8 7 -10.6
v 10.9 6.6 -10.6
v 10.9 7 -10.6
v -2.7 10.7 -10.9
v -2.7 11.1 -10.9
v -2.7 12.1 -10.9
v -2.7 12.5 -10.9
v -2.6 10.4 -10.9
v -2.6 10.7 -10.9
v -2.6 12.5 -10.9
v -2.6 12.8 -10.9
v -2.5 10.3 -10.9
v -2.5 10.4 -10.9
v -2.5 12.8 -10.9
v -2.5 12.9 -10.9
v -2.4 10.1 -10.9
v -2.4 10.3 -10.9
v -2.4 12.9 -10.9
v -2.4 13.1 -10.9
v -2.3 10 -10.9
v -2.3 10.1 -10.9
v -2.3 11 -10.9
v -2.3 11.1 -10.9
v -2.3 12.1 -10.9
v -2.3 12.2 -10.9
v -2.3 13.1 -10.9
v -2.3 13.2 -10.9
v -2.2 9.9 -10.9
v -2.2 10 -10.9
v -2.2 10.6 -10.9
v -2.2 11 -10.9
v -2.2 12.2 -10.9
v -2.2 12.6 -10.9
v -2.2 13.2 -10.9
v -2.2 13.3 -10.9
v -2.1 9.7 -10.9
v -2.1 9.9 -10.9
v -2.1 10.3 -10.9
v -2.1 10.6 -10.9
v -2.1 12.6 -10.9
v -2.1 12.9 -10.9
v -2.1 13.3 -10.9
v -2.1 13.5 -10.9
v -1.9 9.6 -10.9
v -1.9 9.7 -10.9
v -1.9 10.1 -10.9
v -1.9 10.3 -10.9
v -1.9 11.9 -10.9
v -1.9 12 -10.9
v -1.9 12.9 -10.9
v -1.9 13.1 -10.9
v -1.9 13.5 -10.9
v -1.9 13.6 -10.9
v -1.8 9.5 -10.9
v -1.8 9.6 -10.9
v -1.8 10 -10.9
v -1.8 10.1 -10.9
v -1.8 11.8 -10.9
v -1.8 11.9 -10.9
v -1.8 13.1 -10.9
v -1.8 13.2 -10.9
v -1.8 13.6 -10.9
v -1.8 13.7 -10.9
v -1.7 9.4 -10.9
v -1.7 9.5 -10.9
v -1.7 9.9 -10.9
v -1.7 10 -10.9
v -1.7 11.4 -10.9
v -1.7 11.8 -10.9
v -1.7 13.2 -10.9
v -1.7 13.3 -10.9
v -1.7 13.7 -10.9
v -1.7 13.8 -10.9
v -1.6 9.8 -10.9
v -1.6 9.9 -10.9
v -1.6 13.3 -10.9
v -1.6 13.4 -10.9
v -1.5 9.3 -10.9
v -1.5 9.4 -10.9
v -1.5 9.7 -10.9
v -1.5 9.8 -10.9
v -1.5 13.4 -10.9
v -1.5 13.5 -10.9
v -1.5 13.8 -10.9
v -1.5 13.9 -10.9
v -1.4 9.2 -10.9
v -1.4 9.3 -10.9
v -1.4 13.9 -10.9
v -1.4 14 -10.9
v -1.3 9.6 -10.9
v -1.3 9.7 -10.9
v -1.3 13.5 -10.9
v -1.3 13.6 -10.9
v -1.1 9.1 -10.9
v -1.1 9.2 -10.9
v -1.1 9.5 -10.9
v -1.1 9.6 -10.9
v -1.1 13.6 -10.9
v -1.1 13.7 -10.9
v -1.1 14 -10.9
v -1.1 14.1 -10.9
v -1 9.4 -10.9
v -1 9.5 -10.9
v -1 13.7 -10.9
v -1 13.8 -10.9
v -0.6 9.1 -10.9
v -0.6 14.1 -10.9
v -0.6 14.2 -10.9
v -0.5 9.3 -10.9
v -0.5 9.4 -10.9
v -0.5 13.8 -10.9
v -0.5 13.9 -10.9
v -0.4 9.1 -10.9
v -0.4 9.2 -10.9
v 0.1 9.1 -10.9
v 0.1 9.2 -10.9
v 0.1 9.3 -10.9
v 0.1 9.4 -10.9
v 0.1 13.8 -10.9
v 0.1 13.9 -10.9
v 0.2 14.1 -10.9
v 0.2 14.2 -10.9
v 0.3 9.1 -10.9
v 0.6 9.4 -10.9
v 0.6 9.5 -10.9
v 0.6 13.7 -10.9
v 0.6 13.8 -10.9
v 0.7 9.1 -10.9
v 0.7 9.2 -10.9
v 0.7 9.5 -10.9
v 0.7 9.6 -10.9
v 0.7 13.6 -10.9
v 0.7 13.7 -10.9
v 0.7 14 -10.9
v 0.7 14.1 -10.9
v 0.9 9.6 -10.9
v 0.9 9.7 -10.9
v 0.9 13.5 -10.9
v 0.9 13.6 -10.9
v 1 9.2 -10.9
v 1 9.3 -10.9
v 1 13.9 -10.9
v 1 14 -10.9
v 1.1 9.3 -10.9
v 1.1 9.4 -10.9
v 1.1 9.7 -10.9
v 1.1 9.8 -10.9
v 1.1 13.4 -10.9
v 1.1 13.5 -10.9
v 1.1 13.8 -10.9
v 1.1 13.9 -10.9
v 1.2 9.8 -10.9
v 1.2 9.9 -10.9
v 1.2 13.3 -10.9
v 1.2 13.4 -10.9
v 1.3 9.4 -10.9
v 1.3 9.5 -10.9
v 1.3 9.9 -10.9
v 1.3 10 -10.9
v 1.3 13.2 -10.9
v 1.3 13.3 -10.9
v 1.3 13.7 -10.9
v 1.3 13.8 -10.9
v 1.4 9.5 -10.9
v 1.4 9.6 -10.9
v 1.4 10 -10.9
v 1.4 10.1 -10.9
v 1.4 13.1 -10.9
v 1.4 13.2 -10.9
v 1.4 13.6 -10.9
v 1.4 13.7 -10.9
v 1.5 9.6 -10.9
v 1.5 9.7 -10.9
v 1.5 10.1 -10.9
v 1.5 10.3 -10.9
v 1.5 12.9 -10.9
v 1.5 13.1 -10.9
v 1.5 13.5 -10.9
v 1.5 13.6 -10.9
v 1.7 9.7 -10.9
v 1.7 9.9 -10.9
v 1.7 10.3 -10.9
v 1.7 10.6 -10.9
v 1.7 11.4 -10.9
v 1.7 11.8 -10.9
v 1.7 12.6 -10.9
v 1.7 12.9 -10.9
v 1.7 13.3 -10.9
v 1.7 13.5 -10.9
v 1.8 9.9 -10.9
v 1.8 10 -10.9
v 1.8 10.6 -10.9
v 1.8 11 -10.9
v 1.8 12.2 -10.9
v 1.8 12.6 -10.9
v 1.8 13.2 -10.9
v 1.8 13.3 -10.9
v 1.9 10 -10.9
v 1.9 10.1 -10.9
v 1.9 11 -10.9
v 1.9 11.2 -10.9
v 1.9 11.3 -10.9
v 1.9 11.8 -10.9
v 1.9 11.9 -10.9
v 1.9 12 -10.9
v 1.9 12.2 -10.9
v 1.9 13.1 -10.9
v 1.9 13.2 -10.9
v 2 10.1 -10.9
v 2 10.3 -10.9
v 2 11.2 -10.9
v 2 11.3 -10.9
v 2 11.9 -10.9
v 2 12 -10.9
v 2 12.9 -10.9
v 2 13.1 -10.9
v 2.1 10.3 -10.9
v 2.1 10.4 -10.9
v 2.1 12.8 -10.9
v 2.1 12.9 -10.9
v 2.2 10.4 -10.9
v 2.2 10.7 -10.9
v 2.2 12.5 -10.9
v 2.2 12.8 -10.9
v 2.3 10.7 -10.9
v 2.3 11.2 -10.9
v 2.3 11.3 -10.9
v 2.3 12 -10.9
v 2.3 12.5 -10.9
v 2.4 11.2 -10.9
v 2.4 11.3 -10.9
v 2.4 11.9 -10.9
v 2.4 12 -10.9
v 2.1 11.4 -11
v 2.1 11.5 -11
v 2.2 11.4 -11
v 2.2 11.5 -11
v -0.9 7.7 -11.4
v -0.9 7.8 -11.4
v -0.8 7.8 -11.4
v -0.8 8 -11.4
v -0.7 8 -11.4
v -0.7 8.2 -11.4
v -0.6 8.2 -11.4
v -0.6 8.4 -11.4
v -0.5 8.4 -11.4
v -0.5 11.4 -11.4
v 0.2 8.4 -11.4
v 0.2 11.4 -11.4
v 0.3 8.2 -11.4
v 0.3 8.4 -11.4
v 0.4 8 -11.4
v 0.4 8.2 -11.4
v 0.5 7.8 -11.4
v 0.5 8 -11.4
v 0.6 7.7 -11.4
v 0.6 7.8 -11.4
v -1 7.7 -9.1
v -1 7.8 -9.1
v -0.9 7.8 -9.1
v -0.9 8 -9.1
v -0.8 8 -9.1
v -0.8 8.2 -9.1
v -0.7 8.2 -9.1
v -0.7 8.4 -9.1
v -0.6 8.4 -9.1
v -0.6 11.2 -9.1
v 0.3 8.4 -9.1
v 0.3 11.2 -9.1
v 0.4 8.2 -9.1
v 0.4 8.4 -9.1
v 0.5 8 -9.1
v 0.5 8.2 -9.1
v 0.6 7.8 -9.1
v 0.6 8 -9.1
v 0.7 7.7 -9.1
v 0.7 7.8 -9.1
v -2.8 11.2 -9.6
v -2.8 11.4 -9.6
v -2.8 11.8 -9.6
v -2.8 12 -9.6
v -2.7 10.7 -9.6
v -2.7 11.2 -9.6
v -2.7 11.3 -9.6
v -2.7 11.4 -9.6
v -2.7 11.8 -9.6
v -2.7 11.9 -9.6
v -2.7 12 -9.6
v -2.7 12.5 -9.6
v -2.6 10.4 -9.6
v -2.6 10.7 -9.6
v -2.6 12.5 -9.6
v -2.6 12.8 -9.6
v -2.5 10.3 -9.6
v -2.5 10.4 -9.6
v -2.5 12.8 -9.6
v -2.5 12.9 -9.6
v -2.4 10.1 -9.6
v -2.4 10.3 -9.6
v -2.4 11.2 -9.6
v -2.4 11.3 -9.6
v -2.4 11.9 -9.6
v -2.4 12 -9.6
v -2.4 12.9 -9.6
v -2.4 13.1 -9.6
v -2.3 10 -9.6
v -2.3 10.1 -9.6
v -2.3 11 -9.6
v -2.3 11.2 -9.6
v -2.3 12 -9.6
v -2.3 12.2 -9.6
v -2.3 13.1 -9.6
v -2.3 13.2 -9.6
v -2.2 9.9 -9.6
v -2.2 10 -9.6
v -2.2 10.6 -9.6
v -2.2 11 -9.6
v -2.2 11.3 -9.6
v -2.2 11.4 -9.6
v -2.2 11.8 -9.6
v -2.2 11.9 -9.6
v -2.2 12.2 -9.6
v -2.2 12.6 -9.6
v -2.2 13.2 -9.6
v -2.2 13.3 -9.6
v -2.1 9.7 -9.6
v -2.1 9.9 -9.6
v -2.1 10.3 -9.6
v -2.1 10.6 -9.6
v -2.1 12.6 -9.6
v -2.1 12.9 -9.6
v -2.1 13.3 -9.6
v -2.1 13.5 -9.6
v -2 11.4 -9.6
v -2 11.8 -9.6
v -1.9 9.6 -9.6
v -1.9 9.7 -9.6
v -1.9 10.1 -9.6
v -1.9 10.3 -9.6
v -1.9 12.9 -9.6
v -1.9 13.1 -9.6
v -1.9 13.5 -9.6
v -1.9 13.6 -9.6
v -1.8 9.5 -9.6
v -1.8 9.6 -9.6
v -1.8 10 -9.6
v -1.8 10.1 -9.6
v -1.8 13.1 -9.6
v -1.8 13.2 -9.6
v -1.8 13.6 -9.6
v -1.8 13.7 -9.6
v -1.7 9.4 -9.6
v -1.7 9.5 -9.6
v -1.7 9.9 -9.6
v -1.7 10 -9.6
v -1.7 13.2 -9.6
v -1.7 13.3 -9.6
v -1.7 13.7 -9.6
v -1.7 13.8 -9.6
v -1.6 9.8 -9.6
v -1.6 9.9 -9.6
v -1.6 13.3 -9.6
v -1.6 13.4 -9.6
v -1.5 9.3 -9.6
v -1.5 9.4 -9.6
v -1.5 9.7 -9.6
v -1.5 9.8 -9.6
v -1.5 13.4 -9.6
v -1.5 13.5 -9.6
v -1.5 13.8 -9.6
v -1.5 13.9 -9.6
v -1.4 9.2 -9.6
v -1.4 9.3 -9.6
v -1.4 13.9 -9.6
v -1.4 14 -9.6
v -1.3 9.6 -9.6
v -1.3 9.7 -9.6
v -1.3 13.5 -9.6
v -1.3 13.6 -9.6
v -1.1 9.1 -9.6
v -1.1 9.2 -9.6
v -1.1 9.5 -9.6
v -1.1 9.6 -9.6
v -1.1 13.6 -9.6
v -1.1 13.7 -9.6
v -1.1 14 -9.6
v -1.1 14.1 -9.6
v -1 9.4 -9.6
v -1 9.5 -9.6
v -1 13.7 -9.6
v -1 13.8 -9.6
v -0.9 9.1 -9.6
v -0.8 9.1 -9.6
v -0.8 9.2 -9.6
v -0.7 9.2 -9.6
v -0.7 9.3 -9.6
v -0.6 14.1 -9.6
v -0.6 14.2 -9.6
v -0.5 9.3 -9.6
v -0.5 9.4 -9.6
v -0.5 13.8 -9.6
v -0.5 13.9 -9.6
v 0.1 13.8 -9.6
v 0.1 13.9 -9.6
v 0.2 9.3 -9.6
v 0.2 9.4 -9.6
v 0.2 13.8 -9.6
v 0.2 14.1 -9.6
v 0.2 14.2 -9.6
v 0.4 9.2 -9.6
v 0.4 9.3 -9.6
v 0.5 9.1 -9.6
v 0.5 9.2 -9.6
v 0.6 9.1 -9.6
v 0.6 9.4 -9.6
v 0.6 9.5 -9.6
v 0.6 13.7 -9.6
v 0.6 13.8 -9.6
v 0.7 9.1 -9.6
v 0.7 9.2 -9.6
v 0.7 9.5 -9.6
v 0.7 9.6 -9.6
v 0.7 13.6 -9.6
v 0.7 13.7 -9.6
v 0.7 14 -9.6
v 0.7 14.1 -9.6
v 0.9 9.6 -9.6
v 0.9 9.7 -9.6
v 0.9 13.5 -9.6
v 0.9 13.6 -9.6
v 1 9.2 -9.6
v 1 9.3 -9.6
v 1 13.9 -9.6
v 1 14 -9.6
v 1.1 9.3 -9.6
v 1.1 9.4 -9.6
v 1.1 9.7 -9.6
v 1.1 9.8 -9.6
v 1.1 13.4 -9.6
v 1.1 13.5 -9.6
v 1.1 13.8 -9.6
v 1.1 13.9 -9.6
v 1.2 9.8 -9.6
v 1.2 9.9 -9.6
v 1.2 13.3 -9.6
v 1.2 13.4 -9.6
v 1.3 9.4 -9.6
v 1.3 9.5 -9.6
v 1.3 9.9 -9.6
v 1.3 10 -9.6
v 1.3 13.2 -9.6
v 1.3 13.3 -9.6
v 1.3 13.7 -9.6
v 1.3 13.8 -9.6
v 1.4 9.5 -9.6
v 1.4 9.6 -9.6
v 1.4 10 -9.6
v 1.4 10.1 -9.6
v 1.4 11.4 -9.6
v 1.4 11.8 -9.6
v 1.4 13.1 -9.6
v 1.4 13.2 -9.6
v 1.4 13.6 -9.6
v 1.4 13.7 -9.6
v 1.5 9.6 -9.6
v 1.5 9.7 -9.6
v 1.5 10.1 -9.6
v 1.5 10.3 -9.6
v 1.5 11.3 -9.6
v 1.5 11.4 -9.6
v 1.5 11.8 -9.6
v 1.5 11.9 -9.6
v 1.5 12.9 -9.6
v 1.5 13.1 -9.6
v 1.5 13.5 -9.6
v 1.5 13.6 -9.6
v 1.6 11.2 -9.6
v 1.6 11.3 -9.6
v 1.6 11.9 -9.6
v 1.6 12 -9.6
v 1.7 9.7 -9.6
v 1.7 9.9 -9.6
v 1.7 10.3 -9.6
v 1.7 10.6 -9.6
v 1.7 12.6 -9.6
v 1.7 12.9 -9.6
v 1.7 13.3 -9.6
v 1.7 13.5 -9.6
v 1.8 9.9 -9.6
v 1.8 10 -9.6
v 1.8 10.6 -9.6
v 1.8 11 -9.6
v 1.8 12.2 -9.6
v 1.8 12.6 -9.6
v 1.8 13.2 -9.6
v 1.8 13.3 -9.6
v 1.9 10 -9.6
v 1.9 10.1 -9.6
v 1.9 11 -9.6
v 1.9 11.1 -9.6
v 1.9 12.1 -9.6
v 1.9 12.2 -9.6
v 1.9 13.1 -9.6
v 1.9 13.2 -9.6
v 2 10.1 -9.6
v 2 10.3 -9.6
v 2 12.9 -9.6
v 2 13.1 -9.6
v 2.1 10.3 -9.6
v 2.1 10.4 -9.6
v 2.1 12.8 -9.6
v 2.1 12.9 -9.6
v 2.2 10.4 -9.6
v 2.2 10.7 -9.6
v 2.2 12.5 -9.6
v 2.2 12.8 -9.6
v 2.3 10.7 -9.6
v 2.3 11.1 -9.6
v 2.3 12.1 -9.6
v 2.3 12.5 -9.6
v -1.3 8.5 -10.3
v -1.3 8.6 -10.3
v -1.3 9.2 -10.3
v -1.3 9.3 -10.3
v -1.3 12.9 -10.3
v -1.3 13 -10.3
v -1.3 13.6 -10.3
v -1.3 13.7 -10.3
v -1.2 8.4 -10.3
v -1.2 8.5 -10.3
v -1.2 8.6 -10.3
v -1.2 9.2 -10.3
v -1.2 9.3 -10.3
v -1.2 9.4 -10.3
v -1.2 12.8 -10.3
v -1.2 12.9 -10.3
v -1.2 13 -10.3
v -1.2 13.6 -10.3
v -1.2 13.7 -10.3
v -1.2 13.8 -10.3
v -1.1 8.3 -10.3
v -1.1 8.4 -10.3
v -1.1 8.5 -10.3
v -1.1 9.3 -10.3
v -1.1 9.4 -10.3
v -1.1 9.5 -10.3
v -1.1 12.7 -10.3
v -1.1 12.8 -10.3
v -1.1 12.9 -10.3
v -1.1 13.7 -10.3
v -1.1 13.8 -10.3
v -1.1 13.9 -10.3
v -1 8.3 -10.3
v -1 8.4 -10.3
v -1 9.4 -10.3
v -1 9.5 -10.3
v -1 12.7 -10.3
v -1 12.8 -10.3
v -1 13.8 -10.3
v -1 13.9 -10.3
v -0.9 8.2 -10.3
v -0.9 8.3 -10.3
v -0.9 9.5 -10.3
v -0.9 9.6 -10.3
v -0.9 12.6 -10.3
v -0.9 12.7 -10.3
v -0.9 13.9 -10.3
v -0.9 14 -10.3
v -0.8 8.2 -10.3
v -0.8 8.3 -10.3
v -0.8 9.5 -10.3
v -0.8 9.6 -10.3
v -0.8 12.6 -10.3
v -0.8 12.7 -10.3
v -0.8 13.9 -10.3
v -0.8 14 -10.3
v -0.6 8.1 -10.3
v -0.6 8.2 -10.3
v -0.6 9.6 -10.3
v -0.6 9.7 -10.3
v -0.6 12.5 -10.3
v -0.6 12.6 -10.3
v -0.6 14 -10.3
v -0.6 14.1 -10.3
v -0.4 8.1 -10.3
v -0.4 8.2 -10.3
v -0.4 9.6 -10.3
v -0.4 9.7 -10.3
v -0.4 12.5 -10.3
v -0.4 12.6 -10.3
v -0.4 14 -10.3
v -0.4 14.1 -10.3
v 0.1 8.1 -10.3
v 0.1 8.2 -10.3
v 0.1 9.6 -10.3
v 0.1 9.7 -10.3
v 0.1 12.5 -10.3
v 0.1 12.6 -10.3
v 0.1 14 -10.3
v 0.1 14.1 -10.3
v 0.3 8.1 -10.3
v 0.3 8.2 -10.3
v 0.3 9.6 -10.3
v 0.3 9.7 -10.3
v 0.3 12.5 -10.3
v 0.3 12.6 -10.3
v 0.3 14 -10.3
v 0.3 14.1 -10.3
v 0.5 8.2 -10.3
v 0.5 8.3 -10.3
v 0.5 9.5 -10.3
v 0.5 9.6 -10.3
v 0.5 12.6 -10.3
v 0.5 12.7 -10.3
v 0.5 13.9 -10.3
v 0.5 14 -10.3
v 0.6 8.2 -10.3
v 0.6 8.3 -10.3
v 0.6 9.5 -10.3
v 0.6 9.6 -10.3
v 0.6 12.6 -10.3
v 0.6 12.7 -10.3
v 0.6 13.9 -10.3
v 0.6 14 -10.3
v 0.7 8.3 -10.3
v 0.7 8.4 -10.3
v 0.7 9.4 -10.3
v 0.7 9.5 -10.3
v 0.7 12.7 -10.3
v 0.7 12.8 -10.3
v 0.7 13.8 -10.3
v 0.7 13.9 -10.3
v 0.8 8.3 -10.3
v 0.8 8.4 -10.3
v 0.8 8.5 -10.3
v 0.8 9.3 -10.3
v 0.8 9.4 -10.3
v 0.8 9.5 -10.3
v 0.8 12.7 -10.3
v 0.8 12.8 -10.3
v 0.8 12.9 -10.3
v 0.8 13.7 -10.3
v 0.8 13.8 -10.3
v 0.8 13.9 -10.3
v 0.9 8.4 -10.3
v 0.9 8.5 -10.3
v 0.9 8.6 -10.3
v 0.9 9.2 -10.3
v 0.9 9.3 -10.3
v 0.9 9.4 -10.3
v 0.9 12.8 -10.3
v 0.9 12.9 -10.3
v 0.9 13 -10.3
v 0.9 13.6 -10.3
v 0.9 13.7 -10.3
v 0.9 13.8 -10.3
v 1 8.5 -10.3
v 1 8.6 -10.3
v 1 9.2 -10.3
v 1 9.3 -10.3
v 1 11.2 -10.3
v 1 11.3 -10.3
v 1 11.9 -10.3
v 1 12 -10.3
v 1 12.9 -10.3
v 1 13 -10.3
v 1 13.6 -10.3
v 1 13.7 -10.3
v 1.1 11.1 -10.3
v 1.1 11.2 -10.3
v 1.1 11.3 -10.3
v 1.1 11.9 -10.3
v 1.1 12 -10.3
v 1.1 12.1 -10.3
v 1.2 11 -10.3
v 1.2 11.1 -10.3
v 1.2 11.2 -10.3
v 1.2 12 -10.3
v 1.2 12.1 -10.3
v 1.2 12.2 -10.3
v 1.3 11 -10.3
v 1.3 11.1 -10.3
v 1.3 12.1 -10.3
v 1.3 12.2 -10.3
v 1.4 10.9 -10.3
v 1.4 11 -10.3
v 1.4 12.2 -10.3
v 1.4 12.3 -10.3
v 1.5 10.9 -10.3
v 1.5 11 -10.3
v 1.5 12.2 -10.3
v 1.5 12.3 -10.3
v 1.7 10.8 -10.3
v 1.7 10.9 -10.3
v 1.7 12.3 -10.3
v 1.7 12.4 -10.3
v 1.9 10.8 -10.3
v 1.9 10.9 -10.3
v 1.9 12.3 -10.3
v 1.9 12.4 -10.3
v 2.4 10.8 -10.3
v 2.4 10.9 -10.3
v 2.4 12.3 -10.3
v 2.4 12.4 -10.3
v 2.6 10.8 -10.3
v 2.6 10.9 -10.3
v 2.6 12.3 -10.3
v 2.6 12.4 -10.3
v 2.8 10.9 -10.3
v 2.8 11 -10.3
v 2.8 12.2 -10.3
v 2.8 12.3 -10.3
v 2.9 10.9 -10.3
v 2.9 11 -10.3
v 2.9 12.2 -10.3
v 2.9 12.3 -10.3
v 3 11 -10.3
v 3 11.1 -10.3
v 3 12.1 -10.3
v 3 12.2 -10.3
v 3.1 11 -10.3
v 3.1 11.1 -10.3
v 3.1 11.2 -10.3
v 3.1 12 -10.3
v 3.1 12.1 -10.3
v 3.1 12.2 -10.3
v 3.2 11.1 -10.3
v 3.2 11.2 -10.3
v 3.2 11.3 -10.3
v 3.2 11.9 -10.3
v 3.2 12 -10.3
v 3.2 12.1 -10.3
v 3.3 11.2 -10.3
v 3.3 11.3 -10.3
v 3.3 11.9 -10.3
v 3.3 12 -10.3
v -3.6 11.2 -10.4
v -3.6 11.3 -10.4
v -3.6 11.9 -10.4
v -3.6 12 -10.4
v -3.5 11.1 -10.4
v -3.5 11.2 -10.4
v -3.5 11.3 -10.4
v -3.5 11.9 -10.4
v -3.5 12 -10.4
v -3.5 12.1 -10.4
v -3.4 11 -10.4
v -3.4 11.1 -10.4
v -3.4 11.2 -10.4
v -3.4 12 -10.4
v -3.4 12.1 -10.4
v -3.4 12.2 -10.4
v -3.3 11 -10.4
v -3.3 11.1 -10.4
v -3.3 12.1 -10.4
v -3.3 12.2 -10.4
v -3.2 10.9 -10.4
v -3.2 11 -10.4
v -3.2 12.2 -10.4
v -3.2 12.3 -10.4
v -3.1 10.9 -10.4
v -3.1 11 -10.4
v -3.1 12.2 -10.4
v -3.1 12.3 -10.4
v -2.9 10.8 -10.4
v -2.9 10.9 -10.4
v -2.9 12.3 -10.4
v -2.9 12.4 -10.4
v -2.7 10.8 -10.4
v -2.7 10.9 -10.4
v -2.7 12.3 -10.4
v -2.7 12.4 -10.4
v -2.2 10.8 -10.4
v -2.2 10.9 -10.4
v -2.2 12.3 -10.4
v -2.2 12.4 -10.4
v -2 10.8 -10.4
v -2 10.9 -10.4
v -2 12.3 -10.4
v -2 12.4 -10.4
v -1.8 10.9 -10.4
v -1.8 11 -10.4
v -1.8 12.2 -10.4
v -1.8 12.3 -10.4
v -1.7 10.9 -10.4
v -1.7 11 -10.4
v -1.7 12.2 -10.4
v -1.7 12.3 -10.4
v -1.6 11 -10.4
v -1.6 11.1 -10.4
v -1.6 12.1 -10.4
v -1.6 12.2 -10.4
v -1.5 11 -10.4
v -1.5 11.1 -10.4
v -1.5 11.2 -10.4
v -1.5 12 -10.4
v -1.5 12.1 -10.4
v -1.5 12.2 -10.4
v -1.4 8.7 -10.4
v -1.4 9.1 -10.4
v -1.4 11.1 -10.4
v -1.4 11.2 -10.4
v -1.4 11.3 -10.4
v -1.4 11.9 -10.4
v -1.4 12 -10.4
v -1.4 12.1 -10.4
v -1.4 13.1 -10.4
v -1.4 13.5 -10.4
v -1.3 8.6 -10.4
v -1.3 8.7 -10.4
v -1.3 9.1 -10.4
v -1.3 9.2 -10.4
v -1.3 11.2 -10.4
v -1.3 11.3 -10.4
v -1.3 11.9 -10.4
v -1.3 12 -10.4
v -1.3 13 -10.4
v -1.3 13.1 -10.4
v -1.3 13.5 -10.4
v -1.3 13.6 -10.4
v -1.2 8.6 -10.4
v -1.2 8.7 -10.4
v -1.2 9.1 -10.4
v -1.2 9.2 -10.4
v -1.2 13 -10.4
v -1.2 13.1 -10.4
v -1.2 13.5 -10.4
v -1.2 13.6 -10.4
v -1 8.3 -10.4
v -1 8.4 -10.4
v -1 9.4 -10.4
v -1 9.5 -10.4
v -1 12.7 -10.4
v -1 12.8 -10.4
v -1 13.8 -10.4
v -1 13.9 -10.4
v -0.9 8.3 -10.4
v -0.9 8.4 -10.4
v -0.9 9.4 -10.4
v -0.9 9.5 -10.4
v -0.9 12.7 -10.4
v -0.9 12.8 -10.4
v -0.9 13.8 -10.4
v -0.9 13.9 -10.4
v -0.8 8.2 -10.4
v -0.8 8.3 -10.4
v -0.8 9.5 -10.4
v -0.8 9.6 -10.4
v -0.8 12.6 -10.4
v -0.8 12.7 -10.4
v -0.8 13.9 -10.4
v -0.8 14 -10.4
v -0.7 8.2 -10.4
v -0.7 8.3 -10.4
v -0.7 9.5 -10.4
v -0.7 9.6 -10.4
v -0.7 12.6 -10.4
v -0.7 12.7 -10.4
v -0.7 13.9 -10.4
v -0.7 14 -10.4
v -0.4 8.1 -10.4
v -0.4 8.2 -10.4
v -0.4 9.6 -10.4
v -0.4 9.7 -10.4
v -0.4 12.5 -10.4
v -0.4 12.6 -10.4
v -0.4 14 -10.4
v -0.4 14.1 -10.4
v 0.1 8.1 -10.4
v 0.1 8.2 -10.4
v 0.1 9.6 -10.4
v 0.1 9.7 -10.4
v 0.1 12.5 -10.4
v 0.1 12.6 -10.4
v 0.1 14 -10.4
v 0.1 14.1 -10.4
v 0.4 8.2 -10.4
v 0.4 8.3 -10.4
v 0.4 9.5 -10.4
v 0.4 9.6 -10.4
v 0.4 12.6 -10.4
v 0.4 12.7 -10.4
v 0.4 13.9 -10.4
v 0.4 14 -10.4
v 0.5 8.2 -10.4
v 0.5 8.3 -10.4
v 0.5 9.5 -10.4
v 0.5 9.6 -10.4
v 0.5 12.6 -10.4
v 0.5 12.7 -10.4
v 0.5 13.9 -10.4
v 0.5 14 -10.4
v 0.6 8.3 -10.4
v 0.6 8.4 -10.4
v 0.6 9.4 -10.4
v 0.6 9.5 -10.4
v 0.6 12.7 -10.4
v 0.6 12.8 -10.4
v 0.6 13.8 -10.4
v 0.6 13.9 -10.4
v 0.7 8.3 -10.4
v 0.7 8.4 -10.4
v 0.7 9.4 -10.4
v 0.7 9.5 -10.4
v 0.7 12.7 -10.4
v 0.7 12.8 -10.4
v 0.7 13.8 -10.4
v 0.7 13.9 -10.4
v 0.9 8.6 -10.4
v 0.9 8.7 -10.4
v 0.9 9.1 -10.4
v 0.9 9.2 -10.4
v 0.9 11.4 -10.4
v 0.9 11.8 -10.4
v 0.9 13 -10.4
v 0.9 13.1 -10.4
v 0.9 13.5 -10.4
v 0.9 13.6 -10.4
v 1 8.6 -10.4
v 1 8.7 -10.4
v 1 9.1 -10.4
v 1 9.2 -10.4
v 1 11.3 -10.4
v 1 11.4 -10.4
v 1 11.8 -10.4
v 1 11.9 -10.4
v 1 13 -10.4
v 1 13.1 -10.4
v 1 13.5 -10.4
v 1 13.6 -10.4
v 1.1 8.7 -10.4
v 1.1 9.1 -10.4
v 1.1 11.3 -10.4
v 1.1 11.4 -10.4
v 1.1 11.8 -10.4
v 1.1 11.9 -10.4
v 1.1 13.1 -10.4
v 1.1 13.5 -10.4
v 1.3 11 -10.4
v 1.3 11.1 -10.4
v 1.3 12.1 -10.4
v 1.3 12.2 -10.4
v 1.4 11 -10.4
v 1.4 11.1 -10.4
v 1.4 12.1 -10.4
v 1.4 12.2 -10.4
v 1.5 10.9 -10.4
v 1.5 11 -10.4
v 1.5 12.2 -10.4
v 1.5 12.3 -10.4
v 1.6 10.9 -10.4
v 1.6 11 -10.4
v 1.6 12.2 -10.4
v 1.6 12.3 -10.4
v 1.9 10.8 -10.4
v 1.9 10.9 -10.4
v 1.9 12.3 -10.4
v 1.9 12.4 -10.4
v 2.4 10.8 -10.4
v 2.4 10.9 -10.4
v 2.4 12.3 -10.4
v 2.4 12.4 -10.4
v 2.7 10.9 -10.4
v 2.7 11 -10.4
v 2.7 12.2 -10.4
v 2.7 12.3 -10.4
v 2.8 10.9 -10.4
v 2.8 11 -10.4
v 2.8 12.2 -10.4
v 2.8 12.3 -10.4
v 2.9 11 -10.4
v 2.9 11.1 -10.4
v 2.9 12.1 -10.4
v 2.9 12.2 -10.4
v 3 11 -10.4
v 3 11.1 -10.4
v 3 12.1 -10.4
v 3 12.2 -10.4
v 3.2 11.3 -10.4
v 3.2 11.4 -10.4
v 3.2 11.8 -10.4
v 3.2 11.9 -10.4
v 3.3 11.3 -10.4
v 3.3 11.4 -10.4
v 3.3 11.8 -10.4
v 3.3 11.9 -10.4
v 3.4 11.4 -10.4
v 3.4 11.8 -10.4
v -14.7 4.1 -10.5
v -14.7 4.2 -10.5
v -14.6 4.1 -10.5
v -14.6 4.2 -10.5
v -3.7 11.4 -10.5
v -3.7 11.8 -10.5
v -3.6 11.3 -10.5
v -3.6 11.4 -10.5
v -3.6 11.8 -10.5
v -3.6 11.9 -10.5
v -3.5 11.3 -10.5
v -3.5 11.4 -10.5
v -3.5 11.8 -10.5
v -3.5 11.9 -10.5
v -3.3 11 -10.5
v -3.3 11.1 -10.5
v -3.3 12.1 -10.5
v -3.3 12.2 -10.5
v -3.2 11 -10.5
v -3.2 11.1 -10.5
v -3.2 12.1 -10.5
v -3.2 12.2 -10.5
v -3.1 10.9 -10.5
v -3.1 11 -10.5
v -3.1 12.2 -10.5
v -3.1 12.3 -10.5
v -3 10.9 -10.5
v -3 11 -10.5
v -3 12.2 -10.5
v -3 12.3 -10.5
v -2.7 10.8 -10.5
v -2.7 10.9 -10.5
v -2.7 12.3 -10.5
v -2.7 12.4 -10.5
v -2.2 10.8 -10.5
v -2.2 10.9 -10.5
v -2.2 12.3 -10.5
v -2.2 12.4 -10.5
v -1.9 10.9 -10.5
v -1.9 11 -10.5
v -1.9 12.2 -10.5
v -1.9 12.3 -10.5
v -1.8 10.9 -10.5
v -1.8 11 -10.5
v -1.8 12.2 -10.5
v -1.8 12.3 -10.5
v -1.7 11 -10.5
v -1.7 11.1 -10.5
v -1.7 12.1 -10.5
v -1.7 12.2 -10.5
v -1.6 11 -10.5
v -1.6 11.1 -10.5
v -1.6 12.1 -10.5
v -1.6 12.2 -10.5
v -1.4 11.3 -10.5
v -1.4 11.4 -10.5
v -1.4 11.8 -10.5
v -1.4 11.9 -10.5
v -1.3 8.7 -10.5
v -1.3 9.1 -10.5
v -1.3 11.3 -10.5
v -1.3 11.4 -10.5
v -1.3 11.8 -10.5
v -1.3 11.9 -10.5
v -1.3 13.1 -10.5
v -1.3 13.5 -10.5
v -1.2 8.5 -10.5
v -1.2 8.6 -10.5
v -1.2 8.7 -10.5
v -1.2 9.1 -10.5
v -1.2 9.2 -10.5
v -1.2 9.3 -10.5
v -1.2 11.4 -10.5
v -1.2 11.8 -10.5
v -1.2 12.9 -10.5
v -1.2 13 -10.5
v -1.2 13.1 -10.5
v -1.2 13.5 -10.5
v -1.2 13.6 -10.5
v -1.2 13.7 -10.5
v -1.1 8.4 -10.5
v -1.1 8.5 -10.5
v -1.1 8.6 -10.5
v -1.1 9.2 -10.5
v -1.1 9.3 -10.5
v -1.1 9.4 -10.5
v -1.1 12.8 -10.5
v -1.1 12.9 -10.5
v -1.1 13 -10.5
v -1.1 13.6 -10.5
v -1.1 13.7 -10.5
v -1.1 13.8 -10.5
v -1 8.4 -10.5
v -1 8.5 -10.5
v -1 9.3 -10.5
v -1 9.4 -10.5
v -1 12.8 -10.5
v -1 12.9 -10.5
v -1 13.7 -10.5
v -1 13.8 -10.5
v -0.9 8.3 -10.5
v -0.9 8.4 -10.5
v -0.9 9.4 -10.5
v -0.9 9.5 -10.5
v -0.9 12.7 -10.5
v -0.9 12.8 -10.5
v -0.9 13.8 -10.5
v -0.9 13.9 -10.5
v -0.8 8.3 -10.5
v -0.8 8.4 -10.5
v -0.8 9.4 -10.5
v -0.8 9.5 -10.5
v -0.8 12.7 -10.5
v -0.8 12.8 -10.5
v -0.8 13.8 -10.5
v -0.8 13.9 -10.5
v -0.7 8.2 -10.5
v -0.7 8.3 -10.5
v -0.7 9.5 -10.5
v -0.7 9.6 -10.5
v -0.7 12.6 -10.5
v -0.7 12.7 -10.5
v -0.7 13.9 -10.5
v -0.7 14 -10.5
v -0.6 8.2 -10.5
v -0.6 8.3 -10.5
v -0.6 9.5 -10.5
v -0.6 9.6 -10.5
v -0.6 12.6 -10.5
v -0.6 12.7 -10.5
v -0.6 13.9 -10.5
v -0.6 14 -10.5
v 0.3 8.2 -10.5
v 0.3 8.3 -10.5
v 0.3 9.5 -10.5
v 0.3 9.6 -10.5
v 0.3 12.6 -10.5
v 0.3 12.7 -10.5
v 0.3 13.9 -10.5
v 0.3 14 -10.5
v 0.4 8.2 -10.5
v 0.4 8.3 -10.5
v 0.4 9.5 -10.5
v 0.4 9.6 -10.5
v 0.4 12.6 -10.5
v 0.4 12.7 -10.5
v 0.4 13.9 -10.5
v 0.4 14 -10.5
v 0.5 8.3 -10.5
v 0.5 8.4 -10.5
v 0.5 9.4 -10.5
v 0.5 9.5 -10.5
v 0.5 12.7 -10.5
v 0.5 12.8 -10.5
v 0.5 13.8 -10.5
v 0.5 13.9 -10.5
v 0.6 8.3 -10.5
v 0.6 8.4 -10.5
v 0.6 9.4 -10.5
v 0.6 9.5 -10.5
v 0.6 12.7 -10.5
v 0.6 12.8 -10.5
v 0.6 13.8 -10.5
v 0.6 13.9 -10.5
v 0.7 8.4 -10.5
v 0.7 8.5 -10.5
v 0.7 9.3 -10.5
v 0.7 9.4 -10.5
v 0.7 12.8 -10.5
v 0.7 12.9 -10.5
v 0.7 13.7 -10.5
v 0.7 13.8 -10.5
v 0.8 8.4 -10.5
v 0.8 8.5 -10.5
v 0.8 8.6 -10.5
v 0.8 9.2 -10.5
v 0.8 9.3 -10.5
v 0.8 9.4 -10.5
v 0.8 12.8 -10.5
v 0.8 12.9 -10.5
v 0.8 13 -10.5
v 0.8 13.6 -10.5
v 0.8 13.7 -10.5
v 0.8 13.8 -10.5
v 0.9 8.5 -10.5
v 0.9 8.6 -10.5
v 0.9 8.7 -10.5
v 0.9 9.1 -10.5
v 0.9 9.2 -10.5
v 0.9 9.3 -10.5
v 0.9 12.9 -10.5
v 0.9 13 -10.5
v 0.9 13.1 -10.5
v 0.9 13.5 -10.5
v 0.9 13.6 -10.5
v 0.9 13.7 -10.5
v 1 8.7 -10.5
v 1 9.1 -10.5
v 1 11.4 -10.5
v 1 11.8 -10.5
v 1 13.1 -10.5
v 1 13.5 -10.5
v 1.1 11.2 -10.5
v 1.1 11.3 -10.5
v 1.1 11.4 -10.5
v 1.1 11.8 -10.5
v 1.1 11.9 -10.5
v 1.1 12 -10.5
v 1.2 11.1 -10.5
v 1.2 11.2 -10.5
v 1.2 11.3 -10.5
v 1.2 11.9 -10.5
v 1.2 12 -10.5
v 1.2 12.1 -10.5
v 1.3 11.1 -10.5
v 1.3 11.2 -10.5
v 1.3 12 -10.5
v 1.3 12.1 -10.5
v 1.4 11 -10.5
v 1.4 11.1 -10.5
v 1.4 12.1 -10.5
v 1.4 12.2 -10.5
v 1.5 11 -10.5
v 1.5 11.1 -10.5
v 1.5 12.1 -10.5
v 1.5 12.2 -10.5
v 1.6 10.9 -10.5
v 1.6 11 -10.5
v 1.6 12.2 -10.5
v 1.6 12.3 -10.5
v 1.7 10.9 -10.5
v 1.7 11 -10.5
v 1.7 12.2 -10.5
v 1.7 12.3 -10.5
v 2.6 10.9 -10.5
v 2.6 11 -10.5
v 2.6 12.2 -10.5
v 2.6 12.3 -10.5
v 2.7 10.9 -10.5
v 2.7 11 -10.5
v 2.7 12.2 -10.5
v 2.7 12.3 -10.5
v 2.8 11 -10.5
v 2.8 11.1 -10.5
v 2.8 12.1 -10.5
v 2.8 12.2 -10.5
v 2.9 11 -10.5
v 2.9 11.1 -10.5
v 2.9 12.1 -10.5
v 2.9 12.2 -10.5
v 3 11.1 -10.5
v 3 11.2 -10.5
v 3 12 -10.5
v 3 12.1 -10.5
v 3.1 11.1 -10.5
v 3.1 11.2 -10.5
v 3.1 11.3 -10.5
v 3.1 11.9 -10.5
v 3.1 12 -10.5
v 3.1 12.1 -10.5
v 3.2 11.2 -10.5
v 3.2 11.3 -10.5
v 3.2 11.4 -10.5
v 3.2 11.8 -10.5
v 3.2 11.9 -10.5
v 3.2 12 -10.5
v 3.3 11.4 -10.5
v 3.3 11.8 -10.5
v -3.6 11.4 -10.6
v -3.6 11.8 -10.6
v -3.5 11.2 -10.6
v -3.5 11.3 -10.6
v -3.5 11.4 -10.6
v -3.5 11.8 -10.6
v -3.5 11.9 -10.6
v -3.5 12 -10.6
v -3.4 11.1 -10.6
v -3.4 11.2 -10.6
v -3.4 11.3 -10.6
v -3.4 11.9 -10.6
v -3.4 12 -10.6
v -3.4 12.1 -10.6
v -3.3 11.1 -10.6
v -3.3 11.2 -10.6
v -3.3 12 -10.6
v -3.3 12.1 -10.6
v -3.2 11 -10.6
v -3.2 11.1 -10.6
v -3.2 12.1 -10.6
v -3.2 12.2 -10.6
v -3.1 11 -10.6
v -3.1 11.1 -10.6
v -3.1 12.1 -10.6
v -3.1 12.2 -10.6
v -3 10.9 -10.6
v -3 11 -10.6
v -3 12.2 -10.6
v -3 12.3 -10.6
v -2.9 10.9 -10.6
v -2.9 11 -10.6
v -2.9 12.2 -10.6
v -2.9 12.3 -10.6
v -2 10.9 -10.6
v -2 11 -10.6
v -2 12.2 -10.6
v -2 12.3 -10.6
v -1.9 10.9 -10.6
v -1.9 11 -10.6
v -1.9 12.2 -10.6
v -1.9 12.3 -10.6
v -1.8 11 -10.6
v -1.8 11.1 -10.6
v -1.8 12.1 -10.6
v -1.8 12.2 -10.6
v -1.7 11 -10.6
v -1.7 11.1 -10.6
v -1.7 12.1 -10.6
v -1.7 12.2 -10.6
v -1.6 11.1 -10.6
v -1.6 11.2 -10.6
v -1.6 12 -10.6
v -1.6 12.1 -10.6
v -1.5 11.1 -10.6
v -1.5 11.2 -10.6
v -1.5 11.3 -10.6
v -1.5 11.9 -10.6
v -1.5 12 -10.6
v -1.5 12.1 -10.6
v -1.4 11.2 -10.6
v -1.4 11.3 -10.6
v -1.4 11.4 -10.6
v -1.4 11.8 -10.6
v -1.4 11.9 -10.6
v -1.4 12 -10.6
v -1.3 11.4 -10.6
v -1.3 11.8 -10.6
v -1.2 8.6 -10.6
v -1.2 9.2 -10.6
v -1.2 13 -10.6
v -1.2 13.6 -10.6
v -1.1 8.5 -10.6
v -1.1 8.6 -10.6
v -1.1 8.7 -10.6
v -1.1 9.1 -10.6
v -1.1 9.2 -10.6
v -1.1 9.3 -10.6
v -1.1 12.9 -10.6
v -1.1 13 -10.6
v -1.1 13.1 -10.6
v -1.1 13.5 -10.6
v -1.1 13.6 -10.6
v -1.1 13.7 -10.6
v -1 8.4 -10.6
v -1 8.5 -10.6
v -1 8.6 -10.6
v -1 8.7 -10.6
v -1 9.1 -10.6
v -1 9.2 -10.6
v -1 9.3 -10.6
v -1 9.4 -10.6
v -1 12.8 -10.6
v -1 12.9 -10.6
v -1 13 -10.6
v -1 13.1 -10.6
v -1 13.5 -10.6
v -1 13.6 -10.6
v -1 13.7 -10.6
v -1 13.8 -10.6
v -0.9 8.5 -10.6
v -0.9 8.6 -10.6
v -0.9 9.2 -10.6
v -0.9 9.3 -10.6
v -0.9 12.9 -10.6
v -0.9 13 -10.6
v -0.9 13.6 -10.6
v -0.9 13.7 -10.6
v -0.8 8.3 -10.6
v -0.8 8.4 -10.6
v -0.8 8.5 -10.6
v -0.8 9.3 -10.6
v -0.8 9.4 -10.6
v -0.8 9.5 -10.6
v -0.8 12.7 -10.6
v -0.8 12.8 -10.6
v -0.8 12.9 -10.6
v -0.8 13.7 -10.6
v -0.8 13.8 -10.6
v -0.8 13.9 -10.6
v -0.6 8.2 -10.6
v -0.6 8.3 -10.6
v -0.6 9.5 -10.6
v -0.6 9.6 -10.6
v -0.6 12.6 -10.6
v -0.6 12.7 -10.6
v -0.6 13.9 -10.6
v -0.6 14 -10.6
v -0.5 8.3 -10.6
v -0.5 8.4 -10.6
v -0.5 9.4 -10.6
v -0.5 9.5 -10.6
v -0.5 12.7 -10.6
v -0.5 12.8 -10.6
v -0.5 13.8 -10.6
v -0.5 13.9 -10.6
v 0.2 8.3 -10.6
v 0.2 8.4 -10.6
v 0.2 9.4 -10.6
v 0.2 9.5 -10.6
v 0.2 12.7 -10.6
v 0.2 12.8 -10.6
v 0.2 13.8 -10.6
v 0.2 13.9 -10.6
v 0.3 8.2 -10.6
v 0.3 8.3 -10.6
v 0.3 9.5 -10.6
v 0.3 9.6 -10.6
v 0.3 12.6 -10.6
v 0.3 12.7 -10.6
v 0.3 13.9 -10.6
v 0.3 14 -10.6
v 0.5 8.3 -10.6
v 0.5 8.4 -10.6
v 0.5 8.5 -10.6
v 0.5 9.3 -10.6
v 0.5 9.4 -10.6
v 0.5 9.5 -10.6
v 0.5 12.7 -10.6
v 0.5 12.8 -10.6
v 0.5 12.9 -10.6
v 0.5 13.7 -10.6
v 0.5 13.8 -10.6
v 0.5 13.9 -10.6
v 0.6 8.5 -10.6
v 0.6 8.6 -10.6
v 0.6 9.2 -10.6
v 0.6 9.3 -10.6
v 0.6 12.9 -10.6
v 0.6 13 -10.6
v 0.6 13.6 -10.6
v 0.6 13.7 -10.6
v 0.7 8.4 -10.6
v 0.7 8.5 -10.6
v 0.7 8.6 -10.6
v 0.7 8.7 -10.6
v 0.7 9.1 -10.6
v 0.7 9.2 -10.6
v 0.7 9.3 -10.6
v 0.7 9.4 -10.6
v 0.7 12.8 -10.6
v 0.7 12.9 -10.6
v 0.7 13 -10.6
v 0.7 13.1 -10.6
v 0.7 13.5 -10.6
v 0.7 13.6 -10.6
v 0.7 13.7 -10.6
v 0.7 13.8 -10.6
v 0.8 8.5 -10.6
v 0.8 8.6 -10.6
v 0.8 8.7 -10.6
v 0.8 9.1 -10.6
v 0.8 9.2 -10.6
v 0.8 9.3 -10.6
v 0.8 12.9 -10.6
v 0.8 13 -10.6
v 0.8 13.1 -10.6
v 0.8 13.5 -10.6
v 0.8 13.6 -10.6
v 0.8 13.7 -10.6
v 0.9 8.6 -10.6
v 0.9 8.7 -10.6
v 0.9 9.2 -10.6
v 0.9 13 -10.6
v 0.9 13.1 -10.6
v 0.9 13.6 -10.6
v 1.1 11.3 -10.6
v 1.1 11.9 -10.6
v 1.2 11.2 -10.6
v 1.2 11.3 -10.6
v 1.2 11.4 -10.6
v 1.2 11.8 -10.6
v 1.2 11.9 -10.6
v 1.2 12 -10.6
v 1.3 11.1 -10.6
v 1.3 11.2 -10.6
v 1.3 11.3 -10.6
v 1.3 11.4 -10.6
v 1.3 11.8 -10.6
v 1.3 11.9 -10.6
v 1.3 12 -10.6
v 1.3 12.1 -10.6
v 1.4 11.2 -10.6
v 1.4 11.3 -10.6
v 1.4 11.9 -10.6
v 1.4 12 -10.6
v 1.5 11 -10.6
v 1.5 11.1 -10.6
v 1.5 11.2 -10.6
v 1.5 12 -10.6
v 1.5 12.1 -10.6
v 1.5 12.2 -10.6
v 1.7 10.9 -10.6
v 1.7 11 -10.6
v 1.7 12.2 -10.6
v 1.7 12.3 -10.6
v 1.8 11 -10.6
v 1.8 11.1 -10.6
v 1.8 12.1 -10.6
v 1.8 12.2 -10.6
v 2.5 11 -10.6
v 2.5 11.1 -10.6
v 2.5 12.1 -10.6
v 2.5 12.2 -10.6
v 2.6 10.9 -10.6
v 2.6 11 -10.6
v 2.6 12.2 -10.6
v 2.6 12.3 -10.6
v 2.8 11 -10.6
v 2.8 11.1 -10.6
v 2.8 11.2 -10.6
v 2.8 12 -10.6
v 2.8 12.1 -10.6
v 2.8 12.2 -10.6
v 2.9 11.2 -10.6
v 2.9 11.3 -10.6
v 2.9 11.9 -10.6
v 2.9 12 -10.6
v 3 11.1 -10.6
v 3 11.2 -10.6
v 3 11.3 -10.6
v 3 11.4 -10.6
v 3 11.8 -10.6
v 3 11.9 -10.6
v 3 12 -10.6
v 3 12.1 -10.6
v 3.1 11.2 -10.6
v 3.1 11.3 -10.6
v 3.1 11.4 -10.6
v 3.1 11.8 -10.6
v 3.1 11.9 -10.6
v 3.1 12 -10.6
v 3.2 11.3 -10.6
v 3.2 11.4 -10.6
v 3.2 11.9 -10.6
v -3.5 11.3 -10.7
v -3.5 11.9 -10.7
v -3.4 11.2 -10.7
v -3.4 11.3 -10.7
v -3.4 11.4 -10.7
v -3.4 11.8 -10.7
v -3.4 11.9 -10.7
v -3.4 12 -10.7
v -3.3 11.1 -10.7
v -3.3 11.2 -10.7
v -3.3 11.3 -10.7
v -3.3 11.4 -10.7
v -3.3 11.8 -10.7
v -3.3 11.9 -10.7
v -3.3 12 -10.7
v -3.3 12.1 -10.7
v -3.2 11.2 -10.7
v -3.2 11.3 -10.7
v -3.2 11.9 -10.7
v -3.2 12 -10.7
v -3.1 11 -10.7
v -3.1 11.1 -10.7
v -3.1 11.2 -10.7
v -3.1 12 -10.7
v -3.1 12.1 -10.7
v -3.1 12.2 -10.7
v -2.9 10.9 -10.7
v -2.9 11 -10.7
v -2.9 12.2 -10.7
v -2.9 12.3 -10.7
v -2.8 11 -10.7
v -2.8 11.1 -10.7
v -2.8 12.1 -10.7
v -2.8 12.2 -10.7
v -2.1 11 -10.7
v -2.1 11.1 -10.7
v -2.1 12.1 -10.7
v -2.1 12.2 -10.7
v -2 10.9 -10.7
v -2 11 -10.7
v -2 12.2 -10.7
v -2 12.3 -10.7
v -1.8 11 -10.7
v -1.8 11.1 -10.7
v -1.8 11.2 -10.7
v -1.8 12 -10.7
v -1.8 12.1 -10.7
v -1.8 12.2 -10.7
v -1.7 11.2 -10.7
v -1.7 11.3 -10.7
v -1.7 11.9 -10.7
v -1.7 12 -10.7
v -1.6 11.1 -10.7
v -1.6 11.2 -10.7
v -1.6 11.3 -10.7
v -1.6 11.4 -10.7
v -1.6 11.8 -10.7
v -1.6 11.9 -10.7
v -1.6 12 -10.7
v -1.6 12.1 -10.7
v -1.5 11.2 -10.7
v -1.5 11.3 -10.7
v -1.5 11.4 -10.7
v -1.5 11.8 -10.7
v -1.5 11.9 -10.7
v -1.5 12 -10.7
v -1.4 11.3 -10.7
v -1.4 11.4 -10.7
v -1.4 11.9 -10.7
v -1.1 8.7 -10.7
v -1.1 9.1 -10.7
v -1.1 13.1 -10.7
v -1.1 13.5 -10.7
v -1 8.6 -10.7
v -1 8.7 -10.7
v -1 9.1 -10.7
v -1 9.2 -10.7
v -1 13 -10.7
v -1 13.1 -10.7
v -1 13.5 -10.7
v -1 13.6 -10.7
v -0.9 8.5 -10.7
v -0.9 8.6 -10.7
v -0.9 8.7 -10.7
v -0.9 9.1 -10.7
v -0.9 9.2 -10.7
v -0.9 9.3 -10.7
v -0.9 12.9 -10.7
v -0.9 13 -10.7
v -0.9 13.1 -10.7
v -0.9 13.5 -10.7
v -0.9 13.6 -10.7
v -0.9 13.7 -10.7
v -0.8 8.4 -10.7
v -0.8 8.5 -10.7
v -0.8 8.6 -10.7
v -0.8 8.7 -10.7
v -0.8 9.1 -10.7
v -0.8 9.2 -10.7
v -0.8 9.3 -10.7
v -0.8 9.4 -10.7
v -0.8 12.8 -10.7
v -0.8 12.9 -10.7
v -0.8 13 -10.7
v -0.8 13.1 -10.7
v -0.8 13.5 -10.7
v -0.8 13.6 -10.7
v -0.8 13.7 -10.7
v -0.8 13.8 -10.7
v -0.7 8.5 -10.7
v -0.7 8.6 -10.7
v -0.7 9.2 -10.7
v -0.7 9.3 -10.7
v -0.7 12.9 -10.7
v -0.7 13 -10.7
v -0.7 13.6 -10.7
v -0.7 13.7 -10.7
v -0.5 8.3 -10.7
v -0.5 8.4 -10.7
v -0.5 8.5 -10.7
v -0.5 9.3 -10.7
v -0.5 9.4 -10.7
v -0.5 9.5 -10.7
v -0.5 12.7 -10.7
v -0.5 12.8 -10.7
v -0.5 12.9 -10.7
v -0.5 13.7 -10.7
v -0.5 13.8 -10.7
v -0.5 13.9 -10.7
v 0.2 8.3 -10.7
v 0.2 8.4 -10.7
v 0.2 8.5 -10.7
v 0.2 9.3 -10.7
v 0.2 9.4 -10.7
v 0.2 9.5 -10.7
v 0.2 12.7 -10.7
v 0.2 12.8 -10.7
v 0.2 12.9 -10.7
v 0.2 13.7 -10.7
v 0.2 13.8 -10.7
v 0.2 13.9 -10.7
v 0.4 8.5 -10.7
v 0.4 8.6 -10.7
v 0.4 9.2 -10.7
v 0.4 9.3 -10.7
v 0.4 12.9 -10.7
v 0.4 13 -10.7
v 0.4 13.6 -10.7
v 0.4 13.7 -10.7
v 0.5 8.4 -10.7
v 0.5 8.5 -10.7
v 0.5 8.6 -10.7
v 0.5 8.7 -10.7
v 0.5 9.1 -10.7
v 0.5 9.2 -10.7
v 0.5 9.3 -10.7
v 0.5 9.4 -10.7
v 0.5 12.8 -10.7
v 0.5 12.9 -10.7
v 0.5 13 -10.7
v 0.5 13.1 -10.7
v 0.5 13.5 -10.7
v 0.5 13.6 -10.7
v 0.5 13.7 -10.7
v 0.5 13.8 -10.7
v 0.6 8.5 -10.7
v 0.6 8.6 -10.7
v 0.6 8.7 -10.7
v 0.6 9.1 -10.7
v 0.6 9.2 -10.7
v 0.6 9.3 -10.7
v 0.6 12.9 -10.7
v 0.6 13 -10.7
v 0.6 13.1 -10.7
v 0.6 13.5 -10.7
v 0.6 13.6 -10.7
v 0.6 13.7 -10.7
v 0.7 8.6 -10.7
v 0.7 8.7 -10.7
v 0.7 9.1 -10.7
v 0.7 9.2 -10.7
v 0.7 13 -10.7
v 0.7 13.1 -10.7
v 0.7 13.5 -10.7
v 0.7 13.6 -10.7
v 0.8 8.7 -10.7
v 0.8 9.1 -10.7
v 0.8 13.1 -10.7
v 0.8 13.5 -10.7
v 1.2 11.4 -10.7
v 1.2 11.8 -10.7
v 1.3 11.3 -10.7
v 1.3 11.4 -10.7
v 1.3 11.8 -10.7
v 1.3 11.9 -10.7
v 1.4 11.2 -10.7
v 1.4 11.3 -10.7
v 1.4 11.4 -10.7
v 1.4 11.8 -10.7
v 1.4 11.9 -10.7
v 1.4 12 -10.7
v 1.5 11.1 -10.7
v 1.5 11.2 -10.7
v 1.5 11.3 -10.7
v 1.5 11.4 -10.7
v 1.5 11.8 -10.7
v 1.5 11.9 -10.7
v 1.5 12 -10.7
v 1.5 12.1 -10.7
v 1.6 11.2 -10.7
v 1.6 11.3 -10.7
v 1.6 11.9 -10.7
v 1.6 12 -10.7
v 1.8 11 -10.7
v 1.8 11.1 -10.7
v 1.8 11.2 -10.7
v 1.8 12 -10.7
v 1.8 12.1 -10.7
v 1.8 12.2 -10.7
v 2.5 11 -10.7
v 2.5 11.1 -10.7
v 2.5 11.2 -10.7
v 2.5 12 -10.7
v 2.5 12.1 -10.7
v 2.5 12.2 -10.7
v 2.7 11.2 -10.7
v 2.7 11.3 -10.7
v 2.7 11.9 -10.7
v 2.7 12 -10.7
v 2.8 11.1 -10.7
v 2.8 11.2 -10.7
v 2.8 11.3 -10.7
v 2.8 11.4 -10.7
v 2.8 11.8 -10.7
v 2.8 11.9 -10.7
v 2.8 12 -10.7
v 2.8 12.1 -10.7
v 2.9 11.2 -10.7
v 2.9 11.3 -10.7
v 2.9 11.4 -10.7
v 2.9 11.8 -10.7
v 2.9 11.9 -10.7
v 2.9 12 -10.7
v 3 11.3 -10.7
v 3 11.4 -10.7
v 3 11.8 -10.7
v 3 11.9 -10.7
v 3.1 11.4 -10.7
v 3.1 11.8 -10.7
v 10.8 6.6 -10.7
v 10.8 7 -10.7
v 10.9 6.6 -10.7
v 10.9 7 -10.7
v -3.4 11.4 -10.8
v -3.4 11.8 -10.8
v -3.3 11.3 -10.8
v -3.3 11.4 -10.8
v -3.3 11.8 -10.8
v -3.3 11.9 -10.8
v -3.2 11.2 -10.8
v -3.2 11.3 -10.8
v -3.2 11.4 -10.8
v -3.2 11.8 -10.8
v -3.2 11.9 -10.8
v -3.2 12 -10.8
v -3.1 11.1 -10.8
v -3.1 11.2 -10.8
v -3.1 11.3 -10.8
v -3.1 11.4 -10.8
v -3.1 11.8 -10.8
v -3.1 11.9 -10.8
v -3.1 12 -10.8
v -3.1 12.1 -10.8
v -3 11.2 -10.8
v -3 11.3 -10.8
v -3 11.9 -10.8
v -3 12 -10.8
v -2.8 11 -10.8
v -2.8 11.1 -10.8
v -2.8 11.2 -10.8
v -2.8 12 -10.8
v -2.8 12.1 -10.8
v -2.8 12.2 -10.8
v -2.1 11 -10.8
v -2.1 11.1 -10.8
v -2.1 11.2 -10.8
v -2.1 12 -10.8
v -2.1 12.1 -10.8
v -2.1 12.2 -10.8
v -1.9 11.2 -10.8
v -1.9 11.3 -10.8
v -1.9 11.9 -10.8
v -1.9 12 -10.8
v -1.8 11.1 -10.8
v -1.8 11.2 -10.8
v -1.8 11.3 -10.8
v -1.8 11.4 -10.8
v -1.8 11.8 -10.8
v -1.8 11.9 -10.8
v -1.8 12 -10.8
v -1.8 12.1 -10.8
v -1.7 11.2 -10.8
v -1.7 11.3 -10.8
v -1.7 11.4 -10.8
v -1.7 11.8 -10.8
v -1.7 11.9 -10.8
v -1.7 12 -10.8
v -1.6 11.3 -10.8
v -1.6 11.4 -10.8
v -1.6 11.8 -10.8
v -1.6 11.9 -10.8
v -1.5 11.4 -10.8
v -1.5 11.8 -10.8
v -0.9 8.7 -10.8
v -0.9 9.1 -10.8
v -0.9 13.1 -10.8
v -0.9 13.5 -10.8
v -0.8 8.6 -10.8
v -0.8 8.7 -10.8
v -0.8 9.1 -10.8
v -0.8 9.2 -10.8
v -0.8 13 -10.8
v -0.8 13.1 -10.8
v -0.8 13.5 -10.8
v -0.8 13.6 -10.8
v -0.7 8.5 -10.8
v -0.7 8.6 -10.8
v -0.7 9.2 -10.8
v -0.7 9.3 -10.8
v -0.7 12.9 -10.8
v -0.7 13 -10.8
v -0.7 13.6 -10.8
v -0.7 13.7 -10.8
v -0.6 8.7 -10.8
v -0.6 9.1 -10.8
v -0.6 13.1 -10.8
v -0.6 13.5 -10.8
v -0.5 8.4 -10.8
v -0.5 8.5 -10.8
v -0.5 9.3 -10.8
v -0.5 9.4 -10.8
v -0.5 12.8 -10.8
v -0.5 12.9 -10.8
v -0.5 13.7 -10.8
v -0.5 13.8 -10.8
v -0.4 8.6 -10.8
v -0.4 8.7 -10.8
v -0.4 9.1 -10.8
v -0.4 9.2 -10.8
v -0.4 13 -10.8
v -0.4 13.1 -10.8
v -0.4 13.5 -10.8
v -0.4 13.6 -10.8
v 0 8.6 -10.8
v 0 13 -10.8
v 0.1 8.6 -10.8
v 0.1 8.7 -10.8
v 0.1 9.1 -10.8
v 0.1 9.2 -10.8
v 0.1 13 -10.8
v 0.1 13.1 -10.8
v 0.1 13.5 -10.8
v 0.1 13.6 -10.8
v 0.2 8.4 -10.8
v 0.2 8.5 -10.8
v 0.2 9.3 -10.8
v 0.2 9.4 -10.8
v 0.2 12.8 -10.8
v 0.2 12.9 -10.8
v 0.2 13.7 -10.8
v 0.2 13.8 -10.8
v 0.3 8.7 -10.8
v 0.3 9.1 -10.8
v 0.3 13.1 -10.8
v 0.3 13.5 -10.8
v 0.4 8.5 -10.8
v 0.4 8.6 -10.8
v 0.4 9.2 -10.8
v 0.4 9.3 -10.8
v 0.4 12.9 -10.8
v 0.4 13 -10.8
v 0.4 13.6 -10.8
v 0.4 13.7 -10.8
v 0.5 8.6 -10.8
v 0.5 8.7 -10.8
v 0.5 9.1 -10.8
v 0.5 9.2 -10.8
v 0.5 13 -10.8
v 0.5 13.1 -10.8
v 0.5 13.5 -10.8
v 0.5 13.6 -10.8
v 0.6 8.7 -10.8
v 0.6 9.1 -10.8
v 0.6 13.1 -10.8
v 0.6 13.5 -10.8
v 1.4 11.4 -10.8
v 1.4 11.8 -10.8
v 1.5 11.3 -10.8
v 1.5 11.4 -10.8
v 1.5 11.8 -10.8
v 1.5 11.9 -10.8
v 1.6 11.2 -10.8
v 1.6 11.3 -10.8
v 1.6 11.9 -10.8
v 1.6 12 -10.8
v 1.7 11.4 -10.8
v 1.7 11.8 -10.8
v 1.8 11.1 -10.8
v 1.8 11.2 -10.8
v 1.8 12 -10.8
v 1.8 12.1 -10.8
v 1.9 11.3 -10.8
v 1.9 11.4 -10.8
v 1.9 11.8 -10.8
v 1.9 11.9 -10.8
v 2.3 11.3 -10.8
v 2.4 11.3 -10.8
v 2.4 11.4 -10.8
v 2.4 11.8 -10.8
v 2.4 11.9 -10.8
v 2.5 11.1 -10.8
v 2.5 11.2 -10.8
v 2.5 12 -10.8
v 2.5 12.1 -10.8
v 2.6 11.4 -10.8
v 2.6 11.8 -10.8
v 2.7 11.2 -10.8
v 2.7 11.3 -10.8
v 2.7 11.9 -10.8
v 2.7 12 -10.8
v 2.8 11.3 -10.8
v 2.8 11.4 -10.8
v 2.8 11.8 -10.8
v 2.8 11.9 -10.8
v 2.9 11.4 -10.8
v 2.9 11.8 -10.8
v -3.2 11.4 -10.9
v -3.2 11.8 -10.9
v -3.1 11.3 -10.9
v -3.1 11.4 -10.9
v -3.1 11.8 -10.9
v -3.1 11.9 -10.9
v -3 11.2 -10.9
v -3 11.3 -10.9
v -3 11.9 -10.9
v -3 12 -10.9
v -2.9 11.4 -10.9
v -2.9 11.8 -10.9
v -2.8 11.1 -10.9
v -2.8 11.2 -10.9
v -2.8 11.3 -10.9
v -2.8 11.4 -10.9
v -2.8 11.8 -10.9
v -2.8 11.9 -10.9
v -2.8 12 -10.9
v -2.8 12.1 -10.9
v -2.7 11.1 -10.9
v -2.7 11.2 -10.9
v -2.7 12 -10.9
v -2.7 12.1 -10.9
v -2.3 11.1 -10.9
v -2.3 11.2 -10.9
v -2.3 11.3 -10.9
v -2.3 12 -10.9
v -2.3 12.1 -10.9
v -2.2 11.3 -10.9
v -2.2 11.4 -10.9
v -2.1 11.1 -10.9
v -2.1 11.2 -10.9
v -2.1 12 -10.9
v -2.1 12.1 -10.9
v -2 11.4 -10.9
v -1.9 11.2 -10.9
v -1.9 11.3 -10.9
v -1.8 11.3 -10.9
v -1.8 11.4 -10.9
v -0.6 8.7 -10.9
v -0.6 9 -10.9
v -0.6 13.1 -10.9
v -0.6 13.5 -10.9
v -0.4 8.6 -10.9
v -0.4 8.7 -10.9
v -0.4 13 -10.9
v -0.4 13.1 -10.9
v -0.4 13.5 -10.9
v -0.4 13.6 -10.9
v 0 8.6 -10.9
v 0 8.7 -10.9
v 0 13 -10.9
v 0 13.1 -10.9
v 0.1 8.6 -10.9
v 0.1 8.7 -10.9
v 0.1 13 -10.9
v 0.1 13.1 -10.9
v 0.1 13.5 -10.9
v 0.1 13.6 -10.9
v 0.2 9 -10.9
v 0.2 9.1 -10.9
v 0.3 8.7 -10.9
v 0.3 9.1 -10.9
v 0.3 13.1 -10.9
v 0.3 13.5 -10.9
v 2.1 11.4 -10.9
v 2.1 11.5 -10.9
v 2.2 11.4 -10.9
v 2.2 11.5 -10.9
v 2.4 11.4 -10.9
v 2.4 11.8 -10.9
v 2.6 11.4 -10.9
v 2.6 11.8 -10.9
v -2.9 11.4 -11
v -2.9 11.8 -11
v -2.8 11.4 -11
v -2.8 11.8 -11
v -2.3 11.3 -11
v -2.3 11.4 -11
v -2.2 11.3 -11
v -2.2 11.4 -11
v -2.8 11.2 -11.2
v -2.8 12 -11.2
v -2.7 10.7 -11.2
v -2.7 11.2 -11.2
v -2.7 12 -11.2
v -2.7 12.5 -11.2
v -2.6 10.4 -11.2
v -2.6 10.7 -11.2
v -2.6 12.5 -11.2
v -2.6 12.8 -11.2
v -2.5 10.3 -11.2
v -2.5 10.4 -11.2
v -2.5 12.8 -11.2
v -2.5 12.9 -11.2
v -2.4 10.1 -11.2
v -2.4 10.3 -11.2
v -2.4 11.2 -11.2
v -2.4 11.4 -11.2
v -2.4 12 -11.2
v -2.4 12.9 -11.2
v -2.4 13.1 -11.2
v -2.3 10 -11.2
v -2.3 10.1 -11.2
v -2.3 11 -11.2
v -2.3 11.2 -11.2
v -2.3 11.4 -11.2
v -2.3 12 -11.2
v -2.3 12.2 -11.2
v -2.3 13.1 -11.2
v -2.3 13.2 -11.2
v -2.2 9.9 -11.2
v -2.2 10 -11.2
v -2.2 10.6 -11.2
v -2.2 11 -11.2
v -2.2 12.2 -11.2
v -2.2 12.6 -11.2
v -2.2 13.2 -11.2
v -2.2 13.3 -11.2
v -2.1 9.7 -11.2
v -2.1 9.9 -11.2
v -2.1 10.3 -11.2
v -2.1 10.6 -11.2
v -2.1 12.6 -11.2
v -2.1 12.9 -11.2
v -2.1 13.3 -11.2
v -2.1 13.5 -11.2
v -1.9 9.6 -11.2
v -1.9 9.7 -11.2
v -1.9 10.1 -11.2
v -1.9 10.3 -11.2
v -1.9 12.9 -11.2
v -1.9 13.1 -11.2
v -1.9 13.5 -11.2
v -1.9 13.6 -11.2
v -1.8 9.5 -11.2
v -1.8 9.6 -11.2
v -1.8 10 -11.2
v -1.8 10.1 -11.2
v -1.8 13.1 -11.2
v -1.8 13.2 -11.2
v -1.8 13.6 -11.2
v -1.8 13.7 -11.2
v -1.7 9.4 -11.2
v -1.7 9.5 -11.2
v -1.7 9.9 -11.2
v -1.7 10 -11.2
v -1.7 13.2 -11.2
v -1.7 13.3 -11.2
v -1.7 13.7 -11.2
v -1.7 13.8 -11.2
v -1.6 9.8 -11.2
v -1.6 9.9 -11.2
v -1.6 13.3 -11.2
v -1.6 13.4 -11.2
v -1.5 9.3 -11.2
v -1.5 9.4 -11.2
v -1.5 9.7 -11.2
v -1.5 9.8 -11.2
v -1.5 13.4 -11.2
v -1.5 13.5 -11.2
v -1.5 13.8 -11.2
v -1.5 13.9 -11.2
v -1.4 9.2 -11.2
v -1.4 9.3 -11.2
v -1.4 13.9 -11.2
v -1.4 14 -11.2
v -1.3 9.6 -11.2
v -1.3 9.7 -11.2
v -1.3 13.5 -11.2
v -1.3 13.6 -11.2
v -1.1 9.1 -11.2
v -1.1 9.2 -11.2
v -1.1 9.5 -11.2
v -1.1 9.6 -11.2
v -1.1 13.6 -11.2
v -1.1 13.7 -11.2
v -1.1 14 -11.2
v -1.1 14.1 -11.2
v -1 9.4 -11.2
v -1 9.5 -11.2
v -1 13.7 -11.2
v -1 13.8 -11.2
v -0.6 9 -11.2
v -0.6 9.1 -11.2
v -0.6 14.1 -11.2
v -0.6 14.2 -11.2
v -0.5 9.3 -11.2
v -0.5 9.4 -11.2
v -0.5 13.8 -11.2
v -0.5 13.9 -11.2
v 0.1 9.3 -11.2
v 0.1 9.4 -11.2
v 0.1 13.8 -11.2
v 0.1 13.9 -11.2
v 0.2 9 -11.2
v 0.2 9.1 -11.2
v 0.2 14.1 -11.2
v 0.2 14.2 -11.2
v 0.6 9.4 -11.2
v 0.6 9.5 -11.2
v 0.6 13.7 -11.2
v 0.6 13.8 -11.2
v 0.7 9.1 -11.2
v 0.7 9.2 -11.2
v 0.7 9.5 -11.2
v 0.7 9.6 -11.2
v 0.7 13.6 -11.2
v 0.7 13.7 -11.2
v 0.7 14 -11.2
v 0.7 14.1 -11.2
v 0.9 9.6 -11.2
v 0.9 9.7 -11.2
v 0.9 13.5 -11.2
v 0.9 13.6 -11.2
v 1 9.2 -11.2
v 1 9.3 -11.2
v 1 13.9 -11.2
v 1 14 -11.2
v 1.1 9.3 -11.2
v 1.1 9.4 -11.2
v 1.1 9.7 -11.2
v 1.1 9.8 -11.2
v 1.1 13.4 -11.2
v 1.1 13.5 -11.2
v 1.1 13.8 -11.2
v 1.1 13.9 -11.2
v 1.2 9.8 -11.2
v 1.2 9.9 -11.2
v 1.2 13.3 -11.2
v 1.2 13.4 -11.2
v 1.3 9.4 -11.2
v 1.3 9.5 -11.2
v 1.3 9.9 -11.2
v 1.3 10 -11.2
v 1.3 13.2 -11.2
v 1.3 13.3 -11.2
v 1.3 13.7 -11.2
v 1.3 13.8 -11.2
v 1.4 9.5 -11.2
v 1.4 9.6 -11.2
v 1.4 10 -11.2
v 1.4 10.1 -11.2
v 1.4 13.1 -11.2
v 1.4 13.2 -11.2
v 1.4 13.6 -11.2
v 1.4 13.7 -11.2
v 1.5 9.6 -11.2
v 1.5 9.7 -11.2
v 1.5 10.1 -11.2
v 1.5 10.3 -11.2
v 1.5 12.9 -11.2
v 1.5 13.1 -11.2
v 1.5 13.5 -11.2
v 1.5 13.6 -11.2
v 1.7 9.7 -11.2
v 1.7 9.9 -11.2
v 1.7 10.3 -11.2
v 1.7 10.6 -11.2
v 1.7 12.6 -11.2
v 1.7 12.9 -11.2
v 1.7 13.3 -11.2
v 1.7 13.5 -11.2
v 1.8 9.9 -11.2
v 1.8 10 -11.2
v 1.8 10.6 -11.2
v 1.8 11 -11.2
v 1.8 12.2 -11.2
v 1.8 12.6 -11.2
v 1.8 13.2 -11.2
v 1.8 13.3 -11.2
v 1.9 10 -11.2
v 1.9 10.1 -11.2
v 1.9 11 -11.2
v 1.9 11.2 -11.2
v 1.9 11.4 -11.2
v 1.9 12 -11.2
v 1.9 12.2 -11.2
v 1.9 13.1 -11.2
v 1.9 13.2 -11.2
v 2 10.1 -11.2
v 2 10.3 -11.2
v 2 11.2 -11.2
v 2 11.4 -11.2
v 2 12 -11.2
v 2 12.9 -11.2
v 2 13.1 -11.2
v 2.1 10.3 -11.2
v 2.1 10.4 -11.2
v 2.1 12.8 -11.2
v 2.1 12.9 -11.2
v 2.2 10.4 -11.2
v 2.2 10.7 -11.2
v 2.2 12.5 -11.2
v 2.2 12.8 -11.2
v 2.3 10.7 -11.2
v 2.3 11.2 -11.2
v 2.3 12 -11.2
v 2.3 12.5 -11.2
v 2.4 11.2 -11.2
v 2.4 12 -11.2
v -2.4 11.4 -11.6
v -2.4 12 -11.6
v -0.9 7.7 -11.6
v -0.9 7.8 -11.6
v -0.8 7.8 -11.6
v -0.8 8 -11.6
v -0.7 8 -11.6
v -0.7 8.2 -11.6
v -0.6 8.2 -11.6
v -0.6 8.4 -11.6
v -0.5 8.4 -11.6
v -0.5 11.4 -11.6
v 0.2 8.4 -11.6
v 0.2 11.4 -11.6
v 0.3 8.2 -11.6
v 0.3 8.4 -11.6
v 0.4 8 -11.6
v 0.4 8.2 -11.6
v 0.5 7.8 -11.6
v 0.5 8 -11.6
v 0.6 7.7 -11.6
v 0.6 7.8 -11.6
v 2 11.4 -11.6
v 2 12 -11.6
v -14.7 4.1 -10.4
v -14.6 4.1 -10.4
v -14.7 4.1 -10.5
v -14.6 4.1 -10.5
v 10.8 6.6 -10.6
v 10.9 6.6 -10.6
v 10.8 6.6 -10.7
v 10.9 6.6 -10.7
v -1 7.7 -8.9
v 0.7 7.7 -8.9
v -1 7.7 -9.1
v 0.7 7.7 -9.1
v -0.9 7.7 -11.4
v 0.6 7.7 -11.4
v -0.9 7.7 -11.6
v 0.6 7.7 -11.6
v -0.4 8.1 -10
v 0.1 8.1 -10
v -0.6 8.1 -10.1
v -0.4 8.1 -10.1
v 0.1 8.1 -10.1
v 0.3 8.1 -10.1
v -0.6 8.1 -10.3
v -0.4 8.1 -10.3
v 0.1 8.1 -10.3
v 0.3 8.1 -10.3
v -0.4 8.1 -10.4
v 0.1 8.1 -10.4
v -0.6 8.2 -9.8
v 0.3 8.2 -9.8
v -0.7 8.2 -9.9
v -0.6 8.2 -9.9
v 0.3 8.2 -9.9
v 0.4 8.2 -9.9
v -0.8 8.2 -10
v -0.7 8.2 -10
v -0.4 8.2 -10
v 0.1 8.2 -10
v 0.4 8.2 -10
v 0.5 8.2 -10
v -0.9 8.2 -10.1
v -0.8 8.2 -10.1
v -0.6 8.2 -10.1
v -0.4 8.2 -10.1
v 0.1 8.2 -10.1
v 0.3 8.2 -10.1
v 0.5 8.2 -10.1
v 0.6 8.2 -10.1
v -0.9 8.2 -10.3
v -0.8 8.2 -10.3
v -0.6 8.2 -10.3
v -0.4 8.2 -10.3
v 0.1 8.2 -10.3
v 0.3 8.2 -10.3
v 0.5 8.2 -10.3
v 0.6 8.2 -10.3
v -0.8 8.2 -10.4
v -0.7 8.2 -10.4
v -0.4 8.2 -10.4
v 0.1 8.2 -10.4
v 0.4 8.2 -10.4
v 0.5 8.2 -10.4
v -0.7 8.2 -10.5
v -0.6 8.2 -10.5
v 0.3 8.2 -10.5
v 0.4 8.2 -10.5
v -0.6 8.2 -10.6
v 0.3 8.2 -10.6
v -0.5 8.3 -9.7
v 0.2 8.3 -9.7
v -0.8 8.3 -9.8
v -0.6 8.3 -9.8
v -0.5 8.3 -9.8
v 0.2 8.3 -9.8
v 0.3 8.3 -9.8
v 0.5 8.3 -9.8
v -0.9 8.3 -9.9
v -0.8 8.3 -9.9
v -0.7 8.3 -9.9
v -0.6 8.3 -9.9
v 0.3 8.3 -9.9
v 0.4 8.3 -9.9
v 0.5 8.3 -9.9
v 0.6 8.3 -9.9
v -1 8.3 -10
v -0.9 8.3 -10
v -0.8 8.3 -10
v -0.7 8.3 -10
v 0.4 8.3 -10
v 0.5 8.3 -10
v 0.6 8.3 -10
v 0.7 8.3 -10
v -1.1 8.3 -10.1
v -1 8.3 -10.1
v -0.9 8.3 -10.1
v -0.8 8.3 -10.1
v 0.5 8.3 -10.1
v 0.6 8.3 -10.1
v 0.7 8.3 -10.1
v 0.8 8.3 -10.1
v -1.1 8.3 -10.3
v -1 8.3 -10.3
v -0.9 8.3 -10.3
v -0.8 8.3 -10.3
v 0.5 8.3 -10.3
v 0.6 8.3 -10.3
v 0.7 8.3 -10.3
v 0.8 8.3 -10.3
v -1 8.3 -10.4
v -0.9 8.3 -10.4
v -0.8 8.3 -10.4
v -0.7 8.3 -10.4
v 0.4 8.3 -10.4
v 0.5 8.3 -10.4
v 0.6 8.3 -10.4
v 0.7 8.3 -10.4
v -0.9 8.3 -10.5
v -0.8 8.3 -10.5
v -0.7 8.3 -10.5
v -0.6 8.3 -10.5
v 0.3 8.3 -10.5
v 0.4 8.3 -10.5
v 0.5 8.3 -10.5
v 0.6 8.3 -10.5
v -0.8 8.3 -10.6
v -0.6 8.3 -10.6
v -0.5 8.3 -10.6
v 0.2 8.3 -10.6
v 0.3 8.3 -10.6
v 0.5 8.3 -10.6
v -0.5 8.3 -10.7
v 0.2 8.3 -10.7
v -0.5 8.4 -9.6
v 0.2 8.4 -9.6
v -0.8 8.4 -9.7
v -0.5 8.4 -9.7
v 0.2 8.4 -9.7
v 0.5 8.4 -9.7
v -1 8.4 -9.8
v -0.8 8.4 -9.8
v -0.5 8.4 -9.8
v 0.2 8.4 -9.8
v 0.5 8.4 -9.8
v 0.7 8.4 -9.8
v -1.1 8.4 -9.9
v -1 8.4 -9.9
v -0.9 8.4 -9.9
v -0.8 8.4 -9.9
v 0.5 8.4 -9.9
v 0.6 8.4 -9.9
v 0.7 8.4 -9.9
v 0.8 8.4 -9.9
v -1 8.4 -10
v -0.9 8.4 -10
v 0.6 8.4 -10
v 0.7 8.4 -10
v -1.2 8.4 -10.1
v -1.1 8.4 -10.1
v -1 8.4 -10.1
v 0.7 8.4 -10.1
v 0.8 8.4 -10.1
v 0.9 8.4 -10.1
v -1.2 8.4 -10.3
v -1.1 8.4 -10.3
v -1 8.4 -10.3
v 0.7 8.4 -10.3
v 0.8 8.4 -10.3
v 0.9 8.4 -10.3
v -1 8.4 -10.4
v -0.9 8.4 -10.4
v 0.6 8.4 -10.4
v 0.7 8.4 -10.4
v -1.1 8.4 -10.5
v -1 8.4 -10.5
v -0.9 8.4 -10.5
v -0.8 8.4 -10.5
v 0.5 8.4 -10.5
v 0.6 8.4 -10.5
v 0.7 8.4 -10.5
v 0.8 8.4 -10.5
v -1 8.4 -10.6
v -0.8 8.4 -10.6
v -0.5 8.4 -10.6
v 0.2 8.4 -10.6
v 0.5 8.4 -10.6
v 0.7 8.4 -10.6
v -0.8 8.4 -10.7
v -0.5 8.4 -10.7
v 0.2 8.4 -10.7
v 0.5 8.4 -10.7
v -0.5 8.4 -10.8
v 0.2 8.4 -10.8
v -0.7 8.5 -9.6
v -0.5 8.5 -9.6
v 0.2 8.5 -9.6
v 0.4 8.5 -9.6
v -0.9 8.5 -9.7
v -0.8 8.5 -9.7
v -0.7 8.5 -9.7
v -0.5 8.5 -9.7
v 0.2 8.5 -9.7
v 0.4 8.5 -9.7
v 0.5 8.5 -9.7
v 0.6 8.5 -9.7
v -1.1 8.5 -9.8
v -1 8.5 -9.8
v -0.9 8.5 -9.8
v -0.8 8.5 -9.8
v 0.5 8.5 -9.8
v 0.6 8.5 -9.8
v 0.7 8.5 -9.8
v 0.8 8.5 -9.8
v -1.2 8.5 -9.9
v -1.1 8.5 -9.9
v -1 8.5 -9.9
v 0.7 8.5 -9.9
v 0.8 8.5 -9.9
v 0.9 8.5 -9.9
v -1.3 8.5 -10.1
v -1.2 8.5 -10.1
v -1.1 8.5 -10.1
v 0.8 8.5 -10.1
v 0.9 8.5 -10.1
v 1 8.5 -10.1
v -1.3 8.5 -10.3
v -1.2 8.5 -10.3
v -1.1 8.5 -10.3
v 0.8 8.5 -10.3
v 0.9 8.5 -10.3
v 1 8.5 -10.3
v -1.2 8.5 -10.5
v -1.1 8.5 -10.5
v -1 8.5 -10.5
v 0.7 8.5 -10.5
v 0.8 8.5 -10.5
v 0.9 8.5 -10.5
v -1.1 8.5 -10.6
v -1 8.5 -10.6
v -0.9 8.5 -10.6
v -0.8 8.5 -10.6
v 0.5 8.5 -10.6
v 0.6 8.5 -10.6
v 0.7 8.5 -10.6
v 0.8 8.5 -10.6
v -0.9 8.5 -10.7
v -0.8 8.5 -10.7
v -0.7 8.5 -10.7
v -0.5 8.5 -10.7
v 0.2 8.5 -10.7
v 0.4 8.5 -10.7
v 0.5 8.5 -10.7
v 0.6 8.5 -10.7
v -0.7 8.5 -10.8
v -0.5 8.5 -10.8
v 0.2 8.5 -10.8
v 0.4 8.5 -10.8
v -0.4 8.6 -9.5
v -0.1 8.6 -9.5
v 0.1 8.6 -9.5
v -0.8 8.6 -9.6
v -0.7 8.6 -9.6
v -0.4 8.6 -9.6
v -0.1 8.6 -9.6
v 0.1 8.6 -9.6
v 0.4 8.6 -9.6
v 0.5 8.6 -9.6
v -1 8.6 -9.7
v -0.9 8.6 -9.7
v -0.8 8.6 -9.7
v -0.7 8.6 -9.7
v 0.4 8.6 -9.7
v 0.5 8.6 -9.7
v 0.6 8.6 -9.7
v 0.7 8.6 -9.7
v -1.2 8.6 -9.8
v -1.1 8.6 -9.8
v -1 8.6 -9.8
v -0.9 8.6 -9.8
v 0.6 8.6 -9.8
v 0.7 8.6 -9.8
v 0.8 8.6 -9.8
v 0.9 8.6 -9.8
v -1.2 8.6 -9.9
v -1.1 8.6 -9.9
v 0.8 8.6 -9.9
v 0.9 8.6 -9.9
v -1.3 8.6 -10
v -1.2 8.6 -10
v 0.9 8.6 -10
v 1 8.6 -10
v -1.3 8.6 -10.1
v -1.2 8.6 -10.1
v 0.9 8.6 -10.1
v 1 8.6 -10.1
v -1.3 8.6 -10.3
v -1.2 8.6 -10.3
v 0.9 8.6 -10.3
v 1 8.6 -10.3
v -1.3 8.6 -10.4
v -1.2 8.6 -10.4
v 0.9 8.6 -10.4
v 1 8.6 -10.4
v -1.2 8.6 -10.5
v -1.1 8.6 -10.5
v 0.8 8.6 -10.5
v 0.9 8.6 -10.5
v -1.2 8.6 -10.6
v -1.1 8.6 -10.6
v -1 8.6 -10.6
v -0.9 8.6 -10.6
v 0.6 8.6 -10.6
v 0.7 8.6 -10.6
v 0.8 8.6 -10.6
v 0.9 8.6 -10.6
v -1 8.6 -10.7
v -0.9 8.6 -10.7
v -0.8 8.6 -10.7
v -0.7 8.6 -10.7
v 0.4 8.6 -10.7
v 0.5 8.6 -10.7
v 0.6 8.6 -10.7
v 0.7 8.6 -10.7
v -0.8 8.6 -10.8
v -0.7 8.6 -10.8
v -0.4 8.6 -10.8
v 0 8.6 -10.8
v 0.1 8.6 -10.8
v 0.4 8.6 -10.8
v 0.5 8.6 -10.8
v -0.4 8.6 -10.9
v 0 8.6 -10.9
v 0.1 8.6 -10.9
v -0.6 8.7 -9.5
v -0.4 8.7 -9.5
v 0.1 8.7 -9.5
v 0.3 8.7 -9.5
v -0.9 8.7 -9.6
v -0.8 8.7 -9.6
v -0.6 8.7 -9.6
v -0.4 8.7 -9.6
v 0.1 8.7 -9.6
v 0.3 8.7 -9.6
v 0.5 8.7 -9.6
v 0.6 8.7 -9.6
v -1.1 8.7 -9.7
v -1 8.7 -9.7
v -0.9 8.7 -9.7
v -0.8 8.7 -9.7
v 0.5 8.7 -9.7
v 0.6 8.7 -9.7
v 0.7 8.7 -9.7
v 0.8 8.7 -9.7
v -1.1 8.7 -9.8
v -1 8.7 -9.8
v 0.7 8.7 -9.8
v 0.8 8.7 -9.8
v -1.3 8.7 -9.9
v -1.2 8.7 -9.9
v 0.9 8.7 -9.9
v 1 8.7 -9.9
v -1.4 8.7 -10
v -1.3 8.7 -10
v -1.2 8.7 -10
v 0.9 8.7 -10
v 1 8.7 -10
v 1.1 8.7 -10
v -1.4 8.7 -10.4
v -1.3 8.7 -10.4
v -1.2 8.7 -10.4
v 0.9 8.7 -10.4
v 1 8.7 -10.4
v 1.1 8.7 -10.4
v -1.3 8.7 -10.5
v -1.2 8.7 -10.5
v 0.9 8.7 -10.5
v 1 8.7 -10.5
v -1.1 8.7 -10.6
v -1 8.7 -10.6
v 0.7 8.7 -10.6
v 0.8 8.7 -10.6
v -1.1 8.7 -10.7
v -1 8.7 -10.7
v -0.9 8.7 -10.7
v -0.8 8.7 -10.7
v 0.5 8.7 -10.7
v 0.6 8.7 -10.7
v 0.7 8.7 -10.7
v 0.8 8.7 -10.7
v -0.9 8.7 -10.8
v -0.8 8.7 -10.8
v -0.6 8.7 -10.8
v -0.4 8.7 -10.8
v 0.1 8.7 -10.8
v 0.3 8.7 -10.8
v 0.5 8.7 -10.8
v 0.6 8.7 -10.8
v -0.6 8.7 -10.9
v -0.4 8.7 -10.9
v 0.1 8.7 -10.9
v 0.3 8.7 -10.9
v -0.6 9 -9.3
v 0.2 9 -9.3
v -0.6 9 -9.5
v 0.2 9 -9.5
v -0.6 9 -10.9
v 0.2 9 -10.9
v -0.6 9 -11.2
v 0.2 9 -11.2
v -1.1 9.1 -9.3
v -0.6 9.1 -9.3
v 0.2 9.1 -9.3
v 0.7 9.1 -9.3
v -0.6 9.1 -9.5
v 0.2 9.1 -9.5
v 0.3 9.1 -9.5
v -1.1 9.1 -9.6
v -0.9 9.1 -9.6
v -0.6 9.1 -9.6
v 0.3 9.1 -9.6
v 0.6 9.1 -9.6
v 0.7 9.1 -9.6
v -1.1 9.1 -10.9
v -0.6 9.1 -10.9
v 0.2 9.1 -10.9
v 0.3 9.1 -10.9
v 0.7 9.1 -10.9
v -1.1 9.1 -11.2
v -0.6 9.1 -11.2
v 0.2 9.1 -11.2
v 0.7 9.1 -11.2
v -1.4 9.2 -9.3
v -1.1 9.2 -9.3
v 0.7 9.2 -9.3
v 1 9.2 -9.3
v -1.4 9.2 -9.6
v -1.1 9.2 -9.6
v 0.7 9.2 -9.6
v 1 9.2 -9.6
v -1.4 9.2 -10.9
v -1.1 9.2 -10.9
v 0.7 9.2 -10.9
v 1 9.2 -10.9
v -1.4 9.2 -11.2
v -1.1 9.2 -11.2
v 0.7 9.2 -11.2
v 1 9.2 -11.2
v -1.5 9.3 -9.3
v -1.4 9.3 -9.3
v 1 9.3 -9.3
v 1.1 9.3 -9.3
v -1.5 9.3 -9.6
v -1.4 9.3 -9.6
v 1 9.3 -9.6
v 1.1 9.3 -9.6
v -1.5 9.3 -10.9
v -1.4 9.3 -10.9
v 1 9.3 -10.9
v 1.1 9.3 -10.9
v -1.5 9.3 -11.2
v -1.4 9.3 -11.2
v 1 9.3 -11.2
v 1.1 9.3 -11.2
v -1.7 9.4 -9.3
v -1.5 9.4 -9.3
v 1.1 9.4 -9.3
v 1.3 9.4 -9.3
v -1.7 9.4 -9.6
v -1.5 9.4 -9.6
v 1.1 9.4 -9.6
v 1.3 9.4 -9.6
v -1.7 9.4 -10.9
v -1.5 9.4 -10.9
v 1.1 9.4 -10.9
v 1.3 9.4 -10.9
v -1.7 9.4 -11.2
v -1.5 9.4 -11.2
v 1.1 9.4 -11.2
v 1.3 9.4 -11.2
v -1.8 9.5 -9.3
v -1.7 9.5 -9.3
v 1.3 9.5 -9.3
v 1.4 9.5 -9.3
v -1.8 9.5 -9.6
v -1.7 9.5 -9.6
v 1.3 9.5 -9.6
v 1.4 9.5 -9.6
v -1.8 9.5 -10.9
v -1.7 9.5 -10.9
v 1.3 9.5 -10.9
v 1.4 9.5 -10.9
v -1.8 9.5 -11.2
v -1.7 9.5 -11.2
v 1.3 9.5 -11.2
v 1.4 9.5 -11.2
v -1.9 9.6 -9.3
v -1.8 9.6 -9.3
v 1.4 9.6 -9.3
v 1.5 9.6 -9.3
v -1.9 9.6 -9.6
v -1.8 9.6 -9.6
v 1.4 9.6 -9.6
v 1.5 9.6 -9.6
v -1.9 9.6 -10.9
v -1.8 9.6 -10.9
v 1.4 9.6 -10.9
v 1.5 9.6 -10.9
v -1.9 9.6 -11.2
v -1.8 9.6 -11.2
v 1.4 9.6 -11.2
v 1.5 9.6 -11.2
v -2.1 9.7 -9.3
v -1.9 9.7 -9.3
v 1.5 9.7 -9.3
v 1.7 9.7 -9.3
v -2.1 9.7 -9.6
v -1.9 9.7 -9.6
v 1.5 9.7 -9.6
v 1.7 9.7 -9.6
v -2.1 9.7 -10.9
v -1.9 9.7 -10.9
v 1.5 9.7 -10.9
v 1.7 9.7 -10.9
v -2.1 9.7 -11.2
v -1.9 9.7 -11.2
v 1.5 9.7 -11.2
v 1.7 9.7 -11.2
v -2.2 9.9 -9.3
v -2.1 9.9 -9.3
v 1.7 9.9 -9.3
v 1.8 9.9 -9.3
v -2.2 9.9 -9.6
v -2.1 9.9 -9.6
v 1.7 9.9 -9.6
v 1.8 9.9 -9.6
v -2.2 9.9 -10.9
v -2.1 9.9 -10.9
v 1.7 9.9 -10.9
v 1.8 9.9 -10.9
v -2.2 9.9 -11.2
v -2.1 9.9 -11.2
v 1.7 9.9 -11.2
v 1.8 9.9 -11.2
v -2.3 10 -9.3
v -2.2 10 -9.3
v 1.8 10 -9.3
v 1.9 10 -9.3
v -2.3 10 -9.6
v -2.2 10 -9.6
v 1.8 10 -9.6
v 1.9 10 -9.6
v -2.3 10 -10.9
v -2.2 10 -10.9
v 1.8 10 -10.9
v 1.9 10 -10.9
v -2.3 10 -11.2
v -2.2 10 -11.2
v 1.8 10 -11.2
v 1.9 10 -11.2
v -2.4 10.1 -9.3
v -2.3 10.1 -9.3
v 1.9 10.1 -9.3
v 2 10.1 -9.3
v -2.4 10.1 -9.6
v -2.3 10.1 -9.6
v 1.9 10.1 -9.6
v 2 10.1 -9.6
v -2.4 10.1 -10.9
v -2.3 10.1 -10.9
v 1.9 10.1 -10.9
v 2 10.1 -10.9
v -2.4 10.1 -11.2
v -2.3 10.1 -11.2
v 1.9 10.1 -11.2
v 2 10.1 -11.2
v -2.5 10.3 -9.3
v -2.4 10.3 -9.3
v 2 10.3 -9.3
v 2.1 10.3 -9.3
v -2.5 10.3 -9.6
v -2.4 10.3 -9.6
v 2 10.3 -9.6
v 2.1 10.3 -9.6
v -2.5 10.3 -10.9
v -2.4 10.3 -10.9
v 2 10.3 -10.9
v 2.1 10.3 -10.9
v -2.5 10.3 -11.2
v -2.4 10.3 -11.2
v 2 10.3 -11.2
v 2.1 10.3 -11.2
v -2.6 10.4 -9.3
v -2.5 10.4 -9.3
v 2.1 10.4 -9.3
v 2.2 10.4 -9.3
v -2.6 10.4 -9.6
v -2.5 10.4 -9.6
v 2.1 10.4 -9.6
v 2.2 10.4 -9.6
v -2.6 10.4 -10.9
v -2.5 10.4 -10.9
v 2.1 10.4 -10.9
v 2.2 10.4 -10.9
v -2.6 10.4 -11.2
v -2.5 10.4 -11.2
v 2.1 10.4 -11.2
v 2.2 10.4 -11.2
v -2.7 10.7 -9.3
v -2.6 10.7 -9.3
v 2.2 10.7 -9.3
v 2.3 10.7 -9.3
v -2.7 10.7 -9.6
v -2.6 10.7 -9.6
v 2.2 10.7 -9.6
v 2.3 10.7 -9.6
v -2.7 10.7 -10.9
v -2.6 10.7 -10.9
v 2.2 10.7 -10.9
v 2.3 10.7 -10.9
v -2.7 10.7 -11.2
v -2.6 10.7 -11.2
v 2.2 10.7 -11.2
v 2.3 10.7 -11.2
v 1.9 10.8 -10
v 2.4 10.8 -10
v -2.7 10.8 -10.1
v -2.2 10.8 -10.1
v 1.7 10.8 -10.1
v 1.9 10.8 -10.1
v 2.4 10.8 -10.1
v 2.6 10.8 -10.1
v -2.9 10.8 -10.2
v -2.7 10.8 -10.2
v -2.2 10.8 -10.2
v -2 10.8 -10.2
v 1.7 10.8 -10.3
v 1.9 10.8 -10.3
v 2.4 10.8 -10.3
v 2.6 10.8 -10.3
v -2.9 10.8 -10.4
v -2.7 10.8 -10.4
v -2.2 10.8 -10.4
v -2 10.8 -10.4
v 1.9 10.8 -10.4
v 2.4 10.8 -10.4
v -2.7 10.8 -10.5
v -2.2 10.8 -10.5
v 1.7 10.9 -9.8
v 2.6 10.9 -9.8
v -2.9 10.9 -9.9
v -2 10.9 -9.9
v 1.6 10.9 -9.9
v 1.7 10.9 -9.9
v 2.6 10.9 -9.9
v 2.7 10.9 -9.9
v -3 10.9 -10
v -2.9 10.9 -10
v -2 10.9 -10
v -1.9 10.9 -10
v 1.5 10.9 -10
v 1.6 10.9 -10
v 1.9 10.9 -10
v 2.4 10.9 -10
v 2.7 10.9 -10
v 2.8 10.9 -10
v -3.1 10.9 -10.1
v -3 10.9 -10.1
v -2.7 10.9 -10.1
v -2.2 10.9 -10.1
v -1.9 10.9 -10.1
v -1.8 10.9 -10.1
v 1.4 10.9 -10.1
v 1.5 10.9 -10.1
v 1.7 10.9 -10.1
v 1.9 10.9 -10.1
v 2.4 10.9 -10.1
v 2.6 10.9 -10.1
v 2.8 10.9 -10.1
v 2.9 10.9 -10.1
v -3.2 10.9 -10.2
v -3.1 10.9 -10.2
v -2.9 10.9 -10.2
v -2.7 10.9 -10.2
v -2.2 10.9 -10.2
v -2 10.9 -10.2
v -1.8 10.9 -10.2
v -1.7 10.9 -10.2
v 1.4 10.9 -10.3
v 1.5 10.9 -10.3
v 1.7 10.9 -10.3
v 1.9 10.9 -10.3
v 2.4 10.9 -10.3
v 2.6 10.9 -10.3
v 2.8 10.9 -10.3
v 2.9 10.9 -10.3
v -3.2 10.9 -10.4
v -3.1 10.9 -10.4
v -2.9 10.9 -10.4
v -2.7 10.9 -10.4
v -2.2 10.9 -10.4
v -2 10.9 -10.4
v -1.8 10.9 -10.4
v -1.7 10.9 -10.4
v 1.5 10.9 -10.4
v 1.6 10.9 -10.4
v 1.9 10.9 -10.4
v 2.4 10.9 -10.4
v 2.7 10.9 -10.4
v 2.8 10.9 -10.4
v -3.1 10.9 -10.5
v -3 10.9 -10.5
v -2.7 10.9 -10.5
v -2.2 10.9 -10.5
v -1.9 10.9 -10.5
v -1.8 10.9 -10.5
v 1.6 10.9 -10.5
v 1.7 10.9 -10.5
v 2.6 10.9 -10.5
v 2.7 10.9 -10.5
v -3 10.9 -10.6
v -2.9 10.9 -10.6
v -2 10.9 -10.6
v -1.9 10.9 -10.6
v 1.7 10.9 -10.6
v 2.6 10.9 -10.6
v -2.9 10.9 -10.7
v -2 10.9 -10.7
v 1.8 11 -9.7
v 2.5 11 -9.7
v -2.8 11 -9.8
v -2.1 11 -9.8
v 1.5 11 -9.8
v 1.7 11 -9.8
v 1.8 11 -9.8
v 2.5 11 -9.8
v 2.6 11 -9.8
v 2.8 11 -9.8
v -3.1 11 -9.9
v -2.9 11 -9.9
v -2.8 11 -9.9
v -2.1 11 -9.9
v -2 11 -9.9
v -1.8 11 -9.9
v 1.4 11 -9.9
v 1.5 11 -9.9
v 1.6 11 -9.9
v 1.7 11 -9.9
v 2.6 11 -9.9
v 2.7 11 -9.9
v 2.8 11 -9.9
v 2.9 11 -9.9
v -3.2 11 -10
v -3.1 11 -10
v -3 11 -10
v -2.9 11 -10
v -2 11 -10
v -1.9 11 -10
v -1.8 11 -10
v -1.7 11 -10
v 1.3 11 -10
v 1.4 11 -10
v 1.5 11 -10
v 1.6 11 -10
v 2.7 11 -10
v 2.8 11 -10
v 2.9 11 -10
v 3 11 -10
v -3.3 11 -10.1
v -3.2 11 -10.1
v -3.1 11 -10.1
v -3 11 -10.1
v -1.9 11 -10.1
v -1.8 11 -10.1
v -1.7 11 -10.1
v -1.6 11 -10.1
v 1.2 11 -10.1
v 1.3 11 -10.1
v 1.4 11 -10.1
v 1.5 11 -10.1
v 2.8 11 -10.1
v 2.9 11 -10.1
v 3 11 -10.1
v 3.1 11 -10.1
v -3.4 11 -10.2
v -3.3 11 -10.2
v -3.2 11 -10.2
v -3.1 11 -10.2
v -1.8 11 -10.2
v -1.7 11 -10.2
v -1.6 11 -10.2
v -1.5 11 -10.2
v 1.2 11 -10.3
v 1.3 11 -10.3
v 1.4 11 -10.3
v 1.5 11 -10.3
v 2.8 11 -10.3
v 2.9 11 -10.3
v 3 11 -10.3
v 3.1 11 -10.3
v -3.4 11 -10.4
v -3.3 11 -10.4
v -3.2 11 -10.4
v -3.1 11 -10.4
v -1.8 11 -10.4
v -1.7 11 -10.4
v -1.6 11 -10.4
v -1.5 11 -10.4
v 1.3 11 -10.4
v 1.4 11 -10.4
v 1.5 11 -10.4
v 1.6 11 -10.4
v 2.7 11 -10.4
v 2.8 11 -10.4
v 2.9 11 -10.4
v 3 11 -10.4
v -3.3 11 -10.5
v -3.2 11 -10.5
v -3.1 11 -10.5
v -3 11 -10.5
v -1.9 11 -10.5
v -1.8 11 -10.5
v -1.7 11 -10.5
v -1.6 11 -10.5
v 1.4 11 -10.5
v 1.5 11 -10.5
v 1.6 11 -10.5
v 1.7 11 -10.5
v 2.6 11 -10.5
v 2.7 11 -10.5
v 2.8 11 -10.5
v 2.9 11 -10.5
v -3.2 11 -10.6
v -3.1 11 -10.6
v -3 11 -10.6
v -2.9 11 -10.6
v -2 11 -10.6
v -1.9 11 -10.6
v -1.8 11 -10.6
v -1.7 11 -10.6
v 1.5 11 -10.6
v 1.7 11 -10.6
v 1.8 11 -10.6
v 2.5 11 -10.6
v 2.6 11 -10.6
v 2.8 11 -10.6
v -3.1 11 -10.7
v -2.9 11 -10.7
v -2.8 11 -10.7
v -2.1 11 -10.7
v -2 11 -10.7
v -1.8 11 -10.7
v 1.8 11 -10.7
v 2.5 11 -10.7
v -2.8 11 -10.8
v -2.1 11 -10.8
v 1.8 11.1 -9.6
v 1.9 11.1 -9.6
v 2.3 11.1 -9.6
v 2.5 11.1 -9.6
v -2.8 11.1 -9.7
v -2.1 11.1 -9.7
v 1.5 11.1 -9.7
v 1.8 11.1 -9.7
v 2.5 11.1 -9.7
v 2.8 11.1 -9.7
v -3.1 11.1 -9.8
v -2.8 11.1 -9.8
v -2.1 11.1 -9.8
v -1.8 11.1 -9.8
v 1.3 11.1 -9.8
v 1.5 11.1 -9.8
v 1.8 11.1 -9.8
v 2.5 11.1 -9.8
v 2.8 11.1 -9.8
v 3 11.1 -9.8
v -3.3 11.1 -9.9
v -3.1 11.1 -9.9
v -2.8 11.1 -9.9
v -2.1 11.1 -9.9
v -1.8 11.1 -9.9
v -1.6 11.1 -9.9
v 1.2 11.1 -9.9
v 1.3 11.1 -9.9
v 1.4 11.1 -9.9
v 1.5 11.1 -9.9
v 2.8 11.1 -9.9
v 2.9 11.1 -9.9
v 3 11.1 -9.9
v 3.1 11.1 -9.9
v -3.4 11.1 -10
v -3.3 11.1 -10
v -3.2 11.1 -10
v -3.1 11.1 -10
v -1.8 11.1 -10
v -1.7 11.1 -10
v -1.6 11.1 -10
v -1.5 11.1 -10
v 1.3 11.1 -10
v 1.4 11.1 -10
v 2.9 11.1 -10
v 3 11.1 -10
v -3.3 11.1 -10.1
v -3.2 11.1 -10.1
v -1.7 11.1 -10.1
v -1.6 11.1 -10.1
v 1.1 11.1 -10.1
v 1.2 11.1 -10.1
v 1.3 11.1 -10.1
v 3 11.1 -10.1
v 3.1 11.1 -10.1
v 3.2 11.1 -10.1
v -3.5 11.1 -10.2
v -3.4 11.1 -10.2
v -3.3 11.1 -10.2
v -1.6 11.1 -10.2
v -1.5 11.1 -10.2
v -1.4 11.1 -10.2
v 1.1 11.1 -10.3
v 1.2 11.1 -10.3
v 1.3 11.1 -10.3
v 3 11.1 -10.3
v 3.1 11.1 -10.3
v 3.2 11.1 -10.3
v -3.5 11.1 -10.4
v -3.4 11.1 -10.4
v -3.3 11.1 -10.4
v -1.6 11.1 -10.4
v -1.5 11.1 -10.4
v -1.4 11.1 -10.4
v 1.3 11.1 -10.4
v 1.4 11.1 -10.4
v 2.9 11.1 -10.4
v 3 11.1 -10.4
v -3.3 11.1 -10.5
v -3.2 11.1 -10.5
v -1.7 11.1 -10.5
v -1.6 11.1 -10.5
v 1.2 11.1 -10.5
v 1.3 11.1 -10.5
v 1.4 11.1 -10.5
v 1.5 11.1 -10.5
v 2.8 11.1 -10.5
v 2.9 11.1 -10.5
v 3 11.1 -10.5
v 3.1 11.1 -10.5
v -3.4 11.1 -10.6
v -3.3 11.1 -10.6
v -3.2 11.1 -10.6
v -3.1 11.1 -10.6
v -1.8 11.1 -10.6
v -1.7 11.1 -10.6
v -1.6 11.1 -10.6
v -1.5 11.1 -10.6
v 1.3 11.1 -10.6
v 1.5 11.1 -10.6
v 1.8 11.1 -10.6
v 2.5 11.1 -10.6
v 2.8 11.1 -10.6
v 3 11.1 -10.6
v -3.3 11.1 -10.7
v -3.1 11.1 -10.7
v -2.8 11.1 -10.7
v -2.1 11.1 -10.7
v -1.8 11.1 -10.7
v -1.6 11.1 -10.7
v 1.5 11.1 -10.7
v 1.8 11.1 -10.7
v 2.5 11.1 -10.7
v 2.8 11.1 -10.7
v -3.1 11.1 -10.8
v -2.8 11.1 -10.8
v -2.1 11.1 -10.8
v -1.8 11.1 -10.8
v 1.8 11.1 -10.8
v 2.5 11.1 -10.8
v -2.8 11.1 -10.9
v -2.7 11.1 -10.9
v -2.3 11.1 -10.9
v -2.1 11.1 -10.9
v -2.4 11.2 -8.9
v -0.6 11.2 -8.9
v 0.3 11.2 -8.9
v 2 11.2 -8.9
v -0.6 11.2 -9.1
v 0.3 11.2 -9.1
v -2.8 11.2 -9.3
v -2.7 11.2 -9.3
v -2.4 11.2 -9.3
v -2.3 11.2 -9.3
v 1.9 11.2 -9.3
v 2 11.2 -9.3
v 2.3 11.2 -9.3
v 2.4 11.2 -9.3
v -2.8 11.2 -9.6
v -2.7 11.2 -9.6
v -2.3 11.2 -9.6
v 1.6 11.2 -9.6
v 1.8 11.2 -9.6
v 1.9 11.2 -9.6
v 2.3 11.2 -9.6
v 2.4 11.2 -9.6
v 2.5 11.2 -9.6
v 2.7 11.2 -9.6
v -3 11.2 -9.7
v -2.8 11.2 -9.7
v -2.1 11.2 -9.7
v -1.9 11.2 -9.7
v 1.4 11.2 -9.7
v 1.5 11.2 -9.7
v 1.6 11.2 -9.7
v 1.8 11.2 -9.7
v 2.5 11.2 -9.7
v 2.7 11.2 -9.7
v 2.8 11.2 -9.7
v 2.9 11.2 -9.7
v -3.2 11.2 -9.8
v -3.1 11.2 -9.8
v -3 11.2 -9.8
v -2.8 11.2 -9.8
v -2.1 11.2 -9.8
v -1.9 11.2 -9.8
v -1.8 11.2 -9.8
v -1.7 11.2 -9.8
v 1.2 11.2 -9.8
v 1.3 11.2 -9.8
v 1.4 11.2 -9.8
v 1.5 11.2 -9.8
v 2.8 11.2 -9.8
v 2.9 11.2 -9.8
v 3 11.2 -9.8
v 3.1 11.2 -9.8
v -3.4 11.2 -9.9
v -3.3 11.2 -9.9
v -3.2 11.2 -9.9
v -3.1 11.2 -9.9
v -1.8 11.2 -9.9
v -1.7 11.2 -9.9
v -1.6 11.2 -9.9
v -1.5 11.2 -9.9
v 1.1 11.2 -9.9
v 1.2 11.2 -9.9
v 1.3 11.2 -9.9
v 3 11.2 -9.9
v 3.1 11.2 -9.9
v 3.2 11.2 -9.9
v -3.5 11.2 -10
v -3.4 11.2 -10
v -3.3 11.2 -10
v -1.6 11.2 -10
v -1.5 11.2 -10
v -1.4 11.2 -10
v 1 11.2 -10.1
v 1.1 11.2 -10.1
v 1.2 11.2 -10.1
v 3.1 11.2 -10.1
v 3.2 11.2 -10.1
v 3.3 11.2 -10.1
v -3.6 11.2 -10.2
v -3.5 11.2 -10.2
v -3.4 11.2 -10.2
v -1.5 11.2 -10.2
v -1.4 11.2 -10.2
v -1.3 11.2 -10.2
v 1 11.2 -10.3
v 1.1 11.2 -10.3
v 1.2 11.2 -10.3
v 3.1 11.2 -10.3
v 3.2 11.2 -10.3
v 3.3 11.2 -10.3
v -3.6 11.2 -10.4
v -3.5 11.2 -10.4
v -3.4 11.2 -10.4
v -1.5 11.2 -10.4
v -1.4 11.2 -10.4
v -1.3 11.2 -10.4
v 1.1 11.2 -10.5
v 1.2 11.2 -10.5
v 1.3 11.2 -10.5
v 3 11.2 -10.5
v 3.1 11.2 -10.5
v 3.2 11.2 -10.5
v -3.5 11.2 -10.6
v -3.4 11.2 -10.6
v -3.3 11.2 -10.6
v -1.6 11.2 -10.6
v -1.5 11.2 -10.6
v -1.4 11.2 -10.6
v 1.2 11.2 -10.6
v 1.3 11.2 -10.6
v 1.4 11.2 -10.6
v 1.5 11.2 -10.6
v 2.8 11.2 -10.6
v 2.9 11.2 -10.6
v 3 11.2 -10.6
v 3.1 11.2 -10.6
v -3.4 11.2 -10.7
v -3.3 11.2 -10.7
v -3.2 11.2 -10.7
v -3.1 11.2 -10.7
v -1.8 11.2 -10.7
v -1.7 11.2 -10.7
v -1.6 11.2 -10.7
v -1.5 11.2 -10.7
v 1.4 11.2 -10.7
v 1.5 11.2 -10.7
v 1.6 11.2 -10.7
v 1.8 11.2 -10.7
v 2.5 11.2 -10.7
v 2.7 11.2 -10.7
v 2.8 11.2 -10.7
v 2.9 11.2 -10.7
v -3.2 11.2 -10.8
v -3.1 11.2 -10.8
v -3 11.2 -10.8
v -2.8 11.2 -10.8
v -2.1 11.2 -10.8
v -1.9 11.2 -10.8
v -1.8 11.2 -10.8
v -1.7 11.2 -10.8
v 1.6 11.2 -10.8
v 1.8 11.2 -10.8
v 2.5 11.2 -10.8
v 2.7 11.2 -10.8
v -3 11.2 -10.9
v -2.8 11.2 -10.9
v -2.7 11.2 -10.9
v -2.1 11.2 -10.9
v -1.9 11.2 -10.9
v 2.3 11.2 -10.9
v 2.4 11.2 -10.9
v -2.8 11.2 -11.2
v -2.7 11.2 -11.2
v 2.3 11.2 -11.2
v 2.4 11.2 -11.2
v -2.7 11.3 -9.6
v -2.4 11.3 -9.6
v -2.2 11.3 -9.6
v 1.5 11.3 -9.6
v 1.6 11.3 -9.6
v 2.7 11.3 -9.6
v 2.8 11.3 -9.6
v -3.1 11.3 -9.7
v -3 11.3 -9.7
v -2.7 11.3 -9.7
v -2.4 11.3 -9.7
v -2.2 11.3 -9.7
v -1.9 11.3 -9.7
v -1.8 11.3 -9.7
v 1.3 11.3 -9.7
v 1.4 11.3 -9.7
v 1.5 11.3 -9.7
v 1.6 11.3 -9.7
v 2.7 11.3 -9.7
v 2.8 11.3 -9.7
v 2.9 11.3 -9.7
v 3 11.3 -9.7
v -3.3 11.3 -9.8
v -3.2 11.3 -9.8
v -3.1 11.3 -9.8
v -3 11.3 -9.8
v -1.9 11.3 -9.8
v -1.8 11.3 -9.8
v -1.7 11.3 -9.8
v -1.6 11.3 -9.8
v 1.1 11.3 -9.8
v 1.2 11.3 -9.8
v 1.3 11.3 -9.8
v 1.4 11.3 -9.8
v 2.9 11.3 -9.8
v 3 11.3 -9.8
v 3.1 11.3 -9.8
v 3.2 11.3 -9.8
v -3.5 11.3 -9.9
v -3.4 11.3 -9.9
v -3.3 11.3 -9.9
v -3.2 11.3 -9.9
v -1.7 11.3 -9.9
v -1.6 11.3 -9.9
v -1.5 11.3 -9.9
v -1.4 11.3 -9.9
v 1.1 11.3 -9.9
v 1.2 11.3 -9.9
v 3.1 11.3 -9.9
v 3.2 11.3 -9.9
v -3.5 11.3 -10
v -3.4 11.3 -10
v -1.5 11.3 -10
v -1.4 11.3 -10
v 1 11.3 -10
v 1.1 11.3 -10
v 3.2 11.3 -10
v 3.3 11.3 -10
v -3.6 11.3 -10.1
v -3.5 11.3 -10.1
v -1.4 11.3 -10.1
v -1.3 11.3 -10.1
v 1 11.3 -10.1
v 1.1 11.3 -10.1
v 3.2 11.3 -10.1
v 3.3 11.3 -10.1
v -3.6 11.3 -10.2
v -3.5 11.3 -10.2
v -1.4 11.3 -10.2
v -1.3 11.3 -10.2
v 1 11.3 -10.3
v 1.1 11.3 -10.3
v 3.2 11.3 -10.3
v 3.3 11.3 -10.3
v -3.6 11.3 -10.4
v -3.5 11.3 -10.4
v -1.4 11.3 -10.4
v -1.3 11.3 -10.4
v 1 11.3 -10.4
v 1.1 11.3 -10.4
v 3.2 11.3 -10.4
v 3.3 11.3 -10.4
v -3.6 11.3 -10.5
v -3.5 11.3 -10.5
v -1.4 11.3 -10.5
v -1.3 11.3 -10.5
v 1.1 11.3 -10.5
v 1.2 11.3 -10.5
v 3.1 11.3 -10.5
v 3.2 11.3 -10.5
v -3.5 11.3 -10.6
v -3.4 11.3 -10.6
v -1.5 11.3 -10.6
v -1.4 11.3 -10.6
v 1.1 11.3 -10.6
v 1.2 11.3 -10.6
v 1.3 11.3 -10.6
v 1.4 11.3 -10.6
v 2.9 11.3 -10.6
v 3 11.3 -10.6
v 3.1 11.3 -10.6
v 3.2 11.3 -10.6
v -3.5 11.3 -10.7
v -3.4 11.3 -10.7
v -3.3 11.3 -10.7
v -3.2 11.3 -10.7
v -1.7 11.3 -10.7
v -1.6 11.3 -10.7
v -1.5 11.3 -10.7
v -1.4 11.3 -10.7
v 1.3 11.3 -10.7
v 1.4 11.3 -10.7
v 1.5 11.3 -10.7
v 1.6 11.3 -10.7
v 2.7 11.3 -10.7
v 2.8 11.3 -10.7
v 2.9 11.3 -10.7
v 3 11.3 -10.7
v -3.3 11.3 -10.8
v -3.2 11.3 -10.8
v -3.1 11.3 -10.8
v -3 11.3 -10.8
v -1.9 11.3 -10.8
v -1.8 11.3 -10.8
v -1.7 11.3 -10.8
v -1.6 11.3 -10.8
v 1.5 11.3 -10.8
v 1.6 11.3 -10.8
v 1.9 11.3 -10.8
v 2.3 11.3 -10.8
v 2.4 11.3 -10.8
v 2.7 11.3 -10.8
v 2.8 11.3 -10.8
v -3.1 11.3 -10.9
v -3 11.3 -10.9
v -2.3 11.3 -10.9
v -2.2 11.3 -10.9
v -1.9 11.3 -10.9
v -1.8 11.3 -10.9
v 1.9 11.3 -10.9
v 2 11.3 -10.9
v 2.3 11.3 -10.9
v 2.4 11.3 -10.9
v -2.3 11.3 -11
v -2.2 11.3 -11
v 2.4 11.4 -9.5
v 2.6 11.4 -9.5
v -2.9 11.4 -9.6
v -2.8 11.4 -9.6
v -2.7 11.4 -9.6
v -2.2 11.4 -9.6
v -2 11.4 -9.6
v 1.4 11.4 -9.6
v 1.5 11.4 -9.6
v 2.4 11.4 -9.6
v 2.6 11.4 -9.6
v 2.8 11.4 -9.6
v 2.9 11.4 -9.6
v -3.2 11.4 -9.7
v -3.1 11.4 -9.7
v -2.9 11.4 -9.7
v -2.7 11.4 -9.7
v -2.2 11.4 -9.7
v -2 11.4 -9.7
v -1.8 11.4 -9.7
v -1.7 11.4 -9.7
v 1.2 11.4 -9.7
v 1.3 11.4 -9.7
v 1.4 11.4 -9.7
v 1.5 11.4 -9.7
v 2.8 11.4 -9.7
v 2.9 11.4 -9.7
v 3 11.4 -9.7
v 3.1 11.4 -9.7
v -3.4 11.4 -9.8
v -3.3 11.4 -9.8
v -3.2 11.4 -9.8
v -3.1 11.4 -9.8
v -1.8 11.4 -9.8
v -1.7 11.4 -9.8
v -1.6 11.4 -9.8
v -1.5 11.4 -9.8
v 1.2 11.4 -9.8
v 1.3 11.4 -9.8
v 3 11.4 -9.8
v 3.1 11.4 -9.8
v -3.4 11.4 -9.9
v -3.3 11.4 -9.9
v -1.6 11.4 -9.9
v -1.5 11.4 -9.9
v 1 11.4 -9.9
v 1.1 11.4 -9.9
v 3.2 11.4 -9.9
v 3.3 11.4 -9.9
v -3.6 11.4 -10
v -3.5 11.4 -10
v -1.4 11.4 -10
v -1.3 11.4 -10
v 0.9 11.4 -10
v 1 11.4 -10
v 1.1 11.4 -10
v 3.2 11.4 -10
v 3.3 11.4 -10
v 3.4 11.4 -10
v -3.7 11.4 -10.1
v -3.6 11.4 -10.1
v -3.5 11.4 -10.1
v -1.4 11.4 -10.1
v -1.3 11.4 -10.1
v -1.2 11.4 -10.1
v 0.9 11.4 -10.4
v 1 11.4 -10.4
v 1.1 11.4 -10.4
v 3.2 11.4 -10.4
v 3.3 11.4 -10.4
v 3.4 11.4 -10.4
v -3.7 11.4 -10.5
v -3.6 11.4 -10.5
v -3.5 11.4 -10.5
v -1.4 11.4 -10.5
v -1.3 11.4 -10.5
v -1.2 11.4 -10.5
v 1 11.4 -10.5
v 1.1 11.4 -10.5
v 3.2 11.4 -10.5
v 3.3 11.4 -10.5
v -3.6 11.4 -10.6
v -3.5 11.4 -10.6
v -1.4 11.4 -10.6
v -1.3 11.4 -10.6
v 1.2 11.4 -10.6
v 1.3 11.4 -10.6
v 3 11.4 -10.6
v 3.1 11.4 -10.6
v -3.4 11.4 -10.7
v -3.3 11.4 -10.7
v -1.6 11.4 -10.7
v -1.5 11.4 -10.7
v 1.2 11.4 -10.7
v 1.3 11.4 -10.7
v 1.4 11.4 -10.7
v 1.5 11.4 -10.7
v 2.8 11.4 -10.7
v 2.9 11.4 -10.7
v 3 11.4 -10.7
v 3.1 11.4 -10.7
v -3.4 11.4 -10.8
v -3.3 11.4 -10.8
v -3.2 11.4 -10.8
v -3.1 11.4 -10.8
v -1.8 11.4 -10.8
v -1.7 11.4 -10.8
v -1.6 11.4 -10.8
v -1.5 11.4 -10.8
v 1.4 11.4 -10.8
v 1.5 11.4 -10.8
v 1.7 11.4 -10.8
v 1.9 11.4 -10.8
v 2.4 11.4 -10.8
v 2.6 11.4 -10.8
v 2.8 11.4 -10.8
v 2.9 11.4 -10.8
v -3.2 11.4 -10.9
v -3.1 11.4 -10.9
v -2.9 11.4 -10.9
v -2.8 11.4 -10.9
v -2.2 11.4 -10.9
v -2 11.4 -10.9
v -1.8 11.4 -10.9
v -1.7 11.4 -10.9
v 1.7 11.4 -10.9
v 1.9 11.4 -10.9
v 2.4 11.4 -10.9
v 2.6 11.4 -10.9
v -2.9 11.4 -11
v -2.8 11.4 -11
v -2.3 11.4 -11
v -2.2 11.4 -11
v -2 11.4 -11
v -2.4 11.4 -11.2
v -2.3 11.4 -11.2
v 1.9 11.4 -11.2
v 2 11.4 -11.2
v -0.5 11.4 -11.4
v 0.2 11.4 -11.4
v -2.4 11.4 -11.6
v -0.5 11.4 -11.6
v 0.2 11.4 -11.6
v 2 11.4 -11.6
v 2.1 11.5 -10.9
v 2.2 11.5 -10.9
v 2.1 11.5 -11
v 2.2 11.5 -11
v -2.3 12.2 -9.3
v -2.2 12.2 -9.3
v 1.8 12.2 -9.3
v 1.9 12.2 -9.3
v -2.3 12.2 -9.6
v -2.2 12.2 -9.6
v 1.8 12.2 -9.6
v 1.9 12.2 -9.6
v -2.3 12.2 -10.9
v -2.2 12.2 -10.9
v 1.8 12.2 -10.9
v 1.9 12.2 -10.9
v -2.3 12.2 -11.2
v -2.2 12.2 -11.2
v 1.8 12.2 -11.2
v 1.9 12.2 -11.2
v -0.4 12.5 -10
v 0.1 12.5 -10
v -0.6 12.5 -10.1
v -0.4 12.5 -10.1
v 0.1 12.5 -10.1
v 0.3 12.5 -10.1
v -0.6 12.5 -10.3
v -0.4 12.5 -10.3
v 0.1 12.5 -10.3
v 0.3 12.5 -10.3
v -0.4 12.5 -10.4
v 0.1 12.5 -10.4
v -2.2 12.6 -9.3
v -2.1 12.6 -9.3
v 1.7 12.6 -9.3
v 1.8 12.6 -9.3
v -2.2 12.6 -9.6
v -2.1 12.6 -9.6
v 1.7 12.6 -9.6
v 1.8 12.6 -9.6
v -0.6 12.6 -9.8
v 0.3 12.6 -9.8
v -0.7 12.6 -9.9
v -0.6 12.6 -9.9
v 0.3 12.6 -9.9
v 0.4 12.6 -9.9
v -0.8 12.6 -10
v -0.7 12.6 -10
v -0.4 12.6 -10
v 0.1 12.6 -10
v 0.4 12.6 -10
v 0.5 12.6 -10
v -0.9 12.6 -10.1
v -0.8 12.6 -10.1
v -0.6 12.6 -10.1
v -0.4 12.6 -10.1
v 0.1 12.6 -10.1
v 0.3 12.6 -10.1
v 0.5 12.6 -10.1
v 0.6 12.6 -10.1
v -0.9 12.6 -10.3
v -0.8 12.6 -10.3
v -0.6 12.6 -10.3
v -0.4 12.6 -10.3
v 0.1 12.6 -10.3
v 0.3 12.6 -10.3
v 0.5 12.6 -10.3
v 0.6 12.6 -10.3
v -0.8 12.6 -10.4
v -0.7 12.6 -10.4
v -0.4 12.6 -10.4
v 0.1 12.6 -10.4
v 0.4 12.6 -10.4
v 0.5 12.6 -10.4
v -0.7 12.6 -10.5
v -0.6 12.6 -10.5
v 0.3 12.6 -10.5
v 0.4 12.6 -10.5
v -0.6 12.6 -10.6
v 0.3 12.6 -10.6
v -2.2 12.6 -10.9
v -2.1 12.6 -10.9
v 1.7 12.6 -10.9
v 1.8 12.6 -10.9
v -2.2 12.6 -11.2
v -2.1 12.6 -11.2
v 1.7 12.6 -11.2
v 1.8 12.6 -11.2
v -0.5 12.7 -9.7
v 0.2 12.7 -9.7
v -0.8 12.7 -9.8
v -0.6 12.7 -9.8
v -0.5 12.7 -9.8
v 0.2 12.7 -9.8
v 0.3 12.7 -9.8
v 0.5 12.7 -9.8
v -0.9 12.7 -9.9
v -0.8 12.7 -9.9
v -0.7 12.7 -9.9
v -0.6 12.7 -9.9
v 0.3 12.7 -9.9
v 0.4 12.7 -9.9
v 0.5 12.7 -9.9
v 0.6 12.7 -9.9
v -1 12.7 -10
v -0.9 12.7 -10
v -0.8 12.7 -10
v -0.7 12.7 -10
v 0.4 12.7 -10
v 0.5 12.7 -10
v 0.6 12.7 -10
v 0.7 12.7 -10
v -1.1 12.7 -10.1
v -1 12.7 -10.1
v -0.9 12.7 -10.1
v -0.8 12.7 -10.1
v 0.5 12.7 -10.1
v 0.6 12.7 -10.1
v 0.7 12.7 -10.1
v 0.8 12.7 -10.1
v -1.1 12.7 -10.3
v -1 12.7 -10.3
v -0.9 12.7 -10.3
v -0.8 12.7 -10.3
v 0.5 12.7 -10.3
v 0.6 12.7 -10.3
v 0.7 12.7 -10.3
v 0.8 12.7 -10.3
v -1 12.7 -10.4
v -0.9 12.7 -10.4
v -0.8 12.7 -10.4
v -0.7 12.7 -10.4
v 0.4 12.7 -10.4
v 0.5 12.7 -10.4
v 0.6 12.7 -10.4
v 0.7 12.7 -10.4
v -0.9 12.7 -10.5
v -0.8 12.7 -10.5
v -0.7 12.7 -10.5
v -0.6 12.7 -10.5
v 0.3 12.7 -10.5
v 0.4 12.7 -10.5
v 0.5 12.7 -10.5
v 0.6 12.7 -10.5
v -0.8 12.7 -10.6
v -0.6 12.7 -10.6
v -0.5 12.7 -10.6
v 0.2 12.7 -10.6
v 0.3 12.7 -10.6
v 0.5 12.7 -10.6
v -0.5 12.7 -10.7
v 0.2 12.7 -10.7
v -0.5 12.8 -9.6
v 0.2 12.8 -9.6
v -0.8 12.8 -9.7
v -0.5 12.8 -9.7
v 0.2 12.8 -9.7
v 0.5 12.8 -9.7
v -1 12.8 -9.8
v -0.8 12.8 -9.8
v -0.5 12.8 -9.8
v 0.2 12.8 -9.8
v 0.5 12.8 -9.8
v 0.7 12.8 -9.8
v -1.1 12.8 -9.9
v -1 12.8 -9.9
v -0.9 12.8 -9.9
v -0.8 12.8 -9.9
v 0.5 12.8 -9.9
v 0.6 12.8 -9.9
v 0.7 12.8 -9.9
v 0.8 12.8 -9.9
v -1 12.8 -10
v -0.9 12.8 -10
v 0.6 12.8 -10
v 0.7 12.8 -10
v -1.2 12.8 -10.1
v -1.1 12.8 -10.1
v -1 12.8 -10.1
v 0.7 12.8 -10.1
v 0.8 12.8 -10.1
v 0.9 12.8 -10.1
v -1.2 12.8 -10.3
v -1.1 12.8 -10.3
v -1 12.8 -10.3
v 0.7 12.8 -10.3
v 0.8 12.8 -10.3
v 0.9 12.8 -10.3
v -1 12.8 -10.4
v -0.9 12.8 -10.4
v 0.6 12.8 -10.4
v 0.7 12.8 -10.4
v -1.1 12.8 -10.5
v -1 12.8 -10.5
v -0.9 12.8 -10.5
v -0.8 12.8 -10.5
v 0.5 12.8 -10.5
v 0.6 12.8 -10.5
v 0.7 12.8 -10.5
v 0.8 12.8 -10.5
v -1 12.8 -10.6
v -0.8 12.8 -10.6
v -0.5 12.8 -10.6
v 0.2 12.8 -10.6
v 0.5 12.8 -10.6
v 0.7 12.8 -10.6
v -0.8 12.8 -10.7
v -0.5 12.8 -10.7
v 0.2 12.8 -10.7
v 0.5 12.8 -10.7
v -0.5 12.8 -10.8
v 0.2 12.8 -10.8
v -2.1 12.9 -9.3
v -1.9 12.9 -9.3
v 1.5 12.9 -9.3
v 1.7 12.9 -9.3
v -2.1 12.9 -9.6
v -1.9 12.9 -9.6
v -0.7 12.9 -9.6
v -0.5 12.9 -9.6
v 0.2 12.9 -9.6
v 0.4 12.9 -9.6
v 1.5 12.9 -9.6
v 1.7 12.9 -9.6
v -0.9 12.9 -9.7
v -0.8 12.9 -9.7
v -0.7 12.9 -9.7
v -0.5 12.9 -9.7
v 0.2 12.9 -9.7
v 0.4 12.9 -9.7
v 0.5 12.9 -9.7
v 0.6 12.9 -9.7
v -1.1 12.9 -9.8
v -1 12.9 -9.8
v -0.9 12.9 -9.8
v -0.8 12.9 -9.8
v 0.5 12.9 -9.8
v 0.6 12.9 -9.8
v 0.7 12.9 -9.8
v 0.8 12.9 -9.8
v -1.2 12.9 -9.9
v -1.1 12.9 -9.9
v -1 12.9 -9.9
v 0.7 12.9 -9.9
v 0.8 12.9 -9.9
v 0.9 12.9 -9.9
v -1.3 12.9 -10.1
v -1.2 12.9 -10.1
v -1.1 12.9 -10.1
v 0.8 12.9 -10.1
v 0.9 12.9 -10.1
v 1 12.9 -10.1
v -1.3 12.9 -10.3
v -1.2 12.9 -10.3
v -1.1 12.9 -10.3
v 0.8 12.9 -10.3
v 0.9 12.9 -10.3
v 1 12.9 -10.3
v -1.2 12.9 -10.5
v -1.1 12.9 -10.5
v -1 12.9 -10.5
v 0.7 12.9 -10.5
v 0.8 12.9 -10.5
v 0.9 12.9 -10.5
v -1.1 12.9 -10.6
v -1 12.9 -10.6
v -0.9 12.9 -10.6
v -0.8 12.9 -10.6
v 0.5 12.9 -10.6
v 0.6 12.9 -10.6
v 0.7 12.9 -10.6
v 0.8 12.9 -10.6
v -0.9 12.9 -10.7
v -0.8 12.9 -10.7
v -0.7 12.9 -10.7
v -0.5 12.9 -10.7
v 0.2 12.9 -10.7
v 0.4 12.9 -10.7
v 0.5 12.9 -10.7
v 0.6 12.9 -10.7
v -0.7 12.9 -10.8
v -0.5 12.9 -10.8
v 0.2 12.9 -10.8
v 0.4 12.9 -10.8
v -2.1 12.9 -10.9
v -1.9 12.9 -10.9
v 1.5 12.9 -10.9
v 1.7 12.9 -10.9
v -2.1 12.9 -11.2
v -1.9 12.9 -11.2
v 1.5 12.9 -11.2
v 1.7 12.9 -11.2
v -0.4 13 -9.5
v -0.1 13 -9.5
v 0.1 13 -9.5
v -0.8 13 -9.6
v -0.7 13 -9.6
v -0.4 13 -9.6
v -0.1 13 -9.6
v 0.1 13 -9.6
v 0.4 13 -9.6
v 0.5 13 -9.6
v -1 13 -9.7
v -0.9 13 -9.7
v -0.8 13 -9.7
v -0.7 13 -9.7
v 0.4 13 -9.7
v 0.5 13 -9.7
v 0.6 13 -9.7
v 0.7 13 -9.7
v -1.2 13 -9.8
v -1.1 13 -9.8
v -1 13 -9.8
v -0.9 13 -9.8
v 0.6 13 -9.8
v 0.7 13 -9.8
v 0.8 13 -9.8
v 0.9 13 -9.8
v -1.2 13 -9.9
v -1.1 13 -9.9
v 0.8 13 -9.9
v 0.9 13 -9.9
v -1.3 13 -10
v -1.2 13 -10
v 0.9 13 -10
v 1 13 -10
v -1.3 13 -10.1
v -1.2 13 -10.1
v 0.9 13 -10.1
v 1 13 -10.1
v -1.3 13 -10.3
v -1.2 13 -10.3
v 0.9 13 -10.3
v 1 13 -10.3
v -1.3 13 -10.4
v -1.2 13 -10.4
v 0.9 13 -10.4
v 1 13 -10.4
v -1.2 13 -10.5
v -1.1 13 -10.5
v 0.8 13 -10.5
v 0.9 13 -10.5
v -1.2 13 -10.6
v -1.1 13 -10.6
v -1 13 -10.6
v -0.9 13 -10.6
v 0.6 13 -10.6
v 0.7 13 -10.6
v 0.8 13 -10.6
v 0.9 13 -10.6
v -1 13 -10.7
v -0.9 13 -10.7
v -0.8 13 -10.7
v -0.7 13 -10.7
v 0.4 13 -10.7
v 0.5 13 -10.7
v 0.6 13 -10.7
v 0.7 13 -10.7
v -0.8 13 -10.8
v -0.7 13 -10.8
v -0.4 13 -10.8
v 0 13 -10.8
v 0.1 13 -10.8
v 0.4 13 -10.8
v 0.5 13 -10.8
v -0.4 13 -10.9
v 0 13 -10.9
v 0.1 13 -10.9
v -1.9 13.1 -9.3
v -1.8 13.1 -9.3
v 1.4 13.1 -9.3
v 1.5 13.1 -9.3
v -0.6 13.1 -9.5
v -0.4 13.1 -9.5
v 0.1 13.1 -9.5
v 0.3 13.1 -9.5
v -1.9 13.1 -9.6
v -1.8 13.1 -9.6
v -0.9 13.1 -9.6
v -0.8 13.1 -9.6
v -0.6 13.1 -9.6
v -0.4 13.1 -9.6
v 0.1 13.1 -9.6
v 0.3 13.1 -9.6
v 0.5 13.1 -9.6
v 0.6 13.1 -9.6
v 1.4 13.1 -9.6
v 1.5 13.1 -9.6
v -1.1 13.1 -9.7
v -1 13.1 -9.7
v -0.9 13.1 -9.7
v -0.8 13.1 -9.7
v 0.5 13.1 -9.7
v 0.6 13.1 -9.7
v 0.7 13.1 -9.7
v 0.8 13.1 -9.7
v -1.1 13.1 -9.8
v -1 13.1 -9.8
v 0.7 13.1 -9.8
v 0.8 13.1 -9.8
v -1.3 13.1 -9.9
v -1.2 13.1 -9.9
v 0.9 13.1 -9.9
v 1 13.1 -9.9
v -1.4 13.1 -10
v -1.3 13.1 -10
v -1.2 13.1 -10
v 0.9 13.1 -10
v 1 13.1 -10
v 1.1 13.1 -10
v -1.4 13.1 -10.4
v -1.3 13.1 -10.4
v -1.2 13.1 -10.4
v 0.9 13.1 -10.4
v 1 13.1 -10.4
v 1.1 13.1 -10.4
v -1.3 13.1 -10.5
v -1.2 13.1 -10.5
v 0.9 13.1 -10.5
v 1 13.1 -10.5
v -1.1 13.1 -10.6
v -1 13.1 -10.6
v 0.7 13.1 -10.6
v 0.8 13.1 -10.6
v -1.1 13.1 -10.7
v -1 13.1 -10.7
v -0.9 13.1 -10.7
v -0.8 13.1 -10.7
v 0.5 13.1 -10.7
v 0.6 13.1 -10.7
v 0.7 13.1 -10.7
v 0.8 13.1 -10.7
v -0.9 13.1 -10.8
v -0.8 13.1 -10.8
v -0.6 13.1 -10.8
v -0.4 13.1 -10.8
v 0.1 13.1 -10.8
v 0.3 13.1 -10.8
v 0.5 13.1 -10.8
v 0.6 13.1 -10.8
v -1.9 13.1 -10.9
v -1.8 13.1 -10.9
v -0.6 13.1 -10.9
v -0.4 13.1 -10.9
v 0.1 13.1 -10.9
v 0.3 13.1 -10.9
v 1.4 13.1 -10.9
v 1.5 13.1 -10.9
v -1.9 13.1 -11.2
v -1.8 13.1 -11.2
v 1.4 13.1 -11.2
v 1.5 13.1 -11.2
v -1.8 13.2 -9.3
v -1.7 13.2 -9.3
v 1.3 13.2 -9.3
v 1.4 13.2 -9.3
v -1.8 13.2 -9.6
v -1.7 13.2 -9.6
v 1.3 13.2 -9.6
v 1.4 13.2 -9.6
v -1.8 13.2 -10.9
v -1.7 13.2 -10.9
v 1.3 13.2 -10.9
v 1.4 13.2 -10.9
v -1.8 13.2 -11.2
v -1.7 13.2 -11.2
v 1.3 13.2 -11.2
v 1.4 13.2 -11.2
v -1.7 13.3 -9.3
v -1.6 13.3 -9.3
v 1.2 13.3 -9.3
v 1.3 13.3 -9.3
v -1.7 13.3 -9.6
v -1.6 13.3 -9.6
v 1.2 13.3 -9.6
v 1.3 13.3 -9.6
v -1.7 13.3 -10.9
v -1.6 13.3 -10.9
v 1.2 13.3 -10.9
v 1.3 13.3 -10.9
v -1.7 13.3 -11.2
v -1.6 13.3 -11.2
v 1.2 13.3 -11.2
v 1.3 13.3 -11.2
v -1.6 13.4 -9.3
v -1.5 13.4 -9.3
v 1.1 13.4 -9.3
v 1.2 13.4 -9.3
v -1.6 13.4 -9.6
v -1.5 13.4 -9.6
v 1.1 13.4 -9.6
v 1.2 13.4 -9.6
v -1.6 13.4 -10.9
v -1.5 13.4 -10.9
v 1.1 13.4 -10.9
v 1.2 13.4 -10.9
v -1.6 13.4 -11.2
v -1.5 13.4 -11.2
v 1.1 13.4 -11.2
v 1.2 13.4 -11.2
v -1.5 13.5 -9.3
v -1.3 13.5 -9.3
v 0.9 13.5 -9.3
v 1.1 13.5 -9.3
v -1.5 13.5 -9.6
v -1.3 13.5 -9.6
v 0.9 13.5 -9.6
v 1.1 13.5 -9.6
v -1.5 13.5 -10.9
v -1.3 13.5 -10.9
v 0.9 13.5 -10.9
v 1.1 13.5 -10.9
v -1.5 13.5 -11.2
v -1.3 13.5 -11.2
v 0.9 13.5 -11.2
v 1.1 13.5 -11.2
v -1.3 13.6 -9.3
v -1.1 13.6 -9.3
v 0.7 13.6 -9.3
v 0.9 13.6 -9.3
v -1.3 13.6 -9.6
v -1.1 13.6 -9.6
v 0.7 13.6 -9.6
v 0.9 13.6 -9.6
v -1.3 13.6 -10.9
v -1.1 13.6 -10.9
v 0.7 13.6 -10.9
v 0.9 13.6 -10.9
v -1.3 13.6 -11.2
v -1.1 13.6 -11.2
v 0.7 13.6 -11.2
v 0.9 13.6 -11.2
v -1.1 13.7 -9.3
v -1 13.7 -9.3
v 0.6 13.7 -9.3
v 0.7 13.7 -9.3
v -1.1 13.7 -9.6
v -1 13.7 -9.6
v 0.6 13.7 -9.6
v 0.7 13.7 -9.6
v -1.1 13.7 -10.9
v -1 13.7 -10.9
v 0.6 13.7 -10.9
v 0.7 13.7 -10.9
v -1.1 13.7 -11.2
v -1 13.7 -11.2
v 0.6 13.7 -11.2
v 0.7 13.7 -11.2
v -1 13.8 -9.3
v -0.5 13.8 -9.3
v 0.1 13.8 -9.3
v 0.6 13.8 -9.3
v -1 13.8 -9.6
v -0.5 13.8 -9.6
v 0.1 13.8 -9.6
v 0.2 13.8 -9.6
v 0.6 13.8 -9.6
v -1 13.8 -10.9
v -0.5 13.8 -10.9
v 0.1 13.8 -10.9
v 0.6 13.8 -10.9
v -1 13.8 -11.2
v -0.5 13.8 -11.2
v 0.1 13.8 -11.2
v 0.6 13.8 -11.2
v -0.5 13.9 -9.3
v 0.1 13.9 -9.3
v -0.5 13.9 -9.6
v 0.1 13.9 -9.6
v -0.5 13.9 -10.9
v 0.1 13.9 -10.9
v -0.5 13.9 -11.2
v 0.1 13.9 -11.2
v -14.7 4.2 -10.4
v -14.6 4.2 -10.4
v -14.7 4.2 -10.5
v -14.6 4.2 -10.5
v 10.8 7 -10.6
v 10.9 7 -10.6
v 10.8 7 -10.7
v 10.9 7 -10.7
v -1 7.8 -8.9
v -0.9 7.8 -8.9
v 0.6 7.8 -8.9
v 0.7 7.8 -8.9
v -1 7.8 -9.1
v -0.9 7.8 -9.1
v 0.6 7.8 -9.1
v 0.7 7.8 -9.1
v -0.9 7.8 -11.4
v -0.8 7.8 -11.4
v 0.5 7.8 -11.4
v 0.6 7.8 -11.4
v -0.9 7.8 -11.6
v -0.8 7.8 -11.6
v 0.5 7.8 -11.6
v 0.6 7.8 -11.6
v -0.9 8 -8.9
v -0.8 8 -8.9
v 0.5 8 -8.9
v 0.6 8 -8.9
v -0.9 8 -9.1
v -0.8 8 -9.1
v 0.5 8 -9.1
v 0.6 8 -9.1
v -0.8 8 -11.4
v -0.7 8 -11.4
v 0.4 8 -11.4
v 0.5 8 -11.4
v -0.8 8 -11.6
v -0.7 8 -11.6
v 0.4 8 -11.6
v 0.5 8 -11.6
v -0.8 8.2 -8.9
v -0.7 8.2 -8.9
v 0.4 8.2 -8.9
v 0.5 8.2 -8.9
v -0.8 8.2 -9.1
v -0.7 8.2 -9.1
v 0.4 8.2 -9.1
v 0.5 8.2 -9.1
v -0.7 8.2 -11.4
v -0.6 8.2 -11.4
v 0.3 8.2 -11.4
v 0.4 8.2 -11.4
v -0.7 8.2 -11.6
v -0.6 8.2 -11.6
v 0.3 8.2 -11.6
v 0.4 8.2 -11.6
v -0.7 8.4 -8.9
v -0.6 8.4 -8.9
v 0.3 8.4 -8.9
v 0.4 8.4 -8.9
v -0.7 8.4 -9.1
v -0.6 8.4 -9.1
v 0.3 8.4 -9.1
v 0.4 8.4 -9.1
v -0.6 8.4 -11.4
v -0.5 8.4 -11.4
v 0.2 8.4 -11.4
v 0.3 8.4 -11.4
v -0.6 8.4 -11.6
v -0.5 8.4 -11.6
v 0.2 8.4 -11.6
v 0.3 8.4 -11.6
v -0.9 9.1 -9.6
v -0.8 9.1 -9.6
v 0.5 9.1 -9.6
v 0.6 9.1 -9.6
v -1.1 9.1 -9.7
v -1 9.1 -9.7
v -0.9 9.1 -9.7
v -0.8 9.1 -9.7
v 0.5 9.1 -9.7
v 0.6 9.1 -9.7
v 0.7 9.1 -9.7
v 0.8 9.1 -9.7
v -1.1 9.1 -9.8
v -1 9.1 -9.8
v 0.7 9.1 -9.8
v 0.8 9.1 -9.8
v -1.3 9.1 -9.9
v -1.2 9.1 -9.9
v 0.9 9.1 -9.9
v 1 9.1 -9.9
v -1.4 9.1 -10
v -1.3 9.1 -10
v -1.2 9.1 -10
v 0.9 9.1 -10
v 1 9.1 -10
v 1.1 9.1 -10
v -1.4 9.1 -10.4
v -1.3 9.1 -10.4
v -1.2 9.1 -10.4
v 0.9 9.1 -10.4
v 1 9.1 -10.4
v 1.1 9.1 -10.4
v -1.3 9.1 -10.5
v -1.2 9.1 -10.5
v 0.9 9.1 -10.5
v 1 9.1 -10.5
v -1.1 9.1 -10.6
v -1 9.1 -10.6
v 0.7 9.1 -10.6
v 0.8 9.1 -10.6
v -1.1 9.1 -10.7
v -1 9.1 -10.7
v -0.9 9.1 -10.7
v -0.8 9.1 -10.7
v 0.5 9.1 -10.7
v 0.6 9.1 -10.7
v 0.7 9.1 -10.7
v 0.8 9.1 -10.7
v -0.9 9.1 -10.8
v -0.8 9.1 -10.8
v -0.6 9.1 -10.8
v -0.4 9.1 -10.8
v 0.1 9.1 -10.8
v 0.3 9.1 -10.8
v 0.5 9.1 -10.8
v 0.6 9.1 -10.8
v -0.6 9.1 -10.9
v -0.4 9.1 -10.9
v 0.1 9.1 -10.9
v 0.3 9.1 -10.9
v -0.8 9.2 -9.6
v -0.7 9.2 -9.6
v 0.4 9.2 -9.6
v 0.5 9.2 -9.6
v -1 9.2 -9.7
v -0.9 9.2 -9.7
v -0.8 9.2 -9.7
v -0.7 9.2 -9.7
v 0.4 9.2 -9.7
v 0.5 9.2 -9.7
v 0.6 9.2 -9.7
v 0.7 9.2 -9.7
v -1.2 9.2 -9.8
v -1.1 9.2 -9.8
v -1 9.2 -9.8
v -0.9 9.2 -9.8
v 0.6 9.2 -9.8
v 0.7 9.2 -9.8
v 0.8 9.2 -9.8
v 0.9 9.2 -9.8
v -1.2 9.2 -9.9
v -1.1 9.2 -9.9
v 0.8 9.2 -9.9
v 0.9 9.2 -9.9
v -1.3 9.2 -10
v -1.2 9.2 -10
v 0.9 9.2 -10
v 1 9.2 -10
v -1.3 9.2 -10.1
v -1.2 9.2 -10.1
v 0.9 9.2 -10.1
v 1 9.2 -10.1
v -1.3 9.2 -10.3
v -1.2 9.2 -10.3
v 0.9 9.2 -10.3
v 1 9.2 -10.3
v -1.3 9.2 -10.4
v -1.2 9.2 -10.4
v 0.9 9.2 -10.4
v 1 9.2 -10.4
v -1.2 9.2 -10.5
v -1.1 9.2 -10.5
v 0.8 9.2 -10.5
v 0.9 9.2 -10.5
v -1.2 9.2 -10.6
v -1.1 9.2 -10.6
v -1 9.2 -10.6
v -0.9 9.2 -10.6
v 0.6 9.2 -10.6
v 0.7 9.2 -10.6
v 0.8 9.2 -10.6
v 0.9 9.2 -10.6
v -1 9.2 -10.7
v -0.9 9.2 -10.7
v -0.8 9.2 -10.7
v -0.7 9.2 -10.7
v 0.4 9.2 -10.7
v 0.5 9.2 -10.7
v 0.6 9.2 -10.7
v 0.7 9.2 -10.7
v -0.8 9.2 -10.8
v -0.7 9.2 -10.8
v -0.4 9.2 -10.8
v 0.1 9.2 -10.8
v 0.4 9.2 -10.8
v 0.5 9.2 -10.8
v -0.4 9.2 -10.9
v 0.1 9.2 -10.9
v -0.5 9.3 -9.3
v 0.1 9.3 -9.3
v -0.7 9.3 -9.6
v -0.5 9.3 -9.6
v 0.1 9.3 -9.6
v 0.2 9.3 -9.6
v 0.4 9.3 -9.6
v -0.9 9.3 -9.7
v -0.8 9.3 -9.7
v -0.7 9.3 -9.7
v -0.5 9.3 -9.7
v 0.2 9.3 -9.7
v 0.4 9.3 -9.7
v 0.5 9.3 -9.7
v 0.6 9.3 -9.7
v -1.1 9.3 -9.8
v -1 9.3 -9.8
v -0.9 9.3 -9.8
v -0.8 9.3 -9.8
v 0.5 9.3 -9.8
v 0.6 9.3 -9.8
v 0.7 9.3 -9.8
v 0.8 9.3 -9.8
v -1.2 9.3 -9.9
v -1.1 9.3 -9.9
v -1 9.3 -9.9
v 0.7 9.3 -9.9
v 0.8 9.3 -9.9
v 0.9 9.3 -9.9
v -1.3 9.3 -10.1
v -1.2 9.3 -10.1
v -1.1 9.3 -10.1
v 0.8 9.3 -10.1
v 0.9 9.3 -10.1
v 1 9.3 -10.1
v -1.3 9.3 -10.3
v -1.2 9.3 -10.3
v -1.1 9.3 -10.3
v 0.8 9.3 -10.3
v 0.9 9.3 -10.3
v 1 9.3 -10.3
v -1.2 9.3 -10.5
v -1.1 9.3 -10.5
v -1 9.3 -10.5
v 0.7 9.3 -10.5
v 0.8 9.3 -10.5
v 0.9 9.3 -10.5
v -1.1 9.3 -10.6
v -1 9.3 -10.6
v -0.9 9.3 -10.6
v -0.8 9.3 -10.6
v 0.5 9.3 -10.6
v 0.6 9.3 -10.6
v 0.7 9.3 -10.6
v 0.8 9.3 -10.6
v -0.9 9.3 -10.7
v -0.8 9.3 -10.7
v -0.7 9.3 -10.7
v -0.5 9.3 -10.7
v 0.2 9.3 -10.7
v 0.4 9.3 -10.7
v 0.5 9.3 -10.7
v 0.6 9.3 -10.7
v -0.7 9.3 -10.8
v -0.5 9.3 -10.8
v 0.2 9.3 -10.8
v 0.4 9.3 -10.8
v -0.5 9.3 -10.9
v 0.1 9.3 -10.9
v -0.5 9.3 -11.2
v 0.1 9.3 -11.2
v -1 9.4 -9.3
v -0.5 9.4 -9.3
v 0.1 9.4 -9.3
v 0.6 9.4 -9.3
v -1 9.4 -9.6
v -0.5 9.4 -9.6
v 0.1 9.4 -9.6
v 0.2 9.4 -9.6
v 0.6 9.4 -9.6
v -0.8 9.4 -9.7
v -0.5 9.4 -9.7
v 0.2 9.4 -9.7
v 0.5 9.4 -9.7
v -1 9.4 -9.8
v -0.8 9.4 -9.8
v -0.5 9.4 -9.8
v 0.2 9.4 -9.8
v 0.5 9.4 -9.8
v 0.7 9.4 -9.8
v -1.1 9.4 -9.9
v -1 9.4 -9.9
v -0.9 9.4 -9.9
v -0.8 9.4 -9.9
v 0.5 9.4 -9.9
v 0.6 9.4 -9.9
v 0.7 9.4 -9.9
v 0.8 9.4 -9.9
v -1 9.4 -10
v -0.9 9.4 -10
v 0.6 9.4 -10
v 0.7 9.4 -10
v -1.2 9.4 -10.1
v -1.1 9.4 -10.1
v -1 9.4 -10.1
v 0.7 9.4 -10.1
v 0.8 9.4 -10.1
v 0.9 9.4 -10.1
v -1.2 9.4 -10.3
v -1.1 9.4 -10.3
v -1 9.4 -10.3
v 0.7 9.4 -10.3
v 0.8 9.4 -10.3
v 0.9 9.4 -10.3
v -1 9.4 -10.4
v -0.9 9.4 -10.4
v 0.6 9.4 -10.4
v 0.7 9.4 -10.4
v -1.1 9.4 -10.5
v -1 9.4 -10.5
v -0.9 9.4 -10.5
v -0.8 9.4 -10.5
v 0.5 9.4 -10.5
v 0.6 9.4 -10.5
v 0.7 9.4 -10.5
v 0.8 9.4 -10.5
v -1 9.4 -10.6
v -0.8 9.4 -10.6
v -0.5 9.4 -10.6
v 0.2 9.4 -10.6
v 0.5 9.4 -10.6
v 0.7 9.4 -10.6
v -0.8 9.4 -10.7
v -0.5 9.4 -10.7
v 0.2 9.4 -10.7
v 0.5 9.4 -10.7
v -0.5 9.4 -10.8
v 0.2 9.4 -10.8
v -1 9.4 -10.9
v -0.5 9.4 -10.9
v 0.1 9.4 -10.9
v 0.6 9.4 -10.9
v -1 9.4 -11.2
v -0.5 9.4 -11.2
v 0.1 9.4 -11.2
v 0.6 9.4 -11.2
v -1.1 9.5 -9.3
v -1 9.5 -9.3
v 0.6 9.5 -9.3
v 0.7 9.5 -9.3
v -1.1 9.5 -9.6
v -1 9.5 -9.6
v 0.6 9.5 -9.6
v 0.7 9.5 -9.6
v -0.5 9.5 -9.7
v 0.2 9.5 -9.7
v -0.8 9.5 -9.8
v -0.6 9.5 -9.8
v -0.5 9.5 -9.8
v 0.2 9.5 -9.8
v 0.3 9.5 -9.8
v 0.5 9.5 -9.8
v -0.9 9.5 -9.9
v -0.8 9.5 -9.9
v -0.7 9.5 -9.9
v -0.6 9.5 -9.9
v 0.3 9.5 -9.9
v 0.4 9.5 -9.9
v 0.5 9.5 -9.9
v 0.6 9.5 -9.9
v -1 9.5 -10
v -0.9 9.5 -10
v -0.8 9.5 -10
v -0.7 9.5 -10
v 0.4 9.5 -10
v 0.5 9.5 -10
v 0.6 9.5 -10
v 0.7 9.5 -10
v -1.1 9.5 -10.1
v -1 9.5 -10.1
v -0.9 9.5 -10.1
v -0.8 9.5 -10.1
v 0.5 9.5 -10.1
v 0.6 9.5 -10.1
v 0.7 9.5 -10.1
v 0.8 9.5 -10.1
v -1.1 9.5 -10.3
v -1 9.5 -10.3
v -0.9 9.5 -10.3
v -0.8 9.5 -10.3
v 0.5 9.5 -10.3
v 0.6 9.5 -10.3
v 0.7 9.5 -10.3
v 0.8 9.5 -10.3
v -1 9.5 -10.4
v -0.9 9.5 -10.4
v -0.8 9.5 -10.4
v -0.7 9.5 -10.4
v 0.4 9.5 -10.4
v 0.5 9.5 -10.4
v 0.6 9.5 -10.4
v 0.7 9.5 -10.4
v -0.9 9.5 -10.5
v -0.8 9.5 -10.5
v -0.7 9.5 -10.5
v -0.6 9.5 -10.5
v 0.3 9.5 -10.5
v 0.4 9.5 -10.5
v 0.5 9.5 -10.5
v 0.6 9.5 -10.5
v -0.8 9.5 -10.6
v -0.6 9.5 -10.6
v -0.5 9.5 -10.6
v 0.2 9.5 -10.6
v 0.3 9.5 -10.6
v 0.5 9.5 -10.6
v -0.5 9.5 -10.7
v 0.2 9.5 -10.7
v -1.1 9.5 -10.9
v -1 9.5 -10.9
v 0.6 9.5 -10.9
v 0.7 9.5 -10.9
v -1.1 9.5 -11.2
v -1 9.5 -11.2
v 0.6 9.5 -11.2
v 0.7 9.5 -11.2
v -1.3 9.6 -9.3
v -1.1 9.6 -9.3
v 0.7 9.6 -9.3
v 0.9 9.6 -9.3
v -1.3 9.6 -9.6
v -1.1 9.6 -9.6
v 0.7 9.6 -9.6
v 0.9 9.6 -9.6
v -0.6 9.6 -9.8
v 0.3 9.6 -9.8
v -0.7 9.6 -9.9
v -0.6 9.6 -9.9
v 0.3 9.6 -9.9
v 0.4 9.6 -9.9
v -0.8 9.6 -10
v -0.7 9.6 -10
v -0.4 9.6 -10
v 0.1 9.6 -10
v 0.4 9.6 -10
v 0.5 9.6 -10
v -0.9 9.6 -10.1
v -0.8 9.6 -10.1
v -0.6 9.6 -10.1
v -0.4 9.6 -10.1
v 0.1 9.6 -10.1
v 0.3 9.6 -10.1
v 0.5 9.6 -10.1
v 0.6 9.6 -10.1
v -0.9 9.6 -10.3
v -0.8 9.6 -10.3
v -0.6 9.6 -10.3
v -0.4 9.6 -10.3
v 0.1 9.6 -10.3
v 0.3 9.6 -10.3
v 0.5 9.6 -10.3
v 0.6 9.6 -10.3
v -0.8 9.6 -10.4
v -0.7 9.6 -10.4
v -0.4 9.6 -10.4
v 0.1 9.6 -10.4
v 0.4 9.6 -10.4
v 0.5 9.6 -10.4
v -0.7 9.6 -10.5
v -0.6 9.6 -10.5
v 0.3 9.6 -10.5
v 0.4 9.6 -10.5
v -0.6 9.6 -10.6
v 0.3 9.6 -10.6
v -1.3 9.6 -10.9
v -1.1 9.6 -10.9
v 0.7 9.6 -10.9
v 0.9 9.6 -10.9
v -1.3 9.6 -11.2
v -1.1 9.6 -11.2
v 0.7 9.6 -11.2
v 0.9 9.6 -11.2
v -1.5 9.7 -9.3
v -1.3 9.7 -9.3
v 0.9 9.7 -9.3
v 1.1 9.7 -9.3
v -1.5 9.7 -9.6
v -1.3 9.7 -9.6
v 0.9 9.7 -9.6
v 1.1 9.7 -9.6
v -0.4 9.7 -10
v 0.1 9.7 -10
v -0.6 9.7 -10.1
v -0.4 9.7 -10.1
v 0.1 9.7 -10.1
v 0.3 9.7 -10.1
v -0.6 9.7 -10.3
v -0.4 9.7 -10.3
v 0.1 9.7 -10.3
v 0.3 9.7 -10.3
v -0.4 9.7 -10.4
v 0.1 9.7 -10.4
v -1.5 9.7 -10.9
v -1.3 9.7 -10.9
v 0.9 9.7 -10.9
v 1.1 9.7 -10.9
v -1.5 9.7 -11.2
v -1.3 9.7 -11.2
v 0.9 9.7 -11.2
v 1.1 9.7 -11.2
v -1.6 9.8 -9.3
v -1.5 9.8 -9.3
v 1.1 9.8 -9.3
v 1.2 9.8 -9.3
v -1.6 9.8 -9.6
v -1.5 9.8 -9.6
v 1.1 9.8 -9.6
v 1.2 9.8 -9.6
v -1.6 9.8 -10.9
v -1.5 9.8 -10.9
v 1.1 9.8 -10.9
v 1.2 9.8 -10.9
v -1.6 9.8 -11.2
v -1.5 9.8 -11.2
v 1.1 9.8 -11.2
v 1.2 9.8 -11.2
v -1.7 9.9 -9.3
v -1.6 9.9 -9.3
v 1.2 9.9 -9.3
v 1.3 9.9 -9.3
v -1.7 9.9 -9.6
v -1.6 9.9 -9.6
v 1.2 9.9 -9.6
v 1.3 9.9 -9.6
v -1.7 9.9 -10.9
v -1.6 9.9 -10.9
v 1.2 9.9 -10.9
v 1.3 9.9 -10.9
v -1.7 9.9 -11.2
v -1.6 9.9 -11.2
v 1.2 9.9 -11.2
v 1.3 9.9 -11.2
v -1.8 10 -9.3
v -1.7 10 -9.3
v 1.3 10 -9.3
v 1.4 10 -9.3
v -1.8 10 -9.6
v -1.7 10 -9.6
v 1.3 10 -9.6
v 1.4 10 -9.6
v -1.8 10 -10.9
v -1.7 10 -10.9
v 1.3 10 -10.9
v 1.4 10 -10.9
v -1.8 10 -11.2
v -1.7 10 -11.2
v 1.3 10 -11.2
v 1.4 10 -11.2
v -1.9 10.1 -9.3
v -1.8 10.1 -9.3
v 1.4 10.1 -9.3
v 1.5 10.1 -9.3
v -1.9 10.1 -9.6
v -1.8 10.1 -9.6
v 1.4 10.1 -9.6
v 1.5 10.1 -9.6
v -1.9 10.1 -10.9
v -1.8 10.1 -10.9
v 1.4 10.1 -10.9
v 1.5 10.1 -10.9
v -1.9 10.1 -11.2
v -1.8 10.1 -11.2
v 1.4 10.1 -11.2
v 1.5 10.1 -11.2
v -2.1 10.3 -9.3
v -1.9 10.3 -9.3
v 1.5 10.3 -9.3
v 1.7 10.3 -9.3
v -2.1 10.3 -9.6
v -1.9 10.3 -9.6
v 1.5 10.3 -9.6
v 1.7 10.3 -9.6
v -2.1 10.3 -10.9
v -1.9 10.3 -10.9
v 1.5 10.3 -10.9
v 1.7 10.3 -10.9
v -2.1 10.3 -11.2
v -1.9 10.3 -11.2
v 1.5 10.3 -11.2
v 1.7 10.3 -11.2
v -2.2 10.6 -9.3
v -2.1 10.6 -9.3
v 1.7 10.6 -9.3
v 1.8 10.6 -9.3
v -2.2 10.6 -9.6
v -2.1 10.6 -9.6
v 1.7 10.6 -9.6
v 1.8 10.6 -9.6
v -2.2 10.6 -10.9
v -2.1 10.6 -10.9
v 1.7 10.6 -10.9
v 1.8 10.6 -10.9
v -2.2 10.6 -11.2
v -2.1 10.6 -11.2
v 1.7 10.6 -11.2
v 1.8 10.6 -11.2
v -2.3 11 -9.3
v -2.2 11 -9.3
v 1.8 11 -9.3
v 1.9 11 -9.3
v -2.3 11 -9.6
v -2.2 11 -9.6
v 1.8 11 -9.6
v 1.9 11 -9.6
v -2.3 11 -10.9
v -2.2 11 -10.9
v 1.8 11 -10.9
v 1.9 11 -10.9
v -2.3 11 -11.2
v -2.2 11 -11.2
v 1.8 11 -11.2
v 1.9 11 -11.2
v 2.1 11.4 -10.9
v 2.2 11.4 -10.9
v 2.1 11.4 -11
v 2.2 11.4 -11
v 2.4 11.8 -9.5
v 2.6 11.8 -9.5
v -2.9 11.8 -9.6
v -2.8 11.8 -9.6
v -2.7 11.8 -9.6
v -2.2 11.8 -9.6
v -2 11.8 -9.6
v 1.4 11.8 -9.6
v 1.5 11.8 -9.6
v 2.4 11.8 -9.6
v 2.6 11.8 -9.6
v 2.8 11.8 -9.6
v 2.9 11.8 -9.6
v -3.2 11.8 -9.7
v -3.1 11.8 -9.7
v -2.9 11.8 -9.7
v -2.7 11.8 -9.7
v -2.2 11.8 -9.7
v -2 11.8 -9.7
v -1.8 11.8 -9.7
v -1.7 11.8 -9.7
v 1.2 11.8 -9.7
v 1.3 11.8 -9.7
v 1.4 11.8 -9.7
v 1.5 11.8 -9.7
v 2.8 11.8 -9.7
v 2.9 11.8 -9.7
v 3 11.8 -9.7
v 3.1 11.8 -9.7
v -3.4 11.8 -9.8
v -3.3 11.8 -9.8
v -3.2 11.8 -9.8
v -3.1 11.8 -9.8
v -1.8 11.8 -9.8
v -1.7 11.8 -9.8
v -1.6 11.8 -9.8
v -1.5 11.8 -9.8
v 1.2 11.8 -9.8
v 1.3 11.8 -9.8
v 3 11.8 -9.8
v 3.1 11.8 -9.8
v -3.4 11.8 -9.9
v -3.3 11.8 -9.9
v -1.6 11.8 -9.9
v -1.5 11.8 -9.9
v 1 11.8 -9.9
v 1.1 11.8 -9.9
v 3.2 11.8 -9.9
v 3.3 11.8 -9.9
v -3.6 11.8 -10
v -3.5 11.8 -10
v -1.4 11.8 -10
v -1.3 11.8 -10
v 0.9 11.8 -10
v 1 11.8 -10
v 1.1 11.8 -10
v 3.2 11.8 -10
v 3.3 11.8 -10
v 3.4 11.8 -10
v -3.7 11.8 -10.1
v -3.6 11.8 -10.1
v -3.5 11.8 -10.1
v -1.4 11.8 -10.1
v -1.3 11.8 -10.1
v -1.2 11.8 -10.1
v 0.9 11.8 -10.4
v 1 11.8 -10.4
v 1.1 11.8 -10.4
v 3.2 11.8 -10.4
v 3.3 11.8 -10.4
v 3.4 11.8 -10.4
v -3.7 11.8 -10.5
v -3.6 11.8 -10.5
v -3.5 11.8 -10.5
v -1.4 11.8 -10.5
v -1.3 11.8 -10.5
v -1.2 11.8 -10.5
v 1 11.8 -10.5
v 1.1 11.8 -10.5
v 3.2 11.8 -10.5
v 3.3 11.8 -10.5
v -3.6 11.8 -10.6
v -3.5 11.8 -10.6
v -1.4 11.8 -10.6
v -1.3 11.8 -10.6
v 1.2 11.8 -10.6
v 1.3 11.8 -10.6
v 3 11.8 -10.6
v 3.1 11.8 -10.6
v -3.4 11.8 -10.7
v -3.3 11.8 -10.7
v -1.6 11.8 -10.7
v -1.5 11.8 -10.7
v 1.2 11.8 -10.7
v 1.3 11.8 -10.7
v 1.4 11.8 -10.7
v 1.5 11.8 -10.7
v 2.8 11.8 -10.7
v 2.9 11.8 -10.7
v 3 11.8 -10.7
v 3.1 11.8 -10.7
v -3.4 11.8 -10.8
v -3.3 11.8 -10.8
v -3.2 11.8 -10.8
v -3.1 11.8 -10.8
v -1.8 11.8 -10.8
v -1.7 11.8 -10.8
v -1.6 11.8 -10.8
v -1.5 11.8 -10.8
v 1.4 11.8 -10.8
v 1.5 11.8 -10.8
v 1.7 11.8 -10.8
v 1.9 11.8 -10.8
v 2.4 11.8 -10.8
v 2.6 11.8 -10.8
v 2.8 11.8 -10.8
v 2.9 11.8 -10.8
v -3.2 11.8 -10.9
v -3.1 11.8 -10.9
v -2.9 11.8 -10.9
v -2.8 11.8 -10.9
v -1.8 11.8 -10.9
v -1.7 11.8 -10.9
v 1.7 11.8 -10.9
v 1.9 11.8 -10.9
v 2.4 11.8 -10.9
v 2.6 11.8 -10.9
v -2.9 11.8 -11
v -2.8 11.8 -11
v -2.7 11.9 -9.6
v -2.4 11.9 -9.6
v -2.2 11.9 -9.6
v 1.5 11.9 -9.6
v 1.6 11.9 -9.6
v 2.7 11.9 -9.6
v 2.8 11.9 -9.6
v -3.1 11.9 -9.7
v -3 11.9 -9.7
v -2.7 11.9 -9.7
v -2.2 11.9 -9.7
v -1.9 11.9 -9.7
v -1.8 11.9 -9.7
v 1.3 11.9 -9.7
v 1.4 11.9 -9.7
v 1.5 11.9 -9.7
v 1.6 11.9 -9.7
v 2.7 11.9 -9.7
v 2.8 11.9 -9.7
v 2.9 11.9 -9.7
v 3 11.9 -9.7
v -3.3 11.9 -9.8
v -3.2 11.9 -9.8
v -3.1 11.9 -9.8
v -3 11.9 -9.8
v -1.9 11.9 -9.8
v -1.8 11.9 -9.8
v -1.7 11.9 -9.8
v -1.6 11.9 -9.8
v 1.1 11.9 -9.8
v 1.2 11.9 -9.8
v 1.3 11.9 -9.8
v 1.4 11.9 -9.8
v 2.9 11.9 -9.8
v 3 11.9 -9.8
v 3.1 11.9 -9.8
v 3.2 11.9 -9.8
v -3.5 11.9 -9.9
v -3.4 11.9 -9.9
v -3.3 11.9 -9.9
v -3.2 11.9 -9.9
v -1.7 11.9 -9.9
v -1.6 11.9 -9.9
v -1.5 11.9 -9.9
v -1.4 11.9 -9.9
v 1.1 11.9 -9.9
v 1.2 11.9 -9.9
v 3.1 11.9 -9.9
v 3.2 11.9 -9.9
v -3.5 11.9 -10
v -3.4 11.9 -10
v -1.5 11.9 -10
v -1.4 11.9 -10
v 1 11.9 -10
v 1.1 11.9 -10
v 3.2 11.9 -10
v 3.3 11.9 -10
v -3.6 11.9 -10.1
v -3.5 11.9 -10.1
v -1.4 11.9 -10.1
v -1.3 11.9 -10.1
v 1 11.9 -10.1
v 1.1 11.9 -10.1
v 3.2 11.9 -10.1
v 3.3 11.9 -10.1
v -3.6 11.9 -10.2
v -3.5 11.9 -10.2
v -1.4 11.9 -10.2
v -1.3 11.9 -10.2
v 1 11.9 -10.3
v 1.1 11.9 -10.3
v 3.2 11.9 -10.3
v 3.3 11.9 -10.3
v -3.6 11.9 -10.4
v -3.5 11.9 -10.4
v -1.4 11.9 -10.4
v -1.3 11.9 -10.4
v 1 11.9 -10.4
v 1.1 11.9 -10.4
v 3.2 11.9 -10.4
v 3.3 11.9 -10.4
v -3.6 11.9 -10.5
v -3.5 11.9 -10.5
v -1.4 11.9 -10.5
v -1.3 11.9 -10.5
v 1.1 11.9 -10.5
v 1.2 11.9 -10.5
v 3.1 11.9 -10.5
v 3.2 11.9 -10.5
v -3.5 11.9 -10.6
v -3.4 11.9 -10.6
v -1.5 11.9 -10.6
v -1.4 11.9 -10.6
v 1.1 11.9 -10.6
v 1.2 11.9 -10.6
v 1.3 11.9 -10.6
v 1.4 11.9 -10.6
v 2.9 11.9 -10.6
v 3 11.9 -10.6
v 3.1 11.9 -10.6
v 3.2 11.9 -10.6
v -3.5 11.9 -10.7
v -3.4 11.9 -10.7
v -3.3 11.9 -10.7
v -3.2 11.9 -10.7
v -1.7 11.9 -10.7
v -1.6 11.9 -10.7
v -1.5 11.9 -10.7
v -1.4 11.9 -10.7
v 1.3 11.9 -10.7
v 1.4 11.9 -10.7
v 1.5 11.9 -10.7
v 1.6 11.9 -10.7
v 2.7 11.9 -10.7
v 2.8 11.9 -10.7
v 2.9 11.9 -10.7
v 3 11.9 -10.7
v -3.3 11.9 -10.8
v -3.2 11.9 -10.8
v -3.1 11.9 -10.8
v -3 11.9 -10.8
v -1.9 11.9 -10.8
v -1.8 11.9 -10.8
v -1.7 11.9 -10.8
v -1.6 11.9 -10.8
v 1.5 11.9 -10.8
v 1.6 11.9 -10.8
v 1.9 11.9 -10.8
v 2.4 11.9 -10.8
v 2.7 11.9 -10.8
v 2.8 11.9 -10.8
v -3.1 11.9 -10.9
v -3 11.9 -10.9
v -1.9 11.9 -10.9
v -1.8 11.9 -10.9
v 1.9 11.9 -10.9
v 2 11.9 -10.9
v 2.4 11.9 -10.9
v -2.4 12 -8.9
v 2 12 -8.9
v -2.8 12 -9.3
v -2.7 12 -9.3
v -2.4 12 -9.3
v -2.3 12 -9.3
v 1.9 12 -9.3
v 2 12 -9.3
v 2.3 12 -9.3
v 2.4 12 -9.3
v -2.8 12 -9.6
v -2.7 12 -9.6
v -2.3 12 -9.6
v 1.6 12 -9.6
v 1.8 12 -9.6
v 1.9 12 -9.6
v 2.3 12 -9.6
v 2.4 12 -9.6
v 2.5 12 -9.6
v 2.7 12 -9.6
v -3 12 -9.7
v -2.8 12 -9.7
v -2.1 12 -9.7
v -1.9 12 -9.7
v 1.4 12 -9.7
v 1.5 12 -9.7
v 1.6 12 -9.7
v 1.8 12 -9.7
v 2.5 12 -9.7
v 2.7 12 -9.7
v 2.8 12 -9.7
v 2.9 12 -9.7
v -3.2 12 -9.8
v -3.1 12 -9.8
v -3 12 -9.8
v -2.8 12 -9.8
v -2.1 12 -9.8
v -1.9 12 -9.8
v -1.8 12 -9.8
v -1.7 12 -9.8
v 1.2 12 -9.8
v 1.3 12 -9.8
v 1.4 12 -9.8
v 1.5 12 -9.8
v 2.8 12 -9.8
v 2.9 12 -9.8
v 3 12 -9.8
v 3.1 12 -9.8
v -3.4 12 -9.9
v -3.3 12 -9.9
v -3.2 12 -9.9
v -3.1 12 -9.9
v -1.8 12 -9.9
v -1.7 12 -9.9
v -1.6 12 -9.9
v -1.5 12 -9.9
v 1.1 12 -9.9
v 1.2 12 -9.9
v 1.3 12 -9.9
v 3 12 -9.9
v 3.1 12 -9.9
v 3.2 12 -9.9
v -3.5 12 -10
v -3.4 12 -10
v -3.3 12 -10
v -1.6 12 -10
v -1.5 12 -10
v -1.4 12 -10
v 1 12 -10.1
v 1.1 12 -10.1
v 1.2 12 -10.1
v 3.1 12 -10.1
v 3.2 12 -10.1
v 3.3 12 -10.1
v -3.6 12 -10.2
v -3.5 12 -10.2
v -3.4 12 -10.2
v -1.5 12 -10.2
v -1.4 12 -10.2
v -1.3 12 -10.2
v 1 12 -10.3
v 1.1 12 -10.3
v 1.2 12 -10.3
v 3.1 12 -10.3
v 3.2 12 -10.3
v 3.3 12 -10.3
v -3.6 12 -10.4
v -3.5 12 -10.4
v -3.4 12 -10.4
v -1.5 12 -10.4
v -1.4 12 -10.4
v -1.3 12 -10.4
v 1.1 12 -10.5
v 1.2 12 -10.5
v 1.3 12 -10.5
v 3 12 -10.5
v 3.1 12 -10.5
v 3.2 12 -10.5
v -3.5 12 -10.6
v -3.4 12 -10.6
v -3.3 12 -10.6
v -1.6 12 -10.6
v -1.5 12 -10.6
v -1.4 12 -10.6
v 1.2 12 -10.6
v 1.3 12 -10.6
v 1.4 12 -10.6
v 1.5 12 -10.6
v 2.8 12 -10.6
v 2.9 12 -10.6
v 3 12 -10.6
v 3.1 12 -10.6
v -3.4 12 -10.7
v -3.3 12 -10.7
v -3.2 12 -10.7
v -3.1 12 -10.7
v -1.8 12 -10.7
v -1.7 12 -10.7
v -1.6 12 -10.7
v -1.5 12 -10.7
v 1.4 12 -10.7
v 1.5 12 -10.7
v 1.6 12 -10.7
v 1.8 12 -10.7
v 2.5 12 -10.7
v 2.7 12 -10.7
v 2.8 12 -10.7
v 2.9 12 -10.7
v -3.2 12 -10.8
v -3.1 12 -10.8
v -3 12 -10.8
v -2.8 12 -10.8
v -2.1 12 -10.8
v -1.9 12 -10.8
v -1.8 12 -10.8
v -1.7 12 -10.8
v 1.6 12 -10.8
v 1.8 12 -10.8
v 2.5 12 -10.8
v 2.7 12 -10.8
v -3 12 -10.9
v -2.8 12 -10.9
v -2.7 12 -10.9
v -2.3 12 -10.9
v -2.1 12 -10.9
v -1.9 12 -10.9
v 1.9 12 -10.9
v 2.3 12 -10.9
v 2.4 12 -10.9
v -2.8 12 -11.2
v -2.7 12 -11.2
v -2.4 12 -11.2
v -2.3 12 -11.2
v 1.9 12 -11.2
v 2 12 -11.2
v 2.3 12 -11.2
v 2.4 12 -11.2
v -2.4 12 -11.6
v 2 12 -11.6
v 1.8 12.1 -9.6
v 1.9 12.1 -9.6
v 2.3 12.1 -9.6
v 2.5 12.1 -9.6
v -2.8 12.1 -9.7
v -2.1 12.1 -9.7
v 1.5 12.1 -9.7
v 1.8 12.1 -9.7
v 2.5 12.1 -9.7
v 2.8 12.1 -9.7
v -3.1 12.1 -9.8
v -2.8 12.1 -9.8
v -2.1 12.1 -9.8
v -1.8 12.1 -9.8
v 1.3 12.1 -9.8
v 1.5 12.1 -9.8
v 1.8 12.1 -9.8
v 2.5 12.1 -9.8
v 2.8 12.1 -9.8
v 3 12.1 -9.8
v -3.3 12.1 -9.9
v -3.1 12.1 -9.9
v -2.8 12.1 -9.9
v -2.1 12.1 -9.9
v -1.8 12.1 -9.9
v -1.6 12.1 -9.9
v 1.2 12.1 -9.9
v 1.3 12.1 -9.9
v 1.4 12.1 -9.9
v 1.5 12.1 -9.9
v 2.8 12.1 -9.9
v 2.9 12.1 -9.9
v 3 12.1 -9.9
v 3.1 12.1 -9.9
v -3.4 12.1 -10
v -3.3 12.1 -10
v -3.2 12.1 -10
v -3.1 12.1 -10
v -1.8 12.1 -10
v -1.7 12.1 -10
v -1.6 12.1 -10
v -1.5 12.1 -10
v 1.3 12.1 -10
v 1.4 12.1 -10
v 2.9 12.1 -10
v 3 12.1 -10
v -3.3 12.1 -10.1
v -3.2 12.1 -10.1
v -1.7 12.1 -10.1
v -1.6 12.1 -10.1
v 1.1 12.1 -10.1
v 1.2 12.1 -10.1
v 1.3 12.1 -10.1
v 3 12.1 -10.1
v 3.1 12.1 -10.1
v 3.2 12.1 -10.1
v -3.5 12.1 -10.2
v -3.4 12.1 -10.2
v -3.3 12.1 -10.2
v -1.6 12.1 -10.2
v -1.5 12.1 -10.2
v -1.4 12.1 -10.2
v 1.1 12.1 -10.3
v 1.2 12.1 -10.3
v 1.3 12.1 -10.3
v 3 12.1 -10.3
v 3.1 12.1 -10.3
v 3.2 12.1 -10.3
v -3.5 12.1 -10.4
v -3.4 12.1 -10.4
v -3.3 12.1 -10.4
v -1.6 12.1 -10.4
v -1.5 12.1 -10.4
v -1.4 12.1 -10.4
v 1.3 12.1 -10.4
v 1.4 12.1 -10.4
v 2.9 12.1 -10.4
v 3 12.1 -10.4
v -3.3 12.1 -10.5
v -3.2 12.1 -10.5
v -1.7 12.1 -10.5
v -1.6 12.1 -10.5
v 1.2 12.1 -10.5
v 1.3 12.1 -10.5
v 1.4 12.1 -10.5
v 1.5 12.1 -10.5
v 2.8 12.1 -10.5
v 2.9 12.1 -10.5
v 3 12.1 -10.5
v 3.1 12.1 -10.5
v -3.4 12.1 -10.6
v -3.3 12.1 -10.6
v -3.2 12.1 -10.6
v -3.1 12.1 -10.6
v -1.8 12.1 -10.6
v -1.7 12.1 -10.6
v -1.6 12.1 -10.6
v -1.5 12.1 -10.6
v 1.3 12.1 -10.6
v 1.5 12.1 -10.6
v 1.8 12.1 -10.6
v 2.5 12.1 -10.6
v 2.8 12.1 -10.6
v 3 12.1 -10.6
v -3.3 12.1 -10.7
v -3.1 12.1 -10.7
v -2.8 12.1 -10.7
v -2.1 12.1 -10.7
v -1.8 12.1 -10.7
v -1.6 12.1 -10.7
v 1.5 12.1 -10.7
v 1.8 12.1 -10.7
v 2.5 12.1 -10.7
v 2.8 12.1 -10.7
v -3.1 12.1 -10.8
v -2.8 12.1 -10.8
v -2.1 12.1 -10.8
v -1.8 12.1 -10.8
v 1.8 12.1 -10.8
v 2.5 12.1 -10.8
v -2.8 12.1 -10.9
v -2.7 12.1 -10.9
v -2.3 12.1 -10.9
v -2.1 12.1 -10.9
v 1.8 12.2 -9.7
v 2.5 12.2 -9.7
v -2.8 12.2 -9.8
v -2.1 12.2 -9.8
v 1.5 12.2 -9.8
v 1.7 12.2 -9.8
v 1.8 12.2 -9.8
v 2.5 12.2 -9.8
v 2.6 12.2 -9.8
v 2.8 12.2 -9.8
v -3.1 12.2 -9.9
v -2.9 12.2 -9.9
v -2.8 12.2 -9.9
v -2.1 12.2 -9.9
v -2 12.2 -9.9
v -1.8 12.2 -9.9
v 1.4 12.2 -9.9
v 1.5 12.2 -9.9
v 1.6 12.2 -9.9
v 1.7 12.2 -9.9
v 2.6 12.2 -9.9
v 2.7 12.2 -9.9
v 2.8 12.2 -9.9
v 2.9 12.2 -9.9
v -3.2 12.2 -10
v -3.1 12.2 -10
v -3 12.2 -10
v -2.9 12.2 -10
v -2 12.2 -10
v -1.9 12.2 -10
v -1.8 12.2 -10
v -1.7 12.2 -10
v 1.3 12.2 -10
v 1.4 12.2 -10
v 1.5 12.2 -10
v 1.6 12.2 -10
v 2.7 12.2 -10
v 2.8 12.2 -10
v 2.9 12.2 -10
v 3 12.2 -10
v -3.3 12.2 -10.1
v -3.2 12.2 -10.1
v -3.1 12.2 -10.1
v -3 12.2 -10.1
v -1.9 12.2 -10.1
v -1.8 12.2 -10.1
v -1.7 12.2 -10.1
v -1.6 12.2 -10.1
v 1.2 12.2 -10.1
v 1.3 12.2 -10.1
v 1.4 12.2 -10.1
v 1.5 12.2 -10.1
v 2.8 12.2 -10.1
v 2.9 12.2 -10.1
v 3 12.2 -10.1
v 3.1 12.2 -10.1
v -3.4 12.2 -10.2
v -3.3 12.2 -10.2
v -3.2 12.2 -10.2
v -3.1 12.2 -10.2
v -1.8 12.2 -10.2
v -1.7 12.2 -10.2
v -1.6 12.2 -10.2
v -1.5 12.2 -10.2
v 1.2 12.2 -10.3
v 1.3 12.2 -10.3
v 1.4 12.2 -10.3
v 1.5 12.2 -10.3
v 2.8 12.2 -10.3
v 2.9 12.2 -10.3
v 3 12.2 -10.3
v 3.1 12.2 -10.3
v -3.4 12.2 -10.4
v -3.3 12.2 -10.4
v -3.2 12.2 -10.4
v -3.1 12.2 -10.4
v -1.8 12.2 -10.4
v -1.7 12.2 -10.4
v -1.6 12.2 -10.4
v -1.5 12.2 -10.4
v 1.3 12.2 -10.4
v 1.4 12.2 -10.4
v 1.5 12.2 -10.4
v 1.6 12.2 -10.4
v 2.7 12.2 -10.4
v 2.8 12.2 -10.4
v 2.9 12.2 -10.4
v 3 12.2 -10.4
v -3.3 12.2 -10.5
v -3.2 12.2 -10.5
v -3.1 12.2 -10.5
v -3 12.2 -10.5
v -1.9 12.2 -10.5
v -1.8 12.2 -10.5
v -1.7 12.2 -10.5
v -1.6 12.2 -10.5
v 1.4 12.2 -10.5
v 1.5 12.2 -10.5
v 1.6 12.2 -10.5
v 1.7 12.2 -10.5
v 2.6 12.2 -10.5
v 2.7 12.2 -10.5
v 2.8 12.2 -10.5
v 2.9 12.2 -10.5
v -3.2 12.2 -10.6
v -3.1 12.2 -10.6
v -3 12.2 -10.6
v -2.9 12.2 -10.6
v -2 12.2 -10.6
v -1.9 12.2 -10.6
v -1.8 12.2 -10.6
v -1.7 12.2 -10.6
v 1.5 12.2 -10.6
v 1.7 12.2 -10.6
v 1.8 12.2 -10.6
v 2.5 12.2 -10.6
v 2.6 12.2 -10.6
v 2.8 12.2 -10.6
v -3.1 12.2 -10.7
v -2.9 12.2 -10.7
v -2.8 12.2 -10.7
v -2.1 12.2 -10.7
v -2 12.2 -10.7
v -1.8 12.2 -10.7
v 1.8 12.2 -10.7
v 2.5 12.2 -10.7
v -2.8 12.2 -10.8
v -2.1 12.2 -10.8
v 1.7 12.3 -9.8
v 2.6 12.3 -9.8
v -2.9 12.3 -9.9
v -2 12.3 -9.9
v 1.6 12.3 -9.9
v 1.7 12.3 -9.9
v 2.6 12.3 -9.9
v 2.7 12.3 -9.9
v -3 12.3 -10
v -2.9 12.3 -10
v -2 12.3 -10
v -1.9 12.3 -10
v 1.5 12.3 -10
v 1.6 12.3 -10
v 1.9 12.3 -10
v 2.4 12.3 -10
v 2.7 12.3 -10
v 2.8 12.3 -10
v -3.1 12.3 -10.1
v -3 12.3 -10.1
v -2.7 12.3 -10.1
v -2.2 12.3 -10.1
v -1.9 12.3 -10.1
v -1.8 12.3 -10.1
v 1.4 12.3 -10.1
v 1.5 12.3 -10.1
v 1.7 12.3 -10.1
v 1.9 12.3 -10.1
v 2.4 12.3 -10.1
v 2.6 12.3 -10.1
v 2.8 12.3 -10.1
v 2.9 12.3 -10.1
v -3.2 12.3 -10.2
v -3.1 12.3 -10.2
v -2.9 12.3 -10.2
v -2.7 12.3 -10.2
v -2.2 12.3 -10.2
v -2 12.3 -10.2
v -1.8 12.3 -10.2
v -1.7 12.3 -10.2
v 1.4 12.3 -10.3
v 1.5 12.3 -10.3
v 1.7 12.3 -10.3
v 1.9 12.3 -10.3
v 2.4 12.3 -10.3
v 2.6 12.3 -10.3
v 2.8 12.3 -10.3
v 2.9 12.3 -10.3
v -3.2 12.3 -10.4
v -3.1 12.3 -10.4
v -2.9 12.3 -10.4
v -2.7 12.3 -10.4
v -2.2 12.3 -10.4
v -2 12.3 -10.4
v -1.8 12.3 -10.4
v -1.7 12.3 -10.4
v 1.5 12.3 -10.4
v 1.6 12.3 -10.4
v 1.9 12.3 -10.4
v 2.4 12.3 -10.4
v 2.7 12.3 -10.4
v 2.8 12.3 -10.4
v -3.1 12.3 -10.5
v -3 12.3 -10.5
v -2.7 12.3 -10.5
v -2.2 12.3 -10.5
v -1.9 12.3 -10.5
v -1.8 12.3 -10.5
v 1.6 12.3 -10.5
v 1.7 12.3 -10.5
v 2.6 12.3 -10.5
v 2.7 12.3 -10.5
v -3 12.3 -10.6
v -2.9 12.3 -10.6
v -2 12.3 -10.6
v -1.9 12.3 -10.6
v 1.7 12.3 -10.6
v 2.6 12.3 -10.6
v -2.9 12.3 -10.7
v -2 12.3 -10.7
v 1.9 12.4 -10
v 2.4 12.4 -10
v -2.7 12.4 -10.1
v -2.2 12.4 -10.1
v 1.7 12.4 -10.1
v 1.9 12.4 -10.1
v 2.4 12.4 -10.1
v 2.6 12.4 -10.1
v -2.9 12.4 -10.2
v -2.7 12.4 -10.2
v -2.2 12.4 -10.2
v -2 12.4 -10.2
v 1.7 12.4 -10.3
v 1.9 12.4 -10.3
v 2.4 12.4 -10.3
v 2.6 12.4 -10.3
v -2.9 12.4 -10.4
v -2.7 12.4 -10.4
v -2.2 12.4 -10.4
v -2 12.4 -10.4
v 1.9 12.4 -10.4
v 2.4 12.4 -10.4
v -2.7 12.4 -10.5
v -2.2 12.4 -10.5
v -2.7 12.5 -9.3
v -2.6 12.5 -9.3
v 2.2 12.5 -9.3
v 2.3 12.5 -9.3
v -2.7 12.5 -9.6
v -2.6 12.5 -9.6
v 2.2 12.5 -9.6
v 2.3 12.5 -9.6
v -2.7 12.5 -10.9
v -2.6 12.5 -10.9
v 2.2 12.5 -10.9
v 2.3 12.5 -10.9
v -2.7 12.5 -11.2
v -2.6 12.5 -11.2
v 2.2 12.5 -11.2
v 2.3 12.5 -11.2
v -2.6 12.8 -9.3
v -2.5 12.8 -9.3
v 2.1 12.8 -9.3
v 2.2 12.8 -9.3
v -2.6 12.8 -9.6
v -2.5 12.8 -9.6
v 2.1 12.8 -9.6
v 2.2 12.8 -9.6
v -2.6 12.8 -10.9
v -2.5 12.8 -10.9
v 2.1 12.8 -10.9
v 2.2 12.8 -10.9
v -2.6 12.8 -11.2
v -2.5 12.8 -11.2
v 2.1 12.8 -11.2
v 2.2 12.8 -11.2
v -2.5 12.9 -9.3
v -2.4 12.9 -9.3
v 2 12.9 -9.3
v 2.1 12.9 -9.3
v -2.5 12.9 -9.6
v -2.4 12.9 -9.6
v 2 12.9 -9.6
v 2.1 12.9 -9.6
v -2.5 12.9 -10.9
v -2.4 12.9 -10.9
v 2 12.9 -10.9
v 2.1 12.9 -10.9
v -2.5 12.9 -11.2
v -2.4 12.9 -11.2
v 2 12.9 -11.2
v 2.1 12.9 -11.2
v -2.4 13.1 -9.3
v -2.3 13.1 -9.3
v 1.9 13.1 -9.3
v 2 13.1 -9.3
v -2.4 13.1 -9.6
v -2.3 13.1 -9.6
v 1.9 13.1 -9.6
v 2 13.1 -9.6
v -2.4 13.1 -10.9
v -2.3 13.1 -10.9
v 1.9 13.1 -10.9
v 2 13.1 -10.9
v -2.4 13.1 -11.2
v -2.3 13.1 -11.2
v 1.9 13.1 -11.2
v 2 13.1 -11.2
v -2.3 13.2 -9.3
v -2.2 13.2 -9.3
v 1.8 13.2 -9.3
v 1.9 13.2 -9.3
v -2.3 13.2 -9.6
v -2.2 13.2 -9.6
v 1.8 13.2 -9.6
v 1.9 13.2 -9.6
v -2.3 13.2 -10.9
v -2.2 13.2 -10.9
v 1.8 13.2 -10.9
v 1.9 13.2 -10.9
v -2.3 13.2 -11.2
v -2.2 13.2 -11.2
v 1.8 13.2 -11.2
v 1.9 13.2 -11.2
v -2.2 13.3 -9.3
v -2.1 13.3 -9.3
v 1.7 13.3 -9.3
v 1.8 13.3 -9.3
v -2.2 13.3 -9.6
v -2.1 13.3 -9.6
v 1.7 13.3 -9.6
v 1.8 13.3 -9.6
v -2.2 13.3 -10.9
v -2.1 13.3 -10.9
v 1.7 13.3 -10.9
v 1.8 13.3 -10.9
v -2.2 13.3 -11.2
v -2.1 13.3 -11.2
v 1.7 13.3 -11.2
v 1.8 13.3 -11.2
v -2.1 13.5 -9.3
v -1.9 13.5 -9.3
v 1.5 13.5 -9.3
v 1.7 13.5 -9.3
v -0.6 13.5 -9.5
v -0.4 13.5 -9.5
v 0.1 13.5 -9.5
v 0.3 13.5 -9.5
v -2.1 13.5 -9.6
v -1.9 13.5 -9.6
v -0.9 13.5 -9.6
v -0.8 13.5 -9.6
v -0.6 13.5 -9.6
v -0.4 13.5 -9.6
v 0.1 13.5 -9.6
v 0.3 13.5 -9.6
v 0.5 13.5 -9.6
v 0.6 13.5 -9.6
v 1.5 13.5 -9.6
v 1.7 13.5 -9.6
v -1.1 13.5 -9.7
v -1 13.5 -9.7
v -0.9 13.5 -9.7
v -0.8 13.5 -9.7
v 0.5 13.5 -9.7
v 0.6 13.5 -9.7
v 0.7 13.5 -9.7
v 0.8 13.5 -9.7
v -1.1 13.5 -9.8
v -1 13.5 -9.8
v 0.7 13.5 -9.8
v 0.8 13.5 -9.8
v -1.3 13.5 -9.9
v -1.2 13.5 -9.9
v 0.9 13.5 -9.9
v 1 13.5 -9.9
v -1.4 13.5 -10
v -1.3 13.5 -10
v -1.2 13.5 -10
v 0.9 13.5 -10
v 1 13.5 -10
v 1.1 13.5 -10
v -1.4 13.5 -10.4
v -1.3 13.5 -10.4
v -1.2 13.5 -10.4
v 0.9 13.5 -10.4
v 1 13.5 -10.4
v 1.1 13.5 -10.4
v -1.3 13.5 -10.5
v -1.2 13.5 -10.5
v 0.9 13.5 -10.5
v 1 13.5 -10.5
v -1.1 13.5 -10.6
v -1 13.5 -10.6
v 0.7 13.5 -10.6
v 0.8 13.5 -10.6
v -1.1 13.5 -10.7
v -1 13.5 -10.7
v -0.9 13.5 -10.7
v -0.8 13.5 -10.7
v 0.5 13.5 -10.7
v 0.6 13.5 -10.7
v 0.7 13.5 -10.7
v 0.8 13.5 -10.7
v -0.9 13.5 -10.8
v -0.8 13.5 -10.8
v -0.6 13.5 -10.8
v -0.4 13.5 -10.8
v 0.1 13.5 -10.8
v 0.3 13.5 -10.8
v 0.5 13.5 -10.8
v 0.6 13.5 -10.8
v -2.1 13.5 -10.9
v -1.9 13.5 -10.9
v -0.6 13.5 -10.9
v -0.4 13.5 -10.9
v 0.1 13.5 -10.9
v 0.3 13.5 -10.9
v 1.5 13.5 -10.9
v 1.7 13.5 -10.9
v -2.1 13.5 -11.2
v -1.9 13.5 -11.2
v 1.5 13.5 -11.2
v 1.7 13.5 -11.2
v -1.9 13.6 -9.3
v -1.8 13.6 -9.3
v 1.4 13.6 -9.3
v 1.5 13.6 -9.3
v -0.4 13.6 -9.5
v 0.1 13.6 -9.5
v -1.9 13.6 -9.6
v -1.8 13.6 -9.6
v -0.8 13.6 -9.6
v -0.7 13.6 -9.6
v -0.4 13.6 -9.6
v 0.1 13.6 -9.6
v 0.4 13.6 -9.6
v 0.5 13.6 -9.6
v 1.4 13.6 -9.6
v 1.5 13.6 -9.6
v -1 13.6 -9.7
v -0.9 13.6 -9.7
v -0.8 13.6 -9.7
v -0.7 13.6 -9.7
v 0.4 13.6 -9.7
v 0.5 13.6 -9.7
v 0.6 13.6 -9.7
v 0.7 13.6 -9.7
v -1.2 13.6 -9.8
v -1.1 13.6 -9.8
v -1 13.6 -9.8
v -0.9 13.6 -9.8
v 0.6 13.6 -9.8
v 0.7 13.6 -9.8
v 0.8 13.6 -9.8
v 0.9 13.6 -9.8
v -1.2 13.6 -9.9
v -1.1 13.6 -9.9
v 0.8 13.6 -9.9
v 0.9 13.6 -9.9
v -1.3 13.6 -10
v -1.2 13.6 -10
v 0.9 13.6 -10
v 1 13.6 -10
v -1.3 13.6 -10.1
v -1.2 13.6 -10.1
v 0.9 13.6 -10.1
v 1 13.6 -10.1
v -1.3 13.6 -10.3
v -1.2 13.6 -10.3
v 0.9 13.6 -10.3
v 1 13.6 -10.3
v -1.3 13.6 -10.4
v -1.2 13.6 -10.4
v 0.9 13.6 -10.4
v 1 13.6 -10.4
v -1.2 13.6 -10.5
v -1.1 13.6 -10.5
v 0.8 13.6 -10.5
v 0.9 13.6 -10.5
v -1.2 13.6 -10.6
v -1.1 13.6 -10.6
v -1 13.6 -10.6
v -0.9 13.6 -10.6
v 0.6 13.6 -10.6
v 0.7 13.6 -10.6
v 0.8 13.6 -10.6
v 0.9 13.6 -10.6
v -1 13.6 -10.7
v -0.9 13.6 -10.7
v -0.8 13.6 -10.7
v -0.7 13.6 -10.7
v 0.4 13.6 -10.7
v 0.5 13.6 -10.7
v 0.6 13.6 -10.7
v 0.7 13.6 -10.7
v -0.8 13.6 -10.8
v -0.7 13.6 -10.8
v -0.4 13.6 -10.8
v 0.1 13.6 -10.8
v 0.4 13.6 -10.8
v 0.5 13.6 -10.8
v -1.9 13.6 -10.9
v -1.8 13.6 -10.9
v -0.4 13.6 -10.9
v 0.1 13.6 -10.9
v 1.4 13.6 -10.9
v 1.5 13.6 -10.9
v -1.9 13.6 -11.2
v -1.8 13.6 -11.2
v 1.4 13.6 -11.2
v 1.5 13.6 -11.2
v -1.8 13.7 -9.3
v -1.7 13.7 -9.3
v 1.3 13.7 -9.3
v 1.4 13.7 -9.3
v -1.8 13.7 -9.6
v -1.7 13.7 -9.6
v -0.7 13.7 -9.6
v -0.5 13.7 -9.6
v 0.2 13.7 -9.6
v 0.4 13.7 -9.6
v 1.3 13.7 -9.6
v 1.4 13.7 -9.6
v -0.9 13.7 -9.7
v -0.8 13.7 -9.7
v -0.7 13.7 -9.7
v -0.5 13.7 -9.7
v 0.2 13.7 -9.7
v 0.4 13.7 -9.7
v 0.5 13.7 -9.7
v 0.6 13.7 -9.7
v -1.1 13.7 -9.8
v -1 13.7 -9.8
v -0.9 13.7 -9.8
v -0.8 13.7 -9.8
v 0.5 13.7 -9.8
v 0.6 13.7 -9.8
v 0.7 13.7 -9.8
v 0.8 13.7 -9.8
v -1.2 13.7 -9.9
v -1.1 13.7 -9.9
v -1 13.7 -9.9
v 0.7 13.7 -9.9
v 0.8 13.7 -9.9
v 0.9 13.7 -9.9
v -1.3 13.7 -10.1
v -1.2 13.7 -10.1
v -1.1 13.7 -10.1
v 0.8 13.7 -10.1
v 0.9 13.7 -10.1
v 1 13.7 -10.1
v -1.3 13.7 -10.3
v -1.2 13.7 -10.3
v -1.1 13.7 -10.3
v 0.8 13.7 -10.3
v 0.9 13.7 -10.3
v 1 13.7 -10.3
v -1.2 13.7 -10.5
v -1.1 13.7 -10.5
v -1 13.7 -10.5
v 0.7 13.7 -10.5
v 0.8 13.7 -10.5
v 0.9 13.7 -10.5
v -1.1 13.7 -10.6
v -1 13.7 -10.6
v -0.9 13.7 -10.6
v -0.8 13.7 -10.6
v 0.5 13.7 -10.6
v 0.6 13.7 -10.6
v 0.7 13.7 -10.6
v 0.8 13.7 -10.6
v -0.9 13.7 -10.7
v -0.8 13.7 -10.7
v -0.7 13.7 -10.7
v -0.5 13.7 -10.7
v 0.2 13.7 -10.7
v 0.4 13.7 -10.7
v 0.5 13.7 -10.7
v 0.6 13.7 -10.7
v -0.7 13.7 -10.8
v -0.5 13.7 -10.8
v 0.2 13.7 -10.8
v 0.4 13.7 -10.8
v -1.8 13.7 -10.9
v -1.7 13.7 -10.9
v 1.3 13.7 -10.9
v 1.4 13.7 -10.9
v -1.8 13.7 -11.2
v -1.7 13.7 -11.2
v 1.3 13.7 -11.2
v 1.4 13.7 -11.2
v -1.7 13.8 -9.3
v -1.5 13.8 -9.3
v 1.1 13.8 -9.3
v 1.3 13.8 -9.3
v -1.7 13.8 -9.6
v -1.5 13.8 -9.6
v -0.5 13.8 -9.6
v 0.1 13.8 -9.6
v 0.2 13.8 -9.6
v 1.1 13.8 -9.6
v 1.3 13.8 -9.6
v -0.8 13.8 -9.7
v -0.5 13.8 -9.7
v 0.2 13.8 -9.7
v 0.5 13.8 -9.7
v -1 13.8 -9.8
v -0.8 13.8 -9.8
v -0.5 13.8 -9.8
v 0.2 13.8 -9.8
v 0.5 13.8 -9.8
v 0.7 13.8 -9.8
v -1.1 13.8 -9.9
v -1 13.8 -9.9
v -0.9 13.8 -9.9
v -0.8 13.8 -9.9
v 0.5 13.8 -9.9
v 0.6 13.8 -9.9
v 0.7 13.8 -9.9
v 0.8 13.8 -9.9
v -1 13.8 -10
v -0.9 13.8 -10
v 0.6 13.8 -10
v 0.7 13.8 -10
v -1.2 13.8 -10.1
v -1.1 13.8 -10.1
v -1 13.8 -10.1
v 0.7 13.8 -10.1
v 0.8 13.8 -10.1
v 0.9 13.8 -10.1
v -1.2 13.8 -10.3
v -1.1 13.8 -10.3
v -1 13.8 -10.3
v 0.7 13.8 -10.3
v 0.8 13.8 -10.3
v 0.9 13.8 -10.3
v -1 13.8 -10.4
v -0.9 13.8 -10.4
v 0.6 13.8 -10.4
v 0.7 13.8 -10.4
v -1.1 13.8 -10.5
v -1 13.8 -10.5
v -0.9 13.8 -10.5
v -0.8 13.8 -10.5
v 0.5 13.8 -10.5
v 0.6 13.8 -10.5
v 0.7 13.8 -10.5
v 0.8 13.8 -10.5
v -1 13.8 -10.6
v -0.8 13.8 -10.6
v -0.5 13.8 -10.6
v 0.2 13.8 -10.6
v 0.5 13.8 -10.6
v 0.7 13.8 -10.6
v -0.8 13.8 -10.7
v -0.5 13.8 -10.7
v 0.2 13.8 -10.7
v 0.5 13.8 -10.7
v -0.5 13.8 -10.8
v 0.2 13.8 -10.8
v -1.7 13.8 -10.9
v -1.5 13.8 -10.9
v 1.1 13.8 -10.9
v 1.3 13.8 -10.9
v -1.7 13.8 -11.2
v -1.5 13.8 -11.2
v 1.1 13.8 -11.2
v 1.3 13.8 -11.2
v -1.5 13.9 -9.3
v -1.4 13.9 -9.3
v 1 13.9 -9.3
v 1.1 13.9 -9.3
v -1.5 13.9 -9.6
v -1.4 13.9 -9.6
v 1 13.9 -9.6
v 1.1 13.9 -9.6
v -0.5 13.9 -9.7
v 0.2 13.9 -9.7
v -0.8 13.9 -9.8
v -0.6 13.9 -9.8
v -0.5 13.9 -9.8
v 0.2 13.9 -9.8
v 0.3 13.9 -9.8
v 0.5 13.9 -9.8
v -0.9 13.9 -9.9
v -0.8 13.9 -9.9
v -0.7 13.9 -9.9
v -0.6 13.9 -9.9
v 0.3 13.9 -9.9
v 0.4 13.9 -9.9
v 0.5 13.9 -9.9
v 0.6 13.9 -9.9
v -1 13.9 -10
v -0.9 13.9 -10
v -0.8 13.9 -10
v -0.7 13.9 -10
v 0.4 13.9 -10
v 0.5 13.9 -10
v 0.6 13.9 -10
v 0.7 13.9 -10
v -1.1 13.9 -10.1
v -1 13.9 -10.1
v -0.9 13.9 -10.1
v -0.8 13.9 -10.1
v 0.5 13.9 -10.1
v 0.6 13.9 -10.1
v 0.7 13.9 -10.1
v 0.8 13.9 -10.1
v -1.1 13.9 -10.3
v -1 13.9 -10.3
v -0.9 13.9 -10.3
v -0.8 13.9 -10.3
v 0.5 13.9 -10.3
v 0.6 13.9 -10.3
v 0.7 13.9 -10.3
v 0.8 13.9 -10.3
v -1 13.9 -10.4
v -0.9 13.9 -10.4
v -0.8 13.9 -10.4
v -0.7 13.9 -10.4
v 0.4 13.9 -10.4
v 0.5 13.9 -10.4
v 0.6 13.9 -10.4
v 0.7 13.9 -10.4
v -0.9 13.9 -10.5
v -0.8 13.9 -10.5
v -0.7 13.9 -10.5
v -0.6 13.9 -10.5
v 0.3 13.9 -10.5
v 0.4 13.9 -10.5
v 0.5 13.9 -10.5
v 0.6 13.9 -10.5
v -0.8 13.9 -10.6
v -0.6 13.9 -10.6
v -0.5 13.9 -10.6
v 0.2 13.9 -10.6
v 0.3 13.9 -10.6
v 0.5 13.9 -10.6
v -0.5 13.9 -10.7
v 0.2 13.9 -10.7
v -1.5 13.9 -10.9
v -1.4 13.9 -10.9
v 1 13.9 -10.9
v 1.1 13.9 -10.9
v -1.5 13.9 -11.2
v -1.4 13.9 -11.2
v 1 13.9 -11.2
v 1.1 13.9 -11.2
v -1.4 14 -9.3
v -1.1 14 -9.3
v 0.7 14 -9.3
v 1 14 -9.3
v -1.4 14 -9.6
v -1.1 14 -9.6
v 0.7 14 -9.6
v 1 14 -9.6
v -0.6 14 -9.8
v 0.3 14 -9.8
v -0.7 14 -9.9
v -0.6 14 -9.9
v 0.3 14 -9.9
v 0.4 14 -9.9
v -0.8 14 -10
v -0.7 14 -10
v -0.4 14 -10
v 0.1 14 -10
v 0.4 14 -10
v 0.5 14 -10
v -0.9 14 -10.1
v -0.8 14 -10.1
v -0.6 14 -10.1
v -0.4 14 -10.1
v 0.1 14 -10.1
v 0.3 14 -10.1
v 0.5 14 -10.1
v 0.6 14 -10.1
v -0.9 14 -10.3
v -0.8 14 -10.3
v -0.6 14 -10.3
v -0.4 14 -10.3
v 0.1 14 -10.3
v 0.3 14 -10.3
v 0.5 14 -10.3
v 0.6 14 -10.3
v -0.8 14 -10.4
v -0.7 14 -10.4
v -0.4 14 -10.4
v 0.1 14 -10.4
v 0.4 14 -10.4
v 0.5 14 -10.4
v -0.7 14 -10.5
v -0.6 14 -10.5
v 0.3 14 -10.5
v 0.4 14 -10.5
v -0.6 14 -10.6
v 0.3 14 -10.6
v -1.4 14 -10.9
v -1.1 14 -10.9
v 0.7 14 -10.9
v 1 14 -10.9
v -1.4 14 -11.2
v -1.1 14 -11.2
v 0.7 14 -11.2
v 1 14 -11.2
v -1.1 14.1 -9.3
v -0.6 14.1 -9.3
v 0.2 14.1 -9.3
v 0.7 14.1 -9.3
v -1.1 14.1 -9.6
v -0.6 14.1 -9.6
v 0.2 14.1 -9.6
v 0.7 14.1 -9.6
v -0.4 14.1 -10
v 0.1 14.1 -10
v -0.6 14.1 -10.1
v -0.4 14.1 -10.1
v 0.1 14.1 -10.1
v 0.3 14.1 -10.1
v -0.6 14.1 -10.3
v -0.4 14.1 -10.3
v 0.1 14.1 -10.3
v 0.3 14.1 -10.3
v -0.4 14.1 -10.4
v 0.1 14.1 -10.4
v -1.1 14.1 -10.9
v -0.6 14.1 -10.9
v 0.2 14.1 -10.9
v 0.7 14.1 -10.9
v -1.1 14.1 -11.2
v -0.6 14.1 -11.2
v 0.2 14.1 -11.2
v 0.7 14.1 -11.2
v -0.6 14.2 -9.3
v 0.2 14.2 -9.3
v -0.6 14.2 -9.6
v 0.2 14.2 -9.6
v -0.6 14.2 -10.9
v 0.2 14.2 -10.9
v -0.6 14.2 -11.2
v 0.2 14.2 -11.2

# faces
f 3/4/1 2/4/1 1/4/1
f 4/4/1 2/4/1 3/4/1
f 7/2/1 6/2/1 5/2/1
f 8/2/1 6/2/1 7/2/1
f 12/2/1 10/2/1 9/2/1
f 13/2/1 10/2/1 12/2/1
f 16/2/1 12/2/1 11/2/1
f 16/2/1 14/2/1 13/2/1
f 16/2/1 13/2/1 12/2/1
f 17/2/1 14/2/1 16/2/1
f 19/2/1 16/2/1 15/2/1
f 20/2/1 16/2/1 19/2/1
f 21/2/1 18/2/1 17/2/1
f 22/2/1 18/2/1 21/2/1
f 23/2/1 21/2/1 20/2/1
f 24/2/1 21/2/1 23/2/1
f 25/2/1 21/2/1 24/2/1
f 26/2/1 21/2/1 25/2/1
f 27/3/1 25/3/1 24/3/1
f 28/3/1 25/3/1 27/3/1
f 32/3/1 30/3/1 29/3/1
f 33/3/1 30/3/1 32/3/1
f 36/3/1 32/3/1 31/3/1
f 37/3/1 32/3/1 36/3/1
f 38/3/1 32/3/1 37/3/1
f 39/3/1 34/3/1 33/3/1
f 40/3/1 34/3/1 39/3/1
f 41/3/1 34/3/1 40/3/1
f 43/2/1 36/2/1 35/2/1
f 43/2/1 37/2/1 36/2/1
f 44/2/1 37/2/1 43/2/1
f 45/2/1 42/2/1 41/2/1
f 45/2/1 41/2/1 40/2/1
f 46/2/1 42/2/1 45/2/1
f 47/2/1 43/2/1 35/2/1
f 50/2/1 42/2/1 46/2/1
f 51/2/1 48/2/1 47/2/1
f 51/2/1 47/2/1 35/2/1
f 52/2/1 48/2/1 51/2/1
f 53/2/1 48/2/1 52/2/1
f 56/2/1 50/2/1 49/2/1
f 57/2/1 42/2/1 50/2/1
f 57/2/1 50/2/1 56/2/1
f 58/2/1 42/2/1 57/2/1
f 59/3/1 54/3/1 53/3/1
f 59/3/1 53/3/1 52/3/1
f 60/3/1 54/3/1 59/3/1
f 61/3/1 56/3/1 55/3/1
f 61/3/1 57/3/1 56/3/1
f 62/3/1 57/3/1 61/3/1
f 63/3/1 61/3/1 60/3/1
f 64/3/1 61/3/1 63/3/1
f 68/3/1 66/3/1 65/3/1
f 69/3/1 66/3/1 68/3/1
f 72/3/1 68/3/1 67/3/1
f 73/3/1 68/3/1 72/3/1
f 74/3/1 70/3/1 69/3/1
f 75/3/1 70/3/1 74/3/1
f 77/3/1 72/3/1 71/3/1
f 78/3/1 72/3/1 77/3/1
f 79/3/1 76/3/1 75/3/1
f 80/3/1 76/3/1 79/3/1
f 85/2/1 82/2/1 81/2/1
f 86/2/1 82/2/1 85/2/1
f 87/2/1 84/2/1 83/2/1
f 88/2/1 84/2/1 87/2/1
f 93/3/1 90/3/1 89/3/1
f 94/3/1 90/3/1 93/3/1
f 97/3/1 92/3/1 91/3/1
f 98/3/1 92/3/1 97/3/1
f 99/3/1 95/3/1 94/3/1
f 100/3/1 95/3/1 99/3/1
f 101/3/1 97/3/1 96/3/1
f 102/3/1 97/3/1 101/3/1
f 103/3/1 101/3/1 100/3/1
f 104/3/1 101/3/1 103/3/1
f 111/3/1 106/3/1 105/3/1
f 112/3/1 106/3/1 111/3/1
f 113/3/1 108/3/1 107/3/1
f 114/3/1 108/3/1 113/3/1
f 117/3/1 110/3/1 109/3/1
f 118/3/1 110/3/1 117/3/1
f 119/3/1 116/3/1 115/3/1
f 120/3/1 116/3/1 119/3/1
f 125/2/1 122/2/1 121/2/1
f 126/2/1 122/2/1 125/2/1
f 127/2/1 124/2/1 123/2/1
f 128/2/1 124/2/1 127/2/1
f 133/2/1 130/2/1 129/2/1
f 134/2/1 130/2/1 133/2/1
f 135/2/1 132/2/1 131/2/1
f 136/2/1 132/2/1 135/2/1
f 141/3/1 138/3/1 137/3/1
f 142/3/1 138/3/1 141/3/1
f 147/3/1 140/3/1 139/3/1
f 148/3/1 140/3/1 147/3/1
f 149/3/1 144/3/1 143/3/1
f 150/3/1 144/3/1 149/3/1
f 151/3/1 146/3/1 145/3/1
f 152/3/1 146/3/1 151/3/1
f 157/3/1 154/3/1 153/3/1
f 158/3/1 154/3/1 157/3/1
f 161/3/1 156/3/1 155/3/1
f 162/3/1 156/3/1 161/3/1
f 163/3/1 160/3/1 159/3/1
f 164/3/1 160/3/1 163/3/1
f 169/3/1 166/3/1 165/3/1
f 170/3/1 166/3/1 169/3/1
f 171/3/1 168/3/1 167/3/1
f 172/3/1 168/3/1 171/3/1
f 177/2/1 174/2/1 173/2/1
f 178/2/1 174/2/1 177/2/1
f 179/2/1 176/2/1 175/2/1
f 180/2/1 176/2/1 179/2/1
f 185/3/1 182/3/1 181/3/1
f 186/3/1 182/3/1 185/3/1
f 187/3/1 184/3/1 183/3/1
f 188/3/1 184/3/1 187/3/1
f 193/3/1 190/3/1 189/3/1
f 194/3/1 190/3/1 193/3/1
f 197/3/1 192/3/1 191/3/1
f 198/3/1 192/3/1 197/3/1
f 199/3/1 196/3/1 195/3/1
f 200/3/1 196/3/1 199/3/1
f 207/3/1 202/3/1 201/3/1
f 208/3/1 202/3/1 207/3/1
f 209/3/1 204/3/1 203/3/1
f 210/3/1 204/3/1 209/3/1
f 214/3/1 206/3/1 205/3/1
f 215/3/1 206/3/1 214/3/1
f 216/3/1 212/3/1 211/3/1
f 217/3/1 212/3/1 216/3/1
f 219/3/1 214/3/1 213/3/1
f 220/3/1 214/3/1 219/3/1
f 221/3/1 218/3/1 217/3/1
f 222/3/1 218/3/1 221/3/1
f 227/2/1 224/2/1 223/2/1
f 228/2/1 224/2/1 227/2/1
f 229/2/1 226/2/1 225/2/1
f 230/2/1 226/2/1 229/2/1
f 235/2/1 232/2/1 231/2/1
f 236/2/1 232/2/1 235/2/1
f 237/2/1 234/2/1 233/2/1
f 238/2/1 234/2/1 237/2/1
f 243/3/1 240/3/1 239/3/1
f 244/3/1 240/3/1 243/3/1
f 247/3/1 242/3/1 241/3/1
f 248/3/1 242/3/1 247/3/1
f 249/3/1 245/3/1 244/3/1
f 250/3/1 245/3/1 249/3/1
f 255/3/1 247/3/1 246/3/1
f 256/3/1 247/3/1 255/3/1
f 257/3/1 252/3/1 251/3/1
f 258/3/1 252/3/1 257/3/1
f 259/3/1 254/3/1 253/3/1
f 260/3/1 254/3/1 259/3/1
f 265/3/1 262/3/1 261/3/1
f 266/3/1 262/3/1 265/3/1
f 267/3/1 264/3/1 263/3/1
f 268/3/1 264/3/1 267/3/1
f 273/3/1 270/3/1 269/3/1
f 274/3/1 270/3/1 273/3/1
f 275/3/1 272/3/1 271/3/1
f 276/3/1 272/3/1 275/3/1
f 281/3/1 278/3/1 277/3/1
f 282/3/1 278/3/1 281/3/1
f 283/3/1 280/3/1 279/3/1
f 284/3/1 280/3/1 283/3/1
f 289/3/1 286/3/1 285/3/1
f 290/3/1 286/3/1 289/3/1
f 291/3/1 288/3/1 287/3/1
f 292/3/1 288/3/1 291/3/1
f 297/3/1 294/3/1 293/3/1
f 298/3/1 294/3/1 297/3/1
f 301/3/1 296/3/1 295/3/1
f 302/3/1 296/3/1 301/3/1
f 303/3/1 300/3/1 299/3/1
f 304/3/1 300/3/1 303/3/1
f 309/2/1 306/2/1 305/2/1
f 310/2/1 306/2/1 309/2/1
f 311/2/1 308/2/1 307/2/1
f 312/2/1 308/2/1 311/2/1
f 317/3/1 314/3/1 313/3/1
f 318/3/1 314/3/1 317/3/1
f 321/3/1 316/3/1 315/3/1
f 322/3/1 316/3/1 321/3/1
f 323/3/1 320/3/1 319/3/1
f 324/3/1 320/3/1 323/3/1
f 330/3/1 326/3/1 325/3/1
f 331/3/1 326/3/1 330/3/1
f 332/3/1 328/3/1 327/3/1
f 333/3/1 328/3/1 332/3/1
f 337/3/1 330/3/1 329/3/1
f 338/3/1 330/3/1 337/3/1
f 339/3/1 334/3/1 333/3/1
f 340/3/1 334/3/1 339/3/1
f 342/1/1 341/1/1 340/1/1
f 343/1/1 336/1/1 335/1/1
f 344/1/1 341/1/1 342/1/1
f 345/1/1 341/1/1 344/1/1
f 346/1/1 343/1/1 335/1/1
f 348/1/1 341/1/1 345/1/1
f 349/1/1 348/1/1 347/1/1
f 350/1/1 346/1/1 335/1/1
f 351/1/1 346/1/1 350/1/1
f 355/1/1 348/1/1 349/1/1
f 356/1/1 341/1/1 348/1/1
f 356/1/1 348/1/1 355/1/1
f 357/3/1 353/3/1 352/3/1
f 358/3/1 353/3/1 357/3/1
f 361/3/1 355/3/1 354/3/1
f 362/3/1 355/3/1 361/3/1
f 363/3/1 359/3/1 358/3/1
f 364/3/1 359/3/1 363/3/1
f 365/3/1 361/3/1 360/3/1
f 366/3/1 361/3/1 365/3/1
f 375/3/1 372/3/1 371/3/1
f 376/3/1 372/3/1 375/3/1
f 377/3/1 374/3/1 373/3/1
f 378/3/1 374/3/1 377/3/1
f 379/1/1 370/1/1 369/1/1
f 380/1/1 368/1/1 367/1/1
f 381/1/1 368/1/1 380/1/1
f 382/1/1 370/1/1 379/1/1
f 383/1/1 370/1/1 382/1/1
f 386/2/1 385/2/1 384/2/1
f 387/2/1 385/2/1 386/2/1
f 390/2/1 389/2/1 388/2/1
f 391/2/1 389/2/1 390/2/1
f 396/1/1 395/1/1 394/1/1
f 401/3/1 398/3/1 397/3/1
f 402/3/1 398/3/1 401/3/1
f 403/3/1 400/3/1 399/3/1
f 404/3/1 400/3/1 403/3/1
f 405/1/1 393/1/1 392/1/1
f 406/1/1 393/1/1 405/1/1
f 407/1/1 395/1/1 396/1/1
f 408/1/1 395/1/1 407/1/1
f 413/1/1 410/1/1 409/1/1
f 414/1/1 410/1/1 413/1/1
f 415/1/1 412/1/1 411/1/1
f 416/1/1 412/1/1 415/1/1
f 421/1/1 418/1/1 417/1/1
f 422/1/1 418/1/1 421/1/1
f 423/1/1 420/1/1 419/1/1
f 424/1/1 420/1/1 423/1/1
f 429/1/1 426/1/1 425/1/1
f 430/1/1 426/1/1 429/1/1
f 431/1/1 428/1/1 427/1/1
f 432/1/1 428/1/1 431/1/1
f 437/1/1 434/1/1 433/1/1
f 438/1/1 434/1/1 437/1/1
f 439/1/1 436/1/1 435/1/1
f 440/1/1 436/1/1 439/1/1
f 445/1/1 442/1/1 441/1/1
f 446/1/1 442/1/1 445/1/1
f 447/1/1 444/1/1 443/1/1
f 448/1/1 444/1/1 447/1/1
f 453/4/1 450/4/1 449/4/1
f 454/4/1 450/4/1 453/4/1
f 455/4/1 452/4/1 451/4/1
f 456/4/1 452/4/1 455/4/1
f 461/1/1 458/1/1 457/1/1
f 462/1/1 458/1/1 461/1/1
f 463/1/1 460/1/1 459/1/1
f 464/1/1 460/1/1 463/1/1
f 469/1/1 466/1/1 465/1/1
f 470/1/1 466/1/1 469/1/1
f 471/1/1 468/1/1 467/1/1
f 472/1/1 468/1/1 471/1/1
f 477/1/1 474/1/1 473/1/1
f 478/1/1 474/1/1 477/1/1
f 479/1/1 476/1/1 475/1/1
f 480/1/1 476/1/1 479/1/1
f 485/1/1 482/1/1 481/1/1
f 486/1/1 482/1/1 485/1/1
f 487/1/1 484/1/1 483/1/1
f 488/1/1 484/1/1 487/1/1
f 493/1/1 490/1/1 489/1/1
f 494/1/1 490/1/1 493/1/1
f 495/1/1 492/1/1 491/1/1
f 496/1/1 492/1/1 495/1/1
f 501/1/1 498/1/1 497/1/1
f 502/1/1 498/1/1 501/1/1
f 503/1/1 500/1/1 499/1/1
f 504/1/1 500/1/1 503/1/1
f 509/1/1 506/1/1 505/1/1
f 510/1/1 506/1/1 509/1/1
f 511/1/1 508/1/1 507/1/1
f 512/1/1 508/1/1 511/1/1
f 517/1/1 514/1/1 513/1/1
f 518/1/1 514/1/1 517/1/1
f 519/1/1 516/1/1 515/1/1
f 520/1/1 516/1/1 519/1/1
f 525/1/1 522/1/1 521/1/1
f 526/1/1 522/1/1 525/1/1
f 527/1/1 524/1/1 523/1/1
f 528/1/1 524/1/1 527/1/1
f 533/1/1 530/1/1 529/1/1
f 534/1/1 530/1/1 533/1/1
f 535/1/1 532/1/1 531/1/1
f 536/1/1 532/1/1 535/1/1
f 541/1/1 538/1/1 537/1/1
f 542/1/1 538/1/1 541/1/1
f 543/1/1 540/1/1 539/1/1
f 544/1/1 540/1/1 543/1/1
f 549/1/1 546/1/1 545/1/1
f 550/1/1 546/1/1 549/1/1
f 551/1/1 548/1/1 547/1/1
f 552/1/1 548/1/1 551/1/1
f 557/1/1 554/1/1 553/1/1
f 558/1/1 554/1/1 557/1/1
f 559/1/1 556/1/1 555/1/1
f 560/1/1 556/1/1 559/1/1
f 565/1/1 562/1/1 561/1/1
f 566/1/1 562/1/1 565/1/1
f 567/1/1 564/1/1 563/1/1
f 568/1/1 564/1/1 567/1/1
f 573/1/1 570/1/1 569/1/1
f 574/1/1 570/1/1 573/1/1
f 575/1/1 572/1/1 571/1/1
f 576/1/1 572/1/1 575/1/1
f 579/2/1 578/2/1 577/2/1
f 580/2/1 578/2/1 579/2/1
f 585/1/1 582/1/1 581/1/1
f 586/1/1 582/1/1 585/1/1
f 587/1/1 584/1/1 583/1/1
f 588/1/1 584/1/1 587/1/1
f 591/2/1 590/2/1 589/2/1
f 592/2/1 590/2/1 591/2/1
f 597/1/1 594/1/1 593/1/1
f 598/1/1 594/1/1 597/1/1
f 599/1/1 596/1/1 595/1/1
f 600/1/1 596/1/1 599/1/1
f 604/2/1 602/2/1 601/2/1
f 605/2/1 602/2/1 604/2/1
f 608/2/1 604/2/1 603/2/1
f 608/2/1 606/2/1 605/2/1
f 608/2/1 605/2/1 604/2/1
f 609/2/1 606/2/1 608/2/1
f 611/2/1 608/2/1 607/2/1
f 612/2/1 608/2/1 611/2/1
f 613/2/1 610/2/1 609/2/1
f 614/2/1 610/2/1 613/2/1
f 615/2/1 613/2/1 612/2/1
f 616/2/1 613/2/1 615/2/1
f 617/2/1 613/2/1 616/2/1
f 618/2/1 613/2/1 617/2/1
f 619/3/1 617/3/1 616/3/1
f 620/3/1 617/3/1 619/3/1
f 624/2/1 622/2/1 621/2/1
f 625/2/1 622/2/1 624/2/1
f 628/2/1 625/2/1 624/2/1
f 628/2/1 626/2/1 625/2/1
f 628/2/1 624/2/1 623/2/1
f 629/2/1 626/2/1 628/2/1
f 631/2/1 628/2/1 627/2/1
f 632/2/1 628/2/1 631/2/1
f 633/2/1 630/2/1 629/2/1
f 634/2/1 630/2/1 633/2/1
f 635/2/1 633/2/1 632/2/1
f 636/2/1 633/2/1 635/2/1
f 637/2/1 633/2/1 636/2/1
f 638/2/1 633/2/1 637/2/1
f 639/3/1 637/3/1 636/3/1
f 640/3/1 637/3/1 639/3/1
f 644/3/1 642/3/1 641/3/1
f 645/3/1 642/3/1 644/3/1
f 648/3/1 644/3/1 643/3/1
f 649/3/1 644/3/1 648/3/1
f 650/3/1 644/3/1 649/3/1
f 651/3/1 646/3/1 645/3/1
f 652/3/1 646/3/1 651/3/1
f 653/3/1 646/3/1 652/3/1
f 655/2/1 648/2/1 647/2/1
f 655/2/1 649/2/1 648/2/1
f 656/2/1 649/2/1 655/2/1
f 657/2/1 654/2/1 653/2/1
f 657/2/1 653/2/1 652/2/1
f 658/2/1 654/2/1 657/2/1
f 659/2/1 655/2/1 647/2/1
f 662/2/1 654/2/1 658/2/1
f 663/2/1 660/2/1 659/2/1
f 663/2/1 659/2/1 647/2/1
f 664/2/1 660/2/1 663/2/1
f 665/2/1 660/2/1 664/2/1
f 668/2/1 662/2/1 661/2/1
f 669/2/1 654/2/1 662/2/1
f 669/2/1 662/2/1 668/2/1
f 670/2/1 654/2/1 669/2/1
f 671/3/1 666/3/1 665/3/1
f 671/3/1 665/3/1 664/3/1
f 672/3/1 666/3/1 671/3/1
f 673/3/1 668/3/1 667/3/1
f 673/3/1 669/3/1 668/3/1
f 674/3/1 669/3/1 673/3/1
f 675/3/1 673/3/1 672/3/1
f 676/3/1 673/3/1 675/3/1
f 680/3/1 678/3/1 677/3/1
f 681/3/1 678/3/1 680/3/1
f 684/3/1 680/3/1 679/3/1
f 685/3/1 680/3/1 684/3/1
f 686/3/1 680/3/1 685/3/1
f 687/3/1 682/3/1 681/3/1
f 688/3/1 682/3/1 687/3/1
f 689/3/1 682/3/1 688/3/1
f 691/2/1 684/2/1 683/2/1
f 691/2/1 685/2/1 684/2/1
f 692/2/1 685/2/1 691/2/1
f 693/2/1 689/2/1 688/2/1
f 693/2/1 690/2/1 689/2/1
f 694/2/1 690/2/1 693/2/1
f 695/2/1 691/2/1 683/2/1
f 698/2/1 690/2/1 694/2/1
f 699/2/1 696/2/1 695/2/1
f 699/2/1 695/2/1 683/2/1
f 700/2/1 696/2/1 699/2/1
f 701/2/1 696/2/1 700/2/1
f 704/2/1 698/2/1 697/2/1
f 705/2/1 690/2/1 698/2/1
f 705/2/1 698/2/1 704/2/1
f 706/2/1 690/2/1 705/2/1
f 707/3/1 702/3/1 701/3/1
f 707/3/1 701/3/1 700/3/1
f 708/3/1 702/3/1 707/3/1
f 709/3/1 704/3/1 703/3/1
f 709/3/1 705/3/1 704/3/1
f 710/3/1 705/3/1 709/3/1
f 711/3/1 709/3/1 708/3/1
f 712/3/1 709/3/1 711/3/1
f 716/3/1 714/3/1 713/3/1
f 717/3/1 714/3/1 716/3/1
f 720/3/1 716/3/1 715/3/1
f 721/3/1 716/3/1 720/3/1
f 722/3/1 718/3/1 717/3/1
f 723/3/1 718/3/1 722/3/1
f 725/3/1 720/3/1 719/3/1
f 726/3/1 720/3/1 725/3/1
f 727/3/1 724/3/1 723/3/1
f 728/3/1 724/3/1 727/3/1
f 735/2/1 730/2/1 729/2/1
f 736/2/1 730/2/1 735/2/1
f 737/2/1 732/2/1 731/2/1
f 738/2/1 732/2/1 737/2/1
f 741/1/1 734/1/1 733/1/1
f 742/1/1 734/1/1 741/1/1
f 747/1/1 740/1/1 739/1/1
f 748/1/1 740/1/1 747/1/1
f 749/3/1 744/3/1 743/3/1
f 750/3/1 744/3/1 749/3/1
f 753/3/1 746/3/1 745/3/1
f 754/3/1 746/3/1 753/3/1
f 755/3/1 751/3/1 750/3/1
f 756/3/1 751/3/1 755/3/1
f 757/3/1 753/3/1 752/3/1
f 758/3/1 753/3/1 757/3/1
f 759/3/1 757/3/1 756/3/1
f 760/3/1 757/3/1 759/3/1
f 764/3/1 762/3/1 761/3/1
f 765/3/1 762/3/1 764/3/1
f 768/3/1 764/3/1 763/3/1
f 769/3/1 764/3/1 768/3/1
f 770/3/1 766/3/1 765/3/1
f 771/3/1 766/3/1 770/3/1
f 773/3/1 768/3/1 767/3/1
f 774/3/1 768/3/1 773/3/1
f 775/3/1 772/3/1 771/3/1
f 776/3/1 772/3/1 775/3/1
f 781/2/1 778/2/1 777/2/1
f 782/2/1 778/2/1 781/2/1
f 783/2/1 780/2/1 779/2/1
f 784/2/1 780/2/1 783/2/1
f 789/3/1 786/3/1 785/3/1
f 790/3/1 786/3/1 789/3/1
f 793/3/1 788/3/1 787/3/1
f 794/3/1 788/3/1 793/3/1
f 795/3/1 791/3/1 790/3/1
f 796/3/1 791/3/1 795/3/1
f 797/3/1 793/3/1 792/3/1
f 798/3/1 793/3/1 797/3/1
f 799/3/1 797/3/1 796/3/1
f 800/3/1 797/3/1 799/3/1
f 805/1/1 802/1/1 801/1/1
f 806/1/1 802/1/1 805/1/1
f 807/1/1 804/1/1 803/1/1
f 808/1/1 804/1/1 807/1/1
f 811/4/1 810/4/1 809/4/1
f 812/4/1 810/4/1 811/4/1
f 819/3/1 814/3/1 813/3/1
f 820/3/1 814/3/1 819/3/1
f 821/3/1 816/3/1 815/3/1
f 822/3/1 816/3/1 821/3/1
f 825/3/1 818/3/1 817/3/1
f 826/3/1 818/3/1 825/3/1
f 827/3/1 824/3/1 823/3/1
f 828/3/1 824/3/1 827/3/1
f 833/2/1 830/2/1 829/2/1
f 834/2/1 830/2/1 833/2/1
f 835/2/1 832/2/1 831/2/1
f 836/2/1 832/2/1 835/2/1
f 841/2/1 838/2/1 837/2/1
f 842/2/1 838/2/1 841/2/1
f 843/2/1 840/2/1 839/2/1
f 844/2/1 840/2/1 843/2/1
f 849/3/1 846/3/1 845/3/1
f 850/3/1 846/3/1 849/3/1
f 855/3/1 848/3/1 847/3/1
f 856/3/1 848/3/1 855/3/1
f 857/3/1 852/3/1 851/3/1
f 858/3/1 852/3/1 857/3/1
f 859/3/1 854/3/1 853/3/1
f 860/3/1 854/3/1 859/3/1
f 867/3/1 862/3/1 861/3/1
f 868/3/1 862/3/1 867/3/1
f 869/3/1 864/3/1 863/3/1
f 870/3/1 864/3/1 869/3/1
f 873/3/1 866/3/1 865/3/1
f 874/3/1 866/3/1 873/3/1
f 875/3/1 872/3/1 871/3/1
f 876/3/1 872/3/1 875/3/1
f 881/2/1 878/2/1 877/2/1
f 882/2/1 878/2/1 881/2/1
f 883/2/1 880/2/1 879/2/1
f 884/2/1 880/2/1 883/2/1
f 889/2/1 886/2/1 885/2/1
f 890/2/1 886/2/1 889/2/1
f 891/2/1 888/2/1 887/2/1
f 892/2/1 888/2/1 891/2/1
f 897/3/1 894/3/1 893/3/1
f 898/3/1 894/3/1 897/3/1
f 903/3/1 896/3/1 895/3/1
f 904/3/1 896/3/1 903/3/1
f 905/3/1 900/3/1 899/3/1
f 906/3/1 900/3/1 905/3/1
f 907/3/1 902/3/1 901/3/1
f 908/3/1 902/3/1 907/3/1
f 913/4/1 910/4/1 909/4/1
f 914/4/1 910/4/1 913/4/1
f 915/4/1 912/4/1 911/4/1
f 916/4/1 912/4/1 915/4/1
f 921/3/1 918/3/1 917/3/1
f 922/3/1 918/3/1 921/3/1
f 925/3/1 920/3/1 919/3/1
f 926/3/1 920/3/1 925/3/1
f 927/3/1 924/3/1 923/3/1
f 928/3/1 924/3/1 927/3/1
f 933/3/1 930/3/1 929/3/1
f 934/3/1 930/3/1 933/3/1
f 935/3/1 932/3/1 931/3/1
f 936/3/1 932/3/1 935/3/1
f 941/2/1 938/2/1 937/2/1
f 942/2/1 938/2/1 941/2/1
f 943/2/1 940/2/1 939/2/1
f 944/2/1 940/2/1 943/2/1
f 949/3/1 946/3/1 945/3/1
f 950/3/1 946/3/1 949/3/1
f 951/3/1 948/3/1 947/3/1
f 952/3/1 948/3/1 951/3/1
f 957/3/1 954/3/1 953/3/1
f 958/3/1 954/3/1 957/3/1
f 961/3/1 956/3/1 955/3/1
f 962/3/1 956/3/1 961/3/1
f 963/3/1 960/3/1 959/3/1
f 964/3/1 960/3/1 963/3/1
f 969/3/1 966/3/1 965/3/1
f 970/3/1 966/3/1 969/3/1
f 973/3/1 968/3/1 967/3/1
f 974/3/1 968/3/1 973/3/1
f 975/3/1 972/3/1 971/3/1
f 976/3/1 972/3/1 975/3/1
f 981/3/1 978/3/1 977/3/1
f 982/3/1 978/3/1 981/3/1
f 983/3/1 980/3/1 979/3/1
f 984/3/1 980/3/1 983/3/1
f 989/2/1 986/2/1 985/2/1
f 990/2/1 986/2/1 989/2/1
f 991/2/1 988/2/1 987/2/1
f 992/2/1 988/2/1 991/2/1
f 997/3/1 994/3/1 993/3/1
f 998/3/1 994/3/1 997/3/1
f 999/3/1 996/3/1 995/3/1
f 1000/3/1 996/3/1 999/3/1
f 1005/3/1 1002/3/1 1001/3/1
f 1006/3/1 1002/3/1 1005/3/1
f 1009/3/1 1004/3/1 1003/3/1
f 1010/3/1 1004/3/1 1009/3/1
f 1011/3/1 1008/3/1 1007/3/1
f 1012/3/1 1008/3/1 1011/3/1
f 1017/4/1 1014/4/1 1013/4/1
f 1018/4/1 1014/4/1 1017/4/1
f 1019/4/1 1016/4/1 1015/4/1
f 1020/4/1 1016/4/1 1019/4/1
f 1027/3/1 1022/3/1 1021/3/1
f 1028/3/1 1022/3/1 1027/3/1
f 1029/3/1 1024/3/1 1023/3/1
f 1030/3/1 1024/3/1 1029/3/1
f 1034/3/1 1026/3/1 1025/3/1
f 1035/3/1 1026/3/1 1034/3/1
f 1036/3/1 1032/3/1 1031/3/1
f 1037/3/1 1032/3/1 1036/3/1
f 1039/3/1 1034/3/1 1033/3/1
f 1040/3/1 1034/3/1 1039/3/1
f 1041/3/1 1038/3/1 1037/3/1
f 1042/3/1 1038/3/1 1041/3/1
f 1047/2/1 1044/2/1 1043/2/1
f 1048/2/1 1044/2/1 1047/2/1
f 1049/2/1 1046/2/1 1045/2/1
f 1050/2/1 1046/2/1 1049/2/1
f 1055/2/1 1052/2/1 1051/2/1
f 1056/2/1 1052/2/1 1055/2/1
f 1057/2/1 1054/2/1 1053/2/1
f 1058/2/1 1054/2/1 1057/2/1
f 1063/3/1 1060/3/1 1059/3/1
f 1064/3/1 1060/3/1 1063/3/1
f 1067/3/1 1062/3/1 1061/3/1
f 1068/3/1 1062/3/1 1067/3/1
f 1069/3/1 1065/3/1 1064/3/1
f 1070/3/1 1065/3/1 1069/3/1
f 1075/3/1 1067/3/1 1066/3/1
f 1076/3/1 1067/3/1 1075/3/1
f 1077/3/1 1072/3/1 1071/3/1
f 1078/3/1 1072/3/1 1077/3/1
f 1079/3/1 1074/3/1 1073/3/1
f 1080/3/1 1074/3/1 1079/3/1
f 1087/3/1 1082/3/1 1081/3/1
f 1088/3/1 1082/3/1 1087/3/1
f 1089/3/1 1084/3/1 1083/3/1
f 1090/3/1 1084/3/1 1089/3/1
f 1094/3/1 1086/3/1 1085/3/1
f 1095/3/1 1086/3/1 1094/3/1
f 1096/3/1 1092/3/1 1091/3/1
f 1097/3/1 1092/3/1 1096/3/1
f 1099/3/1 1094/3/1 1093/3/1
f 1100/3/1 1094/3/1 1099/3/1
f 1101/3/1 1098/3/1 1097/3/1
f 1102/3/1 1098/3/1 1101/3/1
f 1107/2/1 1104/2/1 1103/2/1
f 1108/2/1 1104/2/1 1107/2/1
f 1109/2/1 1106/2/1 1105/2/1
f 1110/2/1 1106/2/1 1109/2/1
f 1115/2/1 1112/2/1 1111/2/1
f 1116/2/1 1112/2/1 1115/2/1
f 1117/2/1 1114/2/1 1113/2/1
f 1118/2/1 1114/2/1 1117/2/1
f 1123/3/1 1120/3/1 1119/3/1
f 1124/3/1 1120/3/1 1123/3/1
f 1127/3/1 1122/3/1 1121/3/1
f 1128/3/1 1122/3/1 1127/3/1
f 1129/3/1 1125/3/1 1124/3/1
f 1130/3/1 1125/3/1 1129/3/1
f 1135/3/1 1127/3/1 1126/3/1
f 1136/3/1 1127/3/1 1135/3/1
f 1137/3/1 1132/3/1 1131/3/1
f 1138/3/1 1132/3/1 1137/3/1
f 1139/3/1 1134/3/1 1133/3/1
f 1140/3/1 1134/3/1 1139/3/1
f 1149/4/1 1142/4/1 1141/4/1
f 1150/4/1 1142/4/1 1149/4/1
f 1151/3/1 1146/3/1 1145/3/1
f 1152/3/1 1146/3/1 1151/3/1
f 1153/3/1 1148/3/1 1147/3/1
f 1154/3/1 1148/3/1 1153/3/1
f 1155/4/1 1144/4/1 1143/4/1
f 1156/4/1 1144/4/1 1155/4/1
f 1161/3/1 1158/3/1 1157/3/1
f 1162/3/1 1158/3/1 1161/3/1
f 1163/3/1 1160/3/1 1159/3/1
f 1164/3/1 1160/3/1 1163/3/1
f 1169/3/1 1166/3/1 1165/3/1
f 1170/3/1 1166/3/1 1169/3/1
f 1171/3/1 1168/3/1 1167/3/1
f 1172/3/1 1168/3/1 1171/3/1
f 1177/3/1 1174/3/1 1173/3/1
f 1178/3/1 1174/3/1 1177/3/1
f 1179/3/1 1176/3/1 1175/3/1
f 1180/3/1 1176/3/1 1179/3/1
f 1185/3/1 1182/3/1 1181/3/1
f 1186/3/1 1182/3/1 1185/3/1
f 1187/3/1 1184/3/1 1183/3/1
f 1188/3/1 1184/3/1 1187/3/1
f 1193/3/1 1190/3/1 1189/3/1
f 1194/3/1 1190/3/1 1193/3/1
f 1195/3/1 1192/3/1 1191/3/1
f 1196/3/1 1192/3/1 1195/3/1
f 1201/3/1 1198/3/1 1197/3/1
f 1202/3/1 1198/3/1 1201/3/1
f 1203/3/1 1200/3/1 1199/3/1
f 1204/3/1 1200/3/1 1203/3/1
f 1209/3/1 1206/3/1 1205/3/1
f 1210/3/1 1206/3/1 1209/3/1
f 1211/3/1 1208/3/1 1207/3/1
f 1212/3/1 1208/3/1 1211/3/1
f 1217/3/1 1214/3/1 1213/3/1
f 1218/3/1 1214/3/1 1217/3/1
f 1223/3/1 1216/3/1 1215/3/1
f 1224/3/1 1216/3/1 1223/3/1
f 1225/3/1 1220/3/1 1219/3/1
f 1226/3/1 1220/3/1 1225/3/1
f 1229/4/1 1222/4/1 1221/4/1
f 1230/4/1 1222/4/1 1229/4/1
f 1236/2/1 1232/2/1 1231/2/1
f 1237/2/1 1234/2/1 1233/2/1
f 1239/1/1 1236/1/1 1235/1/1
f 1240/2/1 1232/2/1 1236/2/1
f 1240/1/1 1236/1/1 1239/1/1
f 1241/2/1 1232/2/1 1240/2/1
f 1242/2/1 1237/2/1 1233/2/1
f 1243/1/1 1238/1/1 1237/1/1
f 1243/2/1 1237/2/1 1242/2/1
f 1244/1/1 1238/1/1 1243/1/1
f 1249/3/1 1246/3/1 1245/3/1
f 1250/3/1 1246/3/1 1249/3/1
f 1253/3/1 1248/3/1 1247/3/1
f 1254/3/1 1248/3/1 1253/3/1
f 1255/3/1 1252/3/1 1251/3/1
f 1256/3/1 1252/3/1 1255/3/1
f 1257/4/1 1228/4/1 1227/4/1
f 1258/4/1 1228/4/1 1257/4/1
f 1263/3/1 1260/3/1 1259/3/1
f 1264/3/1 1260/3/1 1263/3/1
f 1267/3/1 1262/3/1 1261/3/1
f 1268/3/1 1262/3/1 1267/3/1
f 1269/3/1 1266/3/1 1265/3/1
f 1270/3/1 1266/3/1 1269/3/1
f 1275/2/1 1272/2/1 1271/2/1
f 1276/2/1 1272/2/1 1275/2/1
f 1277/2/1 1274/2/1 1273/2/1
f 1278/2/1 1274/2/1 1277/2/1
f 1283/3/1 1280/3/1 1279/3/1
f 1284/3/1 1280/3/1 1283/3/1
f 1287/3/1 1282/3/1 1281/3/1
f 1288/3/1 1282/3/1 1287/3/1
f 1291/3/1 1286/3/1 1285/3/1
f 1292/3/1 1286/3/1 1291/3/1
f 1295/1/1 1290/1/1 1289/1/1
f 1296/1/1 1290/1/1 1295/1/1
f 1297/1/1 1294/1/1 1293/1/1
f 1298/1/1 1294/1/1 1297/1/1
f 1304/3/1 1300/3/1 1299/3/1
f 1305/3/1 1300/3/1 1304/3/1
f 1306/3/1 1302/3/1 1301/3/1
f 1307/3/1 1302/3/1 1306/3/1
f 1311/3/1 1304/3/1 1303/3/1
f 1312/3/1 1304/3/1 1311/3/1
f 1313/3/1 1308/3/1 1307/3/1
f 1314/3/1 1308/3/1 1313/3/1
f 1319/3/1 1316/3/1 1315/3/1
f 1320/3/1 1316/3/1 1319/3/1
f 1323/3/1 1318/3/1 1317/3/1
f 1324/3/1 1318/3/1 1323/3/1
f 1325/3/1 1321/3/1 1320/3/1
f 1326/3/1 1321/3/1 1325/3/1
f 1327/3/1 1323/3/1 1322/3/1
f 1328/3/1 1323/3/1 1327/3/1
f 1329/4/1 1310/4/1 1309/4/1
f 1330/4/1 1310/4/1 1329/4/1
f 1336/3/1 1332/3/1 1331/3/1
f 1337/3/1 1332/3/1 1336/3/1
f 1338/3/1 1334/3/1 1333/3/1
f 1339/3/1 1334/3/1 1338/3/1
f 1341/3/1 1336/3/1 1335/3/1
f 1342/3/1 1336/3/1 1341/3/1
f 1343/3/1 1340/3/1 1339/3/1
f 1344/3/1 1340/3/1 1343/3/1
f 1349/3/1 1346/3/1 1345/3/1
f 1350/3/1 1346/3/1 1349/3/1
f 1353/3/1 1348/3/1 1347/3/1
f 1354/3/1 1348/3/1 1353/3/1
f 1355/3/1 1351/3/1 1350/3/1
f 1356/3/1 1351/3/1 1355/3/1
f 1357/3/1 1353/3/1 1352/3/1
f 1358/3/1 1353/3/1 1357/3/1
f 1363/3/1 1360/3/1 1359/3/1
f 1364/3/1 1360/3/1 1363/3/1
f 1365/3/1 1362/3/1 1361/3/1
f 1366/3/1 1362/3/1 1365/3/1
f 1371/2/1 1368/2/1 1367/2/1
f 1372/2/1 1368/2/1 1371/2/1
f 1373/2/1 1370/2/1 1369/2/1
f 1374/2/1 1370/2/1 1373/2/1
f 1377/2/1 1376/2/1 1375/2/1
f 1378/2/1 1376/2/1 1377/2/1
f 1383/3/1 1380/3/1 1379/3/1
f 1384/3/1 1380/3/1 1383/3/1
f 1385/3/1 1382/3/1 1381/3/1
f 1386/3/1 1382/3/1 1385/3/1
f 1391/3/1 1388/3/1 1387/3/1
f 1392/3/1 1388/3/1 1391/3/1
f 1393/3/1 1390/3/1 1389/3/1
f 1394/3/1 1390/3/1 1393/3/1
f 1399/2/1 1396/2/1 1395/2/1
f 1400/2/1 1396/2/1 1399/2/1
f 1401/2/1 1398/2/1 1397/2/1
f 1402/2/1 1398/2/1 1401/2/1
f 1407/2/1 1404/2/1 1403/2/1
f 1408/2/1 1404/2/1 1407/2/1
f 1409/2/1 1406/2/1 1405/2/1
f 1410/2/1 1406/2/1 1409/2/1
f 1415/3/1 1412/3/1 1411/3/1
f 1416/3/1 1412/3/1 1415/3/1
f 1417/3/1 1414/3/1 1413/3/1
f 1418/3/1 1414/3/1 1417/3/1
f 1423/1/1 1420/1/1 1419/1/1
f 1424/1/1 1420/1/1 1423/1/1
f 1425/1/1 1422/1/1 1421/1/1
f 1426/1/1 1422/1/1 1425/1/1
f 1431/1/1 1428/1/1 1427/1/1
f 1432/1/1 1428/1/1 1431/1/1
f 1433/1/1 1430/1/1 1429/1/1
f 1434/1/1 1430/1/1 1433/1/1
f 1439/1/1 1436/1/1 1435/1/1
f 1440/1/1 1436/1/1 1439/1/1
f 1441/1/1 1438/1/1 1437/1/1
f 1442/1/1 1438/1/1 1441/1/1
f 1447/1/1 1444/1/1 1443/1/1
f 1448/1/1 1444/1/1 1447/1/1
f 1449/1/1 1446/1/1 1445/1/1
f 1450/1/1 1446/1/1 1449/1/1
f 1455/1/1 1452/1/1 1451/1/1
f 1456/1/1 1452/1/1 1455/1/1
f 1457/1/1 1454/1/1 1453/1/1
f 1458/1/1 1454/1/1 1457/1/1
f 1463/1/1 1460/1/1 1459/1/1
f 1464/1/1 1460/1/1 1463/1/1
f 1465/1/1 1462/1/1 1461/1/1
f 1466/1/1 1462/1/1 1465/1/1
f 1471/1/1 1468/1/1 1467/1/1
f 1472/1/1 1468/1/1 1471/1/1
f 1473/1/1 1470/1/1 1469/1/1
f 1474/1/1 1470/1/1 1473/1/1
f 1477/2/1 1476/2/1 1475/2/1
f 1478/2/1 1476/2/1 1477/2/1
f 1483/1/1 1480/1/1 1479/1/1
f 1484/1/1 1480/1/1 1483/1/1
f 1485/1/1 1482/1/1 1481/1/1
f 1486/1/1 1482/1/1 1485/1/1
f 1490/2/1 1488/2/1 1487/2/1
f 1491/2/1 1488/2/1 1490/2/1
f 1494/2/1 1490/2/1 1489/2/1
f 1494/2/1 1492/2/1 1491/2/1
f 1494/2/1 1491/2/1 1490/2/1
f 1495/2/1 1492/2/1 1494/2/1
f 1497/2/1 1494/2/1 1493/2/1
f 1498/2/1 1494/2/1 1497/2/1
f 1499/2/1 1496/2/1 1495/2/1
f 1500/2/1 1496/2/1 1499/2/1
f 1501/2/1 1499/2/1 1498/2/1
f 1502/2/1 1499/2/1 1501/2/1
f 1503/2/1 1499/2/1 1502/2/1
f 1504/2/1 1499/2/1 1503/2/1
f 1505/3/1 1503/3/1 1502/3/1
f 1506/3/1 1503/3/1 1505/3/1
f 1511/1/1 1508/1/1 1507/1/1
f 1512/1/1 1508/1/1 1511/1/1
f 1513/1/1 1510/1/1 1509/1/1
f 1514/1/1 1510/1/1 1513/1/1
f 1518/3/1 1516/3/1 1515/3/1
f 1519/3/1 1516/3/1 1518/3/1
f 1522/3/1 1518/3/1 1517/3/1
f 1523/3/1 1518/3/1 1522/3/1
f 1524/3/1 1518/3/1 1523/3/1
f 1525/3/1 1520/3/1 1519/3/1
f 1526/3/1 1520/3/1 1525/3/1
f 1527/3/1 1520/3/1 1526/3/1
f 1529/2/1 1522/2/1 1521/2/1
f 1529/2/1 1523/2/1 1522/2/1
f 1530/2/1 1523/2/1 1529/2/1
f 1531/2/1 1528/2/1 1527/2/1
f 1531/2/1 1527/2/1 1526/2/1
f 1532/2/1 1528/2/1 1531/2/1
f 1533/2/1 1529/2/1 1521/2/1
f 1536/2/1 1528/2/1 1532/2/1
f 1537/2/1 1534/2/1 1533/2/1
f 1537/2/1 1533/2/1 1521/2/1
f 1538/2/1 1534/2/1 1537/2/1
f 1539/2/1 1534/2/1 1538/2/1
f 1542/2/1 1536/2/1 1535/2/1
f 1543/2/1 1528/2/1 1536/2/1
f 1543/2/1 1536/2/1 1542/2/1
f 1544/2/1 1528/2/1 1543/2/1
f 1545/3/1 1540/3/1 1539/3/1
f 1545/3/1 1539/3/1 1538/3/1
f 1546/3/1 1540/3/1 1545/3/1
f 1547/3/1 1542/3/1 1541/3/1
f 1547/3/1 1543/3/1 1542/3/1
f 1548/3/1 1543/3/1 1547/3/1
f 1549/3/1 1547/3/1 1546/3/1
f 1550/3/1 1547/3/1 1549/3/1
f 1555/1/1 1552/1/1 1551/1/1
f 1556/1/1 1552/1/1 1555/1/1
f 1557/1/1 1554/1/1 1553/1/1
f 1558/1/1 1554/1/1 1557/1/1
f 1563/1/1 1560/1/1 1559/1/1
f 1564/1/1 1560/1/1 1563/1/1
f 1565/1/1 1562/1/1 1561/1/1
f 1566/1/1 1562/1/1 1565/1/1
f 1570/3/1 1568/3/1 1567/3/1
f 1571/3/1 1568/3/1 1570/3/1
f 1574/3/1 1570/3/1 1569/3/1
f 1575/3/1 1570/3/1 1574/3/1
f 1576/3/1 1572/3/1 1571/3/1
f 1577/3/1 1572/3/1 1576/3/1
f 1579/3/1 1574/3/1 1573/3/1
f 1580/3/1 1574/3/1 1579/3/1
f 1581/3/1 1578/3/1 1577/3/1
f 1582/3/1 1578/3/1 1581/3/1
f 1587/2/1 1584/2/1 1583/2/1
f 1588/2/1 1584/2/1 1587/2/1
f 1589/2/1 1586/2/1 1585/2/1
f 1590/2/1 1586/2/1 1589/2/1
f 1595/3/1 1592/3/1 1591/3/1
f 1596/3/1 1592/3/1 1595/3/1
f 1599/3/1 1594/3/1 1593/3/1
f 1600/3/1 1594/3/1 1599/3/1
f 1601/3/1 1597/3/1 1596/3/1
f 1602/3/1 1597/3/1 1601/3/1
f 1603/3/1 1599/3/1 1598/3/1
f 1604/3/1 1599/3/1 1603/3/1
f 1605/3/1 1603/3/1 1602/3/1
f 1606/3/1 1603/3/1 1605/3/1
f 1611/1/1 1608/1/1 1607/1/1
f 1612/1/1 1608/1/1 1611/1/1
f 1613/1/1 1610/1/1 1609/1/1
f 1614/1/1 1610/1/1 1613/1/1
f 1619/1/1 1616/1/1 1615/1/1
f 1620/1/1 1616/1/1 1619/1/1
f 1621/1/1 1618/1/1 1617/1/1
f 1622/1/1 1618/1/1 1621/1/1
f 1629/3/1 1624/3/1 1623/3/1
f 1630/3/1 1624/3/1 1629/3/1
f 1631/3/1 1626/3/1 1625/3/1
f 1632/3/1 1626/3/1 1631/3/1
f 1635/3/1 1628/3/1 1627/3/1
f 1636/3/1 1628/3/1 1635/3/1
f 1637/3/1 1634/3/1 1633/3/1
f 1638/3/1 1634/3/1 1637/3/1
f 1643/2/1 1640/2/1 1639/2/1
f 1644/2/1 1640/2/1 1643/2/1
f 1645/2/1 1642/2/1 1641/2/1
f 1646/2/1 1642/2/1 1645/2/1
f 1651/2/1 1648/2/1 1647/2/1
f 1652/2/1 1648/2/1 1651/2/1
f 1653/2/1 1650/2/1 1649/2/1
f 1654/2/1 1650/2/1 1653/2/1
f 1659/3/1 1656/3/1 1655/3/1
f 1660/3/1 1656/3/1 1659/3/1
f 1665/3/1 1658/3/1 1657/3/1
f 1666/3/1 1658/3/1 1665/3/1
f 1667/3/1 1662/3/1 1661/3/1
f 1668/3/1 1662/3/1 1667/3/1
f 1669/3/1 1664/3/1 1663/3/1
f 1670/3/1 1664/3/1 1669/3/1
f 1675/1/1 1672/1/1 1671/1/1
f 1676/1/1 1672/1/1 1675/1/1
f 1677/1/1 1674/1/1 1673/1/1
f 1678/1/1 1674/1/1 1677/1/1
f 1683/1/1 1680/1/1 1679/1/1
f 1684/1/1 1680/1/1 1683/1/1
f 1685/1/1 1682/1/1 1681/1/1
f 1686/1/1 1682/1/1 1685/1/1
f 1691/3/1 1688/3/1 1687/3/1
f 1692/3/1 1688/3/1 1691/3/1
f 1695/3/1 1690/3/1 1689/3/1
f 1696/3/1 1690/3/1 1695/3/1
f 1697/3/1 1694/3/1 1693/3/1
f 1698/3/1 1694/3/1 1697/3/1
f 1703/3/1 1700/3/1 1699/3/1
f 1704/3/1 1700/3/1 1703/3/1
f 1705/3/1 1702/3/1 1701/3/1
f 1706/3/1 1702/3/1 1705/3/1
f 1711/2/1 1708/2/1 1707/2/1
f 1712/2/1 1708/2/1 1711/2/1
f 1713/2/1 1710/2/1 1709/2/1
f 1714/2/1 1710/2/1 1713/2/1
f 1719/3/1 1716/3/1 1715/3/1
f 1720/3/1 1716/3/1 1719/3/1
f 1721/3/1 1718/3/1 1717/3/1
f 1722/3/1 1718/3/1 1721/3/1
f 1727/3/1 1724/3/1 1723/3/1
f 1728/3/1 1724/3/1 1727/3/1
f 1731/3/1 1726/3/1 1725/3/1
f 1732/3/1 1726/3/1 1731/3/1
f 1733/3/1 1730/3/1 1729/3/1
f 1734/3/1 1730/3/1 1733/3/1
f 1739/1/1 1736/1/1 1735/1/1
f 1740/1/1 1736/1/1 1739/1/1
f 1741/1/1 1738/1/1 1737/1/1
f 1742/1/1 1738/1/1 1741/1/1
f 1747/1/1 1744/1/1 1743/1/1
f 1748/1/1 1744/1/1 1747/1/1
f 1749/1/1 1746/1/1 1745/1/1
f 1750/1/1 1746/1/1 1749/1/1
f 1757/3/1 1752/3/1 1751/3/1
f 1758/3/1 1752/3/1 1757/3/1
f 1759/3/1 1754/3/1 1753/3/1
f 1760/3/1 1754/3/1 1759/3/1
f 1764/3/1 1756/3/1 1755/3/1
f 1765/3/1 1756/3/1 1764/3/1
f 1766/3/1 1762/3/1 1761/3/1
f 1767/3/1 1762/3/1 1766/3/1
f 1769/3/1 1764/3/1 1763/3/1
f 1770/3/1 1764/3/1 1769/3/1
f 1771/3/1 1768/3/1 1767/3/1
f 1772/3/1 1768/3/1 1771/3/1
f 1777/2/1 1774/2/1 1773/2/1
f 1778/2/1 1774/2/1 1777/2/1
f 1779/2/1 1776/2/1 1775/2/1
f 1780/2/1 1776/2/1 1779/2/1
f 1785/2/1 1782/2/1 1781/2/1
f 1786/2/1 1782/2/1 1785/2/1
f 1787/2/1 1784/2/1 1783/2/1
f 1788/2/1 1784/2/1 1787/2/1
f 1793/3/1 1790/3/1 1789/3/1
f 1794/3/1 1790/3/1 1793/3/1
f 1797/3/1 1792/3/1 1791/3/1
f 1798/3/1 1792/3/1 1797/3/1
f 1799/3/1 1795/3/1 1794/3/1
f 1800/3/1 1795/3/1 1799/3/1
f 1805/3/1 1797/3/1 1796/3/1
f 1806/3/1 1797/3/1 1805/3/1
f 1807/3/1 1802/3/1 1801/3/1
f 1808/3/1 1802/3/1 1807/3/1
f 1809/3/1 1804/3/1 1803/3/1
f 1810/3/1 1804/3/1 1809/3/1
f 1815/1/1 1812/1/1 1811/1/1
f 1816/1/1 1812/1/1 1815/1/1
f 1817/1/1 1814/1/1 1813/1/1
f 1818/1/1 1814/1/1 1817/1/1
f 1823/3/1 1820/3/1 1819/3/1
f 1824/3/1 1820/3/1 1823/3/1
f 1825/3/1 1822/3/1 1821/3/1
f 1826/3/1 1822/3/1 1825/3/1
f 1831/3/1 1828/3/1 1827/3/1
f 1832/3/1 1828/3/1 1831/3/1
f 1833/3/1 1830/3/1 1829/3/1
f 1834/3/1 1830/3/1 1833/3/1
f 1839/3/1 1836/3/1 1835/3/1
f 1840/3/1 1836/3/1 1839/3/1
f 1841/3/1 1838/3/1 1837/3/1
f 1842/3/1 1838/3/1 1841/3/1
f 1847/3/1 1844/3/1 1843/3/1
f 1848/3/1 1844/3/1 1847/3/1
f 1849/3/1 1846/3/1 1845/3/1
f 1850/3/1 1846/3/1 1849/3/1
f 1855/1/1 1852/1/1 1851/1/1
f 1856/1/1 1852/1/1 1855/1/1
f 1857/1/1 1854/1/1 1853/1/1
f 1858/1/1 1854/1/1 1857/1/1
f 1863/3/1 1860/3/1 1859/3/1
f 1864/3/1 1860/3/1 1863/3/1
f 1867/3/1 1862/3/1 1861/3/1
f 1868/3/1 1862/3/1 1867/3/1
f 1869/3/1 1866/3/1 1865/3/1
f 1870/3/1 1866/3/1 1869/3/1
f 1873/2/1 1872/2/1 1871/2/1
f 1874/2/1 1872/2/1 1873/2/1
f 1879/3/1 1876/3/1 1875/3/1
f 1880/3/1 1876/3/1 1879/3/1
f 1883/3/1 1878/3/1 1877/3/1
f 1884/3/1 1878/3/1 1883/3/1
f 1885/3/1 1882/3/1 1881/3/1
f 1886/3/1 1882/3/1 1885/3/1
f 1891/1/1 1888/1/1 1887/1/1
f 1892/1/1 1888/1/1 1891/1/1
f 1893/1/1 1890/1/1 1889/1/1
f 1894/1/1 1890/1/1 1893/1/1
f 1899/1/1 1896/1/1 1895/1/1
f 1900/1/1 1896/1/1 1899/1/1
f 1905/1/1 1898/1/1 1897/1/1
f 1906/1/1 1898/1/1 1905/1/1
f 1908/3/1 1902/3/1 1901/3/1
f 1909/3/1 1902/3/1 1908/3/1
f 1910/3/1 1904/3/1 1903/3/1
f 1911/3/1 1904/3/1 1910/3/1
f 1913/3/1 1908/3/1 1907/3/1
f 1914/3/1 1908/3/1 1913/3/1
f 1915/3/1 1912/3/1 1911/3/1
f 1916/3/1 1912/3/1 1915/3/1
f 1921/3/1 1918/3/1 1917/3/1
f 1922/3/1 1918/3/1 1921/3/1
f 1925/3/1 1920/3/1 1919/3/1
f 1926/3/1 1920/3/1 1925/3/1
f 1929/3/1 1923/3/1 1922/3/1
f 1930/3/1 1923/3/1 1929/3/1
f 1931/3/1 1925/3/1 1924/3/1
f 1932/3/1 1925/3/1 1931/3/1
f 1935/1/1 1928/1/1 1927/1/1
f 1936/1/1 1928/1/1 1935/1/1
f 1937/1/1 1934/1/1 1933/1/1
f 1938/1/1 1934/1/1 1937/1/1
f 1943/3/1 1940/3/1 1939/3/1
f 1944/3/1 1940/3/1 1943/3/1
f 1945/3/1 1942/3/1 1941/3/1
f 1946/3/1 1942/3/1 1945/3/1
f 1951/1/1 1948/1/1 1947/1/1
f 1952/1/1 1951/1/1 1947/1/1
f 1953/1/1 1951/1/1 1952/1/1
f 1954/1/1 1950/1/1 1949/1/1
f 1955/1/1 1950/1/1 1954/1/1
f 1957/4/1 1955/4/1 1954/4/1
f 1958/2/1 1957/2/1 1956/2/1
f 1959/4/1 1955/4/1 1957/4/1
f 1959/2/1 1957/2/1 1958/2/1
f 1960/4/1 1955/4/1 1959/4/1
f 1963/2/1 1962/2/1 1961/2/1
f 1964/2/1 1962/2/1 1963/2/1
f 1969/1/1 1966/1/1 1965/1/1
f 1970/1/1 1969/1/1 1965/1/1
f 1971/1/1 1969/1/1 1970/1/1
f 1972/1/1 1968/1/1 1967/1/1
f 1973/1/1 1968/1/1 1972/1/1
f 1978/3/1 1975/3/1 1974/3/1
f 1979/3/1 1975/3/1 1978/3/1
f 1980/3/1 1977/3/1 1976/3/1
f 1981/3/1 1977/3/1 1980/3/1
f 1984/1/1 1983/1/1 1982/1/1
f 1985/1/1 1983/1/1 1984/1/1
f 1988/4/1 1987/4/1 1986/4/1
f 1989/4/1 1987/4/1 1988/4/1
f 1990/4/2 1991/4/2 1992/4/2
f 1992/4/2 1991/4/2 1993/4/2
f 1996/1/2 1997/1/2 1998/1/2
f 1994/1/2 1995/1/2 1999/1/2
f 1999/1/2 1995/1/2 2000/1/2
f 1998/1/2 1997/1/2 2001/1/2
f 2001/1/2 1997/1/2 2002/1/2
f 2001/4/2 2002/4/2 2003/4/2
f 2003/4/2 2002/4/2 2004/4/2
f 2004/4/2 2002/4/2 2005/4/2
f 2005/4/2 2002/4/2 2006/4/2
f 2009/1/2 2010/1/2 2011/1/2
f 2007/1/2 2008/1/2 2012/1/2
f 2012/1/2 2008/1/2 2013/1/2
f 2011/1/2 2010/1/2 2014/1/2
f 2014/1/2 2010/1/2 2015/1/2
f 2020/3/2 2021/3/2 2024/3/2
f 2024/3/2 2021/3/2 2025/3/2
f 2022/3/2 2023/3/2 2026/3/2
f 2026/3/2 2023/3/2 2027/3/2
f 2016/1/2 2017/1/2 2028/1/2
f 2028/1/2 2017/1/2 2029/1/2
f 2018/1/2 2019/1/2 2030/1/2
f 2030/1/2 2019/1/2 2031/1/2
f 2032/3/2 2033/3/2 2036/3/2
f 2036/3/2 2033/3/2 2037/3/2
f 2034/3/2 2035/3/2 2038/3/2
f 2038/3/2 2035/3/2 2039/3/2
f 2040/2/2 2041/2/2 2042/2/2
f 2042/2/2 2041/2/2 2043/2/2
f 2048/3/2 2049/3/2 2052/3/2
f 2052/3/2 2049/3/2 2053/3/2
f 2050/3/2 2051/3/2 2054/3/2
f 2054/3/2 2051/3/2 2055/3/2
f 2044/1/2 2045/1/2 2056/1/2
f 2056/1/2 2045/1/2 2057/1/2
f 2046/1/2 2047/1/2 2058/1/2
f 2058/1/2 2047/1/2 2059/1/2
f 2060/1/2 2061/1/2 2064/1/2
f 2064/1/2 2061/1/2 2065/1/2
f 2062/1/2 2063/1/2 2066/1/2
f 2066/1/2 2063/1/2 2067/1/2
f 2068/3/2 2069/3/2 2073/3/2
f 2073/3/2 2069/3/2 2074/3/2
f 2070/3/2 2071/3/2 2075/3/2
f 2075/3/2 2071/3/2 2076/3/2
f 2072/3/2 2073/3/2 2078/3/2
f 2078/3/2 2073/3/2 2079/3/2
f 2076/3/2 2077/3/2 2080/3/2
f 2080/3/2 2077/3/2 2081/3/2
f 2082/3/2 2083/3/2 2086/3/2
f 2086/3/2 2083/3/2 2087/3/2
f 2084/3/2 2085/3/2 2090/3/2
f 2090/3/2 2085/3/2 2091/3/2
f 2087/3/2 2088/3/2 2092/3/2
f 2092/3/2 2088/3/2 2093/3/2
f 2089/3/2 2090/3/2 2094/3/2
f 2094/3/2 2090/3/2 2095/3/2
f 2096/1/2 2097/1/2 2100/1/2
f 2100/1/2 2097/1/2 2101/1/2
f 2098/1/2 2099/1/2 2102/1/2
f 2102/1/2 2099/1/2 2103/1/2
f 2104/3/2 2105/3/2 2108/3/2
f 2108/3/2 2105/3/2 2109/3/2
f 2106/3/2 2107/3/2 2112/3/2
f 2112/3/2 2107/3/2 2113/3/2
f 2110/3/2 2111/3/2 2114/3/2
f 2114/3/2 2111/3/2 2115/3/2
f 2116/2/2 2117/2/2 2118/2/2
f 2118/2/2 2117/2/2 2119/2/2
f 2120/3/2 2121/3/2 2124/3/2
f 2124/3/2 2121/3/2 2125/3/2
f 2122/3/2 2123/3/2 2128/3/2
f 2128/3/2 2123/3/2 2129/3/2
f 2126/3/2 2127/3/2 2130/3/2
f 2130/3/2 2127/3/2 2131/3/2
f 2132/1/2 2133/1/2 2136/1/2
f 2136/1/2 2133/1/2 2137/1/2
f 2134/1/2 2135/1/2 2138/1/2
f 2138/1/2 2135/1/2 2139/1/2
f 2140/3/2 2141/3/2 2144/3/2
f 2144/3/2 2141/3/2 2145/3/2
f 2142/3/2 2143/3/2 2146/3/2
f 2146/3/2 2143/3/2 2147/3/2
f 2148/3/2 2149/3/2 2152/3/2
f 2152/3/2 2149/3/2 2153/3/2
f 2150/3/2 2151/3/2 2154/3/2
f 2154/3/2 2151/3/2 2155/3/2
f 2156/3/2 2157/3/2 2160/3/2
f 2160/3/2 2157/3/2 2161/3/2
f 2158/3/2 2159/3/2 2162/3/2
f 2162/3/2 2159/3/2 2163/3/2
f 2164/3/2 2165/3/2 2168/3/2
f 2168/3/2 2165/3/2 2169/3/2
f 2166/3/2 2167/3/2 2170/3/2
f 2170/3/2 2167/3/2 2171/3/2
f 2172/1/2 2173/1/2 2176/1/2
f 2176/1/2 2173/1/2 2177/1/2
f 2174/1/2 2175/1/2 2178/1/2
f 2178/1/2 2175/1/2 2179/1/2
f 2180/1/2 2181/1/2 2184/1/2
f 2184/1/2 2181/1/2 2185/1/2
f 2182/1/2 2183/1/2 2186/1/2
f 2186/1/2 2183/1/2 2187/1/2
f 2188/3/2 2189/3/2 2194/3/2
f 2194/3/2 2189/3/2 2195/3/2
f 2190/3/2 2191/3/2 2196/3/2
f 2196/3/2 2191/3/2 2197/3/2
f 2192/3/2 2193/3/2 2201/3/2
f 2201/3/2 2193/3/2 2202/3/2
f 2198/3/2 2199/3/2 2203/3/2
f 2203/3/2 2199/3/2 2204/3/2
f 2200/3/2 2201/3/2 2206/3/2
f 2206/3/2 2201/3/2 2207/3/2
f 2204/3/2 2205/3/2 2208/3/2
f 2208/3/2 2205/3/2 2209/3/2
f 2210/3/2 2211/3/2 2214/3/2
f 2214/3/2 2211/3/2 2215/3/2
f 2212/3/2 2213/3/2 2216/3/2
f 2216/3/2 2213/3/2 2217/3/2
f 2218/2/2 2219/2/2 2222/2/2
f 2222/2/2 2219/2/2 2223/2/2
f 2220/2/2 2221/2/2 2224/2/2
f 2224/2/2 2221/2/2 2225/2/2
f 2226/3/2 2227/3/2 2230/3/2
f 2230/3/2 2227/3/2 2231/3/2
f 2228/3/2 2229/3/2 2234/3/2
f 2234/3/2 2229/3/2 2235/3/2
f 2231/3/2 2232/3/2 2236/3/2
f 2236/3/2 2232/3/2 2237/3/2
f 2233/3/2 2234/3/2 2242/3/2
f 2242/3/2 2234/3/2 2243/3/2
f 2238/3/2 2239/3/2 2244/3/2
f 2244/3/2 2239/3/2 2245/3/2
f 2240/3/2 2241/3/2 2246/3/2
f 2246/3/2 2241/3/2 2247/3/2
f 2248/1/2 2249/1/2 2252/1/2
f 2252/1/2 2249/1/2 2253/1/2
f 2250/1/2 2251/1/2 2254/1/2
f 2254/1/2 2251/1/2 2255/1/2
f 2256/1/2 2257/1/2 2260/1/2
f 2260/1/2 2257/1/2 2261/1/2
f 2258/1/2 2259/1/2 2262/1/2
f 2262/1/2 2259/1/2 2263/1/2
f 2264/3/2 2265/3/2 2268/3/2
f 2268/3/2 2265/3/2 2269/3/2
f 2266/3/2 2267/3/2 2272/3/2
f 2272/3/2 2267/3/2 2273/3/2
f 2270/3/2 2271/3/2 2274/3/2
f 2274/3/2 2271/3/2 2275/3/2
f 2276/3/2 2277/3/2 2280/3/2
f 2280/3/2 2277/3/2 2281/3/2
f 2278/3/2 2279/3/2 2282/3/2
f 2282/3/2 2279/3/2 2283/3/2
f 2284/2/2 2285/2/2 2288/2/2
f 2288/2/2 2285/2/2 2289/2/2
f 2286/2/2 2287/2/2 2290/2/2
f 2290/2/2 2287/2/2 2291/2/2
f 2292/3/2 2293/3/2 2296/3/2
f 2296/3/2 2293/3/2 2297/3/2
f 2294/3/2 2295/3/2 2298/3/2
f 2298/3/2 2295/3/2 2299/3/2
f 2300/3/2 2301/3/2 2304/3/2
f 2304/3/2 2301/3/2 2305/3/2
f 2302/3/2 2303/3/2 2308/3/2
f 2308/3/2 2303/3/2 2309/3/2
f 2306/3/2 2307/3/2 2310/3/2
f 2310/3/2 2307/3/2 2311/3/2
f 2312/1/2 2313/1/2 2316/1/2
f 2316/1/2 2313/1/2 2317/1/2
f 2314/1/2 2315/1/2 2318/1/2
f 2318/1/2 2315/1/2 2319/1/2
f 2320/1/2 2321/1/2 2324/1/2
f 2324/1/2 2321/1/2 2325/1/2
f 2322/1/2 2323/1/2 2326/1/2
f 2326/1/2 2323/1/2 2327/1/2
f 2328/3/2 2329/3/2 2334/3/2
f 2334/3/2 2329/3/2 2335/3/2
f 2330/3/2 2331/3/2 2336/3/2
f 2336/3/2 2331/3/2 2337/3/2
f 2332/3/2 2333/3/2 2340/3/2
f 2340/3/2 2333/3/2 2341/3/2
f 2338/3/2 2339/3/2 2342/3/2
f 2342/3/2 2339/3/2 2343/3/2
f 2344/3/2 2345/3/2 2348/3/2
f 2348/3/2 2345/3/2 2349/3/2
f 2346/3/2 2347/3/2 2350/3/2
f 2350/3/2 2347/3/2 2351/3/2
f 2352/2/2 2353/2/2 2356/2/2
f 2356/2/2 2353/2/2 2357/2/2
f 2354/2/2 2355/2/2 2358/2/2
f 2358/2/2 2355/2/2 2359/2/2
f 2360/3/2 2361/3/2 2364/3/2
f 2364/3/2 2361/3/2 2365/3/2
f 2362/3/2 2363/3/2 2370/3/2
f 2370/3/2 2363/3/2 2371/3/2
f 2366/3/2 2367/3/2 2372/3/2
f 2372/3/2 2367/3/2 2373/3/2
f 2368/3/2 2369/3/2 2374/3/2
f 2374/3/2 2369/3/2 2375/3/2
f 2376/1/2 2377/1/2 2380/1/2
f 2380/1/2 2377/1/2 2381/1/2
f 2378/1/2 2379/1/2 2382/1/2
f 2382/1/2 2379/1/2 2383/1/2
f 2384/1/2 2385/1/2 2388/1/2
f 2388/1/2 2385/1/2 2389/1/2
f 2386/1/2 2387/1/2 2390/1/2
f 2390/1/2 2387/1/2 2391/1/2
f 2392/3/2 2393/3/2 2395/3/2
f 2395/3/2 2393/3/2 2396/3/2
f 2394/3/2 2395/3/2 2399/3/2
f 2399/3/2 2395/3/2 2400/3/2
f 2396/3/2 2397/3/2 2401/3/2
f 2401/3/2 2397/3/2 2402/3/2
f 2398/3/2 2399/3/2 2404/3/2
f 2404/3/2 2399/3/2 2405/3/2
f 2402/3/2 2403/3/2 2406/3/2
f 2406/3/2 2403/3/2 2407/3/2
f 2408/2/2 2409/2/2 2412/2/2
f 2412/2/2 2409/2/2 2413/2/2
f 2410/2/2 2411/2/2 2414/2/2
f 2414/2/2 2411/2/2 2415/2/2
f 2416/3/2 2417/3/2 2420/3/2
f 2420/3/2 2417/3/2 2421/3/2
f 2418/3/2 2419/3/2 2424/3/2
f 2424/3/2 2419/3/2 2425/3/2
f 2421/3/2 2422/3/2 2426/3/2
f 2426/3/2 2422/3/2 2427/3/2
f 2423/3/2 2424/3/2 2428/3/2
f 2428/3/2 2424/3/2 2429/3/2
f 2427/3/2 2428/3/2 2430/3/2
f 2430/3/2 2428/3/2 2431/3/2
f 2432/1/2 2433/1/2 2436/1/2
f 2436/1/2 2433/1/2 2437/1/2
f 2434/1/2 2435/1/2 2438/1/2
f 2438/1/2 2435/1/2 2439/1/2
f 2440/3/2 2441/3/2 2443/3/2
f 2443/3/2 2441/3/2 2444/3/2
f 2442/3/2 2443/3/2 2447/3/2
f 2447/3/2 2443/3/2 2448/3/2
f 2448/3/2 2443/3/2 2449/3/2
f 2444/3/2 2445/3/2 2450/3/2
f 2450/3/2 2445/3/2 2451/3/2
f 2451/3/2 2445/3/2 2452/3/2
f 2446/3/2 2447/3/2 2454/3/2
f 2447/3/2 2448/3/2 2454/3/2
f 2454/3/2 2448/3/2 2455/3/2
f 2455/3/2 2448/3/2 2456/3/2
f 2452/3/2 2453/3/2 2457/3/2
f 2451/3/2 2452/3/2 2457/3/2
f 2457/3/2 2453/3/2 2458/3/2
f 2458/3/2 2453/3/2 2459/3/2
f 2454/2/2 2455/2/2 2460/2/2
f 2458/2/2 2459/2/2 2463/2/2
f 2460/2/2 2461/2/2 2464/2/2
f 2454/2/2 2460/2/2 2464/2/2
f 2464/2/2 2461/2/2 2465/2/2
f 2465/2/2 2461/2/2 2466/2/2
f 2462/2/2 2463/2/2 2469/2/2
f 2463/2/2 2459/2/2 2470/2/2
f 2469/2/2 2463/2/2 2470/2/2
f 2470/2/2 2459/2/2 2471/2/2
f 2466/3/2 2467/3/2 2472/3/2
f 2465/3/2 2466/3/2 2472/3/2
f 2472/3/2 2467/3/2 2473/3/2
f 2468/3/2 2469/3/2 2474/3/2
f 2469/3/2 2470/3/2 2474/3/2
f 2474/3/2 2470/3/2 2475/3/2
f 2473/3/2 2474/3/2 2476/3/2
f 2476/3/2 2474/3/2 2477/3/2
f 2478/1/2 2479/1/2 2482/1/2
f 2482/1/2 2479/1/2 2483/1/2
f 2480/1/2 2481/1/2 2484/1/2
f 2484/1/2 2481/1/2 2485/1/2
f 2486/3/2 2487/3/2 2489/3/2
f 2489/3/2 2487/3/2 2490/3/2
f 2488/3/2 2489/3/2 2493/3/2
f 2490/3/2 2491/3/2 2493/3/2
f 2489/3/2 2490/3/2 2493/3/2
f 2493/3/2 2491/3/2 2494/3/2
f 2492/2/2 2493/2/2 2496/2/2
f 2496/2/2 2493/2/2 2497/2/2
f 2494/2/2 2495/2/2 2498/2/2
f 2498/2/2 2495/2/2 2499/2/2
f 2497/2/2 2498/2/2 2500/2/2
f 2500/2/2 2498/2/2 2501/2/2
f 2501/2/2 2498/2/2 2502/2/2
f 2502/2/2 2498/2/2 2503/2/2
f 2501/3/2 2502/3/2 2504/3/2
f 2504/3/2 2502/3/2 2505/3/2
f 2506/1/2 2507/1/2 2510/1/2
f 2510/1/2 2507/1/2 2511/1/2
f 2508/1/2 2509/1/2 2512/1/2
f 2512/1/2 2509/1/2 2513/1/2
f 2514/2/2 2515/2/2 2516/2/2
f 2516/2/2 2515/2/2 2517/2/2
f 2518/1/2 2519/1/2 2522/1/2
f 2522/1/2 2519/1/2 2523/1/2
f 2520/1/2 2521/1/2 2524/1/2
f 2524/1/2 2521/1/2 2525/1/2
f 2526/1/2 2527/1/2 2530/1/2
f 2530/1/2 2527/1/2 2531/1/2
f 2528/1/2 2529/1/2 2532/1/2
f 2532/1/2 2529/1/2 2533/1/2
f 2534/1/2 2535/1/2 2538/1/2
f 2538/1/2 2535/1/2 2539/1/2
f 2536/1/2 2537/1/2 2540/1/2
f 2540/1/2 2537/1/2 2541/1/2
f 2542/1/2 2543/1/2 2546/1/2
f 2546/1/2 2543/1/2 2547/1/2
f 2544/1/2 2545/1/2 2548/1/2
f 2548/1/2 2545/1/2 2549/1/2
f 2550/1/2 2551/1/2 2554/1/2
f 2554/1/2 2551/1/2 2555/1/2
f 2552/1/2 2553/1/2 2556/1/2
f 2556/1/2 2553/1/2 2557/1/2
f 2558/1/2 2559/1/2 2562/1/2
f 2562/1/2 2559/1/2 2563/1/2
f 2560/1/2 2561/1/2 2564/1/2
f 2564/1/2 2561/1/2 2565/1/2
f 2566/3/2 2567/3/2 2570/3/2
f 2570/3/2 2567/3/2 2571/3/2
f 2568/3/2 2569/3/2 2572/3/2
f 2572/3/2 2569/3/2 2573/3/2
f 2574/3/2 2575/3/2 2578/3/2
f 2578/3/2 2575/3/2 2579/3/2
f 2576/3/2 2577/3/2 2580/3/2
f 2580/3/2 2577/3/2 2581/3/2
f 2582/2/2 2583/2/2 2584/2/2
f 2584/2/2 2583/2/2 2585/2/2
f 2586/3/2 2587/3/2 2590/3/2
f 2590/3/2 2587/3/2 2591/3/2
f 2588/3/2 2589/3/2 2592/3/2
f 2592/3/2 2589/3/2 2593/3/2
f 2594/3/2 2595/3/2 2598/3/2
f 2598/3/2 2595/3/2 2599/3/2
f 2596/3/2 2597/3/2 2600/3/2
f 2600/3/2 2597/3/2 2601/3/2
f 2602/3/2 2603/3/2 2606/3/2
f 2606/3/2 2603/3/2 2607/3/2
f 2604/3/2 2605/3/2 2608/3/2
f 2608/3/2 2605/3/2 2609/3/2
f 2610/2/2 2611/2/2 2614/2/2
f 2614/2/2 2611/2/2 2615/2/2
f 2612/2/2 2613/2/2 2616/2/2
f 2616/2/2 2613/2/2 2617/2/2
f 2618/3/2 2619/3/2 2622/3/2
f 2622/3/2 2619/3/2 2623/3/2
f 2620/3/2 2621/3/2 2624/3/2
f 2624/3/2 2621/3/2 2625/3/2
f 2626/3/2 2627/3/2 2631/3/2
f 2631/3/2 2627/3/2 2632/3/2
f 2628/3/2 2629/3/2 2633/3/2
f 2633/3/2 2629/3/2 2634/3/2
f 2630/3/2 2631/3/2 2638/3/2
f 2638/3/2 2631/3/2 2639/3/2
f 2634/3/2 2635/3/2 2640/3/2
f 2640/3/2 2635/3/2 2641/3/2
f 2642/1/2 2643/1/2 2646/1/2
f 2646/1/2 2643/1/2 2647/1/2
f 2644/1/2 2645/1/2 2648/1/2
f 2648/1/2 2645/1/2 2649/1/2
f 2650/3/2 2651/3/2 2654/3/2
f 2654/3/2 2651/3/2 2655/3/2
f 2652/3/2 2653/3/2 2658/3/2
f 2658/3/2 2653/3/2 2659/3/2
f 2655/3/2 2656/3/2 2660/3/2
f 2660/3/2 2656/3/2 2661/3/2
f 2657/3/2 2658/3/2 2662/3/2
f 2662/3/2 2658/3/2 2663/3/2
f 2636/4/2 2637/4/2 2664/4/2
f 2664/4/2 2637/4/2 2665/4/2
f 2666/3/2 2667/3/2 2671/3/2
f 2671/3/2 2667/3/2 2672/3/2
f 2668/3/2 2669/3/2 2673/3/2
f 2673/3/2 2669/3/2 2674/3/2
f 2670/3/2 2671/3/2 2676/3/2
f 2676/3/2 2671/3/2 2677/3/2
f 2674/3/2 2675/3/2 2678/3/2
f 2678/3/2 2675/3/2 2679/3/2
f 2680/3/2 2681/3/2 2684/3/2
f 2684/3/2 2681/3/2 2685/3/2
f 2682/3/2 2683/3/2 2688/3/2
f 2688/3/2 2683/3/2 2689/3/2
f 2685/3/2 2686/3/2 2690/3/2
f 2690/3/2 2686/3/2 2691/3/2
f 2687/3/2 2688/3/2 2692/3/2
f 2692/3/2 2688/3/2 2693/3/2
f 2694/1/2 2695/1/2 2698/1/2
f 2698/1/2 2695/1/2 2699/1/2
f 2696/1/2 2697/1/2 2700/1/2
f 2700/1/2 2697/1/2 2701/1/2
f 2702/3/2 2703/3/2 2706/3/2
f 2706/3/2 2703/3/2 2707/3/2
f 2704/3/2 2705/3/2 2712/3/2
f 2712/3/2 2705/3/2 2713/3/2
f 2708/3/2 2709/3/2 2714/3/2
f 2714/3/2 2709/3/2 2715/3/2
f 2710/4/2 2711/4/2 2718/4/2
f 2718/4/2 2711/4/2 2719/4/2
f 2720/2/2 2721/2/2 2724/2/2
f 2724/2/2 2721/2/2 2725/2/2
f 2722/2/2 2723/2/2 2726/2/2
f 2726/2/2 2723/2/2 2727/2/2
f 2728/3/2 2729/3/2 2732/3/2
f 2732/3/2 2729/3/2 2733/3/2
f 2730/3/2 2731/3/2 2736/3/2
f 2736/3/2 2731/3/2 2737/3/2
f 2734/3/2 2735/3/2 2738/3/2
f 2738/3/2 2735/3/2 2739/3/2
f 2716/4/2 2717/4/2 2740/4/2
f 2740/4/2 2717/4/2 2741/4/2
f 2742/3/2 2743/3/2 2746/3/2
f 2746/3/2 2743/3/2 2747/3/2
f 2744/3/2 2745/3/2 2750/3/2
f 2750/3/2 2745/3/2 2751/3/2
f 2748/3/2 2749/3/2 2752/3/2
f 2752/3/2 2749/3/2 2753/3/2
f 2754/2/2 2755/2/2 2758/2/2
f 2758/2/2 2755/2/2 2759/2/2
f 2756/2/2 2757/2/2 2760/2/2
f 2760/2/2 2757/2/2 2761/2/2
f 2762/3/2 2763/3/2 2766/3/2
f 2766/3/2 2763/3/2 2767/3/2
f 2764/3/2 2765/3/2 2770/3/2
f 2770/3/2 2765/3/2 2771/3/2
f 2768/3/2 2769/3/2 2772/3/2
f 2772/3/2 2769/3/2 2773/3/2
f 2774/4/2 2775/4/2 2782/4/2
f 2782/4/2 2775/4/2 2783/4/2
f 2778/3/2 2779/3/2 2784/3/2
f 2784/3/2 2779/3/2 2785/3/2
f 2780/3/2 2781/3/2 2786/3/2
f 2786/3/2 2781/3/2 2787/3/2
f 2776/4/2 2777/4/2 2788/4/2
f 2788/4/2 2777/4/2 2789/4/2
f 2790/3/2 2791/3/2 2794/3/2
f 2794/3/2 2791/3/2 2795/3/2
f 2792/3/2 2793/3/2 2796/3/2
f 2796/3/2 2793/3/2 2797/3/2
f 2798/3/2 2799/3/2 2802/3/2
f 2802/3/2 2799/3/2 2803/3/2
f 2800/3/2 2801/3/2 2804/3/2
f 2804/3/2 2801/3/2 2805/3/2
f 2806/3/2 2807/3/2 2810/3/2
f 2810/3/2 2807/3/2 2811/3/2
f 2808/3/2 2809/3/2 2812/3/2
f 2812/3/2 2809/3/2 2813/3/2
f 2814/3/2 2815/3/2 2818/3/2
f 2818/3/2 2815/3/2 2819/3/2
f 2816/3/2 2817/3/2 2820/3/2
f 2820/3/2 2817/3/2 2821/3/2
f 2822/3/2 2823/3/2 2826/3/2
f 2826/3/2 2823/3/2 2827/3/2
f 2824/3/2 2825/3/2 2828/3/2
f 2828/3/2 2825/3/2 2829/3/2
f 2830/3/2 2831/3/2 2834/3/2
f 2834/3/2 2831/3/2 2835/3/2
f 2832/3/2 2833/3/2 2836/3/2
f 2836/3/2 2833/3/2 2837/3/2
f 2838/3/2 2839/3/2 2842/3/2
f 2842/3/2 2839/3/2 2843/3/2
f 2840/3/2 2841/3/2 2844/3/2
f 2844/3/2 2841/3/2 2845/3/2
f 2846/4/2 2847/4/2 2850/4/2
f 2850/4/2 2847/4/2 2851/4/2
f 2848/4/2 2849/4/2 2852/4/2
f 2852/4/2 2849/4/2 2853/4/2
f 2854/3/2 2855/3/2 2860/3/2
f 2860/3/2 2855/3/2 2861/3/2
f 2856/3/2 2857/3/2 2862/3/2
f 2862/3/2 2857/3/2 2863/3/2
f 2858/3/2 2859/3/2 2867/3/2
f 2867/3/2 2859/3/2 2868/3/2
f 2864/3/2 2865/3/2 2869/3/2
f 2869/3/2 2865/3/2 2870/3/2
f 2866/3/2 2867/3/2 2872/3/2
f 2872/3/2 2867/3/2 2873/3/2
f 2870/3/2 2871/3/2 2874/3/2
f 2874/3/2 2871/3/2 2875/3/2
f 2876/3/2 2877/3/2 2880/3/2
f 2880/3/2 2877/3/2 2881/3/2
f 2878/3/2 2879/3/2 2882/3/2
f 2882/3/2 2879/3/2 2883/3/2
f 2884/2/2 2885/2/2 2888/2/2
f 2888/2/2 2885/2/2 2889/2/2
f 2886/2/2 2887/2/2 2890/2/2
f 2890/2/2 2887/2/2 2891/2/2
f 2892/3/2 2893/3/2 2896/3/2
f 2896/3/2 2893/3/2 2897/3/2
f 2894/3/2 2895/3/2 2900/3/2
f 2900/3/2 2895/3/2 2901/3/2
f 2897/3/2 2898/3/2 2902/3/2
f 2902/3/2 2898/3/2 2903/3/2
f 2899/3/2 2900/3/2 2908/3/2
f 2908/3/2 2900/3/2 2909/3/2
f 2904/3/2 2905/3/2 2910/3/2
f 2910/3/2 2905/3/2 2911/3/2
f 2906/3/2 2907/3/2 2912/3/2
f 2912/3/2 2907/3/2 2913/3/2
f 2914/3/2 2915/3/2 2920/3/2
f 2920/3/2 2915/3/2 2921/3/2
f 2916/3/2 2917/3/2 2922/3/2
f 2922/3/2 2917/3/2 2923/3/2
f 2918/3/2 2919/3/2 2927/3/2
f 2927/3/2 2919/3/2 2928/3/2
f 2924/3/2 2925/3/2 2929/3/2
f 2929/3/2 2925/3/2 2930/3/2
f 2926/3/2 2927/3/2 2932/3/2
f 2932/3/2 2927/3/2 2933/3/2
f 2930/3/2 2931/3/2 2934/3/2
f 2934/3/2 2931/3/2 2935/3/2
f 2936/3/2 2937/3/2 2940/3/2
f 2940/3/2 2937/3/2 2941/3/2
f 2938/3/2 2939/3/2 2942/3/2
f 2942/3/2 2939/3/2 2943/3/2
f 2944/2/2 2945/2/2 2948/2/2
f 2948/2/2 2945/2/2 2949/2/2
f 2946/2/2 2947/2/2 2950/2/2
f 2950/2/2 2947/2/2 2951/2/2
f 2952/3/2 2953/3/2 2956/3/2
f 2956/3/2 2953/3/2 2957/3/2
f 2954/3/2 2955/3/2 2960/3/2
f 2960/3/2 2955/3/2 2961/3/2
f 2957/3/2 2958/3/2 2962/3/2
f 2962/3/2 2958/3/2 2963/3/2
f 2959/3/2 2960/3/2 2968/3/2
f 2968/3/2 2960/3/2 2969/3/2
f 2964/3/2 2965/3/2 2970/3/2
f 2970/3/2 2965/3/2 2971/3/2
f 2966/3/2 2967/3/2 2972/3/2
f 2972/3/2 2967/3/2 2973/3/2
f 2974/4/2 2975/4/2 2978/4/2
f 2978/4/2 2975/4/2 2979/4/2
f 2976/4/2 2977/4/2 2980/4/2
f 2980/4/2 2977/4/2 2981/4/2
f 2982/3/2 2983/3/2 2986/3/2
f 2986/3/2 2983/3/2 2987/3/2
f 2984/3/2 2985/3/2 2990/3/2
f 2990/3/2 2985/3/2 2991/3/2
f 2988/3/2 2989/3/2 2992/3/2
f 2992/3/2 2989/3/2 2993/3/2
f 2994/3/2 2995/3/2 2998/3/2
f 2998/3/2 2995/3/2 2999/3/2
f 2996/3/2 2997/3/2 3000/3/2
f 3000/3/2 2997/3/2 3001/3/2
f 3002/2/2 3003/2/2 3006/2/2
f 3006/2/2 3003/2/2 3007/2/2
f 3004/2/2 3005/2/2 3008/2/2
f 3008/2/2 3005/2/2 3009/2/2
f 3010/3/2 3011/3/2 3014/3/2
f 3014/3/2 3011/3/2 3015/3/2
f 3012/3/2 3013/3/2 3016/3/2
f 3016/3/2 3013/3/2 3017/3/2
f 3018/3/2 3019/3/2 3022/3/2
f 3022/3/2 3019/3/2 3023/3/2
f 3020/3/2 3021/3/2 3026/3/2
f 3026/3/2 3021/3/2 3027/3/2
f 3024/3/2 3025/3/2 3028/3/2
f 3028/3/2 3025/3/2 3029/3/2
f 3030/3/2 3031/3/2 3034/3/2
f 3034/3/2 3031/3/2 3035/3/2
f 3032/3/2 3033/3/2 3038/3/2
f 3038/3/2 3033/3/2 3039/3/2
f 3036/3/2 3037/3/2 3040/3/2
f 3040/3/2 3037/3/2 3041/3/2
f 3042/3/2 3043/3/2 3046/3/2
f 3046/3/2 3043/3/2 3047/3/2
f 3044/3/2 3045/3/2 3048/3/2
f 3048/3/2 3045/3/2 3049/3/2
f 3050/2/2 3051/2/2 3054/2/2
f 3054/2/2 3051/2/2 3055/2/2
f 3052/2/2 3053/2/2 3056/2/2
f 3056/2/2 3053/2/2 3057/2/2
f 3058/3/2 3059/3/2 3062/3/2
f 3062/3/2 3059/3/2 3063/3/2
f 3060/3/2 3061/3/2 3064/3/2
f 3064/3/2 3061/3/2 3065/3/2
f 3066/3/2 3067/3/2 3070/3/2
f 3070/3/2 3067/3/2 3071/3/2
f 3068/3/2 3069/3/2 3074/3/2
f 3074/3/2 3069/3/2 3075/3/2
f 3072/3/2 3073/3/2 3076/3/2
f 3076/3/2 3073/3/2 3077/3/2
f 3078/4/2 3079/4/2 3080/4/2
f 3080/4/2 3079/4/2 3081/4/2
f 3082/3/2 3083/3/2 3088/3/2
f 3088/3/2 3083/3/2 3089/3/2
f 3084/3/2 3085/3/2 3090/3/2
f 3090/3/2 3085/3/2 3091/3/2
f 3086/3/2 3087/3/2 3094/3/2
f 3094/3/2 3087/3/2 3095/3/2
f 3092/3/2 3093/3/2 3096/3/2
f 3096/3/2 3093/3/2 3097/3/2
f 3098/3/2 3099/3/2 3102/3/2
f 3102/3/2 3099/3/2 3103/3/2
f 3100/3/2 3101/3/2 3104/3/2
f 3104/3/2 3101/3/2 3105/3/2
f 3106/1/2 3107/1/2 3114/1/2
f 3114/1/2 3107/1/2 3115/1/2
f 3108/2/2 3109/2/2 3116/2/2
f 3116/2/2 3109/2/2 3117/2/2
f 3110/2/2 3111/2/2 3118/2/2
f 3118/2/2 3111/2/2 3119/2/2
f 3112/1/2 3113/1/2 3120/1/2
f 3120/1/2 3113/1/2 3121/1/2
f 3122/3/2 3123/3/2 3126/3/2
f 3126/3/2 3123/3/2 3127/3/2
f 3124/3/2 3125/3/2 3132/3/2
f 3132/3/2 3125/3/2 3133/3/2
f 3128/3/2 3129/3/2 3134/3/2
f 3134/3/2 3129/3/2 3135/3/2
f 3130/3/2 3131/3/2 3136/3/2
f 3136/3/2 3131/3/2 3137/3/2
f 3138/3/2 3139/3/2 3144/3/2
f 3144/3/2 3139/3/2 3145/3/2
f 3140/3/2 3141/3/2 3146/3/2
f 3146/3/2 3141/3/2 3147/3/2
f 3142/3/2 3143/3/2 3150/3/2
f 3150/3/2 3143/3/2 3151/3/2
f 3148/3/2 3149/3/2 3152/3/2
f 3152/3/2 3149/3/2 3153/3/2
f 3154/3/2 3155/3/2 3158/3/2
f 3158/3/2 3155/3/2 3159/3/2
f 3156/3/2 3157/3/2 3160/3/2
f 3160/3/2 3157/3/2 3161/3/2
f 3162/2/2 3163/2/2 3166/2/2
f 3166/2/2 3163/2/2 3167/2/2
f 3164/2/2 3165/2/2 3168/2/2
f 3168/2/2 3165/2/2 3169/2/2
f 3170/3/2 3171/3/2 3174/3/2
f 3174/3/2 3171/3/2 3175/3/2
f 3172/3/2 3173/3/2 3180/3/2
f 3180/3/2 3173/3/2 3181/3/2
f 3176/3/2 3177/3/2 3182/3/2
f 3182/3/2 3177/3/2 3183/3/2
f 3178/3/2 3179/3/2 3184/3/2
f 3184/3/2 3179/3/2 3185/3/2
f 3186/1/2 3187/1/2 3190/1/2
f 3190/1/2 3187/1/2 3191/1/2
f 3188/1/2 3189/1/2 3192/1/2
f 3192/1/2 3189/1/2 3193/1/2
f 3194/3/2 3195/3/2 3197/3/2
f 3197/3/2 3195/3/2 3198/3/2
f 3196/3/2 3197/3/2 3201/3/2
f 3201/3/2 3197/3/2 3202/3/2
f 3198/3/2 3199/3/2 3203/3/2
f 3203/3/2 3199/3/2 3204/3/2
f 3200/3/2 3201/3/2 3206/3/2
f 3206/3/2 3201/3/2 3207/3/2
f 3204/3/2 3205/3/2 3208/3/2
f 3208/3/2 3205/3/2 3209/3/2
f 3210/2/2 3211/2/2 3214/2/2
f 3214/2/2 3211/2/2 3215/2/2
f 3212/2/2 3213/2/2 3216/2/2
f 3216/2/2 3213/2/2 3217/2/2
f 3218/3/2 3219/3/2 3222/3/2
f 3222/3/2 3219/3/2 3223/3/2
f 3220/3/2 3221/3/2 3226/3/2
f 3226/3/2 3221/3/2 3227/3/2
f 3223/3/2 3224/3/2 3228/3/2
f 3228/3/2 3224/3/2 3229/3/2
f 3225/3/2 3226/3/2 3230/3/2
f 3230/3/2 3226/3/2 3231/3/2
f 3229/3/2 3230/3/2 3232/3/2
f 3232/3/2 3230/3/2 3233/3/2
f 3234/3/2 3235/3/2 3237/3/2
f 3237/3/2 3235/3/2 3238/3/2
f 3236/3/2 3237/3/2 3241/3/2
f 3241/3/2 3237/3/2 3242/3/2
f 3238/3/2 3239/3/2 3243/3/2
f 3243/3/2 3239/3/2 3244/3/2
f 3240/3/2 3241/3/2 3246/3/2
f 3246/3/2 3241/3/2 3247/3/2
f 3244/3/2 3245/3/2 3248/3/2
f 3248/3/2 3245/3/2 3249/3/2
f 3250/2/2 3251/2/2 3254/2/2
f 3254/2/2 3251/2/2 3255/2/2
f 3252/2/2 3253/2/2 3256/2/2
f 3256/2/2 3253/2/2 3257/2/2
f 3258/3/2 3259/3/2 3262/3/2
f 3262/3/2 3259/3/2 3263/3/2
f 3260/3/2 3261/3/2 3266/3/2
f 3266/3/2 3261/3/2 3267/3/2
f 3263/3/2 3264/3/2 3268/3/2
f 3268/3/2 3264/3/2 3269/3/2
f 3265/3/2 3266/3/2 3270/3/2
f 3270/3/2 3266/3/2 3271/3/2
f 3269/3/2 3270/3/2 3272/3/2
f 3272/3/2 3270/3/2 3273/3/2
f 3274/3/2 3275/3/2 3277/3/2
f 3277/3/2 3275/3/2 3278/3/2
f 3276/3/2 3277/3/2 3281/3/2
f 3281/3/2 3277/3/2 3282/3/2
f 3282/3/2 3277/3/2 3283/3/2
f 3278/3/2 3279/3/2 3284/3/2
f 3284/3/2 3279/3/2 3285/3/2
f 3285/3/2 3279/3/2 3286/3/2
f 3280/3/2 3281/3/2 3288/3/2
f 3281/3/2 3282/3/2 3288/3/2
f 3288/3/2 3282/3/2 3289/3/2
f 3289/3/2 3282/3/2 3290/3/2
f 3286/3/2 3287/3/2 3291/3/2
f 3285/3/2 3286/3/2 3291/3/2
f 3291/3/2 3287/3/2 3292/3/2
f 3292/3/2 3287/3/2 3293/3/2
f 3288/2/2 3289/2/2 3294/2/2
f 3292/2/2 3293/2/2 3297/2/2
f 3294/2/2 3295/2/2 3298/2/2
f 3288/2/2 3294/2/2 3298/2/2
f 3298/2/2 3295/2/2 3299/2/2
f 3299/2/2 3295/2/2 3300/2/2
f 3296/2/2 3297/2/2 3303/2/2
f 3297/2/2 3293/2/2 3304/2/2
f 3303/2/2 3297/2/2 3304/2/2
f 3304/2/2 3293/2/2 3305/2/2
f 3300/3/2 3301/3/2 3306/3/2
f 3299/3/2 3300/3/2 3306/3/2
f 3306/3/2 3301/3/2 3307/3/2
f 3302/3/2 3303/3/2 3308/3/2
f 3303/3/2 3304/3/2 3308/3/2
f 3308/3/2 3304/3/2 3309/3/2
f 3307/3/2 3308/3/2 3310/3/2
f 3310/3/2 3308/3/2 3311/3/2
f 3312/3/2 3313/3/2 3315/3/2
f 3315/3/2 3313/3/2 3316/3/2
f 3314/3/2 3315/3/2 3319/3/2
f 3319/3/2 3315/3/2 3320/3/2
f 3320/3/2 3315/3/2 3321/3/2
f 3316/3/2 3317/3/2 3322/3/2
f 3322/3/2 3317/3/2 3323/3/2
f 3323/3/2 3317/3/2 3324/3/2
f 3318/3/2 3319/3/2 3326/3/2
f 3319/3/2 3320/3/2 3326/3/2
f 3326/3/2 3320/3/2 3327/3/2
f 3327/3/2 3320/3/2 3328/3/2
f 3323/3/2 3324/3/2 3329/3/2
f 3324/3/2 3325/3/2 3329/3/2
f 3329/3/2 3325/3/2 3330/3/2
f 3330/3/2 3325/3/2 3331/3/2
f 3326/2/2 3327/2/2 3332/2/2
f 3330/2/2 3331/2/2 3335/2/2
f 3332/2/2 3333/2/2 3336/2/2
f 3326/2/2 3332/2/2 3336/2/2
f 3336/2/2 3333/2/2 3337/2/2
f 3337/2/2 3333/2/2 3338/2/2
f 3334/2/2 3335/2/2 3341/2/2
f 3335/2/2 3331/2/2 3342/2/2
f 3341/2/2 3335/2/2 3342/2/2
f 3342/2/2 3331/2/2 3343/2/2
f 3338/3/2 3339/3/2 3344/3/2
f 3337/3/2 3338/3/2 3344/3/2
f 3344/3/2 3339/3/2 3345/3/2
f 3340/3/2 3341/3/2 3346/3/2
f 3341/3/2 3342/3/2 3346/3/2
f 3346/3/2 3342/3/2 3347/3/2
f 3345/3/2 3346/3/2 3348/3/2
f 3348/3/2 3346/3/2 3349/3/2
f 3350/3/2 3351/3/2 3353/3/2
f 3353/3/2 3351/3/2 3354/3/2
f 3352/3/2 3353/3/2 3357/3/2
f 3354/3/2 3355/3/2 3357/3/2
f 3353/3/2 3354/3/2 3357/3/2
f 3357/3/2 3355/3/2 3358/3/2
f 3356/2/2 3357/2/2 3360/2/2
f 3360/2/2 3357/2/2 3361/2/2
f 3358/2/2 3359/2/2 3362/2/2
f 3362/2/2 3359/2/2 3363/2/2
f 3361/2/2 3362/2/2 3366/2/2
f 3366/2/2 3362/2/2 3367/2/2
f 3367/2/2 3362/2/2 3368/2/2
f 3368/2/2 3362/2/2 3369/2/2
f 3364/1/2 3365/1/2 3372/1/2
f 3372/1/2 3365/1/2 3373/1/2
f 3367/3/2 3368/3/2 3374/3/2
f 3374/3/2 3368/3/2 3375/3/2
f 3370/1/2 3371/1/2 3376/1/2
f 3376/1/2 3371/1/2 3377/1/2
f 3378/3/2 3379/3/2 3381/3/2
f 3381/3/2 3379/3/2 3382/3/2
f 3380/3/2 3381/3/2 3385/3/2
f 3382/3/2 3383/3/2 3385/3/2
f 3381/3/2 3382/3/2 3385/3/2
f 3385/3/2 3383/3/2 3386/3/2
f 3384/2/2 3385/2/2 3388/2/2
f 3388/2/2 3385/2/2 3389/2/2
f 3386/2/2 3387/2/2 3390/2/2
f 3390/2/2 3387/2/2 3391/2/2
f 3389/2/2 3390/2/2 3392/2/2
f 3392/2/2 3390/2/2 3393/2/2
f 3393/2/2 3390/2/2 3394/2/2
f 3394/2/2 3390/2/2 3395/2/2
f 3393/3/2 3394/3/2 3396/3/2
f 3396/3/2 3394/3/2 3397/3/2
f 3398/1/2 3399/1/2 3402/1/2
f 3402/1/2 3399/1/2 3403/1/2
f 3400/1/2 3401/1/2 3404/1/2
f 3404/1/2 3401/1/2 3405/1/2
f 3406/2/2 3407/2/2 3408/2/2
f 3408/2/2 3407/2/2 3409/2/2
f 3410/1/2 3411/1/2 3414/1/2
f 3414/1/2 3411/1/2 3415/1/2
f 3412/1/2 3413/1/2 3416/1/2
f 3416/1/2 3413/1/2 3417/1/2
f 3418/2/2 3419/2/2 3420/2/2
f 3420/2/2 3419/2/2 3421/2/2
f 3422/1/2 3423/1/2 3426/1/2
f 3426/1/2 3423/1/2 3427/1/2
f 3424/1/2 3425/1/2 3428/1/2
f 3428/1/2 3425/1/2 3429/1/2
f 3430/1/2 3431/1/2 3434/1/2
f 3434/1/2 3431/1/2 3435/1/2
f 3432/1/2 3433/1/2 3436/1/2
f 3436/1/2 3433/1/2 3437/1/2
f 3438/1/2 3439/1/2 3442/1/2
f 3442/1/2 3439/1/2 3443/1/2
f 3440/1/2 3441/1/2 3444/1/2
f 3444/1/2 3441/1/2 3445/1/2
f 3446/1/2 3447/1/2 3450/1/2
f 3450/1/2 3447/1/2 3451/1/2
f 3448/1/2 3449/1/2 3452/1/2
f 3452/1/2 3449/1/2 3453/1/2
f 3454/1/2 3455/1/2 3458/1/2
f 3458/1/2 3455/1/2 3459/1/2
f 3456/1/2 3457/1/2 3460/1/2
f 3460/1/2 3457/1/2 3461/1/2
f 3462/1/2 3463/1/2 3466/1/2
f 3466/1/2 3463/1/2 3467/1/2
f 3464/1/2 3465/1/2 3468/1/2
f 3468/1/2 3465/1/2 3469/1/2
f 3470/1/2 3471/1/2 3474/1/2
f 3474/1/2 3471/1/2 3475/1/2
f 3472/1/2 3473/1/2 3476/1/2
f 3476/1/2 3473/1/2 3477/1/2
f 3478/1/2 3479/1/2 3482/1/2
f 3482/1/2 3479/1/2 3483/1/2
f 3480/1/2 3481/1/2 3484/1/2
f 3484/1/2 3481/1/2 3485/1/2
f 3486/1/2 3487/1/2 3490/1/2
f 3490/1/2 3487/1/2 3491/1/2
f 3488/1/2 3489/1/2 3492/1/2
f 3492/1/2 3489/1/2 3493/1/2
f 3494/1/2 3495/1/2 3498/1/2
f 3498/1/2 3495/1/2 3499/1/2
f 3496/1/2 3497/1/2 3500/1/2
f 3500/1/2 3497/1/2 3501/1/2
f 3502/1/2 3503/1/2 3506/1/2
f 3506/1/2 3503/1/2 3507/1/2
f 3504/1/2 3505/1/2 3508/1/2
f 3508/1/2 3505/1/2 3509/1/2
f 3510/1/2 3511/1/2 3514/1/2
f 3514/1/2 3511/1/2 3515/1/2
f 3512/1/2 3513/1/2 3516/1/2
f 3516/1/2 3513/1/2 3517/1/2
f 3518/1/2 3519/1/2 3522/1/2
f 3522/1/2 3519/1/2 3523/1/2
f 3520/1/2 3521/1/2 3524/1/2
f 3524/1/2 3521/1/2 3525/1/2
f 3526/1/2 3527/1/2 3530/1/2
f 3530/1/2 3527/1/2 3531/1/2
f 3528/1/2 3529/1/2 3532/1/2
f 3532/1/2 3529/1/2 3533/1/2
f 3534/4/2 3535/4/2 3538/4/2
f 3538/4/2 3535/4/2 3539/4/2
f 3536/4/2 3537/4/2 3540/4/2
f 3540/4/2 3537/4/2 3541/4/2
f 3542/1/2 3543/1/2 3546/1/2
f 3546/1/2 3543/1/2 3547/1/2
f 3544/1/2 3545/1/2 3548/1/2
f 3548/1/2 3545/1/2 3549/1/2
f 3550/1/2 3551/1/2 3554/1/2
f 3554/1/2 3551/1/2 3555/1/2
f 3552/1/2 3553/1/2 3556/1/2
f 3556/1/2 3553/1/2 3557/1/2
f 3558/1/2 3559/1/2 3560/1/2
f 3560/1/2 3559/1/2 3561/1/2
f 3562/1/2 3563/1/2 3566/1/2
f 3566/1/2 3563/1/2 3567/1/2
f 3564/1/2 3565/1/2 3568/1/2
f 3568/1/2 3565/1/2 3569/1/2
f 3570/1/2 3571/1/2 3574/1/2
f 3574/1/2 3571/1/2 3575/1/2
f 3572/1/2 3573/1/2 3576/1/2
f 3576/1/2 3573/1/2 3577/1/2
f 3578/1/2 3579/1/2 3582/1/2
f 3582/1/2 3579/1/2 3583/1/2
f 3580/1/2 3581/1/2 3584/1/2
f 3584/1/2 3581/1/2 3585/1/2
f 3586/1/2 3587/1/2 3590/1/2
f 3586/1/2 3590/1/2 3591/1/2
f 3591/1/2 3590/1/2 3592/1/2
f 3588/1/2 3589/1/2 3593/1/2
f 3593/1/2 3589/1/2 3594/1/2
f 3595/1/2 3596/1/2 3599/1/2
f 3595/1/2 3599/1/2 3600/1/2
f 3600/1/2 3599/1/2 3601/1/2
f 3597/1/2 3598/1/2 3602/1/2
f 3602/1/2 3598/1/2 3603/1/2
f 3604/3/2 3605/3/2 3608/3/2
f 3608/3/2 3605/3/2 3609/3/2
f 3606/3/2 3607/3/2 3610/3/2
f 3610/3/2 3607/3/2 3611/3/2
f 3612/1/2 3613/1/2 3616/1/2
f 3616/1/2 3613/1/2 3617/1/2
f 3614/1/2 3615/1/2 3619/1/2
f 3616/3/2 3617/3/2 3620/3/2
f 3612/1/2 3616/1/2 3620/1/2
f 3620/3/2 3617/3/2 3621/3/2
f 3618/3/2 3619/3/2 3622/3/2
f 3619/1/2 3615/1/2 3623/1/2
f 3622/3/2 3619/3/2 3623/3/2
f 3612/1/2 3620/1/2 3624/1/2
f 3623/1/2 3615/1/2 3627/1/2
f 3624/2/2 3625/2/2 3628/2/2
f 3612/1/2 3624/1/2 3628/1/2
f 3628/2/2 3625/2/2 3629/2/2
f 3626/2/2 3627/2/2 3630/2/2
f 3627/1/2 3615/1/2 3631/1/2
f 3630/2/2 3627/2/2 3631/2/2
f 3628/1/2 3629/1/2 3632/1/2
f 3612/1/2 3628/1/2 3632/1/2
f 3632/1/2 3629/1/2 3633/1/2
f 3631/1/2 3615/1/2 3634/1/2
f 3634/1/2 3615/1/2 3635/1/2
f 3636/3/2 3637/3/2 3640/3/2
f 3640/3/2 3637/3/2 3641/3/2
f 3638/3/2 3639/3/2 3642/3/2
f 3642/3/2 3639/3/2 3643/3/2
f 3644/3/2 3645/3/2 3649/3/2
f 3649/3/2 3645/3/2 3650/3/2
f 3646/3/2 3647/3/2 3651/3/2
f 3651/3/2 3647/3/2 3652/3/2
f 3648/3/2 3649/3/2 3654/3/2
f 3654/3/2 3649/3/2 3655/3/2
f 3652/3/2 3653/3/2 3656/3/2
f 3656/3/2 3653/3/2 3657/3/2
f 3658/3/2 3659/3/2 3662/3/2
f 3662/3/2 3659/3/2 3663/3/2
f 3660/3/2 3661/3/2 3666/3/2
f 3666/3/2 3661/3/2 3667/3/2
f 3663/3/2 3664/3/2 3668/3/2
f 3668/3/2 3664/3/2 3669/3/2
f 3665/3/2 3666/3/2 3670/3/2
f 3670/3/2 3666/3/2 3671/3/2
f 3672/3/2 3673/3/2 3676/3/2
f 3676/3/2 3673/3/2 3677/3/2
f 3674/3/2 3675/3/2 3680/3/2
f 3680/3/2 3675/3/2 3681/3/2
f 3678/3/2 3679/3/2 3682/3/2
f 3682/3/2 3679/3/2 3683/3/2
f 3684/2/2 3685/2/2 3688/2/2
f 3688/2/2 3685/2/2 3689/2/2
f 3686/2/2 3687/2/2 3690/2/2
f 3690/2/2 3687/2/2 3691/2/2
f 3692/3/2 3693/3/2 3696/3/2
f 3696/3/2 3693/3/2 3697/3/2
f 3694/3/2 3695/3/2 3700/3/2
f 3700/3/2 3695/3/2 3701/3/2
f 3698/3/2 3699/3/2 3702/3/2
f 3702/3/2 3699/3/2 3703/3/2
f 3704/3/2 3705/3/2 3708/3/2
f 3708/3/2 3705/3/2 3709/3/2
f 3706/3/2 3707/3/2 3710/3/2
f 3710/3/2 3707/3/2 3711/3/2
f 3712/3/2 3713/3/2 3716/3/2
f 3716/3/2 3713/3/2 3717/3/2
f 3714/3/2 3715/3/2 3718/3/2
f 3718/3/2 3715/3/2 3719/3/2
f 3720/3/2 3721/3/2 3724/3/2
f 3724/3/2 3721/3/2 3725/3/2
f 3722/3/2 3723/3/2 3726/3/2
f 3726/3/2 3723/3/2 3727/3/2
f 3728/3/2 3729/3/2 3732/3/2
f 3732/3/2 3729/3/2 3733/3/2
f 3730/3/2 3731/3/2 3734/3/2
f 3734/3/2 3731/3/2 3735/3/2
f 3736/3/2 3737/3/2 3742/3/2
f 3742/3/2 3737/3/2 3743/3/2
f 3738/3/2 3739/3/2 3744/3/2
f 3744/3/2 3739/3/2 3745/3/2
f 3740/3/2 3741/3/2 3749/3/2
f 3749/3/2 3741/3/2 3750/3/2
f 3746/3/2 3747/3/2 3751/3/2
f 3751/3/2 3747/3/2 3752/3/2
f 3748/3/2 3749/3/2 3754/3/2
f 3754/3/2 3749/3/2 3755/3/2
f 3752/3/2 3753/3/2 3756/3/2
f 3756/3/2 3753/3/2 3757/3/2
f 3758/3/2 3759/3/2 3762/3/2
f 3762/3/2 3759/3/2 3763/3/2
f 3760/3/2 3761/3/2 3764/3/2
f 3764/3/2 3761/3/2 3765/3/2
f 3766/2/2 3767/2/2 3770/2/2
f 3770/2/2 3767/2/2 3771/2/2
f 3768/2/2 3769/2/2 3772/2/2
f 3772/2/2 3769/2/2 3773/2/2
f 3774/3/2 3775/3/2 3778/3/2
f 3778/3/2 3775/3/2 3779/3/2
f 3776/3/2 3777/3/2 3782/3/2
f 3782/3/2 3777/3/2 3783/3/2
f 3779/3/2 3780/3/2 3784/3/2
f 3784/3/2 3780/3/2 3785/3/2
f 3781/3/2 3782/3/2 3790/3/2
f 3790/3/2 3782/3/2 3791/3/2
f 3786/3/2 3787/3/2 3792/3/2
f 3792/3/2 3787/3/2 3793/3/2
f 3788/3/2 3789/3/2 3794/3/2
f 3794/3/2 3789/3/2 3795/3/2
f 3796/3/2 3797/3/2 3800/3/2
f 3800/3/2 3797/3/2 3801/3/2
f 3798/3/2 3799/3/2 3804/3/2
f 3804/3/2 3799/3/2 3805/3/2
f 3802/3/2 3803/3/2 3806/3/2
f 3806/3/2 3803/3/2 3807/3/2
f 3808/3/2 3809/3/2 3812/3/2
f 3812/3/2 3809/3/2 3813/3/2
f 3810/3/2 3811/3/2 3814/3/2
f 3814/3/2 3811/3/2 3815/3/2
f 3816/2/2 3817/2/2 3820/2/2
f 3820/2/2 3817/2/2 3821/2/2
f 3818/2/2 3819/2/2 3822/2/2
f 3822/2/2 3819/2/2 3823/2/2
f 3824/3/2 3825/3/2 3828/3/2
f 3828/3/2 3825/3/2 3829/3/2
f 3826/3/2 3827/3/2 3830/3/2
f 3830/3/2 3827/3/2 3831/3/2
f 3832/3/2 3833/3/2 3836/3/2
f 3836/3/2 3833/3/2 3837/3/2
f 3834/3/2 3835/3/2 3840/3/2
f 3840/3/2 3835/3/2 3841/3/2
f 3838/3/2 3839/3/2 3842/3/2
f 3842/3/2 3839/3/2 3843/3/2
f 3844/3/2 3845/3/2 3850/3/2
f 3850/3/2 3845/3/2 3851/3/2
f 3846/3/2 3847/3/2 3852/3/2
f 3852/3/2 3847/3/2 3853/3/2
f 3848/3/2 3849/3/2 3856/3/2
f 3856/3/2 3849/3/2 3857/3/2
f 3854/3/2 3855/3/2 3858/3/2
f 3858/3/2 3855/3/2 3859/3/2
f 3860/3/2 3861/3/2 3864/3/2
f 3864/3/2 3861/3/2 3865/3/2
f 3862/3/2 3863/3/2 3866/3/2
f 3866/3/2 3863/3/2 3867/3/2
f 3868/2/2 3869/2/2 3872/2/2
f 3872/2/2 3869/2/2 3873/2/2
f 3870/2/2 3871/2/2 3874/2/2
f 3874/2/2 3871/2/2 3875/2/2
f 3876/3/2 3877/3/2 3880/3/2
f 3880/3/2 3877/3/2 3881/3/2
f 3878/3/2 3879/3/2 3886/3/2
f 3886/3/2 3879/3/2 3887/3/2
f 3882/3/2 3883/3/2 3888/3/2
f 3888/3/2 3883/3/2 3889/3/2
f 3884/3/2 3885/3/2 3890/3/2
f 3890/3/2 3885/3/2 3891/3/2
f 3892/3/2 3893/3/2 3895/3/2
f 3895/3/2 3893/3/2 3896/3/2
f 3894/3/2 3895/3/2 3899/3/2
f 3899/3/2 3895/3/2 3900/3/2
f 3896/3/2 3897/3/2 3901/3/2
f 3901/3/2 3897/3/2 3902/3/2
f 3898/3/2 3899/3/2 3904/3/2
f 3904/3/2 3899/3/2 3905/3/2
f 3902/3/2 3903/3/2 3906/3/2
f 3906/3/2 3903/3/2 3907/3/2
f 3908/2/2 3909/2/2 3912/2/2
f 3912/2/2 3909/2/2 3913/2/2
f 3910/2/2 3911/2/2 3914/2/2
f 3914/2/2 3911/2/2 3915/2/2
f 3916/3/2 3917/3/2 3920/3/2
f 3920/3/2 3917/3/2 3921/3/2
f 3918/3/2 3919/3/2 3924/3/2
f 3924/3/2 3919/3/2 3925/3/2
f 3921/3/2 3922/3/2 3926/3/2
f 3926/3/2 3922/3/2 3927/3/2
f 3923/3/2 3924/3/2 3928/3/2
f 3928/3/2 3924/3/2 3929/3/2
f 3927/3/2 3928/3/2 3930/3/2
f 3930/3/2 3928/3/2 3931/3/2
f 3932/3/2 3933/3/2 3935/3/2
f 3935/3/2 3933/3/2 3936/3/2
f 3934/3/2 3935/3/2 3939/3/2
f 3939/3/2 3935/3/2 3940/3/2
f 3940/3/2 3935/3/2 3941/3/2
f 3936/3/2 3937/3/2 3942/3/2
f 3942/3/2 3937/3/2 3943/3/2
f 3943/3/2 3937/3/2 3944/3/2
f 3938/3/2 3939/3/2 3946/3/2
f 3939/3/2 3940/3/2 3946/3/2
f 3946/3/2 3940/3/2 3947/3/2
f 3947/3/2 3940/3/2 3948/3/2
f 3944/3/2 3945/3/2 3949/3/2
f 3943/3/2 3944/3/2 3949/3/2
f 3949/3/2 3945/3/2 3950/3/2
f 3950/3/2 3945/3/2 3951/3/2
f 3946/2/2 3947/2/2 3952/2/2
f 3950/2/2 3951/2/2 3955/2/2
f 3952/2/2 3953/2/2 3956/2/2
f 3946/2/2 3952/2/2 3956/2/2
f 3956/2/2 3953/2/2 3957/2/2
f 3957/2/2 3953/2/2 3958/2/2
f 3954/2/2 3955/2/2 3961/2/2
f 3955/2/2 3951/2/2 3962/2/2
f 3961/2/2 3955/2/2 3962/2/2
f 3962/2/2 3951/2/2 3963/2/2
f 3958/3/2 3959/3/2 3964/3/2
f 3957/3/2 3958/3/2 3964/3/2
f 3964/3/2 3959/3/2 3965/3/2
f 3960/3/2 3961/3/2 3966/3/2
f 3961/3/2 3962/3/2 3966/3/2
f 3966/3/2 3962/3/2 3967/3/2
f 3965/3/2 3966/3/2 3968/3/2
f 3968/3/2 3966/3/2 3969/3/2
f 3970/3/2 3971/3/2 3973/3/2
f 3973/3/2 3971/3/2 3974/3/2
f 3972/3/2 3973/3/2 3977/3/2
f 3974/3/2 3975/3/2 3977/3/2
f 3973/3/2 3974/3/2 3977/3/2
f 3977/3/2 3975/3/2 3978/3/2
f 3976/2/2 3977/2/2 3980/2/2
f 3980/2/2 3977/2/2 3981/2/2
f 3978/2/2 3979/2/2 3982/2/2
f 3982/2/2 3979/2/2 3983/2/2
f 3981/2/2 3982/2/2 3984/2/2
f 3984/2/2 3982/2/2 3985/2/2
f 3985/2/2 3982/2/2 3986/2/2
f 3986/2/2 3982/2/2 3987/2/2
f 3985/3/2 3986/3/2 3988/3/2
f 3988/3/2 3986/3/2 3989/3/2
f 3990/2/2 3991/2/2 3992/2/2
f 3992/2/2 3991/2/2 3993/2/2
f 3994/4/2 3995/4/2 3996/4/2
f 3996/4/2 3995/4/2 3997/4/2
f 4002/4/3 4001/4/3 4000/4/3
f 4004/4/3 4003/4/3 4002/4/3
f 4006/4/3 4005/4/3 4004/4/3
f 4008/4/3 4007/4/3 4006/4/3
f 4009/4/3 3999/4/3 3998/4/3
f 4010/4/3 4008/4/3 4006/4/3
f 4010/4/3 4009/4/3 4008/4/3
f 4011/4/3 3999/4/3 4009/4/3
f 4011/4/3 4009/4/3 4010/4/3
f 4012/4/3 4010/4/3 4006/4/3
f 4012/4/3 4006/4/3 4004/4/3
f 4013/4/3 4010/4/3 4012/4/3
f 4014/4/3 4004/4/3 4002/4/3
f 4014/4/3 4012/4/3 4004/4/3
f 4015/4/3 4012/4/3 4014/4/3
f 4016/4/3 4002/4/3 4000/4/3
f 4016/4/3 4014/4/3 4002/4/3
f 4017/4/3 4014/4/3 4016/4/3
f 4018/4/3 4016/4/3 4000/4/3
f 4019/4/3 4016/4/3 4018/4/3
f 4020/4/3 3999/4/3 4011/4/3
f 4021/4/3 3999/4/3 4020/4/3
f 4025/1/3 4023/1/3 4022/1/3
f 4026/1/3 4023/1/3 4025/1/3
f 4029/1/3 4025/1/3 4024/1/3
f 4029/1/3 4027/1/3 4026/1/3
f 4029/1/3 4026/1/3 4025/1/3
f 4030/1/3 4027/1/3 4029/1/3
f 4033/1/3 4029/1/3 4028/1/3
f 4033/1/3 4031/1/3 4030/1/3
f 4033/1/3 4030/1/3 4029/1/3
f 4034/1/3 4031/1/3 4033/1/3
f 4037/1/3 4033/1/3 4032/1/3
f 4037/1/3 4035/1/3 4034/1/3
f 4037/1/3 4034/1/3 4033/1/3
f 4038/1/3 4035/1/3 4037/1/3
f 4039/1/3 4035/1/3 4038/1/3
f 4040/1/3 4035/1/3 4039/1/3
f 4043/1/3 4037/1/3 4036/1/3
f 4043/1/3 4038/1/3 4037/1/3
f 4044/1/3 4038/1/3 4043/1/3
f 4045/1/3 4038/1/3 4044/1/3
f 4046/1/3 4040/1/3 4039/1/3
f 4046/1/3 4041/1/3 4040/1/3
f 4047/1/3 4041/1/3 4046/1/3
f 4048/1/3 4041/1/3 4047/1/3
f 4051/1/3 4044/1/3 4043/1/3
f 4051/1/3 4043/1/3 4042/1/3
f 4052/1/3 4044/1/3 4051/1/3
f 4053/1/3 4044/1/3 4052/1/3
f 4054/1/3 4049/1/3 4048/1/3
f 4054/1/3 4048/1/3 4047/1/3
f 4055/1/3 4049/1/3 4054/1/3
f 4056/1/3 4049/1/3 4055/1/3
f 4059/1/3 4052/1/3 4051/1/3
f 4059/1/3 4051/1/3 4050/1/3
f 4060/1/3 4052/1/3 4059/1/3
f 4061/1/3 4052/1/3 4060/1/3
f 4062/1/3 4057/1/3 4056/1/3
f 4062/1/3 4056/1/3 4055/1/3
f 4063/1/3 4057/1/3 4062/1/3
f 4064/1/3 4057/1/3 4063/1/3
f 4067/1/3 4060/1/3 4059/1/3
f 4067/1/3 4059/1/3 4058/1/3
f 4068/1/3 4060/1/3 4067/1/3
f 4069/1/3 4060/1/3 4068/1/3
f 4070/1/3 4065/1/3 4064/1/3
f 4070/1/3 4064/1/3 4063/1/3
f 4071/1/3 4065/1/3 4070/1/3
f 4072/1/3 4065/1/3 4071/1/3
f 4075/1/3 4068/1/3 4067/1/3
f 4075/1/3 4067/1/3 4066/1/3
f 4076/1/3 4068/1/3 4075/1/3
f 4077/1/3 4068/1/3 4076/1/3
f 4078/1/3 4073/1/3 4072/1/3
f 4078/1/3 4072/1/3 4071/1/3
f 4079/1/3 4073/1/3 4078/1/3
f 4080/1/3 4073/1/3 4079/1/3
f 4083/1/3 4076/1/3 4075/1/3
f 4083/1/3 4075/1/3 4074/1/3
f 4084/1/3 4076/1/3 4083/1/3
f 4085/1/3 4076/1/3 4084/1/3
f 4086/1/3 4081/1/3 4080/1/3
f 4086/1/3 4080/1/3 4079/1/3
f 4087/1/3 4081/1/3 4086/1/3
f 4088/1/3 4081/1/3 4087/1/3
f 4090/1/3 4084/1/3 4083/1/3
f 4090/1/3 4083/1/3 4082/1/3
f 4091/1/3 4084/1/3 4090/1/3
f 4092/1/3 4089/1/3 4088/1/3
f 4092/1/3 4088/1/3 4087/1/3
f 4093/1/3 4089/1/3 4092/1/3
f 4095/1/3 4090/1/3 4082/1/3
f 4096/1/3 4090/1/3 4095/1/3
f 4097/1/3 4090/1/3 4096/1/3
f 4098/1/3 4089/1/3 4093/1/3
f 4099/1/3 4089/1/3 4098/1/3
f 4100/1/3 4089/1/3 4099/1/3
f 4103/1/3 4095/1/3 4094/1/3
f 4103/1/3 4096/1/3 4095/1/3
f 4104/1/3 4101/1/3 4100/1/3
f 4104/1/3 4100/1/3 4099/1/3
f 4106/1/3 4103/1/3 4102/1/3
f 4106/1/3 4096/1/3 4103/1/3
f 4107/1/3 4096/1/3 4106/1/3
f 4108/1/3 4105/1/3 4104/1/3
f 4108/1/3 4104/1/3 4099/1/3
f 4109/1/3 4105/1/3 4108/1/3
f 4111/1/3 4106/1/3 4102/1/3
f 4112/1/3 4106/1/3 4111/1/3
f 4113/1/3 4106/1/3 4112/1/3
f 4114/1/3 4105/1/3 4109/1/3
f 4115/1/3 4105/1/3 4114/1/3
f 4116/1/3 4105/1/3 4115/1/3
f 4118/1/3 4111/1/3 4110/1/3
f 4118/1/3 4112/1/3 4111/1/3
f 4119/1/3 4112/1/3 4118/1/3
f 4120/1/3 4117/1/3 4116/1/3
f 4120/1/3 4116/1/3 4115/1/3
f 4121/1/3 4117/1/3 4120/1/3
f 4123/1/3 4118/1/3 4110/1/3
f 4124/1/3 4117/1/3 4121/1/3
f 4126/1/3 4123/1/3 4122/1/3
f 4126/1/3 4118/1/3 4123/1/3
f 4127/1/3 4118/1/3 4126/1/3
f 4128/1/3 4125/1/3 4124/1/3
f 4128/1/3 4124/1/3 4121/1/3
f 4129/1/3 4125/1/3 4128/1/3
f 4130/1/3 4126/1/3 4122/1/3
f 4133/1/3 4125/1/3 4129/1/3
f 4134/1/3 4131/1/3 4130/1/3
f 4134/1/3 4130/1/3 4122/1/3
f 4135/1/3 4131/1/3 4134/1/3
f 4136/1/3 4133/1/3 4132/1/3
f 4136/1/3 4125/1/3 4133/1/3
f 4137/1/3 4125/1/3 4136/1/3
f 4138/1/3 4131/1/3 4135/1/3
f 4141/1/3 4136/1/3 4132/1/3
f 4142/1/3 4139/1/3 4138/1/3
f 4142/1/3 4138/1/3 4135/1/3
f 4143/1/3 4139/1/3 4142/1/3
f 4144/1/3 4139/1/3 4143/1/3
f 4147/1/3 4141/1/3 4140/1/3
f 4148/1/3 4136/1/3 4141/1/3
f 4148/1/3 4141/1/3 4147/1/3
f 4149/1/3 4136/1/3 4148/1/3
f 4150/1/3 4145/1/3 4144/1/3
f 4150/1/3 4144/1/3 4143/1/3
f 4153/1/3 4147/1/3 4146/1/3
f 4153/1/3 4148/1/3 4147/1/3
f 4154/1/3 4151/1/3 4150/1/3
f 4154/1/3 4150/1/3 4143/1/3
f 4155/1/3 4151/1/3 4154/1/3
f 4156/1/3 4153/1/3 4152/1/3
f 4156/1/3 4148/1/3 4153/1/3
f 4157/1/3 4148/1/3 4156/1/3
f 4158/1/3 4151/1/3 4155/1/3
f 4159/1/3 4151/1/3 4158/1/3
f 4160/1/3 4151/1/3 4159/1/3
f 4163/1/3 4156/1/3 4152/1/3
f 4164/1/3 4156/1/3 4163/1/3
f 4165/1/3 4156/1/3 4164/1/3
f 4166/1/3 4161/1/3 4160/1/3
f 4166/1/3 4160/1/3 4159/1/3
f 4169/1/3 4164/1/3 4163/1/3
f 4169/1/3 4163/1/3 4162/1/3
f 4170/1/3 4167/1/3 4166/1/3
f 4170/1/3 4166/1/3 4159/1/3
f 4171/1/3 4167/1/3 4170/1/3
f 4172/1/3 4167/1/3 4171/1/3
f 4175/1/3 4169/1/3 4168/1/3
f 4176/1/3 4164/1/3 4169/1/3
f 4176/1/3 4169/1/3 4175/1/3
f 4177/1/3 4164/1/3 4176/1/3
f 4178/1/3 4173/1/3 4172/1/3
f 4178/1/3 4172/1/3 4171/1/3
f 4179/1/3 4173/1/3 4178/1/3
f 4180/1/3 4173/1/3 4179/1/3
f 4183/1/3 4175/1/3 4174/1/3
f 4183/1/3 4176/1/3 4175/1/3
f 4184/1/3 4176/1/3 4183/1/3
f 4185/1/3 4176/1/3 4184/1/3
f 4186/1/3 4181/1/3 4180/1/3
f 4186/1/3 4180/1/3 4179/1/3
f 4187/1/3 4181/1/3 4186/1/3
f 4188/1/3 4181/1/3 4187/1/3
f 4191/1/3 4184/1/3 4183/1/3
f 4191/1/3 4183/1/3 4182/1/3
f 4192/1/3 4184/1/3 4191/1/3
f 4193/1/3 4184/1/3 4192/1/3
f 4194/1/3 4189/1/3 4188/1/3
f 4194/1/3 4188/1/3 4187/1/3
f 4195/1/3 4189/1/3 4194/1/3
f 4196/1/3 4189/1/3 4195/1/3
f 4199/1/3 4192/1/3 4191/1/3
f 4199/1/3 4191/1/3 4190/1/3
f 4200/1/3 4192/1/3 4199/1/3
f 4201/1/3 4192/1/3 4200/1/3
f 4202/1/3 4197/1/3 4196/1/3
f 4202/1/3 4196/1/3 4195/1/3
f 4203/1/3 4197/1/3 4202/1/3
f 4204/1/3 4197/1/3 4203/1/3
f 4207/1/3 4200/1/3 4199/1/3
f 4207/1/3 4199/1/3 4198/1/3
f 4208/1/3 4200/1/3 4207/1/3
f 4209/1/3 4200/1/3 4208/1/3
f 4210/1/3 4205/1/3 4204/1/3
f 4210/1/3 4204/1/3 4203/1/3
f 4211/1/3 4205/1/3 4210/1/3
f 4212/1/3 4205/1/3 4211/1/3
f 4215/1/3 4208/1/3 4207/1/3
f 4215/1/3 4207/1/3 4206/1/3
f 4216/1/3 4208/1/3 4215/1/3
f 4217/1/3 4208/1/3 4216/1/3
f 4218/1/3 4213/1/3 4212/1/3
f 4218/1/3 4212/1/3 4211/1/3
f 4219/1/3 4213/1/3 4218/1/3
f 4220/1/3 4213/1/3 4219/1/3
f 4221/1/3 4216/1/3 4215/1/3
f 4221/1/3 4215/1/3 4214/1/3
f 4222/1/3 4216/1/3 4221/1/3
f 4223/1/3 4216/1/3 4222/1/3
f 4224/1/3 4220/1/3 4219/1/3
f 4224/1/3 4222/1/3 4221/1/3
f 4224/1/3 4221/1/3 4220/1/3
f 4225/1/3 4222/1/3 4224/1/3
f 4226/1/3 4222/1/3 4225/1/3
f 4227/1/3 4222/1/3 4226/1/3
f 4228/1/3 4226/1/3 4225/1/3
f 4229/1/3 4226/1/3 4228/1/3
f 4230/1/3 4226/1/3 4229/1/3
f 4231/1/3 4226/1/3 4230/1/3
f 4232/1/3 4230/1/3 4229/1/3
f 4233/1/3 4230/1/3 4232/1/3
f 4234/1/3 4230/1/3 4233/1/3
f 4235/1/3 4230/1/3 4234/1/3
f 4236/1/3 4234/1/3 4233/1/3
f 4237/1/3 4234/1/3 4236/1/3
f 4243/2/3 4239/2/3 4238/2/3
f 4245/2/3 4241/2/3 4240/2/3
f 4246/2/3 4241/2/3 4245/2/3
f 4248/2/3 4243/2/3 4242/2/3
f 4249/2/3 4239/2/3 4243/2/3
f 4249/2/3 4243/2/3 4248/2/3
f 4250/2/3 4247/2/3 4246/2/3
f 4250/2/3 4245/2/3 4244/2/3
f 4250/2/3 4246/2/3 4245/2/3
f 4251/2/3 4247/2/3 4250/2/3
f 4252/3/3 4249/3/3 4248/3/3
f 4253/2/3 4239/2/3 4249/2/3
f 4253/3/3 4249/3/3 4252/3/3
f 4254/3/3 4251/3/3 4250/3/3
f 4255/2/3 4247/2/3 4251/2/3
f 4255/3/3 4251/3/3 4254/3/3
f 4256/2/3 4247/2/3 4255/2/3
f 4257/2/3 4247/2/3 4256/2/3
f 4258/2/3 4239/2/3 4253/2/3
f 4260/2/3 4258/2/3 4253/2/3
f 4260/2/3 4259/2/3 4258/2/3
f 4261/2/3 4259/2/3 4260/2/3
f 4262/2/3 4256/2/3 4255/2/3
f 4263/2/3 4256/2/3 4262/2/3
f 4266/2/3 4265/2/3 4264/2/3
f 4267/2/3 4265/2/3 4266/2/3
f 4270/2/3 4269/2/3 4268/2/3
f 4271/2/3 4269/2/3 4270/2/3
f 4277/2/3 4273/2/3 4272/2/3
f 4279/2/3 4275/2/3 4274/2/3
f 4280/2/3 4275/2/3 4279/2/3
f 4283/2/3 4277/2/3 4276/2/3
f 4285/2/3 4281/2/3 4280/2/3
f 4285/2/3 4279/2/3 4278/2/3
f 4285/2/3 4280/2/3 4279/2/3
f 4286/2/3 4281/2/3 4285/2/3
f 4288/2/3 4273/2/3 4277/2/3
f 4288/2/3 4277/2/3 4283/2/3
f 4289/2/3 4273/2/3 4288/2/3
f 4290/2/3 4286/2/3 4285/2/3
f 4291/2/3 4286/2/3 4290/2/3
f 4293/3/3 4283/3/3 4282/3/3
f 4297/3/3 4285/3/3 4284/3/3
f 4298/3/3 4287/3/3 4286/3/3
f 4300/2/3 4288/2/3 4283/2/3
f 4300/3/3 4283/3/3 4293/3/3
f 4300/3/3 4293/3/3 4292/3/3
f 4301/2/3 4288/2/3 4300/2/3
f 4302/2/3 4290/2/3 4285/2/3
f 4302/3/3 4297/3/3 4296/3/3
f 4302/3/3 4285/3/3 4297/3/3
f 4303/2/3 4290/2/3 4302/2/3
f 4304/2/3 4286/2/3 4291/2/3
f 4305/3/3 4299/3/3 4298/3/3
f 4305/2/3 4286/2/3 4304/2/3
f 4305/3/3 4298/3/3 4286/3/3
f 4306/3/3 4300/3/3 4292/3/3
f 4307/3/3 4302/3/3 4296/3/3
f 4308/3/3 4306/3/3 4292/3/3
f 4310/3/3 4295/3/3 4294/3/3
f 4311/3/3 4295/3/3 4310/3/3
f 4312/3/3 4307/3/3 4296/3/3
f 4315/3/3 4299/3/3 4305/3/3
f 4316/3/3 4299/3/3 4315/3/3
f 4317/3/3 4309/3/3 4308/3/3
f 4317/3/3 4308/3/3 4292/3/3
f 4318/3/3 4309/3/3 4317/3/3
f 4319/3/3 4313/3/3 4312/3/3
f 4319/3/3 4312/3/3 4296/3/3
f 4320/3/3 4313/3/3 4319/3/3
f 4321/3/3 4316/3/3 4315/3/3
f 4322/3/3 4316/3/3 4321/3/3
f 4323/3/3 4309/3/3 4318/3/3
f 4325/3/3 4313/3/3 4320/3/3
f 4326/2/3 4315/2/3 4314/2/3
f 4327/3/3 4323/3/3 4318/3/3
f 4328/3/3 4323/3/3 4327/3/3
f 4329/3/3 4325/3/3 4320/3/3
f 4330/3/3 4325/3/3 4329/3/3
f 4331/3/3 4321/3/3 4315/3/3
f 4331/2/3 4326/2/3 4325/2/3
f 4331/2/3 4315/2/3 4326/2/3
f 4332/3/3 4321/3/3 4331/3/3
f 4333/3/3 4323/3/3 4328/3/3
f 4334/2/3 4324/2/3 4323/2/3
f 4334/3/3 4323/3/3 4333/3/3
f 4335/3/3 4325/3/3 4330/3/3
f 4336/2/3 4331/2/3 4325/2/3
f 4336/3/3 4325/3/3 4335/3/3
f 4337/2/3 4331/2/3 4336/2/3
f 4338/2/3 4331/2/3 4337/2/3
f 4339/2/3 4324/2/3 4334/2/3
f 4340/2/3 4324/2/3 4339/2/3
f 4341/2/3 4337/2/3 4336/2/3
f 4342/2/3 4337/2/3 4341/2/3
f 4347/3/3 4344/3/3 4343/3/3
f 4348/3/3 4344/3/3 4347/3/3
f 4349/3/3 4346/3/3 4345/3/3
f 4350/3/3 4346/3/3 4349/3/3
f 4355/3/3 4352/3/3 4351/3/3
f 4360/3/3 4354/3/3 4353/3/3
f 4361/3/3 4355/3/3 4351/3/3
f 4361/3/3 4356/3/3 4355/3/3
f 4361/3/3 4357/3/3 4356/3/3
f 4362/3/3 4357/3/3 4361/3/3
f 4363/3/3 4360/3/3 4359/3/3
f 4363/3/3 4354/3/3 4360/3/3
f 4364/3/3 4354/3/3 4363/3/3
f 4365/3/3 4357/3/3 4362/3/3
f 4366/2/3 4359/2/3 4358/2/3
f 4367/3/3 4365/3/3 4362/3/3
f 4368/3/3 4365/3/3 4367/3/3
f 4369/2/3 4366/2/3 4365/2/3
f 4369/3/3 4363/3/3 4359/3/3
f 4369/2/3 4359/2/3 4366/2/3
f 4370/3/3 4363/3/3 4369/3/3
f 4371/3/3 4365/3/3 4368/3/3
f 4372/2/3 4369/2/3 4365/2/3
f 4372/3/3 4365/3/3 4371/3/3
f 4373/2/3 4369/2/3 4372/2/3
f 4374/2/3 4369/2/3 4373/2/3
f 4375/2/3 4373/2/3 4372/2/3
f 4376/2/3 4373/2/3 4375/2/3
f 4380/2/3 4378/2/3 4377/2/3
f 4381/2/3 4378/2/3 4380/2/3
f 4384/2/3 4380/2/3 4379/2/3
f 4384/2/3 4382/2/3 4381/2/3
f 4384/2/3 4381/2/3 4380/2/3
f 4385/2/3 4382/2/3 4384/2/3
f 4387/2/3 4385/2/3 4384/2/3
f 4388/2/3 4385/2/3 4387/2/3
f 4390/3/3 4384/3/3 4383/3/3
f 4391/3/3 4386/3/3 4385/3/3
f 4393/3/3 4390/3/3 4389/3/3
f 4393/2/3 4387/2/3 4384/2/3
f 4393/3/3 4384/3/3 4390/3/3
f 4394/2/3 4387/2/3 4393/2/3
f 4395/2/3 4385/2/3 4388/2/3
f 4396/3/3 4392/3/3 4391/3/3
f 4396/2/3 4385/2/3 4395/2/3
f 4396/3/3 4391/3/3 4385/3/3
f 4397/3/3 4393/3/3 4389/3/3
f 4398/3/3 4397/3/3 4389/3/3
f 4401/3/3 4392/3/3 4396/3/3
f 4402/3/3 4399/3/3 4398/3/3
f 4402/3/3 4398/3/3 4389/3/3
f 4403/3/3 4399/3/3 4402/3/3
f 4404/3/3 4392/3/3 4401/3/3
f 4405/3/3 4392/3/3 4404/3/3
f 4406/3/3 4399/3/3 4403/3/3
f 4407/2/3 4401/2/3 4400/2/3
f 4408/3/3 4406/3/3 4403/3/3
f 4409/3/3 4406/3/3 4408/3/3
f 4410/2/3 4407/2/3 4406/2/3
f 4410/3/3 4404/3/3 4401/3/3
f 4410/2/3 4401/2/3 4407/2/3
f 4411/3/3 4404/3/3 4410/3/3
f 4412/3/3 4406/3/3 4409/3/3
f 4413/2/3 4410/2/3 4406/2/3
f 4413/3/3 4406/3/3 4412/3/3
f 4414/2/3 4410/2/3 4413/2/3
f 4415/2/3 4410/2/3 4414/2/3
f 4416/2/3 4414/2/3 4413/2/3
f 4417/2/3 4414/2/3 4416/2/3
f 4423/2/3 4419/2/3 4418/2/3
f 4424/2/3 4419/2/3 4423/2/3
f 4427/2/3 4421/2/3 4420/2/3
f 4428/2/3 4421/2/3 4427/2/3
f 4431/2/3 4425/2/3 4424/2/3
f 4431/2/3 4423/2/3 4422/2/3
f 4431/2/3 4424/2/3 4423/2/3
f 4432/2/3 4425/2/3 4431/2/3
f 4433/2/3 4425/2/3 4432/2/3
f 4434/2/3 4425/2/3 4433/2/3
f 4437/2/3 4429/2/3 4428/2/3
f 4437/2/3 4428/2/3 4427/2/3
f 4437/2/3 4427/2/3 4426/2/3
f 4438/2/3 4429/2/3 4437/2/3
f 4439/2/3 4429/2/3 4438/2/3
f 4440/2/3 4429/2/3 4439/2/3
f 4443/3/3 4431/3/3 4430/3/3
f 4444/2/3 4432/2/3 4431/2/3
f 4444/3/3 4431/3/3 4443/3/3
f 4445/2/3 4432/2/3 4444/2/3
f 4446/2/3 4434/2/3 4433/2/3
f 4447/3/3 4435/3/3 4434/3/3
f 4447/2/3 4434/2/3 4446/2/3
f 4448/3/3 4435/3/3 4447/3/3
f 4451/3/3 4437/3/3 4436/3/3
f 4452/2/3 4438/2/3 4437/2/3
f 4452/3/3 4437/3/3 4451/3/3
f 4453/2/3 4438/2/3 4452/2/3
f 4454/2/3 4440/2/3 4439/2/3
f 4455/3/3 4441/3/3 4440/3/3
f 4455/2/3 4440/2/3 4454/2/3
f 4456/3/3 4441/3/3 4455/3/3
f 4458/3/3 4443/3/3 4442/3/3
f 4458/3/3 4444/3/3 4443/3/3
f 4459/3/3 4444/3/3 4458/3/3
f 4460/3/3 4449/3/3 4448/3/3
f 4460/3/3 4448/3/3 4447/3/3
f 4461/3/3 4449/3/3 4460/3/3
f 4462/3/3 4452/3/3 4451/3/3
f 4462/3/3 4451/3/3 4450/3/3
f 4463/3/3 4452/3/3 4462/3/3
f 4464/3/3 4457/3/3 4456/3/3
f 4464/3/3 4456/3/3 4455/3/3
f 4465/3/3 4457/3/3 4464/3/3
f 4467/3/3 4458/3/3 4442/3/3
f 4468/3/3 4458/3/3 4467/3/3
f 4469/3/3 4449/3/3 4461/3/3
f 4470/3/3 4449/3/3 4469/3/3
f 4473/3/3 4462/3/3 4450/3/3
f 4474/3/3 4462/3/3 4473/3/3
f 4475/3/3 4457/3/3 4465/3/3
f 4476/3/3 4457/3/3 4475/3/3
f 4478/3/3 4467/3/3 4466/3/3
f 4479/3/3 4467/3/3 4478/3/3
f 4482/3/3 4471/3/3 4470/3/3
f 4483/3/3 4471/3/3 4482/3/3
f 4484/3/3 4473/3/3 4472/3/3
f 4485/3/3 4473/3/3 4484/3/3
f 4488/3/3 4477/3/3 4476/3/3
f 4489/3/3 4477/3/3 4488/3/3
f 4490/3/3 4480/3/3 4479/3/3
f 4493/3/3 4482/3/3 4481/3/3
f 4494/3/3 4486/3/3 4485/3/3
f 4497/3/3 4488/3/3 4487/3/3
f 4498/3/3 4491/3/3 4490/3/3
f 4498/3/3 4490/3/3 4479/3/3
f 4499/3/3 4491/3/3 4498/3/3
f 4500/3/3 4491/3/3 4499/3/3
f 4503/3/3 4493/3/3 4492/3/3
f 4504/3/3 4482/3/3 4493/3/3
f 4504/3/3 4493/3/3 4503/3/3
f 4505/3/3 4482/3/3 4504/3/3
f 4506/3/3 4495/3/3 4494/3/3
f 4506/3/3 4494/3/3 4485/3/3
f 4507/3/3 4495/3/3 4506/3/3
f 4508/3/3 4495/3/3 4507/3/3
f 4511/3/3 4497/3/3 4496/3/3
f 4512/3/3 4488/3/3 4497/3/3
f 4512/3/3 4497/3/3 4511/3/3
f 4513/3/3 4488/3/3 4512/3/3
f 4514/3/3 4501/3/3 4500/3/3
f 4514/3/3 4500/3/3 4499/3/3
f 4515/3/3 4501/3/3 4514/3/3
f 4516/3/3 4501/3/3 4515/3/3
f 4517/2/3 4503/2/3 4502/2/3
f 4518/3/3 4504/3/3 4503/3/3
f 4518/2/3 4503/2/3 4517/2/3
f 4519/3/3 4504/3/3 4518/3/3
f 4520/3/3 4509/3/3 4508/3/3
f 4520/3/3 4508/3/3 4507/3/3
f 4521/3/3 4509/3/3 4520/3/3
f 4522/3/3 4509/3/3 4521/3/3
f 4523/2/3 4511/2/3 4510/2/3
f 4524/3/3 4512/3/3 4511/3/3
f 4524/2/3 4511/2/3 4523/2/3
f 4525/3/3 4512/3/3 4524/3/3
f 4526/3/3 4516/3/3 4515/3/3
f 4527/2/3 4517/2/3 4516/2/3
f 4527/3/3 4516/3/3 4526/3/3
f 4527/2/3 4518/2/3 4517/2/3
f 4528/2/3 4518/2/3 4527/2/3
f 4529/2/3 4518/2/3 4528/2/3
f 4530/3/3 4522/3/3 4521/3/3
f 4531/2/3 4523/2/3 4522/2/3
f 4531/3/3 4522/3/3 4530/3/3
f 4531/2/3 4524/2/3 4523/2/3
f 4532/2/3 4524/2/3 4531/2/3
f 4533/2/3 4524/2/3 4532/2/3
f 4534/2/3 4528/2/3 4527/2/3
f 4535/2/3 4528/2/3 4534/2/3
f 4536/2/3 4532/2/3 4531/2/3
f 4537/2/3 4532/2/3 4536/2/3
f 4541/2/3 4539/2/3 4538/2/3
f 4542/2/3 4539/2/3 4541/2/3
f 4545/2/3 4541/2/3 4540/2/3
f 4545/2/3 4543/2/3 4542/2/3
f 4545/2/3 4542/2/3 4541/2/3
f 4546/2/3 4543/2/3 4545/2/3
f 4547/2/3 4543/2/3 4546/2/3
f 4548/2/3 4543/2/3 4547/2/3
f 4551/3/3 4545/3/3 4544/3/3
f 4552/2/3 4546/2/3 4545/2/3
f 4552/3/3 4545/3/3 4551/3/3
f 4553/2/3 4546/2/3 4552/2/3
f 4554/2/3 4548/2/3 4547/2/3
f 4555/3/3 4549/3/3 4548/3/3
f 4555/2/3 4548/2/3 4554/2/3
f 4556/3/3 4549/3/3 4555/3/3
f 4558/3/3 4551/3/3 4550/3/3
f 4558/3/3 4552/3/3 4551/3/3
f 4559/3/3 4552/3/3 4558/3/3
f 4560/3/3 4557/3/3 4556/3/3
f 4560/3/3 4556/3/3 4555/3/3
f 4561/3/3 4557/3/3 4560/3/3
f 4563/3/3 4558/3/3 4550/3/3
f 4564/3/3 4558/3/3 4563/3/3
f 4565/3/3 4557/3/3 4561/3/3
f 4566/3/3 4557/3/3 4565/3/3
f 4568/3/3 4563/3/3 4562/3/3
f 4569/3/3 4563/3/3 4568/3/3
f 4572/3/3 4567/3/3 4566/3/3
f 4573/3/3 4567/3/3 4572/3/3
f 4574/3/3 4570/3/3 4569/3/3
f 4577/3/3 4572/3/3 4571/3/3
f 4578/3/3 4575/3/3 4574/3/3
f 4578/3/3 4574/3/3 4569/3/3
f 4579/3/3 4575/3/3 4578/3/3
f 4580/3/3 4575/3/3 4579/3/3
f 4583/3/3 4577/3/3 4576/3/3
f 4584/3/3 4572/3/3 4577/3/3
f 4584/3/3 4577/3/3 4583/3/3
f 4585/3/3 4572/3/3 4584/3/3
f 4586/3/3 4581/3/3 4580/3/3
f 4586/3/3 4580/3/3 4579/3/3
f 4587/3/3 4581/3/3 4586/3/3
f 4588/3/3 4581/3/3 4587/3/3
f 4589/2/3 4583/2/3 4582/2/3
f 4590/3/3 4584/3/3 4583/3/3
f 4590/2/3 4583/2/3 4589/2/3
f 4591/3/3 4584/3/3 4590/3/3
f 4592/3/3 4588/3/3 4587/3/3
f 4593/2/3 4589/2/3 4588/2/3
f 4593/3/3 4588/3/3 4592/3/3
f 4593/2/3 4590/2/3 4589/2/3
f 4594/2/3 4590/2/3 4593/2/3
f 4595/2/3 4590/2/3 4594/2/3
f 4596/2/3 4594/2/3 4593/2/3
f 4597/2/3 4594/2/3 4596/2/3
f 4601/2/3 4599/2/3 4598/2/3
f 4602/2/3 4599/2/3 4601/2/3
f 4605/2/3 4601/2/3 4600/2/3
f 4605/2/3 4603/2/3 4602/2/3
f 4605/2/3 4602/2/3 4601/2/3
f 4606/2/3 4603/2/3 4605/2/3
f 4607/2/3 4603/2/3 4606/2/3
f 4608/2/3 4603/2/3 4607/2/3
f 4611/3/3 4605/3/3 4604/3/3
f 4612/2/3 4606/2/3 4605/2/3
f 4612/3/3 4605/3/3 4611/3/3
f 4613/2/3 4606/2/3 4612/2/3
f 4614/2/3 4608/2/3 4607/2/3
f 4615/3/3 4609/3/3 4608/3/3
f 4615/2/3 4608/2/3 4614/2/3
f 4616/3/3 4609/3/3 4615/3/3
f 4618/3/3 4611/3/3 4610/3/3
f 4618/3/3 4612/3/3 4611/3/3
f 4619/3/3 4612/3/3 4618/3/3
f 4620/3/3 4617/3/3 4616/3/3
f 4620/3/3 4616/3/3 4615/3/3
f 4621/3/3 4617/3/3 4620/3/3
f 4623/3/3 4618/3/3 4610/3/3
f 4624/3/3 4618/3/3 4623/3/3
f 4625/3/3 4617/3/3 4621/3/3
f 4626/3/3 4617/3/3 4625/3/3
f 4628/3/3 4623/3/3 4622/3/3
f 4629/3/3 4623/3/3 4628/3/3
f 4632/3/3 4627/3/3 4626/3/3
f 4633/3/3 4627/3/3 4632/3/3
f 4634/3/3 4630/3/3 4629/3/3
f 4637/3/3 4632/3/3 4631/3/3
f 4638/3/3 4635/3/3 4634/3/3
f 4638/3/3 4634/3/3 4629/3/3
f 4639/3/3 4635/3/3 4638/3/3
f 4640/3/3 4635/3/3 4639/3/3
f 4643/3/3 4637/3/3 4636/3/3
f 4644/3/3 4632/3/3 4637/3/3
f 4644/3/3 4637/3/3 4643/3/3
f 4645/3/3 4632/3/3 4644/3/3
f 4646/3/3 4641/3/3 4640/3/3
f 4646/3/3 4640/3/3 4639/3/3
f 4647/3/3 4641/3/3 4646/3/3
f 4648/3/3 4641/3/3 4647/3/3
f 4649/2/3 4643/2/3 4642/2/3
f 4650/3/3 4644/3/3 4643/3/3
f 4650/2/3 4643/2/3 4649/2/3
f 4651/3/3 4644/3/3 4650/3/3
f 4652/3/3 4648/3/3 4647/3/3
f 4653/2/3 4649/2/3 4648/2/3
f 4653/3/3 4648/3/3 4652/3/3
f 4653/2/3 4650/2/3 4649/2/3
f 4654/2/3 4650/2/3 4653/2/3
f 4655/2/3 4650/2/3 4654/2/3
f 4656/2/3 4654/2/3 4653/2/3
f 4657/2/3 4654/2/3 4656/2/3
f 4663/2/3 4659/2/3 4658/2/3
f 4664/2/3 4659/2/3 4663/2/3
f 4665/2/3 4659/2/3 4664/2/3
f 4666/2/3 4659/2/3 4665/2/3
f 4669/2/3 4661/2/3 4660/2/3
f 4670/2/3 4661/2/3 4669/2/3
f 4671/2/3 4661/2/3 4670/2/3
f 4672/2/3 4661/2/3 4671/2/3
f 4675/3/3 4663/3/3 4662/3/3
f 4676/2/3 4664/2/3 4663/2/3
f 4676/3/3 4663/3/3 4675/3/3
f 4677/2/3 4664/2/3 4676/2/3
f 4678/2/3 4666/2/3 4665/2/3
f 4679/3/3 4667/3/3 4666/3/3
f 4679/2/3 4666/2/3 4678/2/3
f 4680/3/3 4667/3/3 4679/3/3
f 4683/3/3 4669/3/3 4668/3/3
f 4684/2/3 4670/2/3 4669/2/3
f 4684/3/3 4669/3/3 4683/3/3
f 4685/2/3 4670/2/3 4684/2/3
f 4686/2/3 4672/2/3 4671/2/3
f 4687/3/3 4673/3/3 4672/3/3
f 4687/2/3 4672/2/3 4686/2/3
f 4688/3/3 4673/3/3 4687/3/3
f 4690/3/3 4675/3/3 4674/3/3
f 4690/3/3 4676/3/3 4675/3/3
f 4691/3/3 4676/3/3 4690/3/3
f 4692/3/3 4681/3/3 4680/3/3
f 4692/3/3 4680/3/3 4679/3/3
f 4693/3/3 4681/3/3 4692/3/3
f 4694/3/3 4684/3/3 4683/3/3
f 4694/3/3 4683/3/3 4682/3/3
f 4695/3/3 4684/3/3 4694/3/3
f 4696/3/3 4689/3/3 4688/3/3
f 4696/3/3 4688/3/3 4687/3/3
f 4697/3/3 4689/3/3 4696/3/3
f 4699/3/3 4690/3/3 4674/3/3
f 4700/3/3 4690/3/3 4699/3/3
f 4701/3/3 4681/3/3 4693/3/3
f 4702/3/3 4681/3/3 4701/3/3
f 4705/3/3 4694/3/3 4682/3/3
f 4706/3/3 4694/3/3 4705/3/3
f 4707/3/3 4689/3/3 4697/3/3
f 4708/3/3 4689/3/3 4707/3/3
f 4711/3/3 4699/3/3 4698/3/3
f 4712/3/3 4703/3/3 4702/3/3
f 4715/3/3 4705/3/3 4704/3/3
f 4716/3/3 4709/3/3 4708/3/3
f 4718/3/3 4711/3/3 4710/3/3
f 4718/3/3 4699/3/3 4711/3/3
f 4719/3/3 4699/3/3 4718/3/3
f 4720/3/3 4713/3/3 4712/3/3
f 4720/3/3 4712/3/3 4702/3/3
f 4721/3/3 4713/3/3 4720/3/3
f 4722/3/3 4715/3/3 4714/3/3
f 4722/3/3 4705/3/3 4715/3/3
f 4723/3/3 4705/3/3 4722/3/3
f 4724/3/3 4717/3/3 4716/3/3
f 4724/3/3 4716/3/3 4708/3/3
f 4725/3/3 4717/3/3 4724/3/3
f 4726/3/3 4718/3/3 4710/3/3
f 4729/3/3 4713/3/3 4721/3/3
f 4730/3/3 4722/3/3 4714/3/3
f 4733/3/3 4717/3/3 4725/3/3
f 4734/3/3 4727/3/3 4726/3/3
f 4734/3/3 4726/3/3 4710/3/3
f 4735/3/3 4727/3/3 4734/3/3
f 4736/3/3 4729/3/3 4728/3/3
f 4736/3/3 4713/3/3 4729/3/3
f 4737/3/3 4713/3/3 4736/3/3
f 4738/3/3 4731/3/3 4730/3/3
f 4738/3/3 4730/3/3 4714/3/3
f 4739/3/3 4731/3/3 4738/3/3
f 4740/3/3 4733/3/3 4732/3/3
f 4740/3/3 4717/3/3 4733/3/3
f 4741/3/3 4717/3/3 4740/3/3
f 4742/3/3 4727/3/3 4735/3/3
f 4743/3/3 4727/3/3 4742/3/3
f 4746/3/3 4736/3/3 4728/3/3
f 4747/3/3 4736/3/3 4746/3/3
f 4748/3/3 4731/3/3 4739/3/3
f 4749/3/3 4731/3/3 4748/3/3
f 4752/3/3 4740/3/3 4732/3/3
f 4753/3/3 4740/3/3 4752/3/3
f 4754/3/3 4744/3/3 4743/3/3
f 4757/3/3 4746/3/3 4745/3/3
f 4758/3/3 4750/3/3 4749/3/3
f 4761/3/3 4752/3/3 4751/3/3
f 4762/3/3 4755/3/3 4754/3/3
f 4762/3/3 4754/3/3 4743/3/3
f 4763/3/3 4755/3/3 4762/3/3
f 4764/3/3 4755/3/3 4763/3/3
f 4767/3/3 4757/3/3 4756/3/3
f 4768/3/3 4746/3/3 4757/3/3
f 4768/3/3 4757/3/3 4767/3/3
f 4769/3/3 4746/3/3 4768/3/3
f 4770/3/3 4759/3/3 4758/3/3
f 4770/3/3 4758/3/3 4749/3/3
f 4771/3/3 4759/3/3 4770/3/3
f 4772/3/3 4759/3/3 4771/3/3
f 4775/3/3 4761/3/3 4760/3/3
f 4776/3/3 4752/3/3 4761/3/3
f 4776/3/3 4761/3/3 4775/3/3
f 4777/3/3 4752/3/3 4776/3/3
f 4778/3/3 4765/3/3 4764/3/3
f 4778/3/3 4764/3/3 4763/3/3
f 4779/3/3 4765/3/3 4778/3/3
f 4780/3/3 4765/3/3 4779/3/3
f 4781/2/3 4767/2/3 4766/2/3
f 4782/3/3 4768/3/3 4767/3/3
f 4782/2/3 4767/2/3 4781/2/3
f 4783/3/3 4768/3/3 4782/3/3
f 4784/3/3 4773/3/3 4772/3/3
f 4784/3/3 4772/3/3 4771/3/3
f 4785/3/3 4773/3/3 4784/3/3
f 4786/3/3 4773/3/3 4785/3/3
f 4787/2/3 4775/2/3 4774/2/3
f 4788/3/3 4776/3/3 4775/3/3
f 4788/2/3 4775/2/3 4787/2/3
f 4789/3/3 4776/3/3 4788/3/3
f 4790/3/3 4780/3/3 4779/3/3
f 4791/2/3 4781/2/3 4780/2/3
f 4791/3/3 4780/3/3 4790/3/3
f 4791/2/3 4782/2/3 4781/2/3
f 4792/2/3 4782/2/3 4791/2/3
f 4793/3/3 4786/3/3 4785/3/3
f 4794/2/3 4787/2/3 4786/2/3
f 4794/3/3 4786/3/3 4793/3/3
f 4794/2/3 4788/2/3 4787/2/3
f 4795/2/3 4788/2/3 4794/2/3
f 4799/2/3 4797/2/3 4796/2/3
f 4800/2/3 4797/2/3 4799/2/3
f 4801/2/3 4797/2/3 4800/2/3
f 4802/2/3 4797/2/3 4801/2/3
f 4805/3/3 4799/3/3 4798/3/3
f 4806/2/3 4800/2/3 4799/2/3
f 4806/3/3 4799/3/3 4805/3/3
f 4807/2/3 4800/2/3 4806/2/3
f 4808/2/3 4802/2/3 4801/2/3
f 4809/3/3 4803/3/3 4802/3/3
f 4809/2/3 4802/2/3 4808/2/3
f 4810/3/3 4803/3/3 4809/3/3
f 4812/3/3 4805/3/3 4804/3/3
f 4812/3/3 4806/3/3 4805/3/3
f 4813/3/3 4806/3/3 4812/3/3
f 4814/3/3 4811/3/3 4810/3/3
f 4814/3/3 4810/3/3 4809/3/3
f 4815/3/3 4811/3/3 4814/3/3
f 4817/3/3 4812/3/3 4804/3/3
f 4818/3/3 4812/3/3 4817/3/3
f 4819/3/3 4811/3/3 4815/3/3
f 4820/3/3 4811/3/3 4819/3/3
f 4823/3/3 4817/3/3 4816/3/3
f 4824/3/3 4821/3/3 4820/3/3
f 4826/3/3 4823/3/3 4822/3/3
f 4826/3/3 4817/3/3 4823/3/3
f 4827/3/3 4817/3/3 4826/3/3
f 4828/3/3 4825/3/3 4824/3/3
f 4828/3/3 4824/3/3 4820/3/3
f 4829/3/3 4825/3/3 4828/3/3
f 4830/3/3 4826/3/3 4822/3/3
f 4833/3/3 4825/3/3 4829/3/3
f 4834/3/3 4831/3/3 4830/3/3
f 4834/3/3 4830/3/3 4822/3/3
f 4835/3/3 4831/3/3 4834/3/3
f 4836/3/3 4833/3/3 4832/3/3
f 4836/3/3 4825/3/3 4833/3/3
f 4837/3/3 4825/3/3 4836/3/3
f 4838/3/3 4831/3/3 4835/3/3
f 4839/3/3 4831/3/3 4838/3/3
f 4842/3/3 4836/3/3 4832/3/3
f 4843/3/3 4836/3/3 4842/3/3
f 4844/3/3 4840/3/3 4839/3/3
f 4847/3/3 4842/3/3 4841/3/3
f 4848/3/3 4845/3/3 4844/3/3
f 4848/3/3 4844/3/3 4839/3/3
f 4849/3/3 4845/3/3 4848/3/3
f 4850/3/3 4845/3/3 4849/3/3
f 4853/3/3 4847/3/3 4846/3/3
f 4854/3/3 4842/3/3 4847/3/3
f 4854/3/3 4847/3/3 4853/3/3
f 4855/3/3 4842/3/3 4854/3/3
f 4856/3/3 4851/3/3 4850/3/3
f 4856/3/3 4850/3/3 4849/3/3
f 4857/3/3 4851/3/3 4856/3/3
f 4858/3/3 4851/3/3 4857/3/3
f 4859/2/3 4853/2/3 4852/2/3
f 4860/3/3 4854/3/3 4853/3/3
f 4860/2/3 4853/2/3 4859/2/3
f 4861/3/3 4854/3/3 4860/3/3
f 4862/3/3 4858/3/3 4857/3/3
f 4863/2/3 4859/2/3 4858/2/3
f 4863/3/3 4858/3/3 4862/3/3
f 4863/2/3 4860/2/3 4859/2/3
f 4864/2/3 4860/2/3 4863/2/3
f 4868/2/3 4866/2/3 4865/2/3
f 4869/2/3 4866/2/3 4868/2/3
f 4870/2/3 4866/2/3 4869/2/3
f 4871/2/3 4866/2/3 4870/2/3
f 4874/3/3 4868/3/3 4867/3/3
f 4875/2/3 4869/2/3 4868/2/3
f 4875/3/3 4868/3/3 4874/3/3
f 4876/2/3 4869/2/3 4875/2/3
f 4877/2/3 4871/2/3 4870/2/3
f 4878/3/3 4872/3/3 4871/3/3
f 4878/2/3 4871/2/3 4877/2/3
f 4879/3/3 4872/3/3 4878/3/3
f 4881/3/3 4874/3/3 4873/3/3
f 4881/3/3 4875/3/3 4874/3/3
f 4882/3/3 4875/3/3 4881/3/3
f 4883/3/3 4880/3/3 4879/3/3
f 4883/3/3 4879/3/3 4878/3/3
f 4884/3/3 4880/3/3 4883/3/3
f 4886/3/3 4881/3/3 4873/3/3
f 4887/3/3 4881/3/3 4886/3/3
f 4888/3/3 4880/3/3 4884/3/3
f 4889/3/3 4880/3/3 4888/3/3
f 4892/3/3 4886/3/3 4885/3/3
f 4893/3/3 4890/3/3 4889/3/3
f 4895/3/3 4892/3/3 4891/3/3
f 4895/3/3 4886/3/3 4892/3/3
f 4896/3/3 4886/3/3 4895/3/3
f 4897/3/3 4894/3/3 4893/3/3
f 4897/3/3 4893/3/3 4889/3/3
f 4898/3/3 4894/3/3 4897/3/3
f 4899/3/3 4895/3/3 4891/3/3
f 4902/3/3 4894/3/3 4898/3/3
f 4903/3/3 4900/3/3 4899/3/3
f 4903/3/3 4899/3/3 4891/3/3
f 4904/3/3 4900/3/3 4903/3/3
f 4905/3/3 4902/3/3 4901/3/3
f 4905/3/3 4894/3/3 4902/3/3
f 4906/3/3 4894/3/3 4905/3/3
f 4907/3/3 4900/3/3 4904/3/3
f 4908/3/3 4900/3/3 4907/3/3
f 4911/3/3 4905/3/3 4901/3/3
f 4912/3/3 4905/3/3 4911/3/3
f 4913/3/3 4909/3/3 4908/3/3
f 4916/3/3 4911/3/3 4910/3/3
f 4917/3/3 4914/3/3 4913/3/3
f 4917/3/3 4913/3/3 4908/3/3
f 4918/3/3 4914/3/3 4917/3/3
f 4919/3/3 4914/3/3 4918/3/3
f 4922/3/3 4916/3/3 4915/3/3
f 4923/3/3 4911/3/3 4916/3/3
f 4923/3/3 4916/3/3 4922/3/3
f 4924/3/3 4911/3/3 4923/3/3
f 4925/3/3 4920/3/3 4919/3/3
f 4925/3/3 4919/3/3 4918/3/3
f 4926/3/3 4920/3/3 4925/3/3
f 4927/3/3 4920/3/3 4926/3/3
f 4928/2/3 4922/2/3 4921/2/3
f 4929/3/3 4923/3/3 4922/3/3
f 4929/2/3 4922/2/3 4928/2/3
f 4930/3/3 4923/3/3 4929/3/3
f 4931/3/3 4927/3/3 4926/3/3
f 4932/2/3 4928/2/3 4927/2/3
f 4932/3/3 4927/3/3 4931/3/3
f 4932/2/3 4929/2/3 4928/2/3
f 4933/2/3 4929/2/3 4932/2/3
f 4940/2/3 4935/2/3 4934/2/3
f 4941/2/3 4935/2/3 4940/2/3
f 4946/2/3 4937/2/3 4936/2/3
f 4947/2/3 4937/2/3 4946/2/3
f 4951/3/3 4939/3/3 4938/3/3
f 4952/3/3 4939/3/3 4951/3/3
f 4953/3/3 4943/3/3 4942/3/3
f 4954/3/3 4943/3/3 4953/3/3
f 4957/3/3 4945/3/3 4944/3/3
f 4958/3/3 4945/3/3 4957/3/3
f 4959/3/3 4949/3/3 4948/3/3
f 4960/3/3 4949/3/3 4959/3/3
f 4962/3/3 4951/3/3 4950/3/3
f 4963/3/3 4951/3/3 4962/3/3
f 4964/3/3 4955/3/3 4954/3/3
f 4965/3/3 4955/3/3 4964/3/3
f 4966/3/3 4957/3/3 4956/3/3
f 4967/3/3 4957/3/3 4966/3/3
f 4968/3/3 4961/3/3 4960/3/3
f 4969/3/3 4961/3/3 4968/3/3
f 4978/3/3 4971/3/3 4970/3/3
f 4979/3/3 4971/3/3 4978/3/3
f 4980/3/3 4973/3/3 4972/3/3
f 4981/3/3 4973/3/3 4980/3/3
f 4982/3/3 4975/3/3 4974/3/3
f 4983/3/3 4975/3/3 4982/3/3
f 4984/3/3 4977/3/3 4976/3/3
f 4985/3/3 4977/3/3 4984/3/3
f 4994/3/3 4987/3/3 4986/3/3
f 4995/3/3 4987/3/3 4994/3/3
f 4996/3/3 4989/3/3 4988/3/3
f 4997/3/3 4989/3/3 4996/3/3
f 4998/3/3 4991/3/3 4990/3/3
f 4999/3/3 4991/3/3 4998/3/3
f 5000/3/3 4993/3/3 4992/3/3
f 5001/3/3 4993/3/3 5000/3/3
f 5010/3/3 5003/3/3 5002/3/3
f 5011/3/3 5003/3/3 5010/3/3
f 5012/3/3 5005/3/3 5004/3/3
f 5013/3/3 5005/3/3 5012/3/3
f 5014/3/3 5007/3/3 5006/3/3
f 5015/3/3 5007/3/3 5014/3/3
f 5016/3/3 5009/3/3 5008/3/3
f 5017/3/3 5009/3/3 5016/3/3
f 5026/3/3 5019/3/3 5018/3/3
f 5027/3/3 5019/3/3 5026/3/3
f 5028/3/3 5021/3/3 5020/3/3
f 5029/3/3 5021/3/3 5028/3/3
f 5030/3/3 5023/3/3 5022/3/3
f 5031/3/3 5023/3/3 5030/3/3
f 5032/3/3 5025/3/3 5024/3/3
f 5033/3/3 5025/3/3 5032/3/3
f 5042/3/3 5035/3/3 5034/3/3
f 5043/3/3 5035/3/3 5042/3/3
f 5046/3/3 5037/3/3 5036/3/3
f 5047/3/3 5037/3/3 5046/3/3
f 5048/3/3 5039/3/3 5038/3/3
f 5049/3/3 5039/3/3 5048/3/3
f 5052/3/3 5041/3/3 5040/3/3
f 5053/3/3 5041/3/3 5052/3/3
f 5054/3/3 5044/3/3 5043/3/3
f 5055/3/3 5044/3/3 5054/3/3
f 5058/3/3 5046/3/3 5045/3/3
f 5059/3/3 5046/3/3 5058/3/3
f 5060/3/3 5050/3/3 5049/3/3
f 5061/3/3 5050/3/3 5060/3/3
f 5064/3/3 5052/3/3 5051/3/3
f 5065/3/3 5052/3/3 5064/3/3
f 5066/2/3 5057/2/3 5056/2/3
f 5067/2/3 5057/2/3 5066/2/3
f 5070/2/3 5063/2/3 5062/2/3
f 5071/2/3 5063/2/3 5070/2/3
f 5074/2/3 5069/2/3 5068/2/3
f 5075/2/3 5069/2/3 5074/2/3
f 5079/3/3 5073/3/3 5072/3/3
f 5080/3/3 5073/3/3 5079/3/3
f 5081/3/3 5077/3/3 5076/3/3
f 5082/3/3 5077/3/3 5081/3/3
f 5084/3/3 5079/3/3 5078/3/3
f 5085/3/3 5079/3/3 5084/3/3
f 5086/3/3 5083/3/3 5082/3/3
f 5087/3/3 5083/3/3 5086/3/3
f 5092/3/3 5089/3/3 5088/3/3
f 5093/3/3 5089/3/3 5092/3/3
f 5094/3/3 5091/3/3 5090/3/3
f 5095/3/3 5091/3/3 5094/3/3
f 5100/3/3 5097/3/3 5096/3/3
f 5101/3/3 5097/3/3 5100/3/3
f 5102/3/3 5099/3/3 5098/3/3
f 5103/3/3 5099/3/3 5102/3/3
f 5108/3/3 5105/3/3 5104/3/3
f 5109/3/3 5105/3/3 5108/3/3
f 5110/3/3 5107/3/3 5106/3/3
f 5111/3/3 5107/3/3 5110/3/3
f 5116/3/3 5113/3/3 5112/3/3
f 5117/3/3 5113/3/3 5116/3/3
f 5118/3/3 5115/3/3 5114/3/3
f 5119/3/3 5115/3/3 5118/3/3
f 5124/3/3 5121/3/3 5120/3/3
f 5125/3/3 5121/3/3 5124/3/3
f 5128/3/3 5123/3/3 5122/3/3
f 5129/3/3 5123/3/3 5128/3/3
f 5130/3/3 5126/3/3 5125/3/3
f 5131/3/3 5126/3/3 5130/3/3
f 5134/3/3 5128/3/3 5127/3/3
f 5135/3/3 5128/3/3 5134/3/3
f 5136/2/3 5133/2/3 5132/2/3
f 5137/2/3 5133/2/3 5136/2/3
f 5142/2/3 5139/2/3 5138/2/3
f 5143/2/3 5139/2/3 5142/2/3
f 5147/3/3 5141/3/3 5140/3/3
f 5148/3/3 5141/3/3 5147/3/3
f 5149/3/3 5145/3/3 5144/3/3
f 5150/3/3 5145/3/3 5149/3/3
f 5152/3/3 5147/3/3 5146/3/3
f 5153/3/3 5147/3/3 5152/3/3
f 5154/3/3 5151/3/3 5150/3/3
f 5155/3/3 5151/3/3 5154/3/3
f 5160/3/3 5157/3/3 5156/3/3
f 5161/3/3 5157/3/3 5160/3/3
f 5162/3/3 5159/3/3 5158/3/3
f 5163/3/3 5159/3/3 5162/3/3
f 5168/3/3 5165/3/3 5164/3/3
f 5169/3/3 5165/3/3 5168/3/3
f 5170/3/3 5167/3/3 5166/3/3
f 5171/3/3 5167/3/3 5170/3/3
f 5176/3/3 5173/3/3 5172/3/3
f 5177/3/3 5173/3/3 5176/3/3
f 5178/3/3 5175/3/3 5174/3/3
f 5179/3/3 5175/3/3 5178/3/3
f 5184/3/3 5181/3/3 5180/3/3
f 5185/3/3 5181/3/3 5184/3/3
f 5186/3/3 5183/3/3 5182/3/3
f 5187/3/3 5183/3/3 5186/3/3
f 5192/3/3 5189/3/3 5188/3/3
f 5193/3/3 5189/3/3 5192/3/3
f 5196/3/3 5191/3/3 5190/3/3
f 5197/3/3 5191/3/3 5196/3/3
f 5200/3/3 5194/3/3 5193/3/3
f 5201/3/3 5194/3/3 5200/3/3
f 5204/3/3 5196/3/3 5195/3/3
f 5205/3/3 5196/3/3 5204/3/3
f 5209/2/3 5199/2/3 5198/2/3
f 5210/2/3 5199/2/3 5209/2/3
f 5212/2/3 5203/2/3 5202/2/3
f 5213/2/3 5203/2/3 5212/2/3
f 5215/2/3 5207/2/3 5206/2/3
f 5216/2/3 5207/2/3 5215/2/3
f 5218/2/3 5209/2/3 5208/2/3
f 5219/2/3 5209/2/3 5218/2/3
f 5220/2/3 5211/2/3 5210/2/3
f 5221/2/3 5211/2/3 5220/2/3
f 5222/2/3 5215/2/3 5214/2/3
f 5223/2/3 5215/2/3 5222/2/3
f 5224/2/3 5217/2/3 5216/2/3
f 5225/2/3 5217/2/3 5224/2/3
f 5234/3/3 5227/3/3 5226/3/3
f 5235/3/3 5227/3/3 5234/3/3
f 5236/3/3 5229/3/3 5228/3/3
f 5237/3/3 5229/3/3 5236/3/3
f 5238/3/3 5231/3/3 5230/3/3
f 5239/3/3 5231/3/3 5238/3/3
f 5240/3/3 5233/3/3 5232/3/3
f 5241/3/3 5233/3/3 5240/3/3
f 5250/3/3 5243/3/3 5242/3/3
f 5251/3/3 5243/3/3 5250/3/3
f 5252/3/3 5245/3/3 5244/3/3
f 5253/3/3 5245/3/3 5252/3/3
f 5254/3/3 5247/3/3 5246/3/3
f 5255/3/3 5247/3/3 5254/3/3
f 5256/3/3 5249/3/3 5248/3/3
f 5257/3/3 5249/3/3 5256/3/3
f 5266/3/3 5259/3/3 5258/3/3
f 5267/3/3 5259/3/3 5266/3/3
f 5268/3/3 5261/3/3 5260/3/3
f 5269/3/3 5261/3/3 5268/3/3
f 5270/3/3 5263/3/3 5262/3/3
f 5271/3/3 5263/3/3 5270/3/3
f 5272/3/3 5265/3/3 5264/3/3
f 5273/3/3 5265/3/3 5272/3/3
f 5282/3/3 5275/3/3 5274/3/3
f 5283/3/3 5275/3/3 5282/3/3
f 5284/3/3 5277/3/3 5276/3/3
f 5285/3/3 5277/3/3 5284/3/3
f 5286/3/3 5279/3/3 5278/3/3
f 5287/3/3 5279/3/3 5286/3/3
f 5288/3/3 5281/3/3 5280/3/3
f 5289/3/3 5281/3/3 5288/3/3
f 5298/3/3 5291/3/3 5290/3/3
f 5299/3/3 5291/3/3 5298/3/3
f 5300/3/3 5293/3/3 5292/3/3
f 5301/3/3 5293/3/3 5300/3/3
f 5302/3/3 5295/3/3 5294/3/3
f 5303/3/3 5295/3/3 5302/3/3
f 5304/3/3 5297/3/3 5296/3/3
f 5305/3/3 5297/3/3 5304/3/3
f 5316/3/3 5307/3/3 5306/3/3
f 5317/3/3 5307/3/3 5316/3/3
f 5318/2/3 5309/2/3 5308/2/3
f 5319/2/3 5309/2/3 5318/2/3
f 5321/2/3 5311/2/3 5310/2/3
f 5322/2/3 5311/2/3 5321/2/3
f 5324/3/3 5313/3/3 5312/3/3
f 5325/3/3 5313/3/3 5324/3/3
f 5326/2/3 5315/2/3 5314/2/3
f 5327/2/3 5315/2/3 5326/2/3
f 5328/2/3 5318/2/3 5317/2/3
f 5329/2/3 5318/2/3 5328/2/3
f 5330/2/3 5321/2/3 5320/2/3
f 5331/2/3 5321/2/3 5330/2/3
f 5332/2/3 5323/2/3 5322/2/3
f 5333/2/3 5323/2/3 5332/2/3
f 5334/2/3 5326/2/3 5325/2/3
f 5335/2/3 5326/2/3 5334/2/3
f 5340/3/3 5337/3/3 5336/3/3
f 5341/3/3 5337/3/3 5340/3/3
f 5342/3/3 5339/3/3 5338/3/3
f 5343/3/3 5339/3/3 5342/3/3
f 5348/3/3 5345/3/3 5344/3/3
f 5349/3/3 5345/3/3 5348/3/3
f 5350/3/3 5347/3/3 5346/3/3
f 5351/3/3 5347/3/3 5350/3/3
f 5356/3/3 5353/3/3 5352/3/3
f 5357/3/3 5353/3/3 5356/3/3
f 5358/3/3 5355/3/3 5354/3/3
f 5359/3/3 5355/3/3 5358/3/3
f 5364/3/3 5361/3/3 5360/3/3
f 5365/3/3 5361/3/3 5364/3/3
f 5366/3/3 5363/3/3 5362/3/3
f 5367/3/3 5363/3/3 5366/3/3
f 5372/3/3 5369/3/3 5368/3/3
f 5373/3/3 5369/3/3 5372/3/3
f 5374/3/3 5371/3/3 5370/3/3
f 5375/3/3 5371/3/3 5374/3/3
f 5380/3/3 5377/3/3 5376/3/3
f 5381/3/3 5377/3/3 5380/3/3
f 5382/2/3 5379/2/3 5378/2/3
f 5383/2/3 5379/2/3 5382/2/3
f 5384/2/3 5382/2/3 5381/2/3
f 5385/2/3 5382/2/3 5384/2/3
f 5389/2/3 5387/2/3 5386/2/3
f 5390/2/3 5387/2/3 5389/2/3
f 5392/2/3 5389/2/3 5388/2/3
f 5393/2/3 5389/2/3 5392/2/3
f 5394/2/3 5391/2/3 5390/2/3
f 5395/2/3 5391/2/3 5394/2/3
f 5400/3/3 5397/3/3 5396/3/3
f 5401/3/3 5397/3/3 5400/3/3
f 5402/3/3 5399/3/3 5398/3/3
f 5403/3/3 5399/3/3 5402/3/3
f 5408/3/3 5405/3/3 5404/3/3
f 5409/3/3 5405/3/3 5408/3/3
f 5410/3/3 5407/3/3 5406/3/3
f 5411/3/3 5407/3/3 5410/3/3
f 5416/3/3 5413/3/3 5412/3/3
f 5417/3/3 5413/3/3 5416/3/3
f 5418/3/3 5415/3/3 5414/3/3
f 5419/3/3 5415/3/3 5418/3/3
f 5424/3/3 5421/3/3 5420/3/3
f 5425/3/3 5421/3/3 5424/3/3
f 5426/3/3 5423/3/3 5422/3/3
f 5427/3/3 5423/3/3 5426/3/3
f 5432/3/3 5429/3/3 5428/3/3
f 5433/3/3 5429/3/3 5432/3/3
f 5434/3/3 5431/3/3 5430/3/3
f 5435/3/3 5431/3/3 5434/3/3
f 5444/3/3 5437/3/3 5436/3/3
f 5445/3/3 5437/3/3 5444/3/3
f 5446/2/3 5439/2/3 5438/2/3
f 5447/2/3 5439/2/3 5446/2/3
f 5453/2/3 5441/2/3 5440/2/3
f 5454/2/3 5441/2/3 5453/2/3
f 5455/3/3 5443/3/3 5442/3/3
f 5456/3/3 5443/3/3 5455/3/3
f 5458/2/3 5446/2/3 5445/2/3
f 5459/2/3 5446/2/3 5458/2/3
f 5461/2/3 5449/2/3 5448/2/3
f 5462/2/3 5449/2/3 5461/2/3
f 5463/3/3 5451/3/3 5450/3/3
f 5464/3/3 5451/3/3 5463/3/3
f 5467/3/3 5453/3/3 5452/3/3
f 5468/3/3 5453/3/3 5467/3/3
f 5469/3/3 5457/3/3 5456/3/3
f 5470/3/3 5457/3/3 5469/3/3
f 5473/3/3 5461/3/3 5460/3/3
f 5474/3/3 5461/3/3 5473/3/3
f 5475/3/3 5465/3/3 5464/3/3
f 5476/3/3 5465/3/3 5475/3/3
f 5478/3/3 5467/3/3 5466/3/3
f 5479/3/3 5467/3/3 5478/3/3
f 5480/3/3 5471/3/3 5470/3/3
f 5481/3/3 5471/3/3 5480/3/3
f 5482/3/3 5473/3/3 5472/3/3
f 5483/3/3 5473/3/3 5482/3/3
f 5484/3/3 5477/3/3 5476/3/3
f 5485/3/3 5477/3/3 5484/3/3
f 5494/3/3 5487/3/3 5486/3/3
f 5495/3/3 5487/3/3 5494/3/3
f 5496/3/3 5489/3/3 5488/3/3
f 5497/3/3 5489/3/3 5496/3/3
f 5498/3/3 5491/3/3 5490/3/3
f 5499/3/3 5491/3/3 5498/3/3
f 5500/3/3 5493/3/3 5492/3/3
f 5501/3/3 5493/3/3 5500/3/3
f 5510/3/3 5503/3/3 5502/3/3
f 5511/3/3 5503/3/3 5510/3/3
f 5512/3/3 5505/3/3 5504/3/3
f 5513/3/3 5505/3/3 5512/3/3
f 5514/3/3 5507/3/3 5506/3/3
f 5515/3/3 5507/3/3 5514/3/3
f 5516/3/3 5509/3/3 5508/3/3
f 5517/3/3 5509/3/3 5516/3/3
f 5526/3/3 5519/3/3 5518/3/3
f 5527/3/3 5519/3/3 5526/3/3
f 5528/3/3 5521/3/3 5520/3/3
f 5529/3/3 5521/3/3 5528/3/3
f 5530/3/3 5523/3/3 5522/3/3
f 5531/3/3 5523/3/3 5530/3/3
f 5532/3/3 5525/3/3 5524/3/3
f 5533/3/3 5525/3/3 5532/3/3
f 5542/3/3 5535/3/3 5534/3/3
f 5543/3/3 5535/3/3 5542/3/3
f 5544/3/3 5537/3/3 5536/3/3
f 5545/3/3 5537/3/3 5544/3/3
f 5546/3/3 5539/3/3 5538/3/3
f 5547/3/3 5539/3/3 5546/3/3
f 5548/3/3 5541/3/3 5540/3/3
f 5549/3/3 5541/3/3 5548/3/3
f 5558/3/3 5551/3/3 5550/3/3
f 5559/3/3 5551/3/3 5558/3/3
f 5562/3/3 5553/3/3 5552/3/3
f 5563/3/3 5553/3/3 5562/3/3
f 5564/3/3 5555/3/3 5554/3/3
f 5565/3/3 5555/3/3 5564/3/3
f 5568/3/3 5557/3/3 5556/3/3
f 5569/3/3 5557/3/3 5568/3/3
f 5570/3/3 5560/3/3 5559/3/3
f 5571/3/3 5560/3/3 5570/3/3
f 5574/3/3 5562/3/3 5561/3/3
f 5575/3/3 5562/3/3 5574/3/3
f 5576/3/3 5566/3/3 5565/3/3
f 5577/3/3 5566/3/3 5576/3/3
f 5580/3/3 5568/3/3 5567/3/3
f 5581/3/3 5568/3/3 5580/3/3
f 5582/3/3 5572/3/3 5571/3/3
f 5583/3/3 5572/3/3 5582/3/3
f 5584/3/3 5574/3/3 5573/3/3
f 5585/3/3 5574/3/3 5584/3/3
f 5590/3/3 5578/3/3 5577/3/3
f 5591/3/3 5578/3/3 5590/3/3
f 5592/3/3 5580/3/3 5579/3/3
f 5593/3/3 5580/3/3 5592/3/3
f 5595/2/3 5587/2/3 5586/2/3
f 5596/2/3 5587/2/3 5595/2/3
f 5597/3/3 5589/3/3 5588/3/3
f 5598/3/3 5589/3/3 5597/3/3
f 5601/3/3 5595/3/3 5594/3/3
f 5602/3/3 5595/3/3 5601/3/3
f 5603/3/3 5599/3/3 5598/3/3
f 5604/3/3 5599/3/3 5603/3/3
f 5606/3/3 5601/3/3 5600/3/3
f 5607/3/3 5601/3/3 5606/3/3
f 5608/3/3 5605/3/3 5604/3/3
f 5609/3/3 5605/3/3 5608/3/3
f 5614/3/3 5611/3/3 5610/3/3
f 5615/3/3 5611/3/3 5614/3/3
f 5616/3/3 5613/3/3 5612/3/3
f 5617/3/3 5613/3/3 5616/3/3
f 5622/3/3 5619/3/3 5618/3/3
f 5623/3/3 5619/3/3 5622/3/3
f 5624/3/3 5621/3/3 5620/3/3
f 5625/3/3 5621/3/3 5624/3/3
f 5630/3/3 5627/3/3 5626/3/3
f 5631/3/3 5627/3/3 5630/3/3
f 5632/3/3 5629/3/3 5628/3/3
f 5633/3/3 5629/3/3 5632/3/3
f 5638/3/3 5635/3/3 5634/3/3
f 5639/3/3 5635/3/3 5638/3/3
f 5640/3/3 5637/3/3 5636/3/3
f 5641/3/3 5637/3/3 5640/3/3
f 5646/3/3 5643/3/3 5642/3/3
f 5647/3/3 5643/3/3 5646/3/3
f 5650/3/3 5645/3/3 5644/3/3
f 5651/3/3 5645/3/3 5650/3/3
f 5652/3/3 5648/3/3 5647/3/3
f 5653/3/3 5648/3/3 5652/3/3
f 5656/3/3 5650/3/3 5649/3/3
f 5657/3/3 5650/3/3 5656/3/3
f 5658/3/3 5654/3/3 5653/3/3
f 5659/3/3 5654/3/3 5658/3/3
f 5660/3/3 5656/3/3 5655/3/3
f 5661/3/3 5656/3/3 5660/3/3
f 5667/2/3 5663/2/3 5662/2/3
f 5668/2/3 5663/2/3 5667/2/3
f 5669/3/3 5665/3/3 5664/3/3
f 5670/3/3 5665/3/3 5669/3/3
f 5673/3/3 5667/3/3 5666/3/3
f 5674/3/3 5667/3/3 5673/3/3
f 5675/3/3 5671/3/3 5670/3/3
f 5676/3/3 5671/3/3 5675/3/3
f 5678/3/3 5673/3/3 5672/3/3
f 5679/3/3 5673/3/3 5678/3/3
f 5680/3/3 5677/3/3 5676/3/3
f 5681/3/3 5677/3/3 5680/3/3
f 5686/3/3 5683/3/3 5682/3/3
f 5687/3/3 5683/3/3 5686/3/3
f 5688/3/3 5685/3/3 5684/3/3
f 5689/3/3 5685/3/3 5688/3/3
f 5694/3/3 5691/3/3 5690/3/3
f 5695/3/3 5691/3/3 5694/3/3
f 5696/3/3 5693/3/3 5692/3/3
f 5697/3/3 5693/3/3 5696/3/3
f 5702/3/3 5699/3/3 5698/3/3
f 5703/3/3 5699/3/3 5702/3/3
f 5704/3/3 5701/3/3 5700/3/3
f 5705/3/3 5701/3/3 5704/3/3
f 5710/3/3 5707/3/3 5706/3/3
f 5711/3/3 5707/3/3 5710/3/3
f 5712/3/3 5709/3/3 5708/3/3
f 5713/3/3 5709/3/3 5712/3/3
f 5718/3/3 5715/3/3 5714/3/3
f 5719/3/3 5715/3/3 5718/3/3
f 5722/3/3 5717/3/3 5716/3/3
f 5723/3/3 5717/3/3 5722/3/3
f 5724/3/3 5720/3/3 5719/3/3
f 5725/3/3 5720/3/3 5724/3/3
f 5728/3/3 5722/3/3 5721/3/3
f 5729/3/3 5722/3/3 5728/3/3
f 5730/3/3 5726/3/3 5725/3/3
f 5731/3/3 5726/3/3 5730/3/3
f 5732/3/3 5728/3/3 5727/3/3
f 5733/3/3 5728/3/3 5732/3/3
f 5736/4/3 5735/4/3 5734/4/3
f 5737/4/3 5735/4/3 5736/4/3
f 5740/4/3 5739/4/3 5738/4/3
f 5741/4/3 5739/4/3 5740/4/3
f 5747/1/3 5743/1/3 5742/1/3
f 5748/1/3 5745/1/3 5744/1/3
f 5751/1/3 5747/1/3 5746/1/3
f 5752/1/3 5749/1/3 5748/1/3
f 5755/1/3 5751/1/3 5750/1/3
f 5756/1/3 5753/1/3 5752/1/3
f 5759/1/3 5755/1/3 5754/1/3
f 5760/1/3 5743/1/3 5747/1/3
f 5760/1/3 5747/1/3 5751/1/3
f 5760/1/3 5755/1/3 5759/1/3
f 5760/1/3 5751/1/3 5755/1/3
f 5761/1/3 5743/1/3 5760/1/3
f 5762/1/3 5757/1/3 5756/1/3
f 5762/1/3 5748/1/3 5744/1/3
f 5762/1/3 5752/1/3 5748/1/3
f 5762/1/3 5756/1/3 5752/1/3
f 5763/1/3 5757/1/3 5762/1/3
f 5764/1/3 5757/1/3 5763/1/3
f 5767/1/3 5759/1/3 5758/1/3
f 5767/1/3 5760/1/3 5759/1/3
f 5768/1/3 5760/1/3 5767/1/3
f 5769/1/3 5760/1/3 5768/1/3
f 5770/1/3 5765/1/3 5764/1/3
f 5770/1/3 5764/1/3 5763/1/3
f 5771/1/3 5765/1/3 5770/1/3
f 5772/1/3 5765/1/3 5771/1/3
f 5775/1/3 5768/1/3 5767/1/3
f 5775/1/3 5767/1/3 5766/1/3
f 5776/1/3 5768/1/3 5775/1/3
f 5777/1/3 5768/1/3 5776/1/3
f 5778/1/3 5773/1/3 5772/1/3
f 5778/1/3 5772/1/3 5771/1/3
f 5779/1/3 5773/1/3 5778/1/3
f 5780/1/3 5773/1/3 5779/1/3
f 5783/1/3 5776/1/3 5775/1/3
f 5783/1/3 5775/1/3 5774/1/3
f 5784/1/3 5776/1/3 5783/1/3
f 5785/1/3 5776/1/3 5784/1/3
f 5788/1/3 5781/1/3 5780/1/3
f 5788/1/3 5780/1/3 5779/1/3
f 5789/1/3 5781/1/3 5788/1/3
f 5790/1/3 5781/1/3 5789/1/3
f 5793/1/3 5783/1/3 5782/1/3
f 5793/1/3 5784/1/3 5783/1/3
f 5794/1/3 5784/1/3 5793/1/3
f 5795/1/3 5784/1/3 5794/1/3
f 5797/4/3 5787/4/3 5786/4/3
f 5798/1/3 5791/1/3 5790/1/3
f 5798/1/3 5790/1/3 5789/1/3
f 5799/1/3 5791/1/3 5798/1/3
f 5800/1/3 5791/1/3 5799/1/3
f 5803/1/3 5793/1/3 5792/1/3
f 5803/1/3 5794/1/3 5793/1/3
f 5804/1/3 5794/1/3 5803/1/3
f 5805/1/3 5794/1/3 5804/1/3
f 5807/4/3 5797/4/3 5796/4/3
f 5808/1/3 5801/1/3 5800/1/3
f 5808/1/3 5800/1/3 5799/1/3
f 5809/1/3 5801/1/3 5808/1/3
f 5810/1/3 5801/1/3 5809/1/3
f 5812/1/3 5803/1/3 5802/1/3
f 5812/1/3 5804/1/3 5803/1/3
f 5813/1/3 5804/1/3 5812/1/3
f 5814/1/3 5811/1/3 5810/1/3
f 5814/1/3 5810/1/3 5809/1/3
f 5815/1/3 5811/1/3 5814/1/3
f 5817/1/3 5812/1/3 5802/1/3
f 5818/1/3 5812/1/3 5817/1/3
f 5819/1/3 5812/1/3 5818/1/3
f 5820/1/3 5811/1/3 5815/1/3
f 5821/1/3 5811/1/3 5820/1/3
f 5822/1/3 5811/1/3 5821/1/3
f 5825/1/3 5817/1/3 5816/1/3
f 5825/1/3 5818/1/3 5817/1/3
f 5826/1/3 5823/1/3 5822/1/3
f 5826/1/3 5822/1/3 5821/1/3
f 5828/1/3 5825/1/3 5824/1/3
f 5828/1/3 5818/1/3 5825/1/3
f 5829/1/3 5818/1/3 5828/1/3
f 5830/1/3 5827/1/3 5826/1/3
f 5830/1/3 5826/1/3 5821/1/3
f 5831/1/3 5827/1/3 5830/1/3
f 5833/1/3 5828/1/3 5824/1/3
f 5834/1/3 5828/1/3 5833/1/3
f 5835/1/3 5828/1/3 5834/1/3
f 5836/1/3 5827/1/3 5831/1/3
f 5837/1/3 5827/1/3 5836/1/3
f 5838/1/3 5827/1/3 5837/1/3
f 5840/1/3 5833/1/3 5832/1/3
f 5840/1/3 5834/1/3 5833/1/3
f 5841/1/3 5834/1/3 5840/1/3
f 5842/1/3 5839/1/3 5838/1/3
f 5842/1/3 5838/1/3 5837/1/3
f 5843/1/3 5839/1/3 5842/1/3
f 5844/1/3 5840/1/3 5832/1/3
f 5845/1/3 5839/1/3 5843/1/3
f 5847/1/3 5840/1/3 5844/1/3
f 5848/1/3 5840/1/3 5847/1/3
f 5849/1/3 5846/1/3 5845/1/3
f 5849/1/3 5845/1/3 5843/1/3
f 5850/1/3 5846/1/3 5849/1/3
f 5851/1/3 5847/1/3 5844/1/3
f 5852/1/3 5847/1/3 5851/1/3
f 5854/1/3 5847/1/3 5852/1/3
f 5855/1/3 5847/1/3 5854/1/3
f 5858/1/3 5846/1/3 5850/1/3
f 5859/1/3 5846/1/3 5858/1/3
f 5859/1/3 5858/1/3 5857/1/3
f 5860/1/3 5846/1/3 5859/1/3
f 5861/1/3 5856/1/3 5855/1/3
f 5861/1/3 5854/1/3 5853/1/3
f 5861/1/3 5855/1/3 5854/1/3
f 5862/1/3 5856/1/3 5861/1/3
f 5865/1/3 5859/1/3 5857/1/3
f 5866/1/3 5863/1/3 5862/1/3
f 5866/1/3 5862/1/3 5861/1/3
f 5867/1/3 5863/1/3 5866/1/3
f 5868/1/3 5863/1/3 5867/1/3
f 5871/1/3 5865/1/3 5864/1/3
f 5872/1/3 5859/1/3 5865/1/3
f 5872/1/3 5865/1/3 5871/1/3
f 5873/1/3 5859/1/3 5872/1/3
f 5874/1/3 5869/1/3 5868/1/3
f 5874/1/3 5868/1/3 5867/1/3
f 5877/1/3 5871/1/3 5870/1/3
f 5877/1/3 5872/1/3 5871/1/3
f 5878/1/3 5875/1/3 5874/1/3
f 5878/1/3 5874/1/3 5867/1/3
f 5879/1/3 5875/1/3 5878/1/3
f 5880/1/3 5877/1/3 5876/1/3
f 5880/1/3 5872/1/3 5877/1/3
f 5881/1/3 5872/1/3 5880/1/3
f 5882/1/3 5875/1/3 5879/1/3
f 5883/1/3 5875/1/3 5882/1/3
f 5884/1/3 5875/1/3 5883/1/3
f 5887/1/3 5880/1/3 5876/1/3
f 5888/1/3 5880/1/3 5887/1/3
f 5889/1/3 5880/1/3 5888/1/3
f 5890/1/3 5885/1/3 5884/1/3
f 5890/1/3 5884/1/3 5883/1/3
f 5893/1/3 5888/1/3 5887/1/3
f 5893/1/3 5887/1/3 5886/1/3
f 5894/1/3 5891/1/3 5890/1/3
f 5894/1/3 5890/1/3 5883/1/3
f 5895/1/3 5891/1/3 5894/1/3
f 5896/1/3 5891/1/3 5895/1/3
f 5899/1/3 5893/1/3 5892/1/3
f 5900/1/3 5888/1/3 5893/1/3
f 5900/1/3 5893/1/3 5899/1/3
f 5901/1/3 5888/1/3 5900/1/3
f 5902/1/3 5897/1/3 5896/1/3
f 5902/1/3 5896/1/3 5895/1/3
f 5903/1/3 5897/1/3 5902/1/3
f 5904/1/3 5897/1/3 5903/1/3
f 5907/1/3 5899/1/3 5898/1/3
f 5907/1/3 5900/1/3 5899/1/3
f 5908/1/3 5900/1/3 5907/1/3
f 5909/1/3 5900/1/3 5908/1/3
f 5910/1/3 5905/1/3 5904/1/3
f 5910/1/3 5904/1/3 5903/1/3
f 5911/1/3 5905/1/3 5910/1/3
f 5912/1/3 5905/1/3 5911/1/3
f 5915/1/3 5908/1/3 5907/1/3
f 5915/1/3 5907/1/3 5906/1/3
f 5916/1/3 5908/1/3 5915/1/3
f 5917/1/3 5908/1/3 5916/1/3
f 5918/1/3 5913/1/3 5912/1/3
f 5918/1/3 5912/1/3 5911/1/3
f 5919/1/3 5913/1/3 5918/1/3
f 5920/1/3 5913/1/3 5919/1/3
f 5922/4/3 5807/4/3 5806/4/3
f 5923/4/3 5797/4/3 5807/4/3
f 5923/4/3 5807/4/3 5922/4/3
f 5925/1/3 5916/1/3 5915/1/3
f 5925/1/3 5915/1/3 5914/1/3
f 5926/1/3 5916/1/3 5925/1/3
f 5927/1/3 5916/1/3 5926/1/3
f 5928/1/3 5921/1/3 5920/1/3
f 5928/1/3 5920/1/3 5919/1/3
f 5929/1/3 5921/1/3 5928/1/3
f 5930/1/3 5921/1/3 5929/1/3
f 5933/1/3 5926/1/3 5925/1/3
f 5933/1/3 5925/1/3 5924/1/3
f 5934/1/3 5926/1/3 5933/1/3
f 5935/1/3 5926/1/3 5934/1/3
f 5936/1/3 5931/1/3 5930/1/3
f 5936/1/3 5930/1/3 5929/1/3
f 5937/1/3 5931/1/3 5936/1/3
f 5938/1/3 5931/1/3 5937/1/3
f 5941/4/3 5797/4/3 5923/4/3
f 5942/4/3 5787/4/3 5797/4/3
f 5942/4/3 5797/4/3 5941/4/3
f 5943/4/3 5787/4/3 5942/4/3
f 5944/1/3 5934/1/3 5933/1/3
f 5944/1/3 5933/1/3 5932/1/3
f 5945/1/3 5934/1/3 5944/1/3
f 5946/1/3 5934/1/3 5945/1/3
f 5947/1/3 5938/1/3 5937/1/3
f 5947/1/3 5939/1/3 5938/1/3
f 5948/1/3 5939/1/3 5947/1/3
f 5949/4/3 5940/4/3 5939/4/3
f 5949/1/3 5939/1/3 5948/1/3
f 5950/4/3 5940/4/3 5949/4/3
f 5951/4/3 5943/4/3 5942/4/3
f 5952/1/3 5945/1/3 5944/1/3
f 5952/4/3 5943/4/3 5951/4/3
f 5952/1/3 5944/1/3 5943/1/3
f 5953/1/3 5945/1/3 5952/1/3
f 5954/1/3 5945/1/3 5953/1/3
f 5955/1/3 5950/1/3 5949/1/3
f 5955/1/3 5949/1/3 5948/1/3
f 5956/1/3 5950/1/3 5955/1/3
f 5957/1/3 5953/1/3 5952/1/3
f 5957/1/3 5952/1/3 5951/1/3
f 5958/1/3 5953/1/3 5957/1/3
f 5959/1/3 5950/1/3 5956/1/3
f 5960/1/3 5950/1/3 5959/1/3
f 5961/1/3 5957/1/3 5951/1/3
f 5962/1/3 5957/1/3 5961/1/3
f 5963/1/3 5950/1/3 5960/1/3
f 5964/1/3 5950/1/3 5963/1/3
f 5965/1/3 5950/1/3 5964/1/3
f 5966/1/3 5961/1/3 5951/1/3
f 5967/1/3 5961/1/3 5966/1/3
f 5968/1/3 5965/1/3 5964/1/3
f 5969/1/3 5965/1/3 5968/1/3
f 5970/1/3 5966/1/3 5951/1/3
f 5971/1/3 5966/1/3 5970/1/3
f 5974/1/3 5973/1/3 5972/1/3
f 5975/1/3 5973/1/3 5974/1/3
f 5978/4/3 5977/4/3 5976/4/3
f 5980/4/3 5979/4/3 5978/4/3
f 5982/4/3 5981/4/3 5980/4/3
f 5984/4/3 5983/4/3 5982/4/3
f 5986/4/3 5984/4/3 5982/4/3
f 5986/4/3 5985/4/3 5984/4/3
f 5987/4/3 5985/4/3 5986/4/3
f 5988/4/3 5982/4/3 5980/4/3
f 5988/4/3 5986/4/3 5982/4/3
f 5989/4/3 5986/4/3 5988/4/3
f 5990/4/3 5980/4/3 5978/4/3
f 5990/4/3 5988/4/3 5980/4/3
f 5991/4/3 5988/4/3 5990/4/3
f 5992/4/3 5978/4/3 5976/4/3
f 5992/4/3 5990/4/3 5978/4/3
f 5993/4/3 5990/4/3 5992/4/3
f 5994/4/3 5992/4/3 5976/4/3
f 5995/4/3 5992/4/3 5994/4/3
f 5996/4/4 5997/4/4 5998/4/4
f 5998/4/4 5999/4/4 6000/4/4
f 6000/4/4 6001/4/4 6002/4/4
f 6002/4/4 6003/4/4 6004/4/4
f 6002/4/4 6004/4/4 6006/4/4
f 6004/4/4 6005/4/4 6006/4/4
f 6006/4/4 6005/4/4 6007/4/4
f 6000/4/4 6002/4/4 6008/4/4
f 6002/4/4 6006/4/4 6008/4/4
f 6008/4/4 6006/4/4 6009/4/4
f 5998/4/4 6000/4/4 6010/4/4
f 6000/4/4 6008/4/4 6010/4/4
f 6010/4/4 6008/4/4 6011/4/4
f 5996/4/4 5998/4/4 6012/4/4
f 5998/4/4 6010/4/4 6012/4/4
f 6012/4/4 6010/4/4 6013/4/4
f 5996/4/4 6012/4/4 6014/4/4
f 6014/4/4 6012/4/4 6015/4/4
f 6016/1/4 6017/1/4 6021/1/4
f 6021/1/4 6017/1/4 6022/1/4
f 6022/1/4 6017/1/4 6023/1/4
f 6018/1/4 6019/1/4 6024/1/4
f 6024/1/4 6019/1/4 6025/1/4
f 6025/1/4 6019/1/4 6026/1/4
f 6020/1/4 6021/1/4 6029/1/4
f 6021/1/4 6022/1/4 6029/1/4
f 6026/1/4 6027/1/4 6030/1/4
f 6025/1/4 6026/1/4 6030/1/4
f 6028/1/4 6029/1/4 6033/1/4
f 6030/1/4 6031/1/4 6034/1/4
f 6032/1/4 6033/1/4 6037/1/4
f 6029/1/4 6022/1/4 6038/1/4
f 6033/1/4 6029/1/4 6038/1/4
f 6037/1/4 6033/1/4 6038/1/4
f 6038/1/4 6022/1/4 6039/1/4
f 6034/1/4 6035/1/4 6040/1/4
f 6025/1/4 6030/1/4 6040/1/4
f 6030/1/4 6034/1/4 6040/1/4
f 6040/1/4 6035/1/4 6041/1/4
f 6041/1/4 6035/1/4 6042/1/4
f 6036/1/4 6037/1/4 6045/1/4
f 6037/1/4 6038/1/4 6045/1/4
f 6045/1/4 6038/1/4 6046/1/4
f 6038/4/4 6039/4/4 6047/4/4
f 6046/1/4 6038/1/4 6047/1/4
f 6042/1/4 6043/1/4 6048/1/4
f 6041/1/4 6042/1/4 6048/1/4
f 6040/4/4 6041/4/4 6048/4/4
f 6048/1/4 6043/1/4 6049/1/4
f 6049/1/4 6043/1/4 6050/1/4
f 6045/1/4 6046/1/4 6053/1/4
f 6044/1/4 6045/1/4 6053/1/4
f 6053/1/4 6046/1/4 6054/1/4
f 6054/1/4 6046/1/4 6055/1/4
f 6047/4/4 6039/4/4 6056/4/4
f 6040/4/4 6048/4/4 6059/4/4
f 6049/1/4 6050/1/4 6060/1/4
f 6050/1/4 6051/1/4 6060/1/4
f 6060/1/4 6051/1/4 6061/1/4
f 6061/1/4 6051/1/4 6062/1/4
f 6052/1/4 6053/1/4 6065/1/4
f 6053/1/4 6054/1/4 6065/1/4
f 6065/1/4 6054/1/4 6066/1/4
f 6066/1/4 6054/1/4 6067/1/4
f 6062/1/4 6063/1/4 6068/1/4
f 6061/1/4 6062/1/4 6068/1/4
f 6068/1/4 6063/1/4 6069/1/4
f 6069/1/4 6063/1/4 6070/1/4
f 6056/4/4 6057/4/4 6072/4/4
f 6058/4/4 6059/4/4 6073/4/4
f 6065/1/4 6066/1/4 6075/1/4
f 6064/1/4 6065/1/4 6075/1/4
f 6075/1/4 6066/1/4 6076/1/4
f 6076/1/4 6066/1/4 6077/1/4
f 6070/1/4 6071/1/4 6078/1/4
f 6069/1/4 6070/1/4 6078/1/4
f 6078/1/4 6071/1/4 6079/1/4
f 6079/1/4 6071/1/4 6080/1/4
f 6075/1/4 6076/1/4 6083/1/4
f 6074/1/4 6075/1/4 6083/1/4
f 6083/1/4 6076/1/4 6084/1/4
f 6084/1/4 6076/1/4 6085/1/4
f 6080/1/4 6081/1/4 6086/1/4
f 6079/1/4 6080/1/4 6086/1/4
f 6086/1/4 6081/1/4 6087/1/4
f 6087/1/4 6081/1/4 6088/1/4
f 6083/1/4 6084/1/4 6091/1/4
f 6082/1/4 6083/1/4 6091/1/4
f 6091/1/4 6084/1/4 6092/1/4
f 6092/1/4 6084/1/4 6093/1/4
f 6088/1/4 6089/1/4 6094/1/4
f 6087/1/4 6088/1/4 6094/1/4
f 6094/1/4 6089/1/4 6095/1/4
f 6095/1/4 6089/1/4 6096/1/4
f 6091/1/4 6092/1/4 6098/1/4
f 6090/1/4 6091/1/4 6098/1/4
f 6098/1/4 6092/1/4 6099/1/4
f 6096/1/4 6097/1/4 6100/1/4
f 6095/1/4 6096/1/4 6100/1/4
f 6100/1/4 6097/1/4 6101/1/4
f 6090/1/4 6098/1/4 6103/1/4
f 6103/1/4 6098/1/4 6104/1/4
f 6104/1/4 6098/1/4 6105/1/4
f 6101/1/4 6097/1/4 6106/1/4
f 6106/1/4 6097/1/4 6107/1/4
f 6107/1/4 6097/1/4 6108/1/4
f 6102/1/4 6103/1/4 6111/1/4
f 6103/1/4 6104/1/4 6111/1/4
f 6108/1/4 6109/1/4 6112/1/4
f 6107/1/4 6108/1/4 6112/1/4
f 6110/1/4 6111/1/4 6114/1/4
f 6111/1/4 6104/1/4 6114/1/4
f 6114/1/4 6104/1/4 6115/1/4
f 6112/1/4 6113/1/4 6116/1/4
f 6107/1/4 6112/1/4 6116/1/4
f 6116/1/4 6113/1/4 6117/1/4
f 6110/1/4 6114/1/4 6119/1/4
f 6119/1/4 6114/1/4 6120/1/4
f 6120/1/4 6114/1/4 6121/1/4
f 6117/1/4 6113/1/4 6122/1/4
f 6122/1/4 6113/1/4 6123/1/4
f 6123/1/4 6113/1/4 6124/1/4
f 6118/1/4 6119/1/4 6126/1/4
f 6119/1/4 6120/1/4 6126/1/4
f 6126/1/4 6120/1/4 6127/1/4
f 6124/1/4 6125/1/4 6128/1/4
f 6123/1/4 6124/1/4 6128/1/4
f 6128/1/4 6125/1/4 6129/1/4
f 6118/1/4 6126/1/4 6130/1/4
f 6130/1/4 6126/1/4 6131/1/4
f 6131/1/4 6126/1/4 6132/1/4
f 6132/1/4 6126/1/4 6133/1/4
f 6133/1/4 6126/1/4 6134/1/4
f 6129/1/4 6125/1/4 6135/1/4
f 6134/1/4 6126/1/4 6137/1/4
f 6137/1/4 6126/1/4 6138/1/4
f 6135/1/4 6136/1/4 6139/1/4
f 6129/1/4 6135/1/4 6139/1/4
f 6139/1/4 6136/1/4 6140/1/4
f 6140/1/4 6136/1/4 6142/1/4
f 6141/1/4 6142/1/4 6145/1/4
f 6142/1/4 6136/1/4 6146/1/4
f 6145/1/4 6142/1/4 6146/1/4
f 6146/1/4 6136/1/4 6147/1/4
f 6143/1/4 6144/1/4 6149/1/4
f 6148/1/4 6149/1/4 6151/1/4
f 6150/1/4 6151/1/4 6152/1/4
f 6149/1/4 6144/1/4 6153/1/4
f 6152/1/4 6151/1/4 6153/1/4
f 6151/1/4 6149/1/4 6153/1/4
f 6145/1/4 6146/1/4 6156/1/4
f 6153/1/4 6154/1/4 6157/1/4
f 6152/1/4 6153/1/4 6157/1/4
f 6157/1/4 6154/1/4 6158/1/4
f 6158/1/4 6154/1/4 6159/1/4
f 6155/1/4 6156/1/4 6162/1/4
f 6156/1/4 6146/1/4 6163/1/4
f 6162/1/4 6156/1/4 6163/1/4
f 6163/1/4 6146/1/4 6164/1/4
f 6159/1/4 6160/1/4 6165/1/4
f 6158/1/4 6159/1/4 6165/1/4
f 6161/1/4 6162/1/4 6168/1/4
f 6162/1/4 6163/1/4 6168/1/4
f 6165/1/4 6166/1/4 6169/1/4
f 6158/1/4 6165/1/4 6169/1/4
f 6169/1/4 6166/1/4 6170/1/4
f 6167/1/4 6168/1/4 6171/1/4
f 6168/1/4 6163/1/4 6171/1/4
f 6171/1/4 6163/1/4 6172/1/4
f 6170/1/4 6166/1/4 6173/1/4
f 6173/1/4 6166/1/4 6174/1/4
f 6174/1/4 6166/1/4 6175/1/4
f 6167/1/4 6171/1/4 6178/1/4
f 6178/1/4 6171/1/4 6179/1/4
f 6179/1/4 6171/1/4 6180/1/4
f 6175/1/4 6176/1/4 6181/1/4
f 6174/1/4 6175/1/4 6181/1/4
f 6178/1/4 6179/1/4 6184/1/4
f 6177/1/4 6178/1/4 6184/1/4
f 6181/1/4 6182/1/4 6185/1/4
f 6174/1/4 6181/1/4 6185/1/4
f 6185/1/4 6182/1/4 6186/1/4
f 6186/1/4 6182/1/4 6187/1/4
f 6183/1/4 6184/1/4 6190/1/4
f 6184/1/4 6179/1/4 6191/1/4
f 6190/1/4 6184/1/4 6191/1/4
f 6191/1/4 6179/1/4 6192/1/4
f 6187/1/4 6188/1/4 6193/1/4
f 6186/1/4 6187/1/4 6193/1/4
f 6193/1/4 6188/1/4 6194/1/4
f 6194/1/4 6188/1/4 6195/1/4
f 6056/4/4 6072/4/4 6197/4/4
f 6072/4/4 6073/4/4 6197/4/4
f 6073/4/4 6059/4/4 6198/4/4
f 6197/4/4 6073/4/4 6198/4/4
f 6189/1/4 6190/1/4 6200/1/4
f 6190/1/4 6191/1/4 6200/1/4
f 6200/1/4 6191/1/4 6201/1/4
f 6201/1/4 6191/1/4 6202/1/4
f 6195/1/4 6196/1/4 6203/1/4
f 6194/1/4 6195/1/4 6203/1/4
f 6203/1/4 6196/1/4 6204/1/4
f 6204/1/4 6196/1/4 6205/1/4
f 6047/4/4 6056/4/4 6207/4/4
f 6056/4/4 6197/4/4 6207/4/4
f 6207/4/4 6197/4/4 6208/4/4
f 6198/4/4 6059/4/4 6209/4/4
f 6059/4/4 6048/4/4 6210/4/4
f 6209/4/4 6059/4/4 6210/4/4
f 6200/1/4 6201/1/4 6212/1/4
f 6199/1/4 6200/1/4 6212/1/4
f 6212/1/4 6201/1/4 6213/1/4
f 6213/1/4 6201/1/4 6214/1/4
f 6047/4/4 6207/4/4 6215/4/4
f 6215/4/4 6207/4/4 6216/4/4
f 6210/4/4 6048/4/4 6217/4/4
f 6217/4/4 6048/4/4 6218/4/4
f 6205/1/4 6206/1/4 6219/1/4
f 6204/1/4 6205/1/4 6219/1/4
f 6219/1/4 6206/1/4 6220/1/4
f 6220/1/4 6206/1/4 6221/1/4
f 6212/1/4 6213/1/4 6224/1/4
f 6211/1/4 6212/1/4 6224/1/4
f 6224/1/4 6213/1/4 6225/1/4
f 6225/1/4 6213/1/4 6226/1/4
f 6221/1/4 6222/1/4 6227/1/4
f 6220/1/4 6221/1/4 6227/1/4
f 6227/1/4 6222/1/4 6228/1/4
f 6228/1/4 6222/1/4 6229/1/4
f 6224/1/4 6225/1/4 6232/1/4
f 6223/1/4 6224/1/4 6232/1/4
f 6232/1/4 6225/1/4 6233/1/4
f 6233/1/4 6225/1/4 6234/1/4
f 6229/1/4 6230/1/4 6235/1/4
f 6228/1/4 6229/1/4 6235/1/4
f 6235/1/4 6230/1/4 6236/1/4
f 6236/1/4 6230/1/4 6237/1/4
f 6232/1/4 6233/1/4 6240/1/4
f 6231/1/4 6232/1/4 6240/1/4
f 6240/1/4 6233/1/4 6241/1/4
f 6241/1/4 6233/1/4 6242/1/4
f 6237/1/4 6238/1/4 6243/1/4
f 6236/1/4 6237/1/4 6243/1/4
f 6243/1/4 6238/1/4 6244/1/4
f 6240/1/4 6241/1/4 6245/1/4
f 6239/1/4 6240/1/4 6245/1/4
f 6245/1/4 6241/1/4 6246/1/4
f 6244/1/4 6238/1/4 6247/1/4
f 6247/1/4 6238/1/4 6248/1/4
f 6239/1/4 6245/1/4 6249/1/4
f 6249/1/4 6245/1/4 6250/1/4
f 6248/1/4 6238/1/4 6251/1/4
f 6251/1/4 6238/1/4 6252/1/4
f 6239/1/4 6249/1/4 6253/1/4
f 6253/1/4 6249/1/4 6254/1/4
f 6252/1/4 6238/1/4 6255/1/4
f 6255/1/4 6238/1/4 6256/1/4
f 6239/1/4 6253/1/4 6257/1/4
f 6257/1/4 6253/1/4 6258/1/4
f 6259/2/4 6260/2/4 6268/2/4
f 6268/2/4 6260/2/4 6269/2/4
f 6261/3/4 6262/3/4 6270/3/4
f 6270/3/4 6262/3/4 6271/3/4
f 6263/2/4 6264/2/4 6274/2/4
f 6274/2/4 6264/2/4 6275/2/4
f 6265/3/4 6266/3/4 6276/3/4
f 6276/3/4 6266/3/4 6277/3/4
f 6267/3/4 6268/3/4 6280/3/4
f 6280/3/4 6268/3/4 6281/3/4
f 6271/3/4 6272/3/4 6282/3/4
f 6282/3/4 6272/3/4 6283/3/4
f 6273/3/4 6274/3/4 6286/3/4
f 6286/3/4 6274/3/4 6287/3/4
f 6277/3/4 6278/3/4 6288/3/4
f 6288/3/4 6278/3/4 6289/3/4
f 6279/3/4 6280/3/4 6291/3/4
f 6291/3/4 6280/3/4 6292/3/4
f 6283/3/4 6284/3/4 6293/3/4
f 6293/3/4 6284/3/4 6294/3/4
f 6285/3/4 6286/3/4 6295/3/4
f 6295/3/4 6286/3/4 6296/3/4
f 6289/3/4 6290/3/4 6297/3/4
f 6297/3/4 6290/3/4 6298/3/4
f 6299/3/4 6300/3/4 6307/3/4
f 6307/3/4 6300/3/4 6308/3/4
f 6301/3/4 6302/3/4 6309/3/4
f 6309/3/4 6302/3/4 6310/3/4
f 6303/3/4 6304/3/4 6311/3/4
f 6311/3/4 6304/3/4 6312/3/4
f 6305/3/4 6306/3/4 6313/3/4
f 6313/3/4 6306/3/4 6314/3/4
f 6315/3/4 6316/3/4 6323/3/4
f 6323/3/4 6316/3/4 6324/3/4
f 6317/3/4 6318/3/4 6325/3/4
f 6325/3/4 6318/3/4 6326/3/4
f 6319/3/4 6320/3/4 6327/3/4
f 6327/3/4 6320/3/4 6328/3/4
f 6321/3/4 6322/3/4 6329/3/4
f 6329/3/4 6322/3/4 6330/3/4
f 6331/3/4 6332/3/4 6339/3/4
f 6339/3/4 6332/3/4 6340/3/4
f 6333/3/4 6334/3/4 6341/3/4
f 6341/3/4 6334/3/4 6342/3/4
f 6335/3/4 6336/3/4 6343/3/4
f 6343/3/4 6336/3/4 6344/3/4
f 6337/3/4 6338/3/4 6345/3/4
f 6345/3/4 6338/3/4 6346/3/4
f 6347/3/4 6348/3/4 6355/3/4
f 6355/3/4 6348/3/4 6356/3/4
f 6349/3/4 6350/3/4 6357/3/4
f 6357/3/4 6350/3/4 6358/3/4
f 6351/3/4 6352/3/4 6359/3/4
f 6359/3/4 6352/3/4 6360/3/4
f 6353/3/4 6354/3/4 6361/3/4
f 6361/3/4 6354/3/4 6362/3/4
f 6363/3/4 6364/3/4 6371/3/4
f 6371/3/4 6364/3/4 6372/3/4
f 6365/3/4 6366/3/4 6375/3/4
f 6375/3/4 6366/3/4 6376/3/4
f 6367/3/4 6368/3/4 6377/3/4
f 6377/3/4 6368/3/4 6378/3/4
f 6369/3/4 6370/3/4 6381/3/4
f 6381/3/4 6370/3/4 6382/3/4
f 6372/3/4 6373/3/4 6383/3/4
f 6383/3/4 6373/3/4 6384/3/4
f 6374/3/4 6375/3/4 6387/3/4
f 6387/3/4 6375/3/4 6388/3/4
f 6378/3/4 6379/3/4 6389/3/4
f 6389/3/4 6379/3/4 6390/3/4
f 6380/3/4 6381/3/4 6393/3/4
f 6393/3/4 6381/3/4 6394/3/4
f 6384/3/4 6385/3/4 6395/3/4
f 6395/3/4 6385/3/4 6396/3/4
f 6386/3/4 6387/3/4 6397/3/4
f 6397/3/4 6387/3/4 6398/3/4
f 6390/3/4 6391/3/4 6403/3/4
f 6403/3/4 6391/3/4 6404/3/4
f 6392/3/4 6393/3/4 6405/3/4
f 6405/3/4 6393/3/4 6406/3/4
f 6399/2/4 6400/2/4 6408/2/4
f 6408/2/4 6400/2/4 6409/2/4
f 6401/3/4 6402/3/4 6410/3/4
f 6410/3/4 6402/3/4 6411/3/4
f 6407/3/4 6408/3/4 6414/3/4
f 6414/3/4 6408/3/4 6415/3/4
f 6411/3/4 6412/3/4 6416/3/4
f 6416/3/4 6412/3/4 6417/3/4
f 6413/3/4 6414/3/4 6419/3/4
f 6419/3/4 6414/3/4 6420/3/4
f 6417/3/4 6418/3/4 6421/3/4
f 6421/3/4 6418/3/4 6422/3/4
f 6423/3/4 6424/3/4 6427/3/4
f 6427/3/4 6424/3/4 6428/3/4
f 6425/3/4 6426/3/4 6429/3/4
f 6429/3/4 6426/3/4 6430/3/4
f 6431/3/4 6432/3/4 6435/3/4
f 6435/3/4 6432/3/4 6436/3/4
f 6433/3/4 6434/3/4 6437/3/4
f 6437/3/4 6434/3/4 6438/3/4
f 6439/3/4 6440/3/4 6443/3/4
f 6443/3/4 6440/3/4 6444/3/4
f 6441/3/4 6442/3/4 6445/3/4
f 6445/3/4 6442/3/4 6446/3/4
f 6447/3/4 6448/3/4 6451/3/4
f 6451/3/4 6448/3/4 6452/3/4
f 6449/3/4 6450/3/4 6453/3/4
f 6453/3/4 6450/3/4 6454/3/4
f 6455/3/4 6456/3/4 6459/3/4
f 6459/3/4 6456/3/4 6460/3/4
f 6457/3/4 6458/3/4 6463/3/4
f 6463/3/4 6458/3/4 6464/3/4
f 6460/3/4 6461/3/4 6465/3/4
f 6465/3/4 6461/3/4 6466/3/4
f 6462/3/4 6463/3/4 6469/3/4
f 6469/3/4 6463/3/4 6470/3/4
f 6466/3/4 6467/3/4 6471/3/4
f 6471/3/4 6467/3/4 6472/3/4
f 6468/3/4 6469/3/4 6473/3/4
f 6473/3/4 6469/3/4 6474/3/4
f 6475/2/4 6476/2/4 6480/2/4
f 6480/2/4 6476/2/4 6481/2/4
f 6477/3/4 6478/3/4 6482/3/4
f 6482/3/4 6478/3/4 6483/3/4
f 6479/3/4 6480/3/4 6486/3/4
f 6486/3/4 6480/3/4 6487/3/4
f 6483/3/4 6484/3/4 6488/3/4
f 6488/3/4 6484/3/4 6489/3/4
f 6485/3/4 6486/3/4 6491/3/4
f 6491/3/4 6486/3/4 6492/3/4
f 6489/3/4 6490/3/4 6493/3/4
f 6493/3/4 6490/3/4 6494/3/4
f 6495/3/4 6496/3/4 6499/3/4
f 6499/3/4 6496/3/4 6500/3/4
f 6497/3/4 6498/3/4 6501/3/4
f 6501/3/4 6498/3/4 6502/3/4
f 6503/3/4 6504/3/4 6507/3/4
f 6507/3/4 6504/3/4 6508/3/4
f 6505/3/4 6506/3/4 6509/3/4
f 6509/3/4 6506/3/4 6510/3/4
f 6511/3/4 6512/3/4 6515/3/4
f 6515/3/4 6512/3/4 6516/3/4
f 6513/3/4 6514/3/4 6517/3/4
f 6517/3/4 6514/3/4 6518/3/4
f 6519/3/4 6520/3/4 6523/3/4
f 6523/3/4 6520/3/4 6524/3/4
f 6521/3/4 6522/3/4 6525/3/4
f 6525/3/4 6522/3/4 6526/3/4
f 6527/3/4 6528/3/4 6531/3/4
f 6531/3/4 6528/3/4 6532/3/4
f 6529/3/4 6530/3/4 6535/3/4
f 6535/3/4 6530/3/4 6536/3/4
f 6532/3/4 6533/3/4 6539/3/4
f 6539/3/4 6533/3/4 6540/3/4
f 6534/3/4 6535/3/4 6543/3/4
f 6543/3/4 6535/3/4 6544/3/4
f 6537/2/4 6538/2/4 6548/2/4
f 6548/2/4 6538/2/4 6549/2/4
f 6540/3/4 6541/3/4 6551/3/4
f 6551/3/4 6541/3/4 6552/3/4
f 6542/3/4 6543/3/4 6553/3/4
f 6553/3/4 6543/3/4 6554/3/4
f 6545/2/4 6546/2/4 6556/2/4
f 6556/2/4 6546/2/4 6557/2/4
f 6547/2/4 6548/2/4 6559/2/4
f 6559/2/4 6548/2/4 6560/2/4
f 6549/2/4 6550/2/4 6561/2/4
f 6561/2/4 6550/2/4 6562/2/4
f 6555/2/4 6556/2/4 6563/2/4
f 6563/2/4 6556/2/4 6564/2/4
f 6557/2/4 6558/2/4 6565/2/4
f 6565/2/4 6558/2/4 6566/2/4
f 6567/3/4 6568/3/4 6575/3/4
f 6575/3/4 6568/3/4 6576/3/4
f 6569/3/4 6570/3/4 6577/3/4
f 6577/3/4 6570/3/4 6578/3/4
f 6571/3/4 6572/3/4 6579/3/4
f 6579/3/4 6572/3/4 6580/3/4
f 6573/3/4 6574/3/4 6581/3/4
f 6581/3/4 6574/3/4 6582/3/4
f 6583/3/4 6584/3/4 6591/3/4
f 6591/3/4 6584/3/4 6592/3/4
f 6585/3/4 6586/3/4 6593/3/4
f 6593/3/4 6586/3/4 6594/3/4
f 6587/3/4 6588/3/4 6595/3/4
f 6595/3/4 6588/3/4 6596/3/4
f 6589/3/4 6590/3/4 6597/3/4
f 6597/3/4 6590/3/4 6598/3/4
f 6599/3/4 6600/3/4 6607/3/4
f 6607/3/4 6600/3/4 6608/3/4
f 6601/3/4 6602/3/4 6609/3/4
f 6609/3/4 6602/3/4 6610/3/4
f 6603/3/4 6604/3/4 6611/3/4
f 6611/3/4 6604/3/4 6612/3/4
f 6605/3/4 6606/3/4 6613/3/4
f 6613/3/4 6606/3/4 6614/3/4
f 6615/3/4 6616/3/4 6623/3/4
f 6623/3/4 6616/3/4 6624/3/4
f 6617/3/4 6618/3/4 6625/3/4
f 6625/3/4 6618/3/4 6626/3/4
f 6619/3/4 6620/3/4 6627/3/4
f 6627/3/4 6620/3/4 6628/3/4
f 6621/3/4 6622/3/4 6629/3/4
f 6629/3/4 6622/3/4 6630/3/4
f 6631/3/4 6632/3/4 6639/3/4
f 6639/3/4 6632/3/4 6640/3/4
f 6633/3/4 6634/3/4 6641/3/4
f 6641/3/4 6634/3/4 6642/3/4
f 6635/3/4 6636/3/4 6643/3/4
f 6643/3/4 6636/3/4 6644/3/4
f 6637/3/4 6638/3/4 6645/3/4
f 6645/3/4 6638/3/4 6646/3/4
f 6647/3/4 6648/3/4 6657/3/4
f 6657/3/4 6648/3/4 6658/3/4
f 6649/2/4 6650/2/4 6659/2/4
f 6659/2/4 6650/2/4 6660/2/4
f 6651/2/4 6652/2/4 6662/2/4
f 6662/2/4 6652/2/4 6663/2/4
f 6653/3/4 6654/3/4 6665/3/4
f 6665/3/4 6654/3/4 6666/3/4
f 6655/2/4 6656/2/4 6667/2/4
f 6667/2/4 6656/2/4 6668/2/4
f 6658/2/4 6659/2/4 6669/2/4
f 6669/2/4 6659/2/4 6670/2/4
f 6661/2/4 6662/2/4 6671/2/4
f 6671/2/4 6662/2/4 6672/2/4
f 6663/2/4 6664/2/4 6673/2/4
f 6673/2/4 6664/2/4 6674/2/4
f 6666/2/4 6667/2/4 6675/2/4
f 6675/2/4 6667/2/4 6676/2/4
f 6677/3/4 6678/3/4 6681/3/4
f 6681/3/4 6678/3/4 6682/3/4
f 6679/3/4 6680/3/4 6683/3/4
f 6683/3/4 6680/3/4 6684/3/4
f 6685/3/4 6686/3/4 6689/3/4
f 6689/3/4 6686/3/4 6690/3/4
f 6687/3/4 6688/3/4 6691/3/4
f 6691/3/4 6688/3/4 6692/3/4
f 6693/3/4 6694/3/4 6697/3/4
f 6697/3/4 6694/3/4 6698/3/4
f 6695/3/4 6696/3/4 6699/3/4
f 6699/3/4 6696/3/4 6700/3/4
f 6701/3/4 6702/3/4 6705/3/4
f 6705/3/4 6702/3/4 6706/3/4
f 6703/3/4 6704/3/4 6707/3/4
f 6707/3/4 6704/3/4 6708/3/4
f 6709/3/4 6710/3/4 6713/3/4
f 6713/3/4 6710/3/4 6714/3/4
f 6711/3/4 6712/3/4 6715/3/4
f 6715/3/4 6712/3/4 6716/3/4
f 6717/3/4 6718/3/4 6721/3/4
f 6721/3/4 6718/3/4 6722/3/4
f 6719/2/4 6720/2/4 6723/2/4
f 6723/2/4 6720/2/4 6724/2/4
f 6722/2/4 6723/2/4 6725/2/4
f 6725/2/4 6723/2/4 6726/2/4
f 6727/4/4 6728/4/4 6729/4/4
f 6729/4/4 6728/4/4 6730/4/4
f 6731/2/4 6732/2/4 6734/2/4
f 6734/2/4 6732/2/4 6735/2/4
f 6733/2/4 6734/2/4 6737/2/4
f 6737/2/4 6734/2/4 6738/2/4
f 6735/2/4 6736/2/4 6739/2/4
f 6739/2/4 6736/2/4 6740/2/4
f 6741/3/4 6742/3/4 6745/3/4
f 6745/3/4 6742/3/4 6746/3/4
f 6743/3/4 6744/3/4 6747/3/4
f 6747/3/4 6744/3/4 6748/3/4
f 6749/3/4 6750/3/4 6753/3/4
f 6753/3/4 6750/3/4 6754/3/4
f 6751/3/4 6752/3/4 6755/3/4
f 6755/3/4 6752/3/4 6756/3/4
f 6757/3/4 6758/3/4 6761/3/4
f 6761/3/4 6758/3/4 6762/3/4
f 6759/3/4 6760/3/4 6763/3/4
f 6763/3/4 6760/3/4 6764/3/4
f 6765/3/4 6766/3/4 6769/3/4
f 6769/3/4 6766/3/4 6770/3/4
f 6767/3/4 6768/3/4 6771/3/4
f 6771/3/4 6768/3/4 6772/3/4
f 6773/3/4 6774/3/4 6777/3/4
f 6777/3/4 6774/3/4 6778/3/4
f 6775/3/4 6776/3/4 6779/3/4
f 6779/3/4 6776/3/4 6780/3/4
f 6781/3/4 6782/3/4 6787/3/4
f 6787/3/4 6782/3/4 6788/3/4
f 6783/2/4 6784/2/4 6789/2/4
f 6789/2/4 6784/2/4 6790/2/4
f 6785/2/4 6786/2/4 6795/2/4
f 6795/2/4 6786/2/4 6796/2/4
f 6788/2/4 6789/2/4 6799/2/4
f 6799/2/4 6789/2/4 6800/2/4
f 6791/2/4 6792/2/4 6803/2/4
f 6803/2/4 6792/2/4 6804/2/4
f 6793/3/4 6794/3/4 6808/3/4
f 6808/3/4 6794/3/4 6809/3/4
f 6797/3/4 6798/3/4 6810/3/4
f 6810/3/4 6798/3/4 6811/3/4
f 6801/3/4 6802/3/4 6814/3/4
f 6814/3/4 6802/3/4 6815/3/4
f 6805/3/4 6806/3/4 6816/3/4
f 6816/3/4 6806/3/4 6817/3/4
f 6807/3/4 6808/3/4 6819/3/4
f 6819/3/4 6808/3/4 6820/3/4
f 6811/3/4 6812/3/4 6821/3/4
f 6821/3/4 6812/3/4 6822/3/4
f 6813/3/4 6814/3/4 6823/3/4
f 6823/3/4 6814/3/4 6824/3/4
f 6817/3/4 6818/3/4 6825/3/4
f 6825/3/4 6818/3/4 6826/3/4
f 6827/3/4 6828/3/4 6835/3/4
f 6835/3/4 6828/3/4 6836/3/4
f 6829/3/4 6830/3/4 6837/3/4
f 6837/3/4 6830/3/4 6838/3/4
f 6831/3/4 6832/3/4 6839/3/4
f 6839/3/4 6832/3/4 6840/3/4
f 6833/3/4 6834/3/4 6841/3/4
f 6841/3/4 6834/3/4 6842/3/4
f 6843/3/4 6844/3/4 6851/3/4
f 6851/3/4 6844/3/4 6852/3/4
f 6845/3/4 6846/3/4 6853/3/4
f 6853/3/4 6846/3/4 6854/3/4
f 6847/3/4 6848/3/4 6855/3/4
f 6855/3/4 6848/3/4 6856/3/4
f 6849/3/4 6850/3/4 6857/3/4
f 6857/3/4 6850/3/4 6858/3/4
f 6859/3/4 6860/3/4 6867/3/4
f 6867/3/4 6860/3/4 6868/3/4
f 6861/3/4 6862/3/4 6869/3/4
f 6869/3/4 6862/3/4 6870/3/4
f 6863/3/4 6864/3/4 6871/3/4
f 6871/3/4 6864/3/4 6872/3/4
f 6865/3/4 6866/3/4 6873/3/4
f 6873/3/4 6866/3/4 6874/3/4
f 6875/3/4 6876/3/4 6883/3/4
f 6883/3/4 6876/3/4 6884/3/4
f 6877/3/4 6878/3/4 6885/3/4
f 6885/3/4 6878/3/4 6886/3/4
f 6879/3/4 6880/3/4 6887/3/4
f 6887/3/4 6880/3/4 6888/3/4
f 6881/3/4 6882/3/4 6889/3/4
f 6889/3/4 6882/3/4 6890/3/4
f 6891/3/4 6892/3/4 6899/3/4
f 6899/3/4 6892/3/4 6900/3/4
f 6893/3/4 6894/3/4 6903/3/4
f 6903/3/4 6894/3/4 6904/3/4
f 6895/3/4 6896/3/4 6905/3/4
f 6905/3/4 6896/3/4 6906/3/4
f 6897/3/4 6898/3/4 6909/3/4
f 6909/3/4 6898/3/4 6910/3/4
f 6900/3/4 6901/3/4 6911/3/4
f 6911/3/4 6901/3/4 6912/3/4
f 6902/3/4 6903/3/4 6915/3/4
f 6915/3/4 6903/3/4 6916/3/4
f 6906/3/4 6907/3/4 6917/3/4
f 6917/3/4 6907/3/4 6918/3/4
f 6908/3/4 6909/3/4 6921/3/4
f 6921/3/4 6909/3/4 6922/3/4
f 6913/2/4 6914/2/4 6923/2/4
f 6923/2/4 6914/2/4 6924/2/4
f 6919/2/4 6920/2/4 6927/2/4
f 6927/2/4 6920/2/4 6928/2/4
f 6925/2/4 6926/2/4 6931/2/4
f 6931/2/4 6926/2/4 6932/2/4
f 6929/3/4 6930/3/4 6936/3/4
f 6936/3/4 6930/3/4 6937/3/4
f 6933/3/4 6934/3/4 6938/3/4
f 6938/3/4 6934/3/4 6939/3/4
f 6935/3/4 6936/3/4 6941/3/4
f 6941/3/4 6936/3/4 6942/3/4
f 6939/3/4 6940/3/4 6943/3/4
f 6943/3/4 6940/3/4 6944/3/4
f 6945/3/4 6946/3/4 6949/3/4
f 6949/3/4 6946/3/4 6950/3/4
f 6947/3/4 6948/3/4 6951/3/4
f 6951/3/4 6948/3/4 6952/3/4
f 6953/3/4 6954/3/4 6957/3/4
f 6957/3/4 6954/3/4 6958/3/4
f 6955/3/4 6956/3/4 6959/3/4
f 6959/3/4 6956/3/4 6960/3/4
f 6961/3/4 6962/3/4 6965/3/4
f 6965/3/4 6962/3/4 6966/3/4
f 6963/3/4 6964/3/4 6967/3/4
f 6967/3/4 6964/3/4 6968/3/4
f 6969/3/4 6970/3/4 6973/3/4
f 6973/3/4 6970/3/4 6974/3/4
f 6971/3/4 6972/3/4 6975/3/4
f 6975/3/4 6972/3/4 6976/3/4
f 6977/3/4 6978/3/4 6981/3/4
f 6981/3/4 6978/3/4 6982/3/4
f 6979/3/4 6980/3/4 6985/3/4
f 6985/3/4 6980/3/4 6986/3/4
f 6982/3/4 6983/3/4 6987/3/4
f 6987/3/4 6983/3/4 6988/3/4
f 6984/3/4 6985/3/4 6991/3/4
f 6991/3/4 6985/3/4 6992/3/4
f 6989/2/4 6990/2/4 6993/2/4
f 6993/2/4 6990/2/4 6994/2/4
f 6995/2/4 6996/2/4 6999/2/4
f 6999/2/4 6996/2/4 7000/2/4
f 6997/3/4 6998/3/4 7004/3/4
f 7004/3/4 6998/3/4 7005/3/4
f 7001/3/4 7002/3/4 7006/3/4
f 7006/3/4 7002/3/4 7007/3/4
f 7003/3/4 7004/3/4 7009/3/4
f 7009/3/4 7004/3/4 7010/3/4
f 7007/3/4 7008/3/4 7011/3/4
f 7011/3/4 7008/3/4 7012/3/4
f 7013/3/4 7014/3/4 7017/3/4
f 7017/3/4 7014/3/4 7018/3/4
f 7015/3/4 7016/3/4 7019/3/4
f 7019/3/4 7016/3/4 7020/3/4
f 7021/3/4 7022/3/4 7025/3/4
f 7025/3/4 7022/3/4 7026/3/4
f 7023/3/4 7024/3/4 7027/3/4
f 7027/3/4 7024/3/4 7028/3/4
f 7029/3/4 7030/3/4 7033/3/4
f 7033/3/4 7030/3/4 7034/3/4
f 7031/3/4 7032/3/4 7035/3/4
f 7035/3/4 7032/3/4 7036/3/4
f 7037/3/4 7038/3/4 7041/3/4
f 7041/3/4 7038/3/4 7042/3/4
f 7039/3/4 7040/3/4 7043/3/4
f 7043/3/4 7040/3/4 7044/3/4
f 7045/3/4 7046/3/4 7049/3/4
f 7049/3/4 7046/3/4 7050/3/4
f 7047/3/4 7048/3/4 7053/3/4
f 7053/3/4 7048/3/4 7054/3/4
f 7050/3/4 7051/3/4 7055/3/4
f 7055/3/4 7051/3/4 7056/3/4
f 7052/3/4 7053/3/4 7059/3/4
f 7059/3/4 7053/3/4 7060/3/4
f 7057/2/4 7058/2/4 7061/2/4
f 7061/2/4 7058/2/4 7062/2/4
f 7063/2/4 7064/2/4 7068/2/4
f 7068/2/4 7064/2/4 7069/2/4
f 7069/2/4 7064/2/4 7070/2/4
f 7070/2/4 7064/2/4 7071/2/4
f 7065/2/4 7066/2/4 7074/2/4
f 7074/2/4 7066/2/4 7075/2/4
f 7075/2/4 7066/2/4 7076/2/4
f 7076/2/4 7066/2/4 7077/2/4
f 7067/3/4 7068/3/4 7080/3/4
f 7068/2/4 7069/2/4 7081/2/4
f 7080/3/4 7068/3/4 7081/3/4
f 7081/2/4 7069/2/4 7082/2/4
f 7070/2/4 7071/2/4 7083/2/4
f 7071/3/4 7072/3/4 7084/3/4
f 7083/2/4 7071/2/4 7084/2/4
f 7084/3/4 7072/3/4 7085/3/4
f 7073/3/4 7074/3/4 7088/3/4
f 7074/2/4 7075/2/4 7089/2/4
f 7088/3/4 7074/3/4 7089/3/4
f 7089/2/4 7075/2/4 7090/2/4
f 7076/2/4 7077/2/4 7091/2/4
f 7077/3/4 7078/3/4 7092/3/4
f 7091/2/4 7077/2/4 7092/2/4
f 7092/3/4 7078/3/4 7093/3/4
f 7079/3/4 7080/3/4 7095/3/4
f 7080/3/4 7081/3/4 7095/3/4
f 7095/3/4 7081/3/4 7096/3/4
f 7085/3/4 7086/3/4 7097/3/4
f 7084/3/4 7085/3/4 7097/3/4
f 7097/3/4 7086/3/4 7098/3/4
f 7088/3/4 7089/3/4 7099/3/4
f 7087/3/4 7088/3/4 7099/3/4
f 7099/3/4 7089/3/4 7100/3/4
f 7093/3/4 7094/3/4 7101/3/4
f 7092/3/4 7093/3/4 7101/3/4
f 7101/3/4 7094/3/4 7102/3/4
f 7079/3/4 7095/3/4 7104/3/4
f 7104/3/4 7095/3/4 7105/3/4
f 7098/3/4 7086/3/4 7106/3/4
f 7106/3/4 7086/3/4 7107/3/4
f 7087/3/4 7099/3/4 7110/3/4
f 7110/3/4 7099/3/4 7111/3/4
f 7102/3/4 7094/3/4 7112/3/4
f 7112/3/4 7094/3/4 7113/3/4
f 7103/3/4 7104/3/4 7116/3/4
f 7107/3/4 7108/3/4 7117/3/4
f 7109/3/4 7110/3/4 7120/3/4
f 7113/3/4 7114/3/4 7121/3/4
f 7115/3/4 7116/3/4 7123/3/4
f 7116/3/4 7104/3/4 7123/3/4
f 7123/3/4 7104/3/4 7124/3/4
f 7117/3/4 7118/3/4 7125/3/4
f 7107/3/4 7117/3/4 7125/3/4
f 7125/3/4 7118/3/4 7126/3/4
f 7119/3/4 7120/3/4 7127/3/4
f 7120/3/4 7110/3/4 7127/3/4
f 7127/3/4 7110/3/4 7128/3/4
f 7121/3/4 7122/3/4 7129/3/4
f 7113/3/4 7121/3/4 7129/3/4
f 7129/3/4 7122/3/4 7130/3/4
f 7115/3/4 7123/3/4 7131/3/4
f 7126/3/4 7118/3/4 7134/3/4
f 7119/3/4 7127/3/4 7135/3/4
f 7130/3/4 7122/3/4 7138/3/4
f 7131/3/4 7132/3/4 7139/3/4
f 7115/3/4 7131/3/4 7139/3/4
f 7139/3/4 7132/3/4 7140/3/4
f 7133/3/4 7134/3/4 7141/3/4
f 7134/3/4 7118/3/4 7141/3/4
f 7141/3/4 7118/3/4 7142/3/4
f 7135/3/4 7136/3/4 7143/3/4
f 7119/3/4 7135/3/4 7143/3/4
f 7143/3/4 7136/3/4 7144/3/4
f 7137/3/4 7138/3/4 7145/3/4
f 7138/3/4 7122/3/4 7145/3/4
f 7145/3/4 7122/3/4 7146/3/4
f 7140/3/4 7132/3/4 7147/3/4
f 7147/3/4 7132/3/4 7148/3/4
f 7133/3/4 7141/3/4 7151/3/4
f 7151/3/4 7141/3/4 7152/3/4
f 7144/3/4 7136/3/4 7153/3/4
f 7153/3/4 7136/3/4 7154/3/4
f 7137/3/4 7145/3/4 7157/3/4
f 7157/3/4 7145/3/4 7158/3/4
f 7148/3/4 7149/3/4 7159/3/4
f 7150/3/4 7151/3/4 7162/3/4
f 7154/3/4 7155/3/4 7163/3/4
f 7156/3/4 7157/3/4 7166/3/4
f 7159/3/4 7160/3/4 7167/3/4
f 7148/3/4 7159/3/4 7167/3/4
f 7167/3/4 7160/3/4 7168/3/4
f 7168/3/4 7160/3/4 7169/3/4
f 7161/3/4 7162/3/4 7172/3/4
f 7162/3/4 7151/3/4 7173/3/4
f 7172/3/4 7162/3/4 7173/3/4
f 7173/3/4 7151/3/4 7174/3/4
f 7163/3/4 7164/3/4 7175/3/4
f 7154/3/4 7163/3/4 7175/3/4
f 7175/3/4 7164/3/4 7176/3/4
f 7176/3/4 7164/3/4 7177/3/4
f 7165/3/4 7166/3/4 7180/3/4
f 7166/3/4 7157/3/4 7181/3/4
f 7180/3/4 7166/3/4 7181/3/4
f 7181/3/4 7157/3/4 7182/3/4
f 7169/3/4 7170/3/4 7183/3/4
f 7168/3/4 7169/3/4 7183/3/4
f 7183/3/4 7170/3/4 7184/3/4
f 7184/3/4 7170/3/4 7185/3/4
f 7171/2/4 7172/2/4 7186/2/4
f 7172/3/4 7173/3/4 7187/3/4
f 7186/2/4 7172/2/4 7187/2/4
f 7187/3/4 7173/3/4 7188/3/4
f 7177/3/4 7178/3/4 7189/3/4
f 7176/3/4 7177/3/4 7189/3/4
f 7189/3/4 7178/3/4 7190/3/4
f 7190/3/4 7178/3/4 7191/3/4
f 7179/2/4 7180/2/4 7192/2/4
f 7180/3/4 7181/3/4 7193/3/4
f 7192/2/4 7180/2/4 7193/2/4
f 7193/3/4 7181/3/4 7194/3/4
f 7184/3/4 7185/3/4 7195/3/4
f 7185/2/4 7186/2/4 7196/2/4
f 7195/3/4 7185/3/4 7196/3/4
f 7186/2/4 7187/2/4 7196/2/4
f 7196/2/4 7187/2/4 7197/2/4
f 7190/3/4 7191/3/4 7198/3/4
f 7191/2/4 7192/2/4 7199/2/4
f 7198/3/4 7191/3/4 7199/3/4
f 7192/2/4 7193/2/4 7199/2/4
f 7199/2/4 7193/2/4 7200/2/4
f 7201/2/4 7202/2/4 7204/2/4
f 7204/2/4 7202/2/4 7205/2/4
f 7205/2/4 7202/2/4 7206/2/4
f 7206/2/4 7202/2/4 7207/2/4
f 7203/3/4 7204/3/4 7210/3/4
f 7204/2/4 7205/2/4 7211/2/4
f 7210/3/4 7204/3/4 7211/3/4
f 7211/2/4 7205/2/4 7212/2/4
f 7206/2/4 7207/2/4 7213/2/4
f 7207/3/4 7208/3/4 7214/3/4
f 7213/2/4 7207/2/4 7214/2/4
f 7214/3/4 7208/3/4 7215/3/4
f 7209/3/4 7210/3/4 7217/3/4
f 7210/3/4 7211/3/4 7217/3/4
f 7217/3/4 7211/3/4 7218/3/4
f 7215/3/4 7216/3/4 7219/3/4
f 7214/3/4 7215/3/4 7219/3/4
f 7219/3/4 7216/3/4 7220/3/4
f 7209/3/4 7217/3/4 7222/3/4
f 7222/3/4 7217/3/4 7223/3/4
f 7220/3/4 7216/3/4 7224/3/4
f 7224/3/4 7216/3/4 7225/3/4
f 7221/3/4 7222/3/4 7228/3/4
f 7225/3/4 7226/3/4 7229/3/4
f 7227/3/4 7228/3/4 7231/3/4
f 7228/3/4 7222/3/4 7231/3/4
f 7231/3/4 7222/3/4 7232/3/4
f 7229/3/4 7230/3/4 7233/3/4
f 7225/3/4 7229/3/4 7233/3/4
f 7233/3/4 7230/3/4 7234/3/4
f 7227/3/4 7231/3/4 7235/3/4
f 7234/3/4 7230/3/4 7238/3/4
f 7235/3/4 7236/3/4 7239/3/4
f 7227/3/4 7235/3/4 7239/3/4
f 7239/3/4 7236/3/4 7240/3/4
f 7237/3/4 7238/3/4 7241/3/4
f 7238/3/4 7230/3/4 7241/3/4
f 7241/3/4 7230/3/4 7242/3/4
f 7240/3/4 7236/3/4 7243/3/4
f 7243/3/4 7236/3/4 7244/3/4
f 7237/3/4 7241/3/4 7247/3/4
f 7247/3/4 7241/3/4 7248/3/4
f 7244/3/4 7245/3/4 7249/3/4
f 7246/3/4 7247/3/4 7252/3/4
f 7249/3/4 7250/3/4 7253/3/4
f 7244/3/4 7249/3/4 7253/3/4
f 7253/3/4 7250/3/4 7254/3/4
f 7254/3/4 7250/3/4 7255/3/4
f 7251/3/4 7252/3/4 7258/3/4
f 7252/3/4 7247/3/4 7259/3/4
f 7258/3/4 7252/3/4 7259/3/4
f 7259/3/4 7247/3/4 7260/3/4
f 7255/3/4 7256/3/4 7261/3/4
f 7254/3/4 7255/3/4 7261/3/4
f 7261/3/4 7256/3/4 7262/3/4
f 7262/3/4 7256/3/4 7263/3/4
f 7257/2/4 7258/2/4 7264/2/4
f 7258/3/4 7259/3/4 7265/3/4
f 7264/2/4 7258/2/4 7265/2/4
f 7265/3/4 7259/3/4 7266/3/4
f 7262/3/4 7263/3/4 7267/3/4
f 7263/2/4 7264/2/4 7268/2/4
f 7267/3/4 7263/3/4 7268/3/4
f 7264/2/4 7265/2/4 7268/2/4
f 7268/2/4 7265/2/4 7269/2/4
f 7270/2/4 7271/2/4 7273/2/4
f 7273/2/4 7271/2/4 7274/2/4
f 7274/2/4 7271/2/4 7275/2/4
f 7275/2/4 7271/2/4 7276/2/4
f 7272/3/4 7273/3/4 7279/3/4
f 7273/2/4 7274/2/4 7280/2/4
f 7279/3/4 7273/3/4 7280/3/4
f 7280/2/4 7274/2/4 7281/2/4
f 7275/2/4 7276/2/4 7282/2/4
f 7276/3/4 7277/3/4 7283/3/4
f 7282/2/4 7276/2/4 7283/2/4
f 7283/3/4 7277/3/4 7284/3/4
f 7278/3/4 7279/3/4 7286/3/4
f 7279/3/4 7280/3/4 7286/3/4
f 7286/3/4 7280/3/4 7287/3/4
f 7284/3/4 7285/3/4 7288/3/4
f 7283/3/4 7284/3/4 7288/3/4
f 7288/3/4 7285/3/4 7289/3/4
f 7278/3/4 7286/3/4 7291/3/4
f 7291/3/4 7286/3/4 7292/3/4
f 7289/3/4 7285/3/4 7293/3/4
f 7293/3/4 7285/3/4 7294/3/4
f 7290/3/4 7291/3/4 7297/3/4
f 7294/3/4 7295/3/4 7298/3/4
f 7296/3/4 7297/3/4 7300/3/4
f 7297/3/4 7291/3/4 7300/3/4
f 7300/3/4 7291/3/4 7301/3/4
f 7298/3/4 7299/3/4 7302/3/4
f 7294/3/4 7298/3/4 7302/3/4
f 7302/3/4 7299/3/4 7303/3/4
f 7296/3/4 7300/3/4 7304/3/4
f 7303/3/4 7299/3/4 7307/3/4
f 7304/3/4 7305/3/4 7308/3/4
f 7296/3/4 7304/3/4 7308/3/4
f 7308/3/4 7305/3/4 7309/3/4
f 7306/3/4 7307/3/4 7310/3/4
f 7307/3/4 7299/3/4 7310/3/4
f 7310/3/4 7299/3/4 7311/3/4
f 7309/3/4 7305/3/4 7312/3/4
f 7312/3/4 7305/3/4 7313/3/4
f 7306/3/4 7310/3/4 7316/3/4
f 7316/3/4 7310/3/4 7317/3/4
f 7313/3/4 7314/3/4 7318/3/4
f 7315/3/4 7316/3/4 7321/3/4
f 7318/3/4 7319/3/4 7322/3/4
f 7313/3/4 7318/3/4 7322/3/4
f 7322/3/4 7319/3/4 7323/3/4
f 7323/3/4 7319/3/4 7324/3/4
f 7320/3/4 7321/3/4 7327/3/4
f 7321/3/4 7316/3/4 7328/3/4
f 7327/3/4 7321/3/4 7328/3/4
f 7328/3/4 7316/3/4 7329/3/4
f 7324/3/4 7325/3/4 7330/3/4
f 7323/3/4 7324/3/4 7330/3/4
f 7330/3/4 7325/3/4 7331/3/4
f 7331/3/4 7325/3/4 7332/3/4
f 7326/2/4 7327/2/4 7333/2/4
f 7327/3/4 7328/3/4 7334/3/4
f 7333/2/4 7327/2/4 7334/2/4
f 7334/3/4 7328/3/4 7335/3/4
f 7331/3/4 7332/3/4 7336/3/4
f 7332/2/4 7333/2/4 7337/2/4
f 7336/3/4 7332/3/4 7337/3/4
f 7333/2/4 7334/2/4 7337/2/4
f 7337/2/4 7334/2/4 7338/2/4
f 7339/2/4 7340/2/4 7344/2/4
f 7344/2/4 7340/2/4 7345/2/4
f 7341/2/4 7342/2/4 7348/2/4
f 7348/2/4 7342/2/4 7349/2/4
f 7345/2/4 7346/2/4 7352/2/4
f 7343/2/4 7344/2/4 7352/2/4
f 7344/2/4 7345/2/4 7352/2/4
f 7352/2/4 7346/2/4 7353/2/4
f 7353/2/4 7346/2/4 7354/2/4
f 7354/2/4 7346/2/4 7355/2/4
f 7349/2/4 7350/2/4 7358/2/4
f 7348/2/4 7349/2/4 7358/2/4
f 7347/2/4 7348/2/4 7358/2/4
f 7358/2/4 7350/2/4 7359/2/4
f 7359/2/4 7350/2/4 7360/2/4
f 7360/2/4 7350/2/4 7361/2/4
f 7351/3/4 7352/3/4 7364/3/4
f 7352/2/4 7353/2/4 7365/2/4
f 7364/3/4 7352/3/4 7365/3/4
f 7365/2/4 7353/2/4 7366/2/4
f 7354/2/4 7355/2/4 7367/2/4
f 7355/3/4 7356/3/4 7368/3/4
f 7367/2/4 7355/2/4 7368/2/4
f 7368/3/4 7356/3/4 7369/3/4
f 7357/3/4 7358/3/4 7372/3/4
f 7358/2/4 7359/2/4 7373/2/4
f 7372/3/4 7358/3/4 7373/3/4
f 7373/2/4 7359/2/4 7374/2/4
f 7360/2/4 7361/2/4 7375/2/4
f 7361/3/4 7362/3/4 7376/3/4
f 7375/2/4 7361/2/4 7376/2/4
f 7376/3/4 7362/3/4 7377/3/4
f 7363/3/4 7364/3/4 7379/3/4
f 7364/3/4 7365/3/4 7379/3/4
f 7379/3/4 7365/3/4 7380/3/4
f 7369/3/4 7370/3/4 7381/3/4
f 7368/3/4 7369/3/4 7381/3/4
f 7381/3/4 7370/3/4 7382/3/4
f 7372/3/4 7373/3/4 7383/3/4
f 7371/3/4 7372/3/4 7383/3/4
f 7383/3/4 7373/3/4 7384/3/4
f 7377/3/4 7378/3/4 7385/3/4
f 7376/3/4 7377/3/4 7385/3/4
f 7385/3/4 7378/3/4 7386/3/4
f 7363/3/4 7379/3/4 7388/3/4
f 7388/3/4 7379/3/4 7389/3/4
f 7382/3/4 7370/3/4 7390/3/4
f 7390/3/4 7370/3/4 7391/3/4
f 7371/3/4 7383/3/4 7394/3/4
f 7394/3/4 7383/3/4 7395/3/4
f 7386/3/4 7378/3/4 7396/3/4
f 7396/3/4 7378/3/4 7397/3/4
f 7387/3/4 7388/3/4 7399/3/4
f 7399/3/4 7388/3/4 7400/3/4
f 7391/3/4 7392/3/4 7403/3/4
f 7403/3/4 7392/3/4 7404/3/4
f 7393/3/4 7394/3/4 7405/3/4
f 7405/3/4 7394/3/4 7406/3/4
f 7397/3/4 7398/3/4 7409/3/4
f 7409/3/4 7398/3/4 7410/3/4
f 7400/3/4 7401/3/4 7411/3/4
f 7402/3/4 7403/3/4 7414/3/4
f 7406/3/4 7407/3/4 7415/3/4
f 7408/3/4 7409/3/4 7418/3/4
f 7411/3/4 7412/3/4 7419/3/4
f 7400/3/4 7411/3/4 7419/3/4
f 7419/3/4 7412/3/4 7420/3/4
f 7420/3/4 7412/3/4 7421/3/4
f 7413/3/4 7414/3/4 7424/3/4
f 7414/3/4 7403/3/4 7425/3/4
f 7424/3/4 7414/3/4 7425/3/4
f 7425/3/4 7403/3/4 7426/3/4
f 7415/3/4 7416/3/4 7427/3/4
f 7406/3/4 7415/3/4 7427/3/4
f 7427/3/4 7416/3/4 7428/3/4
f 7428/3/4 7416/3/4 7429/3/4
f 7417/3/4 7418/3/4 7432/3/4
f 7418/3/4 7409/3/4 7433/3/4
f 7432/3/4 7418/3/4 7433/3/4
f 7433/3/4 7409/3/4 7434/3/4
f 7421/3/4 7422/3/4 7435/3/4
f 7420/3/4 7421/3/4 7435/3/4
f 7435/3/4 7422/3/4 7436/3/4
f 7436/3/4 7422/3/4 7437/3/4
f 7423/2/4 7424/2/4 7438/2/4
f 7424/3/4 7425/3/4 7439/3/4
f 7438/2/4 7424/2/4 7439/2/4
f 7439/3/4 7425/3/4 7440/3/4
f 7429/3/4 7430/3/4 7441/3/4
f 7428/3/4 7429/3/4 7441/3/4
f 7441/3/4 7430/3/4 7442/3/4
f 7442/3/4 7430/3/4 7443/3/4
f 7431/2/4 7432/2/4 7444/2/4
f 7432/3/4 7433/3/4 7445/3/4
f 7444/2/4 7432/2/4 7445/2/4
f 7445/3/4 7433/3/4 7446/3/4
f 7436/3/4 7437/3/4 7447/3/4
f 7437/2/4 7438/2/4 7448/2/4
f 7447/3/4 7437/3/4 7448/3/4
f 7438/2/4 7439/2/4 7448/2/4
f 7448/2/4 7439/2/4 7449/2/4
f 7449/2/4 7439/2/4 7450/2/4
f 7442/3/4 7443/3/4 7451/3/4
f 7443/2/4 7444/2/4 7452/2/4
f 7451/3/4 7443/3/4 7452/3/4
f 7444/2/4 7445/2/4 7452/2/4
f 7452/2/4 7445/2/4 7453/2/4
f 7453/2/4 7445/2/4 7454/2/4
f 7448/2/4 7449/2/4 7455/2/4
f 7455/2/4 7449/2/4 7456/2/4
f 7452/2/4 7453/2/4 7457/2/4
f 7457/2/4 7453/2/4 7458/2/4
f 7459/2/4 7460/2/4 7462/2/4
f 7462/2/4 7460/2/4 7463/2/4
f 7461/2/4 7462/2/4 7466/2/4
f 7463/2/4 7464/2/4 7466/2/4
f 7462/2/4 7463/2/4 7466/2/4
f 7466/2/4 7464/2/4 7467/2/4
f 7467/2/4 7464/2/4 7468/2/4
f 7468/2/4 7464/2/4 7469/2/4
f 7465/3/4 7466/3/4 7472/3/4
f 7466/2/4 7467/2/4 7473/2/4
f 7472/3/4 7466/3/4 7473/3/4
f 7473/2/4 7467/2/4 7474/2/4
f 7468/2/4 7469/2/4 7475/2/4
f 7469/3/4 7470/3/4 7476/3/4
f 7475/2/4 7469/2/4 7476/2/4
f 7476/3/4 7470/3/4 7477/3/4
f 7471/3/4 7472/3/4 7479/3/4
f 7472/3/4 7473/3/4 7479/3/4
f 7479/3/4 7473/3/4 7480/3/4
f 7477/3/4 7478/3/4 7481/3/4
f 7476/3/4 7477/3/4 7481/3/4
f 7481/3/4 7478/3/4 7482/3/4
f 7471/3/4 7479/3/4 7484/3/4
f 7484/3/4 7479/3/4 7485/3/4
f 7482/3/4 7478/3/4 7486/3/4
f 7486/3/4 7478/3/4 7487/3/4
f 7483/3/4 7484/3/4 7489/3/4
f 7489/3/4 7484/3/4 7490/3/4
f 7487/3/4 7488/3/4 7493/3/4
f 7493/3/4 7488/3/4 7494/3/4
f 7490/3/4 7491/3/4 7495/3/4
f 7492/3/4 7493/3/4 7498/3/4
f 7495/3/4 7496/3/4 7499/3/4
f 7490/3/4 7495/3/4 7499/3/4
f 7499/3/4 7496/3/4 7500/3/4
f 7500/3/4 7496/3/4 7501/3/4
f 7497/3/4 7498/3/4 7504/3/4
f 7498/3/4 7493/3/4 7505/3/4
f 7504/3/4 7498/3/4 7505/3/4
f 7505/3/4 7493/3/4 7506/3/4
f 7501/3/4 7502/3/4 7507/3/4
f 7500/3/4 7501/3/4 7507/3/4
f 7507/3/4 7502/3/4 7508/3/4
f 7508/3/4 7502/3/4 7509/3/4
f 7503/2/4 7504/2/4 7510/2/4
f 7504/3/4 7505/3/4 7511/3/4
f 7510/2/4 7504/2/4 7511/2/4
f 7511/3/4 7505/3/4 7512/3/4
f 7508/3/4 7509/3/4 7513/3/4
f 7509/2/4 7510/2/4 7514/2/4
f 7513/3/4 7509/3/4 7514/3/4
f 7510/2/4 7511/2/4 7514/2/4
f 7514/2/4 7511/2/4 7515/2/4
f 7515/2/4 7511/2/4 7516/2/4
f 7514/2/4 7515/2/4 7517/2/4
f 7517/2/4 7515/2/4 7518/2/4
f 7519/4/4 7520/4/4 7521/4/4
f 7521/4/4 7520/4/4 7522/4/4
f 7523/2/4 7524/2/4 7526/2/4
f 7526/2/4 7524/2/4 7527/2/4
f 7525/2/4 7526/2/4 7530/2/4
f 7527/2/4 7528/2/4 7530/2/4
f 7526/2/4 7527/2/4 7530/2/4
f 7530/2/4 7528/2/4 7531/2/4
f 7531/2/4 7528/2/4 7532/2/4
f 7532/2/4 7528/2/4 7533/2/4
f 7529/3/4 7530/3/4 7536/3/4
f 7530/2/4 7531/2/4 7537/2/4
f 7536/3/4 7530/3/4 7537/3/4
f 7537/2/4 7531/2/4 7538/2/4
f 7532/2/4 7533/2/4 7539/2/4
f 7533/3/4 7534/3/4 7540/3/4
f 7539/2/4 7533/2/4 7540/2/4
f 7540/3/4 7534/3/4 7541/3/4
f 7535/3/4 7536/3/4 7543/3/4
f 7536/3/4 7537/3/4 7543/3/4
f 7543/3/4 7537/3/4 7544/3/4
f 7541/3/4 7542/3/4 7545/3/4
f 7540/3/4 7541/3/4 7545/3/4
f 7545/3/4 7542/3/4 7546/3/4
f 7535/3/4 7543/3/4 7548/3/4
f 7548/3/4 7543/3/4 7549/3/4
f 7546/3/4 7542/3/4 7550/3/4
f 7550/3/4 7542/3/4 7551/3/4
f 7547/3/4 7548/3/4 7553/3/4
f 7553/3/4 7548/3/4 7554/3/4
f 7551/3/4 7552/3/4 7557/3/4
f 7557/3/4 7552/3/4 7558/3/4
f 7554/3/4 7555/3/4 7559/3/4
f 7556/3/4 7557/3/4 7562/3/4
f 7559/3/4 7560/3/4 7563/3/4
f 7554/3/4 7559/3/4 7563/3/4
f 7563/3/4 7560/3/4 7564/3/4
f 7564/3/4 7560/3/4 7565/3/4
f 7561/3/4 7562/3/4 7568/3/4
f 7562/3/4 7557/3/4 7569/3/4
f 7568/3/4 7562/3/4 7569/3/4
f 7569/3/4 7557/3/4 7570/3/4
f 7565/3/4 7566/3/4 7571/3/4
f 7564/3/4 7565/3/4 7571/3/4
f 7571/3/4 7566/3/4 7572/3/4
f 7572/3/4 7566/3/4 7573/3/4
f 7567/2/4 7568/2/4 7574/2/4
f 7568/3/4 7569/3/4 7575/3/4
f 7574/2/4 7568/2/4 7575/2/4
f 7575/3/4 7569/3/4 7576/3/4
f 7572/3/4 7573/3/4 7577/3/4
f 7573/2/4 7574/2/4 7578/2/4
f 7577/3/4 7573/3/4 7578/3/4
f 7574/2/4 7575/2/4 7578/2/4
f 7578/2/4 7575/2/4 7579/2/4
f 7579/2/4 7575/2/4 7580/2/4
f 7578/2/4 7579/2/4 7581/2/4
f 7581/2/4 7579/2/4 7582/2/4
f 7583/2/4 7584/2/4 7588/2/4
f 7588/2/4 7584/2/4 7589/2/4
f 7585/2/4 7586/2/4 7592/2/4
f 7592/2/4 7586/2/4 7593/2/4
f 7589/2/4 7590/2/4 7596/2/4
f 7587/2/4 7588/2/4 7596/2/4
f 7588/2/4 7589/2/4 7596/2/4
f 7596/2/4 7590/2/4 7597/2/4
f 7593/2/4 7594/2/4 7600/2/4
f 7592/2/4 7593/2/4 7600/2/4
f 7591/2/4 7592/2/4 7600/2/4
f 7600/2/4 7594/2/4 7601/2/4
f 7596/2/4 7597/2/4 7603/2/4
f 7603/2/4 7597/2/4 7604/2/4
f 7600/2/4 7601/2/4 7605/2/4
f 7605/2/4 7601/2/4 7606/2/4
f 7595/3/4 7596/3/4 7608/3/4
f 7597/3/4 7598/3/4 7609/3/4
f 7599/3/4 7600/3/4 7612/3/4
f 7601/3/4 7602/3/4 7613/3/4
f 7607/3/4 7608/3/4 7615/3/4
f 7596/2/4 7603/2/4 7615/2/4
f 7608/3/4 7596/3/4 7615/3/4
f 7615/2/4 7603/2/4 7616/2/4
f 7604/2/4 7597/2/4 7617/2/4
f 7609/3/4 7610/3/4 7618/3/4
f 7617/2/4 7597/2/4 7618/2/4
f 7597/3/4 7609/3/4 7618/3/4
f 7611/3/4 7612/3/4 7619/3/4
f 7600/2/4 7605/2/4 7619/2/4
f 7612/3/4 7600/3/4 7619/3/4
f 7619/2/4 7605/2/4 7620/2/4
f 7606/2/4 7601/2/4 7621/2/4
f 7613/3/4 7614/3/4 7622/3/4
f 7621/2/4 7601/2/4 7622/2/4
f 7601/3/4 7613/3/4 7622/3/4
f 7607/3/4 7615/3/4 7623/3/4
f 7611/3/4 7619/3/4 7624/3/4
f 7607/3/4 7623/3/4 7625/3/4
f 7618/3/4 7610/3/4 7628/3/4
f 7611/3/4 7624/3/4 7629/3/4
f 7622/3/4 7614/3/4 7632/3/4
f 7625/3/4 7626/3/4 7633/3/4
f 7607/3/4 7625/3/4 7633/3/4
f 7633/3/4 7626/3/4 7634/3/4
f 7628/3/4 7610/3/4 7635/3/4
f 7635/3/4 7610/3/4 7636/3/4
f 7629/3/4 7630/3/4 7637/3/4
f 7611/3/4 7629/3/4 7637/3/4
f 7637/3/4 7630/3/4 7638/3/4
f 7632/3/4 7614/3/4 7639/3/4
f 7639/3/4 7614/3/4 7640/3/4
f 7634/3/4 7626/3/4 7641/3/4
f 7627/2/4 7628/2/4 7642/2/4
f 7638/3/4 7630/3/4 7643/3/4
f 7631/2/4 7632/2/4 7644/2/4
f 7634/3/4 7641/3/4 7645/3/4
f 7645/3/4 7641/3/4 7646/3/4
f 7628/3/4 7635/3/4 7647/3/4
f 7641/2/4 7642/2/4 7647/2/4
f 7642/2/4 7628/2/4 7647/2/4
f 7647/3/4 7635/3/4 7648/3/4
f 7638/3/4 7643/3/4 7649/3/4
f 7649/3/4 7643/3/4 7650/3/4
f 7643/2/4 7644/2/4 7651/2/4
f 7632/3/4 7639/3/4 7651/3/4
f 7644/2/4 7632/2/4 7651/2/4
f 7651/3/4 7639/3/4 7652/3/4
f 7646/3/4 7641/3/4 7653/3/4
f 7641/2/4 7647/2/4 7654/2/4
f 7653/3/4 7641/3/4 7654/3/4
f 7654/2/4 7647/2/4 7655/2/4
f 7655/2/4 7647/2/4 7656/2/4
f 7650/3/4 7643/3/4 7657/3/4
f 7643/2/4 7651/2/4 7658/2/4
f 7657/3/4 7643/3/4 7658/3/4
f 7658/2/4 7651/2/4 7659/2/4
f 7659/2/4 7651/2/4 7660/2/4
f 7654/2/4 7655/2/4 7661/2/4
f 7661/2/4 7655/2/4 7662/2/4
f 7658/2/4 7659/2/4 7663/2/4
f 7663/2/4 7659/2/4 7664/2/4
f 7665/2/4 7666/2/4 7668/2/4
f 7668/2/4 7666/2/4 7669/2/4
f 7667/2/4 7668/2/4 7672/2/4
f 7669/2/4 7670/2/4 7672/2/4
f 7668/2/4 7669/2/4 7672/2/4
f 7672/2/4 7670/2/4 7673/2/4
f 7672/2/4 7673/2/4 7675/2/4
f 7675/2/4 7673/2/4 7676/2/4
f 7671/3/4 7672/3/4 7678/3/4
f 7673/3/4 7674/3/4 7679/3/4
f 7677/3/4 7678/3/4 7681/3/4
f 7672/2/4 7675/2/4 7681/2/4
f 7678/3/4 7672/3/4 7681/3/4
f 7681/2/4 7675/2/4 7682/2/4
f 7676/2/4 7673/2/4 7683/2/4
f 7679/3/4 7680/3/4 7684/3/4
f 7683/2/4 7673/2/4 7684/2/4
f 7673/3/4 7679/3/4 7684/3/4
f 7677/3/4 7681/3/4 7685/3/4
f 7677/3/4 7685/3/4 7686/3/4
f 7684/3/4 7680/3/4 7689/3/4
f 7686/3/4 7687/3/4 7690/3/4
f 7677/3/4 7686/3/4 7690/3/4
f 7690/3/4 7687/3/4 7691/3/4
f 7689/3/4 7680/3/4 7692/3/4
f 7692/3/4 7680/3/4 7693/3/4
f 7691/3/4 7687/3/4 7694/3/4
f 7688/2/4 7689/2/4 7695/2/4
f 7691/3/4 7694/3/4 7696/3/4
f 7696/3/4 7694/3/4 7697/3/4
f 7694/2/4 7695/2/4 7698/2/4
f 7689/3/4 7692/3/4 7698/3/4
f 7695/2/4 7689/2/4 7698/2/4
f 7698/3/4 7692/3/4 7699/3/4
f 7697/3/4 7694/3/4 7700/3/4
f 7694/2/4 7698/2/4 7701/2/4
f 7700/3/4 7694/3/4 7701/3/4
f 7701/2/4 7698/2/4 7702/2/4
f 7702/2/4 7698/2/4 7703/2/4
f 7701/2/4 7702/2/4 7704/2/4
f 7704/2/4 7702/2/4 7705/2/4
f 7706/2/4 7707/2/4 7709/2/4
f 7709/2/4 7707/2/4 7710/2/4
f 7708/2/4 7709/2/4 7713/2/4
f 7710/2/4 7711/2/4 7713/2/4
f 7709/2/4 7710/2/4 7713/2/4
f 7713/2/4 7711/2/4 7714/2/4
f 7713/2/4 7714/2/4 7716/2/4
f 7716/2/4 7714/2/4 7717/2/4
f 7712/3/4 7713/3/4 7719/3/4
f 7713/2/4 7716/2/4 7720/2/4
f 7719/3/4 7713/3/4 7720/3/4
f 7720/2/4 7716/2/4 7721/2/4
f 7717/2/4 7714/2/4 7722/2/4
f 7714/3/4 7715/3/4 7723/3/4
f 7722/2/4 7714/2/4 7723/2/4
f 7723/3/4 7715/3/4 7724/3/4
f 7718/3/4 7719/3/4 7726/3/4
f 7726/3/4 7719/3/4 7727/3/4
f 7724/3/4 7725/3/4 7728/3/4
f 7728/3/4 7725/3/4 7729/3/4
f 7730/3/4 7731/3/4 7735/3/4
f 7731/3/4 7732/3/4 7735/3/4
f 7730/3/4 7735/3/4 7737/3/4
f 7735/3/4 7736/3/4 7737/3/4
f 7737/3/4 7736/3/4 7738/3/4
f 7733/3/4 7734/3/4 7739/3/4
f 7739/3/4 7734/3/4 7740/3/4
f 7738/3/4 7736/3/4 7741/3/4
f 7738/3/4 7741/3/4 7742/3/4
f 7742/3/4 7741/3/4 7743/3/4
f 7743/3/4 7741/3/4 7744/3/4
f 7744/3/4 7741/3/4 7745/3/4
f 7746/2/4 7747/2/4 7751/2/4
f 7748/2/4 7749/2/4 7753/2/4
f 7753/2/4 7749/2/4 7754/2/4
f 7750/2/4 7751/2/4 7756/2/4
f 7751/2/4 7747/2/4 7757/2/4
f 7756/2/4 7751/2/4 7757/2/4
f 7754/2/4 7755/2/4 7758/2/4
f 7752/2/4 7753/2/4 7758/2/4
f 7753/2/4 7754/2/4 7758/2/4
f 7758/2/4 7755/2/4 7759/2/4
f 7756/3/4 7757/3/4 7760/3/4
f 7757/2/4 7747/2/4 7761/2/4
f 7760/3/4 7757/3/4 7761/3/4
f 7758/3/4 7759/3/4 7762/3/4
f 7759/2/4 7755/2/4 7763/2/4
f 7762/3/4 7759/3/4 7763/3/4
f 7763/2/4 7755/2/4 7764/2/4
f 7764/2/4 7755/2/4 7765/2/4
f 7761/2/4 7747/2/4 7766/2/4
f 7761/2/4 7766/2/4 7768/2/4
f 7766/2/4 7767/2/4 7768/2/4
f 7768/2/4 7767/2/4 7769/2/4
f 7763/2/4 7764/2/4 7770/2/4
f 7770/2/4 7764/2/4 7771/2/4
f 7772/2/4 7773/2/4 7774/2/4
f 7774/2/4 7773/2/4 7775/2/4
f 7776/2/4 7777/2/4 7778/2/4
f 7778/2/4 7777/2/4 7779/2/4
f 7780/2/4 7781/2/4 7782/2/4
f 7782/2/4 7781/2/4 7783/2/4
f 7784/3/4 7785/3/4 7786/3/4
f 7786/3/4 7785/3/4 7787/3/4
f 7788/1/4 7789/1/4 7791/1/4
f 7791/1/4 7789/1/4 7792/1/4
f 7790/1/4 7791/1/4 7795/1/4
f 7792/1/4 7793/1/4 7795/1/4
f 7791/1/4 7792/1/4 7795/1/4
f 7795/1/4 7793/1/4 7796/1/4
f 7794/1/4 7795/1/4 7799/1/4
f 7796/1/4 7797/1/4 7799/1/4
f 7795/1/4 7796/1/4 7799/1/4
f 7799/1/4 7797/1/4 7800/1/4
f 7798/1/4 7799/1/4 7803/1/4
f 7800/1/4 7801/1/4 7803/1/4
f 7799/1/4 7800/1/4 7803/1/4
f 7803/1/4 7801/1/4 7804/1/4
f 7804/1/4 7801/1/4 7805/1/4
f 7805/1/4 7801/1/4 7806/1/4
f 7806/1/4 7801/1/4 7807/1/4
f 7802/1/4 7803/1/4 7810/1/4
f 7803/1/4 7804/1/4 7810/1/4
f 7810/1/4 7804/1/4 7811/1/4
f 7804/4/4 7805/4/4 7812/4/4
f 7811/1/4 7804/1/4 7812/1/4
f 7812/4/4 7805/4/4 7813/4/4
f 7806/1/4 7807/1/4 7814/1/4
f 7807/1/4 7808/1/4 7814/1/4
f 7814/1/4 7808/1/4 7815/1/4
f 7815/1/4 7808/1/4 7816/1/4
f 7810/1/4 7811/1/4 7819/1/4
f 7809/1/4 7810/1/4 7819/1/4
f 7819/1/4 7811/1/4 7820/1/4
f 7820/1/4 7811/1/4 7821/1/4
f 7816/1/4 7817/1/4 7822/1/4
f 7815/1/4 7816/1/4 7822/1/4
f 7822/1/4 7817/1/4 7823/1/4
f 7823/1/4 7817/1/4 7824/1/4
f 7819/1/4 7820/1/4 7827/1/4
f 7818/1/4 7819/1/4 7827/1/4
f 7827/1/4 7820/1/4 7828/1/4
f 7828/1/4 7820/1/4 7829/1/4
f 7824/1/4 7825/1/4 7830/1/4
f 7823/1/4 7824/1/4 7830/1/4
f 7830/1/4 7825/1/4 7831/1/4
f 7831/1/4 7825/1/4 7832/1/4
f 7827/1/4 7828/1/4 7835/1/4
f 7826/1/4 7827/1/4 7835/1/4
f 7835/1/4 7828/1/4 7836/1/4
f 7836/1/4 7828/1/4 7837/1/4
f 7832/1/4 7833/1/4 7838/1/4
f 7831/1/4 7832/1/4 7838/1/4
f 7838/1/4 7833/1/4 7839/1/4
f 7839/1/4 7833/1/4 7840/1/4
f 7835/1/4 7836/1/4 7843/1/4
f 7834/1/4 7835/1/4 7843/1/4
f 7843/1/4 7836/1/4 7844/1/4
f 7844/1/4 7836/1/4 7845/1/4
f 7840/1/4 7841/1/4 7846/1/4
f 7839/1/4 7840/1/4 7846/1/4
f 7846/1/4 7841/1/4 7847/1/4
f 7847/1/4 7841/1/4 7848/1/4
f 7843/1/4 7844/1/4 7851/1/4
f 7842/1/4 7843/1/4 7851/1/4
f 7851/1/4 7844/1/4 7852/1/4
f 7852/1/4 7844/1/4 7853/1/4
f 7848/1/4 7849/1/4 7854/1/4
f 7847/1/4 7848/1/4 7854/1/4
f 7854/1/4 7849/1/4 7855/1/4
f 7855/1/4 7849/1/4 7856/1/4
f 7851/1/4 7852/1/4 7858/1/4
f 7850/1/4 7851/1/4 7858/1/4
f 7858/1/4 7852/1/4 7859/1/4
f 7856/1/4 7857/1/4 7860/1/4
f 7855/1/4 7856/1/4 7860/1/4
f 7860/1/4 7857/1/4 7861/1/4
f 7850/1/4 7858/1/4 7863/1/4
f 7863/1/4 7858/1/4 7864/1/4
f 7864/1/4 7858/1/4 7865/1/4
f 7861/1/4 7857/1/4 7866/1/4
f 7866/1/4 7857/1/4 7867/1/4
f 7867/1/4 7857/1/4 7868/1/4
f 7862/1/4 7863/1/4 7871/1/4
f 7863/1/4 7864/1/4 7871/1/4
f 7868/1/4 7869/1/4 7872/1/4
f 7867/1/4 7868/1/4 7872/1/4
f 7870/1/4 7871/1/4 7874/1/4
f 7871/1/4 7864/1/4 7874/1/4
f 7874/1/4 7864/1/4 7875/1/4
f 7872/1/4 7873/1/4 7876/1/4
f 7867/1/4 7872/1/4 7876/1/4
f 7876/1/4 7873/1/4 7877/1/4
f 7870/1/4 7874/1/4 7879/1/4
f 7879/1/4 7874/1/4 7880/1/4
f 7880/1/4 7874/1/4 7881/1/4
f 7877/1/4 7873/1/4 7882/1/4
f 7882/1/4 7873/1/4 7883/1/4
f 7883/1/4 7873/1/4 7884/1/4
f 7878/1/4 7879/1/4 7886/1/4
f 7879/1/4 7880/1/4 7886/1/4
f 7886/1/4 7880/1/4 7887/1/4
f 7884/1/4 7885/1/4 7888/1/4
f 7883/1/4 7884/1/4 7888/1/4
f 7888/1/4 7885/1/4 7889/1/4
f 7878/1/4 7886/1/4 7891/1/4
f 7889/1/4 7885/1/4 7892/1/4
f 7890/1/4 7891/1/4 7894/1/4
f 7891/1/4 7886/1/4 7894/1/4
f 7894/1/4 7886/1/4 7895/1/4
f 7892/1/4 7893/1/4 7896/1/4
f 7889/1/4 7892/1/4 7896/1/4
f 7896/1/4 7893/1/4 7897/1/4
f 7890/1/4 7894/1/4 7898/1/4
f 7897/1/4 7893/1/4 7901/1/4
f 7898/1/4 7899/1/4 7902/1/4
f 7890/1/4 7898/1/4 7902/1/4
f 7902/1/4 7899/1/4 7903/1/4
f 7900/1/4 7901/1/4 7904/1/4
f 7901/1/4 7893/1/4 7904/1/4
f 7904/1/4 7893/1/4 7905/1/4
f 7903/1/4 7899/1/4 7906/1/4
f 7900/1/4 7904/1/4 7909/1/4
f 7906/1/4 7907/1/4 7910/1/4
f 7903/1/4 7906/1/4 7910/1/4
f 7910/1/4 7907/1/4 7911/1/4
f 7911/1/4 7907/1/4 7912/1/4
f 7908/1/4 7909/1/4 7915/1/4
f 7909/1/4 7904/1/4 7916/1/4
f 7915/1/4 7909/1/4 7916/1/4
f 7916/1/4 7904/1/4 7917/1/4
f 7912/1/4 7913/1/4 7918/1/4
f 7911/1/4 7912/1/4 7918/1/4
f 7914/1/4 7915/1/4 7921/1/4
f 7915/1/4 7916/1/4 7921/1/4
f 7918/1/4 7919/1/4 7922/1/4
f 7911/1/4 7918/1/4 7922/1/4
f 7922/1/4 7919/1/4 7923/1/4
f 7920/1/4 7921/1/4 7924/1/4
f 7921/1/4 7916/1/4 7924/1/4
f 7924/1/4 7916/1/4 7925/1/4
f 7923/1/4 7919/1/4 7926/1/4
f 7926/1/4 7919/1/4 7927/1/4
f 7927/1/4 7919/1/4 7928/1/4
f 7920/1/4 7924/1/4 7931/1/4
f 7931/1/4 7924/1/4 7932/1/4
f 7932/1/4 7924/1/4 7933/1/4
f 7928/1/4 7929/1/4 7934/1/4
f 7927/1/4 7928/1/4 7934/1/4
f 7931/1/4 7932/1/4 7937/1/4
f 7930/1/4 7931/1/4 7937/1/4
f 7934/1/4 7935/1/4 7938/1/4
f 7927/1/4 7934/1/4 7938/1/4
f 7938/1/4 7935/1/4 7939/1/4
f 7939/1/4 7935/1/4 7940/1/4
f 7936/1/4 7937/1/4 7943/1/4
f 7937/1/4 7932/1/4 7944/1/4
f 7943/1/4 7937/1/4 7944/1/4
f 7944/1/4 7932/1/4 7945/1/4
f 7940/1/4 7941/1/4 7946/1/4
f 7939/1/4 7940/1/4 7946/1/4
f 7946/1/4 7941/1/4 7947/1/4
f 7947/1/4 7941/1/4 7948/1/4
f 7942/1/4 7943/1/4 7951/1/4
f 7943/1/4 7944/1/4 7951/1/4
f 7951/1/4 7944/1/4 7952/1/4
f 7952/1/4 7944/1/4 7953/1/4
f 7948/1/4 7949/1/4 7954/1/4
f 7947/1/4 7948/1/4 7954/1/4
f 7954/1/4 7949/1/4 7955/1/4
f 7955/1/4 7949/1/4 7956/1/4
f 7951/1/4 7952/1/4 7959/1/4
f 7950/1/4 7951/1/4 7959/1/4
f 7959/1/4 7952/1/4 7960/1/4
f 7960/1/4 7952/1/4 7961/1/4
f 7956/1/4 7957/1/4 7962/1/4
f 7955/1/4 7956/1/4 7962/1/4
f 7962/1/4 7957/1/4 7963/1/4
f 7963/1/4 7957/1/4 7964/1/4
f 7959/1/4 7960/1/4 7967/1/4
f 7958/1/4 7959/1/4 7967/1/4
f 7967/1/4 7960/1/4 7968/1/4
f 7968/1/4 7960/1/4 7969/1/4
f 7964/1/4 7965/1/4 7970/1/4
f 7963/1/4 7964/1/4 7970/1/4
f 7970/1/4 7965/1/4 7971/1/4
f 7971/1/4 7965/1/4 7972/1/4
f 7967/1/4 7968/1/4 7975/1/4
f 7966/1/4 7967/1/4 7975/1/4
f 7975/1/4 7968/1/4 7976/1/4
f 7976/1/4 7968/1/4 7977/1/4
f 7972/1/4 7973/1/4 7978/1/4
f 7971/1/4 7972/1/4 7978/1/4
f 7978/1/4 7973/1/4 7979/1/4
f 7979/1/4 7973/1/4 7980/1/4
f 7975/1/4 7976/1/4 7984/1/4
f 7974/1/4 7975/1/4 7984/1/4
f 7984/1/4 7976/1/4 7985/1/4
f 7985/1/4 7976/1/4 7986/1/4
f 7980/1/4 7981/1/4 7987/1/4
f 7979/1/4 7980/1/4 7987/1/4
f 7987/1/4 7981/1/4 7988/1/4
f 7981/4/4 7982/4/4 7989/4/4
f 7988/1/4 7981/1/4 7989/1/4
f 7989/4/4 7982/4/4 7990/4/4
f 7984/1/4 7985/1/4 7991/1/4
f 7983/1/4 7984/1/4 7991/1/4
f 7991/1/4 7985/1/4 7992/1/4
f 7992/1/4 7985/1/4 7993/1/4
f 7989/1/4 7990/1/4 7994/1/4
f 7991/1/4 7992/1/4 7994/1/4
f 7990/1/4 7991/1/4 7994/1/4
f 7988/1/4 7989/1/4 7994/1/4
f 7994/1/4 7992/1/4 7995/1/4
f 7995/1/4 7992/1/4 7996/1/4
f 7996/1/4 7992/1/4 7997/1/4
f 7995/1/4 7996/1/4 7998/1/4
f 7998/1/4 7996/1/4 7999/1/4
f 7999/1/4 7996/1/4 8000/1/4
f 8000/1/4 7996/1/4 8001/1/4
f 7999/1/4 8000/1/4 8002/1/4
f 8002/1/4 8000/1/4 8003/1/4
f 8003/1/4 8000/1/4 8004/1/4
f 8004/1/4 8000/1/4 8005/1/4
f 8003/1/4 8004/1/4 8006/1/4
f 8006/1/4 8004/1/4 8007/1/4
f 8010/4/4 8011/4/4 8012/4/4
f 8012/4/4 8013/4/4 8014/4/4
f 8014/4/4 8015/4/4 8016/4/4
f 8016/4/4 8017/4/4 8018/4/4
f 8008/4/4 8009/4/4 8019/4/4
f 8016/4/4 8018/4/4 8020/4/4
f 8018/4/4 8019/4/4 8020/4/4
f 8019/4/4 8009/4/4 8021/4/4
f 8020/4/4 8019/4/4 8021/4/4
f 8016/4/4 8020/4/4 8022/4/4
f 8014/4/4 8016/4/4 8022/4/4
f 8022/4/4 8020/4/4 8023/4/4
f 8012/4/4 8014/4/4 8024/4/4
f 8014/4/4 8022/4/4 8024/4/4
f 8024/4/4 8022/4/4 8025/4/4
f 8010/4/4 8012/4/4 8026/4/4
f 8012/4/4 8024/4/4 8026/4/4
f 8026/4/4 8024/4/4 8027/4/4
f 8010/4/4 8026/4/4 8028/4/4
f 8028/4/4 8026/4/4 8029/4/4
f 8021/4/4 8009/4/4 8030/4/4
f 8030/4/4 8009/4/4 8031/4/4
f 8034/4/5 8033/4/5 8032/4/5
f 8035/4/5 8033/4/5 8034/4/5
f 8038/4/5 8037/4/5 8036/4/5
f 8039/4/5 8037/4/5 8038/4/5
f 8042/4/5 8041/4/5 8040/4/5
f 8043/4/5 8041/4/5 8042/4/5
f 8046/4/5 8045/4/5 8044/4/5
f 8047/4/5 8045/4/5 8046/4/5
f 8051/3/5 8049/3/5 8048/3/5
f 8052/3/5 8049/3/5 8051/3/5
f 8054/3/5 8051/3/5 8050/3/5
f 8054/3/5 8053/3/5 8052/3/5
f 8054/3/5 8052/3/5 8051/3/5
f 8055/3/5 8053/3/5 8054/3/5
f 8056/3/5 8053/3/5 8055/3/5
f 8057/3/5 8053/3/5 8056/3/5
f 8058/3/5 8056/3/5 8055/3/5
f 8059/3/5 8056/3/5 8058/3/5
f 8063/3/5 8061/3/5 8060/3/5
f 8064/3/5 8061/3/5 8063/3/5
f 8067/3/5 8063/3/5 8062/3/5
f 8067/3/5 8065/3/5 8064/3/5
f 8067/3/5 8064/3/5 8063/3/5
f 8068/3/5 8065/3/5 8067/3/5
f 8069/3/5 8065/3/5 8068/3/5
f 8070/3/5 8065/3/5 8069/3/5
f 8073/3/5 8067/3/5 8066/3/5
f 8073/3/5 8068/3/5 8067/3/5
f 8074/3/5 8068/3/5 8073/3/5
f 8075/3/5 8068/3/5 8074/3/5
f 8076/3/5 8070/3/5 8069/3/5
f 8076/3/5 8071/3/5 8070/3/5
f 8077/3/5 8071/3/5 8076/3/5
f 8078/3/5 8071/3/5 8077/3/5
f 8080/3/5 8074/3/5 8073/3/5
f 8080/3/5 8073/3/5 8072/3/5
f 8081/3/5 8074/3/5 8080/3/5
f 8082/3/5 8074/3/5 8081/3/5
f 8085/3/5 8079/3/5 8078/3/5
f 8085/3/5 8078/3/5 8077/3/5
f 8086/3/5 8079/3/5 8085/3/5
f 8087/3/5 8079/3/5 8086/3/5
f 8088/3/5 8083/3/5 8082/3/5
f 8088/3/5 8082/3/5 8081/3/5
f 8089/3/5 8083/3/5 8088/3/5
f 8090/3/5 8083/3/5 8089/3/5
f 8091/3/5 8086/3/5 8085/3/5
f 8091/3/5 8085/3/5 8084/3/5
f 8092/3/5 8086/3/5 8091/3/5
f 8093/3/5 8086/3/5 8092/3/5
f 8094/3/5 8090/3/5 8089/3/5
f 8094/3/5 8092/3/5 8091/3/5
f 8094/3/5 8091/3/5 8090/3/5
f 8095/3/5 8092/3/5 8094/3/5
f 8096/3/5 8092/3/5 8095/3/5
f 8097/3/5 8092/3/5 8096/3/5
f 8098/3/5 8096/3/5 8095/3/5
f 8099/3/5 8096/3/5 8098/3/5
f 8104/3/5 8101/3/5 8100/3/5
f 8105/3/5 8101/3/5 8104/3/5
f 8109/3/5 8103/3/5 8102/3/5
f 8110/3/5 8103/3/5 8109/3/5
f 8111/3/5 8103/3/5 8110/3/5
f 8112/3/5 8107/3/5 8106/3/5
f 8113/3/5 8107/3/5 8112/3/5
f 8114/3/5 8107/3/5 8113/3/5
f 8117/3/5 8109/3/5 8108/3/5
f 8117/3/5 8110/3/5 8109/3/5
f 8118/3/5 8110/3/5 8117/3/5
f 8119/3/5 8110/3/5 8118/3/5
f 8120/3/5 8115/3/5 8114/3/5
f 8120/3/5 8114/3/5 8113/3/5
f 8121/3/5 8115/3/5 8120/3/5
f 8122/3/5 8115/3/5 8121/3/5
f 8125/3/5 8118/3/5 8117/3/5
f 8125/3/5 8117/3/5 8116/3/5
f 8126/3/5 8118/3/5 8125/3/5
f 8127/3/5 8118/3/5 8126/3/5
f 8128/3/5 8123/3/5 8122/3/5
f 8128/3/5 8122/3/5 8121/3/5
f 8129/3/5 8123/3/5 8128/3/5
f 8130/3/5 8123/3/5 8129/3/5
f 8132/3/5 8126/3/5 8125/3/5
f 8132/3/5 8125/3/5 8124/3/5
f 8133/3/5 8126/3/5 8132/3/5
f 8134/3/5 8126/3/5 8133/3/5
f 8137/3/5 8131/3/5 8130/3/5
f 8137/3/5 8130/3/5 8129/3/5
f 8138/3/5 8131/3/5 8137/3/5
f 8139/3/5 8131/3/5 8138/3/5
f 8140/3/5 8135/3/5 8134/3/5
f 8140/3/5 8134/3/5 8133/3/5
f 8141/3/5 8135/3/5 8140/3/5
f 8142/3/5 8135/3/5 8141/3/5
f 8145/3/5 8138/3/5 8137/3/5
f 8145/3/5 8137/3/5 8136/3/5
f 8146/3/5 8138/3/5 8145/3/5
f 8147/3/5 8138/3/5 8146/3/5
f 8148/3/5 8143/3/5 8142/3/5
f 8148/3/5 8142/3/5 8141/3/5
f 8149/3/5 8143/3/5 8148/3/5
f 8150/3/5 8143/3/5 8149/3/5
f 8153/3/5 8146/3/5 8145/3/5
f 8153/3/5 8145/3/5 8144/3/5
f 8154/3/5 8146/3/5 8153/3/5
f 8155/3/5 8146/3/5 8154/3/5
f 8156/3/5 8151/3/5 8150/3/5
f 8156/3/5 8150/3/5 8149/3/5
f 8157/3/5 8151/3/5 8156/3/5
f 8160/3/5 8154/3/5 8153/3/5
f 8160/3/5 8153/3/5 8152/3/5
f 8161/3/5 8154/3/5 8160/3/5
f 8162/3/5 8159/3/5 8158/3/5
f 8163/3/5 8159/3/5 8162/3/5
f 8167/3/5 8165/3/5 8164/3/5
f 8168/3/5 8165/3/5 8167/3/5
f 8171/3/5 8167/3/5 8166/3/5
f 8172/3/5 8167/3/5 8171/3/5
f 8173/3/5 8169/3/5 8168/3/5
f 8174/3/5 8169/3/5 8173/3/5
f 8177/3/5 8171/3/5 8170/3/5
f 8178/3/5 8171/3/5 8177/3/5
f 8179/3/5 8171/3/5 8178/3/5
f 8180/3/5 8175/3/5 8174/3/5
f 8181/3/5 8175/3/5 8180/3/5
f 8182/3/5 8175/3/5 8181/3/5
f 8184/3/5 8177/3/5 8176/3/5
f 8184/3/5 8178/3/5 8177/3/5
f 8185/3/5 8178/3/5 8184/3/5
f 8186/3/5 8183/3/5 8182/3/5
f 8186/3/5 8182/3/5 8181/3/5
f 8187/3/5 8183/3/5 8186/3/5
f 8189/3/5 8184/3/5 8176/3/5
f 8190/3/5 8184/3/5 8189/3/5
f 8191/3/5 8183/3/5 8187/3/5
f 8192/3/5 8183/3/5 8191/3/5
f 8194/3/5 8189/3/5 8188/3/5
f 8195/3/5 8189/3/5 8194/3/5
f 8198/3/5 8193/3/5 8192/3/5
f 8199/3/5 8193/3/5 8198/3/5
f 8200/3/5 8196/3/5 8195/3/5
f 8203/3/5 8198/3/5 8197/3/5
f 8204/3/5 8201/3/5 8200/3/5
f 8204/3/5 8200/3/5 8195/3/5
f 8205/3/5 8201/3/5 8204/3/5
f 8206/3/5 8201/3/5 8205/3/5
f 8209/3/5 8203/3/5 8202/3/5
f 8210/3/5 8198/3/5 8203/3/5
f 8210/3/5 8203/3/5 8209/3/5
f 8211/3/5 8198/3/5 8210/3/5
f 8212/3/5 8207/3/5 8206/3/5
f 8212/3/5 8206/3/5 8205/3/5
f 8213/3/5 8207/3/5 8212/3/5
f 8216/3/5 8209/3/5 8208/3/5
f 8216/3/5 8210/3/5 8209/3/5
f 8217/3/5 8210/3/5 8216/3/5
f 8218/3/5 8214/3/5 8213/3/5
f 8219/3/5 8214/3/5 8218/3/5
f 8220/3/5 8216/3/5 8215/3/5
f 8221/3/5 8216/3/5 8220/3/5
f 8222/3/5 8220/3/5 8219/3/5
f 8223/3/5 8220/3/5 8222/3/5
f 8230/3/5 8225/3/5 8224/3/5
f 8231/3/5 8225/3/5 8230/3/5
f 8232/3/5 8227/3/5 8226/3/5
f 8233/3/5 8227/3/5 8232/3/5
f 8238/3/5 8229/3/5 8228/3/5
f 8239/3/5 8229/3/5 8238/3/5
f 8240/3/5 8235/3/5 8234/3/5
f 8241/3/5 8235/3/5 8240/3/5
f 8245/3/5 8237/3/5 8236/3/5
f 8246/3/5 8237/3/5 8245/3/5
f 8247/3/5 8243/3/5 8242/3/5
f 8248/3/5 8243/3/5 8247/3/5
f 8251/3/5 8245/3/5 8244/3/5
f 8252/3/5 8245/3/5 8251/3/5
f 8253/3/5 8249/3/5 8248/3/5
f 8254/3/5 8249/3/5 8253/3/5
f 8256/2/5 8251/2/5 8250/2/5
f 8257/2/5 8251/2/5 8256/2/5
f 8260/3/5 8255/3/5 8254/3/5
f 8261/3/5 8255/3/5 8260/3/5
f 8262/3/5 8258/3/5 8257/3/5
f 8263/3/5 8258/3/5 8262/3/5
f 8266/3/5 8260/3/5 8259/3/5
f 8267/3/5 8260/3/5 8266/3/5
f 8268/3/5 8264/3/5 8263/3/5
f 8269/3/5 8264/3/5 8268/3/5
f 8274/3/5 8266/3/5 8265/3/5
f 8275/3/5 8266/3/5 8274/3/5
f 8276/3/5 8271/3/5 8270/3/5
f 8277/3/5 8271/3/5 8276/3/5
f 8282/3/5 8273/3/5 8272/3/5
f 8283/3/5 8273/3/5 8282/3/5
f 8284/3/5 8279/3/5 8278/3/5
f 8285/3/5 8279/3/5 8284/3/5
f 8286/3/5 8281/3/5 8280/3/5
f 8287/3/5 8281/3/5 8286/3/5
f 8293/2/5 8289/2/5 8288/2/5
f 8294/3/5 8290/3/5 8289/3/5
f 8294/2/5 8289/2/5 8293/2/5
f 8295/3/5 8290/3/5 8294/3/5
f 8300/2/5 8292/2/5 8291/2/5
f 8301/2/5 8292/2/5 8300/2/5
f 8302/3/5 8297/3/5 8296/3/5
f 8303/3/5 8297/3/5 8302/3/5
f 8308/2/5 8299/2/5 8298/2/5
f 8309/2/5 8299/2/5 8308/2/5
f 8310/3/5 8305/3/5 8304/3/5
f 8311/3/5 8305/3/5 8310/3/5
f 8314/2/5 8307/2/5 8306/2/5
f 8315/2/5 8307/2/5 8314/2/5
f 8316/3/5 8313/3/5 8312/3/5
f 8317/3/5 8313/3/5 8316/3/5
f 8322/2/5 8319/2/5 8318/2/5
f 8323/2/5 8319/2/5 8322/2/5
f 8324/3/5 8321/3/5 8320/3/5
f 8325/3/5 8321/3/5 8324/3/5
f 8330/2/5 8327/2/5 8326/2/5
f 8331/2/5 8327/2/5 8330/2/5
f 8332/3/5 8329/3/5 8328/3/5
f 8333/3/5 8329/3/5 8332/3/5
f 8338/2/5 8335/2/5 8334/2/5
f 8339/2/5 8335/2/5 8338/2/5
f 8344/3/5 8337/3/5 8336/3/5
f 8345/3/5 8337/3/5 8344/3/5
f 8346/2/5 8341/2/5 8340/2/5
f 8347/2/5 8341/2/5 8346/2/5
f 8352/3/5 8343/3/5 8342/3/5
f 8353/3/5 8343/3/5 8352/3/5
f 8354/2/5 8349/2/5 8348/2/5
f 8355/2/5 8349/2/5 8354/2/5
f 8359/3/5 8351/3/5 8350/3/5
f 8360/3/5 8351/3/5 8359/3/5
f 8361/2/5 8357/2/5 8356/2/5
f 8362/3/5 8358/3/5 8357/3/5
f 8362/2/5 8357/2/5 8361/2/5
f 8363/3/5 8358/3/5 8362/3/5
f 8370/2/5 8365/2/5 8364/2/5
f 8371/2/5 8365/2/5 8370/2/5
f 8372/2/5 8367/2/5 8366/2/5
f 8373/2/5 8367/2/5 8372/2/5
f 8378/2/5 8369/2/5 8368/2/5
f 8379/2/5 8369/2/5 8378/2/5
f 8380/2/5 8375/2/5 8374/2/5
f 8381/2/5 8375/2/5 8380/2/5
f 8384/2/5 8377/2/5 8376/2/5
f 8385/2/5 8377/2/5 8384/2/5
f 8386/2/5 8383/2/5 8382/2/5
f 8387/2/5 8383/2/5 8386/2/5
f 8393/2/5 8389/2/5 8388/2/5
f 8394/2/5 8389/2/5 8393/2/5
f 8395/2/5 8391/2/5 8390/2/5
f 8396/2/5 8391/2/5 8395/2/5
f 8398/2/5 8393/2/5 8392/2/5
f 8399/2/5 8393/2/5 8398/2/5
f 8402/2/5 8397/2/5 8396/2/5
f 8403/2/5 8397/2/5 8402/2/5
f 8404/2/5 8400/2/5 8399/2/5
f 8405/2/5 8400/2/5 8404/2/5
f 8406/2/5 8402/2/5 8401/2/5
f 8407/2/5 8402/2/5 8406/2/5
f 8412/2/5 8409/2/5 8408/2/5
f 8413/2/5 8409/2/5 8412/2/5
f 8418/2/5 8411/2/5 8410/2/5
f 8419/2/5 8411/2/5 8418/2/5
f 8420/2/5 8415/2/5 8414/2/5
f 8421/2/5 8415/2/5 8420/2/5
f 8426/2/5 8417/2/5 8416/2/5
f 8427/2/5 8417/2/5 8426/2/5
f 8428/2/5 8423/2/5 8422/2/5
f 8429/2/5 8423/2/5 8428/2/5
f 8430/2/5 8425/2/5 8424/2/5
f 8431/2/5 8425/2/5 8430/2/5
f 8434/1/5 8433/1/5 8432/1/5
f 8435/1/5 8433/1/5 8434/1/5
f 8438/1/5 8437/1/5 8436/1/5
f 8439/1/5 8437/1/5 8438/1/5
f 8444/1/5 8441/1/5 8440/1/5
f 8445/1/5 8443/1/5 8442/1/5
f 8446/1/5 8443/1/5 8445/1/5
f 8447/1/5 8444/1/5 8440/1/5
f 8448/1/5 8444/1/5 8447/1/5
f 8449/1/5 8444/1/5 8448/1/5
f 8450/1/5 8443/1/5 8446/1/5
f 8451/1/5 8443/1/5 8450/1/5
f 8452/1/5 8443/1/5 8451/1/5
f 8458/1/5 8454/1/5 8453/1/5
f 8459/1/5 8454/1/5 8458/1/5
f 8460/1/5 8457/1/5 8456/1/5
f 8460/1/5 8456/1/5 8455/1/5
f 8461/1/5 8457/1/5 8460/1/5
f 8466/1/5 8463/1/5 8462/1/5
f 8467/1/5 8463/1/5 8466/1/5
f 8468/1/5 8465/1/5 8464/1/5
f 8469/1/5 8465/1/5 8468/1/5
f 8474/1/5 8471/1/5 8470/1/5
f 8475/1/5 8471/1/5 8474/1/5
f 8476/1/5 8473/1/5 8472/1/5
f 8477/1/5 8473/1/5 8476/1/5
f 8482/1/5 8479/1/5 8478/1/5
f 8483/1/5 8479/1/5 8482/1/5
f 8484/1/5 8481/1/5 8480/1/5
f 8485/1/5 8481/1/5 8484/1/5
f 8490/1/5 8487/1/5 8486/1/5
f 8491/1/5 8487/1/5 8490/1/5
f 8492/1/5 8489/1/5 8488/1/5
f 8493/1/5 8489/1/5 8492/1/5
f 8498/1/5 8495/1/5 8494/1/5
f 8499/1/5 8495/1/5 8498/1/5
f 8500/1/5 8497/1/5 8496/1/5
f 8501/1/5 8497/1/5 8500/1/5
f 8506/1/5 8503/1/5 8502/1/5
f 8507/1/5 8503/1/5 8506/1/5
f 8508/1/5 8505/1/5 8504/1/5
f 8509/1/5 8505/1/5 8508/1/5
f 8514/1/5 8511/1/5 8510/1/5
f 8515/1/5 8511/1/5 8514/1/5
f 8516/1/5 8513/1/5 8512/1/5
f 8517/1/5 8513/1/5 8516/1/5
f 8522/1/5 8519/1/5 8518/1/5
f 8523/1/5 8519/1/5 8522/1/5
f 8524/1/5 8521/1/5 8520/1/5
f 8525/1/5 8521/1/5 8524/1/5
f 8530/1/5 8527/1/5 8526/1/5
f 8531/1/5 8527/1/5 8530/1/5
f 8532/1/5 8529/1/5 8528/1/5
f 8533/1/5 8529/1/5 8532/1/5
f 8538/1/5 8535/1/5 8534/1/5
f 8539/1/5 8535/1/5 8538/1/5
f 8540/1/5 8537/1/5 8536/1/5
f 8541/1/5 8537/1/5 8540/1/5
f 8546/1/5 8543/1/5 8542/1/5
f 8547/1/5 8543/1/5 8546/1/5
f 8548/1/5 8545/1/5 8544/1/5
f 8549/1/5 8545/1/5 8548/1/5
f 8554/1/5 8551/1/5 8550/1/5
f 8555/1/5 8551/1/5 8554/1/5
f 8556/1/5 8553/1/5 8552/1/5
f 8557/1/5 8553/1/5 8556/1/5
f 8562/1/5 8559/1/5 8558/1/5
f 8563/1/5 8559/1/5 8562/1/5
f 8564/1/5 8561/1/5 8560/1/5
f 8565/1/5 8561/1/5 8564/1/5
f 8570/1/5 8567/1/5 8566/1/5
f 8571/1/5 8567/1/5 8570/1/5
f 8572/1/5 8569/1/5 8568/1/5
f 8573/1/5 8569/1/5 8572/1/5
f 8578/1/5 8575/1/5 8574/1/5
f 8579/1/5 8575/1/5 8578/1/5
f 8580/1/5 8577/1/5 8576/1/5
f 8581/1/5 8577/1/5 8580/1/5
f 8586/1/5 8583/1/5 8582/1/5
f 8587/1/5 8583/1/5 8586/1/5
f 8588/1/5 8585/1/5 8584/1/5
f 8589/1/5 8585/1/5 8588/1/5
f 8594/1/5 8591/1/5 8590/1/5
f 8595/1/5 8591/1/5 8594/1/5
f 8596/1/5 8593/1/5 8592/1/5
f 8597/1/5 8593/1/5 8596/1/5
f 8602/1/5 8599/1/5 8598/1/5
f 8603/1/5 8599/1/5 8602/1/5
f 8604/1/5 8601/1/5 8600/1/5
f 8605/1/5 8601/1/5 8604/1/5
f 8610/1/5 8607/1/5 8606/1/5
f 8611/1/5 8607/1/5 8610/1/5
f 8612/1/5 8609/1/5 8608/1/5
f 8613/1/5 8609/1/5 8612/1/5
f 8618/1/5 8615/1/5 8614/1/5
f 8619/1/5 8615/1/5 8618/1/5
f 8620/1/5 8617/1/5 8616/1/5
f 8621/1/5 8617/1/5 8620/1/5
f 8626/1/5 8623/1/5 8622/1/5
f 8627/1/5 8623/1/5 8626/1/5
f 8628/1/5 8625/1/5 8624/1/5
f 8629/1/5 8625/1/5 8628/1/5
f 8634/1/5 8631/1/5 8630/1/5
f 8635/1/5 8631/1/5 8634/1/5
f 8636/1/5 8633/1/5 8632/1/5
f 8637/1/5 8633/1/5 8636/1/5
f 8642/1/5 8639/1/5 8638/1/5
f 8643/1/5 8639/1/5 8642/1/5
f 8644/1/5 8641/1/5 8640/1/5
f 8645/1/5 8641/1/5 8644/1/5
f 8650/1/5 8647/1/5 8646/1/5
f 8651/1/5 8647/1/5 8650/1/5
f 8652/1/5 8649/1/5 8648/1/5
f 8653/1/5 8649/1/5 8652/1/5
f 8659/3/5 8655/3/5 8654/3/5
f 8660/3/5 8655/3/5 8659/3/5
f 8663/3/5 8657/3/5 8656/3/5
f 8664/3/5 8657/3/5 8663/3/5
f 8666/3/5 8661/3/5 8660/3/5
f 8666/3/5 8659/3/5 8658/3/5
f 8666/3/5 8660/3/5 8659/3/5
f 8667/3/5 8661/3/5 8666/3/5
f 8668/3/5 8661/3/5 8667/3/5
f 8669/3/5 8661/3/5 8668/3/5
f 8670/3/5 8665/3/5 8664/3/5
f 8670/3/5 8664/3/5 8663/3/5
f 8670/3/5 8663/3/5 8662/3/5
f 8671/3/5 8665/3/5 8670/3/5
f 8672/3/5 8665/3/5 8671/3/5
f 8673/3/5 8665/3/5 8672/3/5
f 8674/3/5 8668/3/5 8667/3/5
f 8675/3/5 8668/3/5 8674/3/5
f 8676/3/5 8672/3/5 8671/3/5
f 8677/3/5 8672/3/5 8676/3/5
f 8683/3/5 8679/3/5 8678/3/5
f 8684/3/5 8679/3/5 8683/3/5
f 8687/3/5 8681/3/5 8680/3/5
f 8688/3/5 8681/3/5 8687/3/5
f 8691/3/5 8685/3/5 8684/3/5
f 8691/3/5 8683/3/5 8682/3/5
f 8691/3/5 8684/3/5 8683/3/5
f 8692/3/5 8685/3/5 8691/3/5
f 8693/3/5 8685/3/5 8692/3/5
f 8694/3/5 8685/3/5 8693/3/5
f 8697/3/5 8689/3/5 8688/3/5
f 8697/3/5 8688/3/5 8687/3/5
f 8697/3/5 8687/3/5 8686/3/5
f 8698/3/5 8689/3/5 8697/3/5
f 8699/3/5 8689/3/5 8698/3/5
f 8700/3/5 8689/3/5 8699/3/5
f 8703/3/5 8692/3/5 8691/3/5
f 8703/3/5 8691/3/5 8690/3/5
f 8704/3/5 8692/3/5 8703/3/5
f 8705/3/5 8692/3/5 8704/3/5
f 8706/3/5 8694/3/5 8693/3/5
f 8706/3/5 8695/3/5 8694/3/5
f 8707/3/5 8695/3/5 8706/3/5
f 8708/3/5 8695/3/5 8707/3/5
f 8711/3/5 8697/3/5 8696/3/5
f 8711/3/5 8698/3/5 8697/3/5
f 8712/3/5 8698/3/5 8711/3/5
f 8713/3/5 8698/3/5 8712/3/5
f 8714/3/5 8701/3/5 8700/3/5
f 8714/3/5 8700/3/5 8699/3/5
f 8715/3/5 8701/3/5 8714/3/5
f 8716/3/5 8701/3/5 8715/3/5
f 8718/3/5 8704/3/5 8703/3/5
f 8718/3/5 8703/3/5 8702/3/5
f 8719/3/5 8704/3/5 8718/3/5
f 8720/3/5 8704/3/5 8719/3/5
f 8723/3/5 8709/3/5 8708/3/5
f 8723/3/5 8708/3/5 8707/3/5
f 8724/3/5 8709/3/5 8723/3/5
f 8725/3/5 8709/3/5 8724/3/5
f 8726/3/5 8712/3/5 8711/3/5
f 8726/3/5 8711/3/5 8710/3/5
f 8727/3/5 8712/3/5 8726/3/5
f 8728/3/5 8712/3/5 8727/3/5
f 8731/3/5 8717/3/5 8716/3/5
f 8731/3/5 8716/3/5 8715/3/5
f 8732/3/5 8717/3/5 8731/3/5
f 8733/3/5 8717/3/5 8732/3/5
f 8734/3/5 8721/3/5 8720/3/5
f 8734/3/5 8720/3/5 8719/3/5
f 8735/3/5 8721/3/5 8734/3/5
f 8736/3/5 8721/3/5 8735/3/5
f 8737/3/5 8724/3/5 8723/3/5
f 8737/3/5 8723/3/5 8722/3/5
f 8738/3/5 8724/3/5 8737/3/5
f 8739/3/5 8724/3/5 8738/3/5
f 8740/3/5 8729/3/5 8728/3/5
f 8740/3/5 8728/3/5 8727/3/5
f 8741/3/5 8729/3/5 8740/3/5
f 8742/3/5 8729/3/5 8741/3/5
f 8743/3/5 8732/3/5 8731/3/5
f 8743/3/5 8731/3/5 8730/3/5
f 8744/3/5 8732/3/5 8743/3/5
f 8745/3/5 8732/3/5 8744/3/5
f 8746/3/5 8738/3/5 8737/3/5
f 8746/3/5 8737/3/5 8736/3/5
f 8746/3/5 8736/3/5 8735/3/5
f 8747/3/5 8738/3/5 8746/3/5
f 8748/3/5 8738/3/5 8747/3/5
f 8749/3/5 8738/3/5 8748/3/5
f 8750/3/5 8744/3/5 8743/3/5
f 8750/3/5 8742/3/5 8741/3/5
f 8750/3/5 8743/3/5 8742/3/5
f 8751/3/5 8744/3/5 8750/3/5
f 8752/3/5 8744/3/5 8751/3/5
f 8753/3/5 8744/3/5 8752/3/5
f 8754/3/5 8748/3/5 8747/3/5
f 8755/3/5 8748/3/5 8754/3/5
f 8756/3/5 8752/3/5 8751/3/5
f 8757/3/5 8752/3/5 8756/3/5
f 8764/3/5 8759/3/5 8758/3/5
f 8765/3/5 8759/3/5 8764/3/5
f 8770/3/5 8761/3/5 8760/3/5
f 8771/3/5 8761/3/5 8770/3/5
f 8775/3/5 8763/3/5 8762/3/5
f 8776/3/5 8763/3/5 8775/3/5
f 8777/3/5 8763/3/5 8776/3/5
f 8778/3/5 8767/3/5 8766/3/5
f 8779/3/5 8767/3/5 8778/3/5
f 8780/3/5 8767/3/5 8779/3/5
f 8783/3/5 8769/3/5 8768/3/5
f 8784/3/5 8769/3/5 8783/3/5
f 8785/3/5 8769/3/5 8784/3/5
f 8786/3/5 8773/3/5 8772/3/5
f 8787/3/5 8773/3/5 8786/3/5
f 8788/3/5 8773/3/5 8787/3/5
f 8791/3/5 8775/3/5 8774/3/5
f 8791/3/5 8776/3/5 8775/3/5
f 8792/3/5 8776/3/5 8791/3/5
f 8793/3/5 8776/3/5 8792/3/5
f 8794/3/5 8781/3/5 8780/3/5
f 8794/3/5 8780/3/5 8779/3/5
f 8795/3/5 8781/3/5 8794/3/5
f 8796/3/5 8781/3/5 8795/3/5
f 8799/3/5 8783/3/5 8782/3/5
f 8799/3/5 8784/3/5 8783/3/5
f 8800/3/5 8784/3/5 8799/3/5
f 8801/3/5 8784/3/5 8800/3/5
f 8802/3/5 8789/3/5 8788/3/5
f 8802/3/5 8788/3/5 8787/3/5
f 8803/3/5 8789/3/5 8802/3/5
f 8804/3/5 8789/3/5 8803/3/5
f 8807/3/5 8792/3/5 8791/3/5
f 8807/3/5 8791/3/5 8790/3/5
f 8808/3/5 8792/3/5 8807/3/5
f 8809/3/5 8792/3/5 8808/3/5
f 8810/3/5 8797/3/5 8796/3/5
f 8810/3/5 8796/3/5 8795/3/5
f 8811/3/5 8797/3/5 8810/3/5
f 8812/3/5 8797/3/5 8811/3/5
f 8815/3/5 8800/3/5 8799/3/5
f 8815/3/5 8799/3/5 8798/3/5
f 8816/3/5 8800/3/5 8815/3/5
f 8817/3/5 8800/3/5 8816/3/5
f 8818/3/5 8805/3/5 8804/3/5
f 8818/3/5 8804/3/5 8803/3/5
f 8819/3/5 8805/3/5 8818/3/5
f 8820/3/5 8805/3/5 8819/3/5
f 8822/3/5 8808/3/5 8807/3/5
f 8822/3/5 8807/3/5 8806/3/5
f 8823/3/5 8808/3/5 8822/3/5
f 8824/3/5 8808/3/5 8823/3/5
f 8827/3/5 8813/3/5 8812/3/5
f 8827/3/5 8812/3/5 8811/3/5
f 8828/3/5 8813/3/5 8827/3/5
f 8829/3/5 8813/3/5 8828/3/5
f 8830/3/5 8816/3/5 8815/3/5
f 8830/3/5 8815/3/5 8814/3/5
f 8831/3/5 8816/3/5 8830/3/5
f 8832/3/5 8816/3/5 8831/3/5
f 8835/3/5 8821/3/5 8820/3/5
f 8835/3/5 8820/3/5 8819/3/5
f 8836/3/5 8821/3/5 8835/3/5
f 8837/3/5 8821/3/5 8836/3/5
f 8838/3/5 8825/3/5 8824/3/5
f 8838/3/5 8824/3/5 8823/3/5
f 8839/3/5 8825/3/5 8838/3/5
f 8840/3/5 8825/3/5 8839/3/5
f 8843/3/5 8828/3/5 8827/3/5
f 8843/3/5 8827/3/5 8826/3/5
f 8844/3/5 8828/3/5 8843/3/5
f 8845/3/5 8828/3/5 8844/3/5
f 8846/3/5 8833/3/5 8832/3/5
f 8846/3/5 8832/3/5 8831/3/5
f 8847/3/5 8833/3/5 8846/3/5
f 8848/3/5 8833/3/5 8847/3/5
f 8851/3/5 8836/3/5 8835/3/5
f 8851/3/5 8835/3/5 8834/3/5
f 8852/3/5 8836/3/5 8851/3/5
f 8853/3/5 8836/3/5 8852/3/5
f 8854/3/5 8841/3/5 8840/3/5
f 8854/3/5 8840/3/5 8839/3/5
f 8855/3/5 8841/3/5 8854/3/5
f 8856/3/5 8841/3/5 8855/3/5
f 8859/3/5 8844/3/5 8843/3/5
f 8859/3/5 8843/3/5 8842/3/5
f 8860/3/5 8844/3/5 8859/3/5
f 8861/3/5 8844/3/5 8860/3/5
f 8862/3/5 8849/3/5 8848/3/5
f 8862/3/5 8848/3/5 8847/3/5
f 8863/3/5 8849/3/5 8862/3/5
f 8864/3/5 8849/3/5 8863/3/5
f 8867/3/5 8852/3/5 8851/3/5
f 8867/3/5 8851/3/5 8850/3/5
f 8868/3/5 8852/3/5 8867/3/5
f 8869/3/5 8852/3/5 8868/3/5
f 8870/3/5 8857/3/5 8856/3/5
f 8870/3/5 8856/3/5 8855/3/5
f 8871/3/5 8857/3/5 8870/3/5
f 8874/3/5 8860/3/5 8859/3/5
f 8874/3/5 8859/3/5 8858/3/5
f 8875/3/5 8860/3/5 8874/3/5
f 8876/3/5 8865/3/5 8864/3/5
f 8876/3/5 8864/3/5 8863/3/5
f 8877/3/5 8865/3/5 8876/3/5
f 8880/3/5 8868/3/5 8867/3/5
f 8880/3/5 8867/3/5 8866/3/5
f 8881/3/5 8868/3/5 8880/3/5
f 8882/3/5 8873/3/5 8872/3/5
f 8883/3/5 8873/3/5 8882/3/5
f 8884/3/5 8879/3/5 8878/3/5
f 8885/3/5 8879/3/5 8884/3/5
f 8893/3/5 8887/3/5 8886/3/5
f 8893/3/5 8888/3/5 8887/3/5
f 8893/3/5 8889/3/5 8888/3/5
f 8894/3/5 8889/3/5 8893/3/5
f 8897/3/5 8891/3/5 8890/3/5
f 8898/3/5 8891/3/5 8897/3/5
f 8901/3/5 8893/3/5 8892/3/5
f 8902/3/5 8893/3/5 8901/3/5
f 8903/3/5 8895/3/5 8894/3/5
f 8904/3/5 8895/3/5 8903/3/5
f 8907/3/5 8897/3/5 8896/3/5
f 8908/3/5 8897/3/5 8907/3/5
f 8909/3/5 8899/3/5 8898/3/5
f 8910/3/5 8899/3/5 8909/3/5
f 8913/3/5 8901/3/5 8900/3/5
f 8914/3/5 8901/3/5 8913/3/5
f 8915/3/5 8901/3/5 8914/3/5
f 8916/3/5 8905/3/5 8904/3/5
f 8917/3/5 8905/3/5 8916/3/5
f 8918/3/5 8905/3/5 8917/3/5
f 8921/3/5 8907/3/5 8906/3/5
f 8922/3/5 8907/3/5 8921/3/5
f 8923/3/5 8907/3/5 8922/3/5
f 8924/3/5 8911/3/5 8910/3/5
f 8925/3/5 8911/3/5 8924/3/5
f 8926/3/5 8911/3/5 8925/3/5
f 8928/3/5 8914/3/5 8913/3/5
f 8928/3/5 8913/3/5 8912/3/5
f 8929/3/5 8914/3/5 8928/3/5
f 8930/3/5 8919/3/5 8918/3/5
f 8930/3/5 8918/3/5 8917/3/5
f 8931/3/5 8919/3/5 8930/3/5
f 8932/3/5 8921/3/5 8920/3/5
f 8932/3/5 8922/3/5 8921/3/5
f 8933/3/5 8922/3/5 8932/3/5
f 8934/3/5 8927/3/5 8926/3/5
f 8934/3/5 8926/3/5 8925/3/5
f 8935/3/5 8927/3/5 8934/3/5
f 8937/3/5 8928/3/5 8912/3/5
f 8938/3/5 8928/3/5 8937/3/5
f 8939/3/5 8919/3/5 8931/3/5
f 8940/3/5 8919/3/5 8939/3/5
f 8943/3/5 8932/3/5 8920/3/5
f 8944/3/5 8932/3/5 8943/3/5
f 8945/3/5 8927/3/5 8935/3/5
f 8946/3/5 8927/3/5 8945/3/5
f 8948/3/5 8937/3/5 8936/3/5
f 8949/3/5 8937/3/5 8948/3/5
f 8952/3/5 8941/3/5 8940/3/5
f 8953/3/5 8941/3/5 8952/3/5
f 8954/3/5 8943/3/5 8942/3/5
f 8955/3/5 8943/3/5 8954/3/5
f 8958/3/5 8947/3/5 8946/3/5
f 8959/3/5 8947/3/5 8958/3/5
f 8960/3/5 8950/3/5 8949/3/5
f 8963/3/5 8952/3/5 8951/3/5
f 8964/3/5 8956/3/5 8955/3/5
f 8967/3/5 8958/3/5 8957/3/5
f 8968/3/5 8961/3/5 8960/3/5
f 8968/3/5 8960/3/5 8949/3/5
f 8969/3/5 8961/3/5 8968/3/5
f 8970/3/5 8961/3/5 8969/3/5
f 8973/3/5 8963/3/5 8962/3/5
f 8974/3/5 8952/3/5 8963/3/5
f 8974/3/5 8963/3/5 8973/3/5
f 8975/3/5 8952/3/5 8974/3/5
f 8976/3/5 8965/3/5 8964/3/5
f 8976/3/5 8964/3/5 8955/3/5
f 8977/3/5 8965/3/5 8976/3/5
f 8978/3/5 8965/3/5 8977/3/5
f 8981/3/5 8967/3/5 8966/3/5
f 8982/3/5 8958/3/5 8967/3/5
f 8982/3/5 8967/3/5 8981/3/5
f 8983/3/5 8958/3/5 8982/3/5
f 8984/3/5 8971/3/5 8970/3/5
f 8984/3/5 8970/3/5 8969/3/5
f 8985/3/5 8971/3/5 8984/3/5
f 8988/3/5 8973/3/5 8972/3/5
f 8988/3/5 8974/3/5 8973/3/5
f 8989/3/5 8974/3/5 8988/3/5
f 8990/3/5 8979/3/5 8978/3/5
f 8990/3/5 8978/3/5 8977/3/5
f 8991/3/5 8979/3/5 8990/3/5
f 8994/3/5 8981/3/5 8980/3/5
f 8994/3/5 8982/3/5 8981/3/5
f 8995/3/5 8982/3/5 8994/3/5
f 8996/3/5 8986/3/5 8985/3/5
f 8997/3/5 8986/3/5 8996/3/5
f 8998/3/5 8988/3/5 8987/3/5
f 8999/3/5 8988/3/5 8998/3/5
f 9000/3/5 8992/3/5 8991/3/5
f 9001/3/5 8992/3/5 9000/3/5
f 9002/3/5 8994/3/5 8993/3/5
f 9003/3/5 8994/3/5 9002/3/5
f 9004/3/5 8998/3/5 8997/3/5
f 9005/3/5 8998/3/5 9004/3/5
f 9006/3/5 9002/3/5 9001/3/5
f 9007/3/5 9002/3/5 9006/3/5
f 9008/3/5 9002/3/5 9007/3/5
f 9009/3/5 9002/3/5 9008/3/5
f 9014/4/5 9011/4/5 9010/4/5
f 9015/4/5 9013/4/5 9012/4/5
f 9018/4/5 9014/4/5 9010/4/5
f 9018/4/5 9015/4/5 9014/4/5
f 9019/4/5 9015/4/5 9018/4/5
f 9020/4/5 9013/4/5 9015/4/5
f 9020/4/5 9015/4/5 9019/4/5
f 9021/4/5 9013/4/5 9020/4/5
f 9024/1/5 9017/1/5 9016/1/5
f 9025/1/5 9017/1/5 9024/1/5
f 9026/4/5 9020/4/5 9019/4/5
f 9027/4/5 9020/4/5 9026/4/5
f 9028/4/5 9020/4/5 9027/4/5
f 9029/4/5 9020/4/5 9028/4/5
f 9030/1/5 9023/1/5 9022/1/5
f 9031/1/5 9023/1/5 9030/1/5
f 9040/3/5 9028/3/5 9027/3/5
f 9041/3/5 9028/3/5 9040/3/5
f 9042/3/5 9033/3/5 9032/3/5
f 9043/3/5 9033/3/5 9042/3/5
f 9048/3/5 9035/3/5 9034/3/5
f 9049/3/5 9035/3/5 9048/3/5
f 9050/3/5 9037/3/5 9036/3/5
f 9051/3/5 9037/3/5 9050/3/5
f 9056/3/5 9039/3/5 9038/3/5
f 9057/3/5 9039/3/5 9056/3/5
f 9058/3/5 9045/3/5 9044/3/5
f 9059/3/5 9045/3/5 9058/3/5
f 9064/3/5 9047/3/5 9046/3/5
f 9065/3/5 9047/3/5 9064/3/5
f 9066/3/5 9053/3/5 9052/3/5
f 9067/3/5 9053/3/5 9066/3/5
f 9071/3/5 9055/3/5 9054/3/5
f 9072/3/5 9055/3/5 9071/3/5
f 9073/3/5 9061/3/5 9060/3/5
f 9074/3/5 9061/3/5 9073/3/5
f 9077/3/5 9063/3/5 9062/3/5
f 9078/3/5 9063/3/5 9077/3/5
f 9079/3/5 9069/3/5 9068/3/5
f 9080/3/5 9069/3/5 9079/3/5
f 9083/3/5 9071/3/5 9070/3/5
f 9084/3/5 9071/3/5 9083/3/5
f 9085/3/5 9075/3/5 9074/3/5
f 9086/3/5 9075/3/5 9085/3/5
f 9089/3/5 9077/3/5 9076/3/5
f 9090/3/5 9077/3/5 9089/3/5
f 9091/3/5 9081/3/5 9080/3/5
f 9092/3/5 9081/3/5 9091/3/5
f 9094/2/5 9083/2/5 9082/2/5
f 9095/2/5 9083/2/5 9094/2/5
f 9098/3/5 9087/3/5 9086/3/5
f 9099/3/5 9087/3/5 9098/3/5
f 9100/2/5 9089/2/5 9088/2/5
f 9101/2/5 9089/2/5 9100/2/5
f 9104/3/5 9093/3/5 9092/3/5
f 9105/3/5 9093/3/5 9104/3/5
f 9106/3/5 9096/3/5 9095/3/5
f 9107/3/5 9096/3/5 9106/3/5
f 9110/3/5 9098/3/5 9097/3/5
f 9111/3/5 9098/3/5 9110/3/5
f 9112/3/5 9102/3/5 9101/3/5
f 9113/3/5 9102/3/5 9112/3/5
f 9116/3/5 9104/3/5 9103/3/5
f 9117/3/5 9104/3/5 9116/3/5
f 9118/3/5 9108/3/5 9107/3/5
f 9119/3/5 9108/3/5 9118/3/5
f 9124/3/5 9110/3/5 9109/3/5
f 9125/3/5 9110/3/5 9124/3/5
f 9126/3/5 9114/3/5 9113/3/5
f 9127/3/5 9114/3/5 9126/3/5
f 9132/3/5 9116/3/5 9115/3/5
f 9133/3/5 9116/3/5 9132/3/5
f 9134/3/5 9121/3/5 9120/3/5
f 9135/3/5 9121/3/5 9134/3/5
f 9140/3/5 9123/3/5 9122/3/5
f 9141/3/5 9123/3/5 9140/3/5
f 9142/3/5 9129/3/5 9128/3/5
f 9143/3/5 9129/3/5 9142/3/5
f 9148/3/5 9131/3/5 9130/3/5
f 9149/3/5 9131/3/5 9148/3/5
f 9150/3/5 9137/3/5 9136/3/5
f 9151/3/5 9137/3/5 9150/3/5
f 9152/3/5 9139/3/5 9138/3/5
f 9153/3/5 9139/3/5 9152/3/5
f 9154/3/5 9145/3/5 9144/3/5
f 9155/3/5 9145/3/5 9154/3/5
f 9157/3/5 9147/3/5 9146/3/5
f 9158/3/5 9147/3/5 9157/3/5
f 9161/1/5 9156/1/5 9155/1/5
f 9162/1/5 9156/1/5 9161/1/5
f 9163/1/5 9160/1/5 9159/1/5
f 9164/1/5 9160/1/5 9163/1/5
f 9174/2/5 9166/2/5 9165/2/5
f 9175/3/5 9167/3/5 9166/3/5
f 9175/2/5 9166/2/5 9174/2/5
f 9176/3/5 9167/3/5 9175/3/5
f 9181/2/5 9169/2/5 9168/2/5
f 9182/2/5 9169/2/5 9181/2/5
f 9183/3/5 9171/3/5 9170/3/5
f 9184/3/5 9171/3/5 9183/3/5
f 9189/2/5 9173/2/5 9172/2/5
f 9190/2/5 9173/2/5 9189/2/5
f 9191/3/5 9178/3/5 9177/3/5
f 9192/3/5 9178/3/5 9191/3/5
f 9197/2/5 9180/2/5 9179/2/5
f 9198/2/5 9180/2/5 9197/2/5
f 9199/3/5 9186/3/5 9185/3/5
f 9200/3/5 9186/3/5 9199/3/5
f 9205/2/5 9188/2/5 9187/2/5
f 9206/2/5 9188/2/5 9205/2/5
f 9207/3/5 9194/3/5 9193/3/5
f 9208/3/5 9194/3/5 9207/3/5
f 9211/2/5 9196/2/5 9195/2/5
f 9212/2/5 9196/2/5 9211/2/5
f 9213/3/5 9202/3/5 9201/3/5
f 9214/3/5 9202/3/5 9213/3/5
f 9215/2/5 9204/2/5 9203/2/5
f 9216/2/5 9204/2/5 9215/2/5
f 9217/3/5 9210/3/5 9209/3/5
f 9218/3/5 9210/3/5 9217/3/5
f 9227/2/5 9220/2/5 9219/2/5
f 9228/2/5 9220/2/5 9227/2/5
f 9229/3/5 9222/3/5 9221/3/5
f 9230/3/5 9222/3/5 9229/3/5
f 9231/2/5 9224/2/5 9223/2/5
f 9232/2/5 9224/2/5 9231/2/5
f 9233/3/5 9226/3/5 9225/3/5
f 9234/3/5 9226/3/5 9233/3/5
f 9243/2/5 9236/2/5 9235/2/5
f 9244/2/5 9236/2/5 9243/2/5
f 9245/3/5 9238/3/5 9237/3/5
f 9246/3/5 9238/3/5 9245/3/5
f 9247/2/5 9240/2/5 9239/2/5
f 9248/2/5 9240/2/5 9247/2/5
f 9249/3/5 9242/3/5 9241/3/5
f 9250/3/5 9242/3/5 9249/3/5
f 9259/2/5 9252/2/5 9251/2/5
f 9260/2/5 9252/2/5 9259/2/5
f 9265/3/5 9254/3/5 9253/3/5
f 9266/3/5 9254/3/5 9265/3/5
f 9267/2/5 9256/2/5 9255/2/5
f 9268/2/5 9256/2/5 9267/2/5
f 9273/3/5 9258/3/5 9257/3/5
f 9274/3/5 9258/3/5 9273/3/5
f 9275/2/5 9262/2/5 9261/2/5
f 9276/2/5 9262/2/5 9275/2/5
f 9281/3/5 9264/3/5 9263/3/5
f 9282/3/5 9264/3/5 9281/3/5
f 9283/2/5 9270/2/5 9269/2/5
f 9284/2/5 9270/2/5 9283/2/5
f 9289/3/5 9272/3/5 9271/3/5
f 9290/3/5 9272/3/5 9289/3/5
f 9291/2/5 9278/2/5 9277/2/5
f 9292/2/5 9278/2/5 9291/2/5
f 9296/3/5 9280/3/5 9279/3/5
f 9297/3/5 9280/3/5 9296/3/5
f 9298/2/5 9286/2/5 9285/2/5
f 9299/2/5 9286/2/5 9298/2/5
f 9302/3/5 9288/3/5 9287/3/5
f 9303/3/5 9288/3/5 9302/3/5
f 9304/2/5 9294/2/5 9293/2/5
f 9305/2/5 9294/2/5 9304/2/5
f 9306/3/5 9295/3/5 9294/3/5
f 9306/2/5 9294/2/5 9305/2/5
f 9307/3/5 9295/3/5 9306/3/5
f 9308/3/5 9301/3/5 9300/3/5
f 9309/3/5 9301/3/5 9308/3/5
f 9319/2/5 9311/2/5 9310/2/5
f 9320/2/5 9311/2/5 9319/2/5
f 9325/2/5 9313/2/5 9312/2/5
f 9325/2/5 9314/2/5 9313/2/5
f 9326/2/5 9314/2/5 9325/2/5
f 9327/2/5 9316/2/5 9315/2/5
f 9328/2/5 9316/2/5 9327/2/5
f 9333/2/5 9318/2/5 9317/2/5
f 9334/2/5 9318/2/5 9333/2/5
f 9335/2/5 9322/2/5 9321/2/5
f 9336/2/5 9322/2/5 9335/2/5
f 9341/2/5 9324/2/5 9323/2/5
f 9342/2/5 9324/2/5 9341/2/5
f 9343/2/5 9330/2/5 9329/2/5
f 9344/2/5 9330/2/5 9343/2/5
f 9347/2/5 9332/2/5 9331/2/5
f 9348/2/5 9332/2/5 9347/2/5
f 9349/2/5 9338/2/5 9337/2/5
f 9350/2/5 9338/2/5 9349/2/5
f 9351/2/5 9340/2/5 9339/2/5
f 9352/2/5 9340/2/5 9351/2/5
f 9353/2/5 9346/2/5 9345/2/5
f 9354/2/5 9346/2/5 9353/2/5
f 9364/2/5 9356/2/5 9355/2/5
f 9365/2/5 9356/2/5 9364/2/5
f 9366/2/5 9358/2/5 9357/2/5
f 9367/2/5 9358/2/5 9366/2/5
f 9370/2/5 9360/2/5 9359/2/5
f 9371/2/5 9360/2/5 9370/2/5
f 9372/2/5 9362/2/5 9361/2/5
f 9373/2/5 9362/2/5 9372/2/5
f 9375/2/5 9364/2/5 9363/2/5
f 9376/2/5 9364/2/5 9375/2/5
f 9379/2/5 9368/2/5 9367/2/5
f 9380/2/5 9368/2/5 9379/2/5
f 9381/2/5 9370/2/5 9369/2/5
f 9382/2/5 9370/2/5 9381/2/5
f 9385/2/5 9374/2/5 9373/2/5
f 9386/2/5 9374/2/5 9385/2/5
f 9387/2/5 9377/2/5 9376/2/5
f 9388/2/5 9377/2/5 9387/2/5
f 9389/2/5 9379/2/5 9378/2/5
f 9390/2/5 9379/2/5 9389/2/5
f 9391/2/5 9383/2/5 9382/2/5
f 9392/2/5 9383/2/5 9391/2/5
f 9393/2/5 9385/2/5 9384/2/5
f 9394/2/5 9385/2/5 9393/2/5
f 9403/2/5 9396/2/5 9395/2/5
f 9404/2/5 9396/2/5 9403/2/5
f 9409/2/5 9398/2/5 9397/2/5
f 9410/2/5 9398/2/5 9409/2/5
f 9411/2/5 9400/2/5 9399/2/5
f 9412/2/5 9400/2/5 9411/2/5
f 9417/2/5 9402/2/5 9401/2/5
f 9418/2/5 9402/2/5 9417/2/5
f 9419/2/5 9406/2/5 9405/2/5
f 9420/2/5 9406/2/5 9419/2/5
f 9425/2/5 9408/2/5 9407/2/5
f 9426/2/5 9408/2/5 9425/2/5
f 9427/2/5 9414/2/5 9413/2/5
f 9428/2/5 9414/2/5 9427/2/5
f 9433/2/5 9416/2/5 9415/2/5
f 9434/2/5 9416/2/5 9433/2/5
f 9435/2/5 9422/2/5 9421/2/5
f 9436/2/5 9422/2/5 9435/2/5
f 9437/2/5 9424/2/5 9423/2/5
f 9438/2/5 9424/2/5 9437/2/5
f 9439/2/5 9430/2/5 9429/2/5
f 9440/2/5 9430/2/5 9439/2/5
f 9442/2/5 9432/2/5 9431/2/5
f 9443/4/5 9436/4/5 9435/4/5
f 9443/4/5 9434/4/5 9433/4/5
f 9443/2/5 9432/2/5 9442/2/5
f 9443/4/5 9433/4/5 9432/4/5
f 9443/4/5 9435/4/5 9434/4/5
f 9445/4/5 9442/4/5 9441/4/5
f 9445/4/5 9443/4/5 9442/4/5
f 9446/4/5 9436/4/5 9443/4/5
f 9446/4/5 9443/4/5 9445/4/5
f 9448/4/5 9445/4/5 9444/4/5
f 9448/4/5 9447/4/5 9446/4/5
f 9448/4/5 9446/4/5 9445/4/5
f 9449/4/5 9447/4/5 9448/4/5
f 9450/4/5 9448/4/5 9444/4/5
f 9451/4/5 9448/4/5 9450/4/5
f 9452/4/5 9447/4/5 9449/4/5
f 9453/4/5 9447/4/5 9452/4/5
f 9456/1/5 9455/1/5 9454/1/5
f 9457/1/5 9455/1/5 9456/1/5
f 9462/1/5 9459/1/5 9458/1/5
f 9463/1/5 9459/1/5 9462/1/5
f 9464/1/5 9461/1/5 9460/1/5
f 9465/1/5 9461/1/5 9464/1/5
f 9470/1/5 9467/1/5 9466/1/5
f 9471/1/5 9467/1/5 9470/1/5
f 9472/1/5 9469/1/5 9468/1/5
f 9473/1/5 9469/1/5 9472/1/5
f 9477/3/5 9475/3/5 9474/3/5
f 9478/3/5 9475/3/5 9477/3/5
f 9480/3/5 9477/3/5 9476/3/5
f 9480/3/5 9479/3/5 9478/3/5
f 9480/3/5 9478/3/5 9477/3/5
f 9481/3/5 9479/3/5 9480/3/5
f 9482/3/5 9479/3/5 9481/3/5
f 9483/3/5 9479/3/5 9482/3/5
f 9484/3/5 9482/3/5 9481/3/5
f 9485/3/5 9482/3/5 9484/3/5
f 9490/1/5 9487/1/5 9486/1/5
f 9491/1/5 9487/1/5 9490/1/5
f 9492/1/5 9489/1/5 9488/1/5
f 9493/1/5 9489/1/5 9492/1/5
f 9497/3/5 9495/3/5 9494/3/5
f 9498/3/5 9495/3/5 9497/3/5
f 9501/3/5 9497/3/5 9496/3/5
f 9501/3/5 9499/3/5 9498/3/5
f 9501/3/5 9498/3/5 9497/3/5
f 9502/3/5 9499/3/5 9501/3/5
f 9503/3/5 9499/3/5 9502/3/5
f 9504/3/5 9499/3/5 9503/3/5
f 9507/3/5 9501/3/5 9500/3/5
f 9507/3/5 9502/3/5 9501/3/5
f 9508/3/5 9502/3/5 9507/3/5
f 9509/3/5 9502/3/5 9508/3/5
f 9510/3/5 9504/3/5 9503/3/5
f 9510/3/5 9505/3/5 9504/3/5
f 9511/3/5 9505/3/5 9510/3/5
f 9512/3/5 9505/3/5 9511/3/5
f 9514/3/5 9508/3/5 9507/3/5
f 9514/3/5 9507/3/5 9506/3/5
f 9515/3/5 9508/3/5 9514/3/5
f 9516/3/5 9508/3/5 9515/3/5
f 9519/3/5 9513/3/5 9512/3/5
f 9519/3/5 9512/3/5 9511/3/5
f 9520/3/5 9513/3/5 9519/3/5
f 9521/3/5 9513/3/5 9520/3/5
f 9522/3/5 9517/3/5 9516/3/5
f 9522/3/5 9516/3/5 9515/3/5
f 9523/3/5 9517/3/5 9522/3/5
f 9524/3/5 9517/3/5 9523/3/5
f 9525/3/5 9520/3/5 9519/3/5
f 9525/3/5 9519/3/5 9518/3/5
f 9526/3/5 9520/3/5 9525/3/5
f 9527/3/5 9520/3/5 9526/3/5
f 9528/3/5 9524/3/5 9523/3/5
f 9528/3/5 9526/3/5 9525/3/5
f 9528/3/5 9525/3/5 9524/3/5
f 9529/3/5 9526/3/5 9528/3/5
f 9530/3/5 9526/3/5 9529/3/5
f 9531/3/5 9526/3/5 9530/3/5
f 9532/3/5 9530/3/5 9529/3/5
f 9533/3/5 9530/3/5 9532/3/5
f 9538/1/5 9535/1/5 9534/1/5
f 9539/1/5 9535/1/5 9538/1/5
f 9540/1/5 9537/1/5 9536/1/5
f 9541/1/5 9537/1/5 9540/1/5
f 9546/3/5 9543/3/5 9542/3/5
f 9547/3/5 9543/3/5 9546/3/5
f 9551/3/5 9545/3/5 9544/3/5
f 9552/3/5 9545/3/5 9551/3/5
f 9553/3/5 9545/3/5 9552/3/5
f 9554/3/5 9549/3/5 9548/3/5
f 9555/3/5 9549/3/5 9554/3/5
f 9556/3/5 9549/3/5 9555/3/5
f 9559/3/5 9551/3/5 9550/3/5
f 9559/3/5 9552/3/5 9551/3/5
f 9560/3/5 9552/3/5 9559/3/5
f 9561/3/5 9552/3/5 9560/3/5
f 9562/3/5 9557/3/5 9556/3/5
f 9562/3/5 9556/3/5 9555/3/5
f 9563/3/5 9557/3/5 9562/3/5
f 9564/3/5 9557/3/5 9563/3/5
f 9567/3/5 9560/3/5 9559/3/5
f 9567/3/5 9559/3/5 9558/3/5
f 9568/3/5 9560/3/5 9567/3/5
f 9569/3/5 9560/3/5 9568/3/5
f 9570/3/5 9565/3/5 9564/3/5
f 9570/3/5 9564/3/5 9563/3/5
f 9571/3/5 9565/3/5 9570/3/5
f 9572/3/5 9565/3/5 9571/3/5
f 9574/3/5 9568/3/5 9567/3/5
f 9574/3/5 9567/3/5 9566/3/5
f 9575/3/5 9568/3/5 9574/3/5
f 9576/3/5 9568/3/5 9575/3/5
f 9579/3/5 9573/3/5 9572/3/5
f 9579/3/5 9572/3/5 9571/3/5
f 9580/3/5 9573/3/5 9579/3/5
f 9581/3/5 9573/3/5 9580/3/5
f 9582/3/5 9577/3/5 9576/3/5
f 9582/3/5 9576/3/5 9575/3/5
f 9583/3/5 9577/3/5 9582/3/5
f 9584/3/5 9577/3/5 9583/3/5
f 9587/3/5 9580/3/5 9579/3/5
f 9587/3/5 9579/3/5 9578/3/5
f 9588/3/5 9580/3/5 9587/3/5
f 9589/3/5 9580/3/5 9588/3/5
f 9590/3/5 9585/3/5 9584/3/5
f 9590/3/5 9584/3/5 9583/3/5
f 9591/3/5 9585/3/5 9590/3/5
f 9592/3/5 9585/3/5 9591/3/5
f 9595/3/5 9588/3/5 9587/3/5
f 9595/3/5 9587/3/5 9586/3/5
f 9596/3/5 9588/3/5 9595/3/5
f 9597/3/5 9588/3/5 9596/3/5
f 9598/3/5 9593/3/5 9592/3/5
f 9598/3/5 9592/3/5 9591/3/5
f 9599/3/5 9593/3/5 9598/3/5
f 9602/3/5 9596/3/5 9595/3/5
f 9602/3/5 9595/3/5 9594/3/5
f 9603/3/5 9596/3/5 9602/3/5
f 9604/3/5 9601/3/5 9600/3/5
f 9605/3/5 9601/3/5 9604/3/5
f 9609/3/5 9607/3/5 9606/3/5
f 9610/3/5 9607/3/5 9609/3/5
f 9613/3/5 9609/3/5 9608/3/5
f 9614/3/5 9609/3/5 9613/3/5
f 9615/3/5 9611/3/5 9610/3/5
f 9616/3/5 9611/3/5 9615/3/5
f 9619/3/5 9613/3/5 9612/3/5
f 9620/3/5 9613/3/5 9619/3/5
f 9621/3/5 9613/3/5 9620/3/5
f 9622/3/5 9617/3/5 9616/3/5
f 9623/3/5 9617/3/5 9622/3/5
f 9624/3/5 9617/3/5 9623/3/5
f 9626/3/5 9619/3/5 9618/3/5
f 9626/3/5 9620/3/5 9619/3/5
f 9627/3/5 9620/3/5 9626/3/5
f 9628/3/5 9625/3/5 9624/3/5
f 9628/3/5 9624/3/5 9623/3/5
f 9629/3/5 9625/3/5 9628/3/5
f 9631/3/5 9626/3/5 9618/3/5
f 9632/3/5 9626/3/5 9631/3/5
f 9633/3/5 9625/3/5 9629/3/5
f 9634/3/5 9625/3/5 9633/3/5
f 9636/3/5 9631/3/5 9630/3/5
f 9637/3/5 9631/3/5 9636/3/5
f 9640/3/5 9635/3/5 9634/3/5
f 9641/3/5 9635/3/5 9640/3/5
f 9642/3/5 9638/3/5 9637/3/5
f 9645/3/5 9640/3/5 9639/3/5
f 9646/3/5 9643/3/5 9642/3/5
f 9646/3/5 9642/3/5 9637/3/5
f 9647/3/5 9643/3/5 9646/3/5
f 9648/3/5 9643/3/5 9647/3/5
f 9651/3/5 9645/3/5 9644/3/5
f 9652/3/5 9640/3/5 9645/3/5
f 9652/3/5 9645/3/5 9651/3/5
f 9653/3/5 9640/3/5 9652/3/5
f 9654/3/5 9649/3/5 9648/3/5
f 9654/3/5 9648/3/5 9647/3/5
f 9655/3/5 9649/3/5 9654/3/5
f 9658/3/5 9651/3/5 9650/3/5
f 9658/3/5 9652/3/5 9651/3/5
f 9659/3/5 9652/3/5 9658/3/5
f 9660/3/5 9656/3/5 9655/3/5
f 9661/3/5 9656/3/5 9660/3/5
f 9662/3/5 9658/3/5 9657/3/5
f 9663/3/5 9658/3/5 9662/3/5
f 9664/3/5 9662/3/5 9661/3/5
f 9665/3/5 9662/3/5 9664/3/5
f 9670/1/5 9667/1/5 9666/1/5
f 9671/1/5 9667/1/5 9670/1/5
f 9676/1/5 9669/1/5 9668/1/5
f 9677/1/5 9669/1/5 9676/1/5
f 9680/3/5 9673/3/5 9672/3/5
f 9681/3/5 9673/3/5 9680/3/5
f 9682/3/5 9675/3/5 9674/3/5
f 9683/3/5 9675/3/5 9682/3/5
f 9688/3/5 9679/3/5 9678/3/5
f 9689/3/5 9679/3/5 9688/3/5
f 9690/3/5 9685/3/5 9684/3/5
f 9691/3/5 9685/3/5 9690/3/5
f 9695/3/5 9687/3/5 9686/3/5
f 9696/3/5 9687/3/5 9695/3/5
f 9697/3/5 9693/3/5 9692/3/5
f 9698/3/5 9693/3/5 9697/3/5
f 9701/3/5 9695/3/5 9694/3/5
f 9702/3/5 9695/3/5 9701/3/5
f 9703/3/5 9699/3/5 9698/3/5
f 9704/3/5 9699/3/5 9703/3/5
f 9706/2/5 9701/2/5 9700/2/5
f 9707/2/5 9701/2/5 9706/2/5
f 9710/3/5 9705/3/5 9704/3/5
f 9711/3/5 9705/3/5 9710/3/5
f 9712/3/5 9708/3/5 9707/3/5
f 9713/3/5 9708/3/5 9712/3/5
f 9716/3/5 9710/3/5 9709/3/5
f 9717/3/5 9710/3/5 9716/3/5
f 9718/3/5 9714/3/5 9713/3/5
f 9719/3/5 9714/3/5 9718/3/5
f 9724/3/5 9716/3/5 9715/3/5
f 9725/3/5 9716/3/5 9724/3/5
f 9726/3/5 9721/3/5 9720/3/5
f 9727/3/5 9721/3/5 9726/3/5
f 9732/3/5 9723/3/5 9722/3/5
f 9733/3/5 9723/3/5 9732/3/5
f 9734/3/5 9729/3/5 9728/3/5
f 9735/3/5 9729/3/5 9734/3/5
f 9736/3/5 9731/3/5 9730/3/5
f 9737/3/5 9731/3/5 9736/3/5
f 9742/1/5 9739/1/5 9738/1/5
f 9743/1/5 9739/1/5 9742/1/5
f 9744/1/5 9741/1/5 9740/1/5
f 9745/1/5 9741/1/5 9744/1/5
f 9751/2/5 9747/2/5 9746/2/5
f 9752/3/5 9748/3/5 9747/3/5
f 9752/2/5 9747/2/5 9751/2/5
f 9753/3/5 9748/3/5 9752/3/5
f 9758/2/5 9750/2/5 9749/2/5
f 9759/2/5 9750/2/5 9758/2/5
f 9760/3/5 9755/3/5 9754/3/5
f 9761/3/5 9755/3/5 9760/3/5
f 9766/2/5 9757/2/5 9756/2/5
f 9767/2/5 9757/2/5 9766/2/5
f 9768/3/5 9763/3/5 9762/3/5
f 9769/3/5 9763/3/5 9768/3/5
f 9772/2/5 9765/2/5 9764/2/5
f 9773/2/5 9765/2/5 9772/2/5
f 9774/3/5 9771/3/5 9770/3/5
f 9775/3/5 9771/3/5 9774/3/5
f 9780/2/5 9777/2/5 9776/2/5
f 9781/2/5 9777/2/5 9780/2/5
f 9782/3/5 9779/3/5 9778/3/5
f 9783/3/5 9779/3/5 9782/3/5
f 9788/2/5 9785/2/5 9784/2/5
f 9789/2/5 9785/2/5 9788/2/5
f 9790/3/5 9787/3/5 9786/3/5
f 9791/3/5 9787/3/5 9790/3/5
f 9796/2/5 9793/2/5 9792/2/5
f 9797/2/5 9793/2/5 9796/2/5
f 9802/3/5 9795/3/5 9794/3/5
f 9803/3/5 9795/3/5 9802/3/5
f 9804/2/5 9799/2/5 9798/2/5
f 9805/2/5 9799/2/5 9804/2/5
f 9810/3/5 9801/3/5 9800/3/5
f 9811/3/5 9801/3/5 9810/3/5
f 9812/2/5 9807/2/5 9806/2/5
f 9813/2/5 9807/2/5 9812/2/5
f 9817/3/5 9809/3/5 9808/3/5
f 9818/3/5 9809/3/5 9817/3/5
f 9819/2/5 9815/2/5 9814/2/5
f 9820/3/5 9816/3/5 9815/3/5
f 9820/2/5 9815/2/5 9819/2/5
f 9821/3/5 9816/3/5 9820/3/5
f 9830/1/5 9823/1/5 9822/1/5
f 9831/1/5 9823/1/5 9830/1/5
f 9834/2/5 9827/2/5 9826/2/5
f 9835/2/5 9827/2/5 9834/2/5
f 9836/2/5 9829/2/5 9828/2/5
f 9837/2/5 9829/2/5 9836/2/5
f 9840/1/5 9825/1/5 9824/1/5
f 9841/1/5 9825/1/5 9840/1/5
f 9844/2/5 9833/2/5 9832/2/5
f 9845/2/5 9833/2/5 9844/2/5
f 9846/2/5 9839/2/5 9838/2/5
f 9847/2/5 9839/2/5 9846/2/5
f 9850/2/5 9843/2/5 9842/2/5
f 9851/2/5 9843/2/5 9850/2/5
f 9852/2/5 9849/2/5 9848/2/5
f 9853/2/5 9849/2/5 9852/2/5
f 9859/2/5 9855/2/5 9854/2/5
f 9860/2/5 9855/2/5 9859/2/5
f 9861/2/5 9857/2/5 9856/2/5
f 9862/2/5 9857/2/5 9861/2/5
f 9864/2/5 9859/2/5 9858/2/5
f 9865/2/5 9859/2/5 9864/2/5
f 9868/2/5 9863/2/5 9862/2/5
f 9869/2/5 9863/2/5 9868/2/5
f 9870/2/5 9866/2/5 9865/2/5
f 9871/2/5 9866/2/5 9870/2/5
f 9872/2/5 9868/2/5 9867/2/5
f 9873/2/5 9868/2/5 9872/2/5
f 9878/2/5 9875/2/5 9874/2/5
f 9879/2/5 9875/2/5 9878/2/5
f 9884/2/5 9877/2/5 9876/2/5
f 9885/2/5 9877/2/5 9884/2/5
f 9886/2/5 9881/2/5 9880/2/5
f 9887/2/5 9881/2/5 9886/2/5
f 9892/2/5 9883/2/5 9882/2/5
f 9893/2/5 9883/2/5 9892/2/5
f 9896/2/5 9889/2/5 9888/2/5
f 9897/2/5 9889/2/5 9896/2/5
f 9898/2/5 9891/2/5 9890/2/5
f 9899/2/5 9891/2/5 9898/2/5
f 9902/1/5 9895/1/5 9894/1/5
f 9903/1/5 9895/1/5 9902/1/5
f 9904/1/5 9901/1/5 9900/1/5
f 9905/1/5 9901/1/5 9904/1/5
f 9910/1/5 9907/1/5 9906/1/5
f 9911/1/5 9907/1/5 9910/1/5
f 9912/1/5 9909/1/5 9908/1/5
f 9913/1/5 9909/1/5 9912/1/5
f 9918/1/5 9915/1/5 9914/1/5
f 9919/1/5 9915/1/5 9918/1/5
f 9920/1/5 9917/1/5 9916/1/5
f 9921/1/5 9917/1/5 9920/1/5
f 9926/1/5 9923/1/5 9922/1/5
f 9927/1/5 9923/1/5 9926/1/5
f 9928/1/5 9925/1/5 9924/1/5
f 9929/1/5 9925/1/5 9928/1/5
f 9934/1/5 9931/1/5 9930/1/5
f 9935/1/5 9931/1/5 9934/1/5
f 9936/1/5 9933/1/5 9932/1/5
f 9937/1/5 9933/1/5 9936/1/5
f 9942/1/5 9939/1/5 9938/1/5
f 9943/1/5 9939/1/5 9942/1/5
f 9944/1/5 9941/1/5 9940/1/5
f 9945/1/5 9941/1/5 9944/1/5
f 9950/1/5 9947/1/5 9946/1/5
f 9951/1/5 9947/1/5 9950/1/5
f 9952/1/5 9949/1/5 9948/1/5
f 9953/1/5 9949/1/5 9952/1/5
f 9958/1/5 9955/1/5 9954/1/5
f 9959/1/5 9955/1/5 9958/1/5
f 9960/1/5 9957/1/5 9956/1/5
f 9961/1/5 9957/1/5 9960/1/5
f 9966/1/5 9963/1/5 9962/1/5
f 9967/1/5 9963/1/5 9966/1/5
f 9968/1/5 9965/1/5 9964/1/5
f 9969/1/5 9965/1/5 9968/1/5
f 9974/1/5 9971/1/5 9970/1/5
f 9975/1/5 9971/1/5 9974/1/5
f 9976/1/5 9973/1/5 9972/1/5
f 9977/1/5 9973/1/5 9976/1/5
f 9982/1/5 9979/1/5 9978/1/5
f 9983/1/5 9979/1/5 9982/1/5
f 9984/1/5 9981/1/5 9980/1/5
f 9985/1/5 9981/1/5 9984/1/5
f 9990/1/5 9987/1/5 9986/1/5
f 9991/1/5 9987/1/5 9990/1/5
f 9992/1/5 9989/1/5 9988/1/5
f 9993/1/5 9989/1/5 9992/1/5
f 9998/1/5 9995/1/5 9994/1/5
f 9999/1/5 9995/1/5 9998/1/5
f 10000/1/5 9997/1/5 9996/1/5
f 10001/1/5 9997/1/5 10000/1/5
f 10006/1/5 10003/1/5 10002/1/5
f 10007/1/5 10003/1/5 10006/1/5
f 10008/1/5 10005/1/5 10004/1/5
f 10009/1/5 10005/1/5 10008/1/5
f 10010/1/5 10005/1/5 10009/1/5
f 10015/1/5 10012/1/5 10011/1/5
f 10016/1/5 10012/1/5 10015/1/5
f 10017/1/5 10014/1/5 10013/1/5
f 10018/1/5 10014/1/5 10017/1/5
f 10021/1/5 10020/1/5 10019/1/5
f 10022/1/5 10020/1/5 10021/1/5
f 10025/1/5 10024/1/5 10023/1/5
f 10026/1/5 10024/1/5 10025/1/5
f 10027/4/6 10028/4/6 10029/4/6
f 10029/4/6 10028/4/6 10030/4/6
f 10031/4/6 10032/4/6 10033/4/6
f 10033/4/6 10032/4/6 10034/4/6
f 10035/4/6 10036/4/6 10039/4/6
f 10039/4/6 10036/4/6 10040/4/6
f 10037/4/6 10038/4/6 10041/4/6
f 10041/4/6 10038/4/6 10042/4/6
f 10043/4/6 10044/4/6 10047/4/6
f 10047/4/6 10044/4/6 10048/4/6
f 10045/4/6 10046/4/6 10049/4/6
f 10049/4/6 10046/4/6 10050/4/6
f 10051/4/6 10052/4/6 10055/4/6
f 10055/4/6 10052/4/6 10056/4/6
f 10053/4/6 10054/4/6 10057/4/6
f 10057/4/6 10054/4/6 10058/4/6
f 10059/4/6 10060/4/6 10063/4/6
f 10063/4/6 10060/4/6 10064/4/6
f 10061/4/6 10062/4/6 10065/4/6
f 10065/4/6 10062/4/6 10066/4/6
f 10067/4/6 10068/4/6 10071/4/6
f 10071/4/6 10068/4/6 10072/4/6
f 10069/4/6 10070/4/6 10073/4/6
f 10073/4/6 10070/4/6 10074/4/6
f 10075/4/6 10076/4/6 10079/4/6
f 10079/4/6 10076/4/6 10080/4/6
f 10077/4/6 10078/4/6 10081/4/6
f 10081/4/6 10078/4/6 10082/4/6
f 10083/4/6 10084/4/6 10087/4/6
f 10087/4/6 10084/4/6 10088/4/6
f 10085/4/6 10086/4/6 10089/4/6
f 10089/4/6 10086/4/6 10090/4/6
f 10091/4/6 10092/4/6 10095/4/6
f 10095/4/6 10092/4/6 10096/4/6
f 10093/4/6 10094/4/6 10097/4/6
f 10097/4/6 10094/4/6 10098/4/6
f 10099/2/6 10100/2/6 10105/2/6
f 10105/2/6 10100/2/6 10106/2/6
f 10101/2/6 10102/2/6 10107/2/6
f 10107/2/6 10102/2/6 10108/2/6
f 10103/2/6 10104/2/6 10111/2/6
f 10111/2/6 10104/2/6 10112/2/6
f 10109/2/6 10110/2/6 10113/2/6
f 10113/2/6 10110/2/6 10114/2/6
f 10115/2/6 10116/2/6 10120/2/6
f 10120/2/6 10116/2/6 10121/2/6
f 10117/2/6 10118/2/6 10122/2/6
f 10122/2/6 10118/2/6 10123/2/6
f 10119/2/6 10120/2/6 10125/2/6
f 10125/2/6 10120/2/6 10126/2/6
f 10123/2/6 10124/2/6 10129/2/6
f 10129/2/6 10124/2/6 10130/2/6
f 10126/2/6 10127/2/6 10131/2/6
f 10131/2/6 10127/2/6 10132/2/6
f 10128/2/6 10129/2/6 10133/2/6
f 10133/2/6 10129/2/6 10134/2/6
f 10135/2/6 10136/2/6 10139/2/6
f 10139/2/6 10136/2/6 10140/2/6
f 10137/2/6 10138/2/6 10145/2/6
f 10145/2/6 10138/2/6 10146/2/6
f 10141/2/6 10142/2/6 10147/2/6
f 10147/2/6 10142/2/6 10148/2/6
f 10143/2/6 10144/2/6 10153/2/6
f 10153/2/6 10144/2/6 10154/2/6
f 10149/2/6 10150/2/6 10155/2/6
f 10155/2/6 10150/2/6 10156/2/6
f 10151/2/6 10152/2/6 10157/2/6
f 10157/2/6 10152/2/6 10158/2/6
f 10159/2/6 10160/2/6 10165/2/6
f 10165/2/6 10160/2/6 10166/2/6
f 10161/2/6 10162/2/6 10167/2/6
f 10167/2/6 10162/2/6 10168/2/6
f 10163/2/6 10164/2/6 10173/2/6
f 10173/2/6 10164/2/6 10174/2/6
f 10169/2/6 10170/2/6 10175/2/6
f 10175/2/6 10170/2/6 10176/2/6
f 10171/2/6 10172/2/6 10179/2/6
f 10179/2/6 10172/2/6 10180/2/6
f 10177/2/6 10178/2/6 10181/2/6
f 10181/2/6 10178/2/6 10182/2/6
f 10183/2/6 10184/2/6 10187/2/6
f 10187/2/6 10184/2/6 10188/2/6
f 10185/2/6 10186/2/6 10189/2/6
f 10189/2/6 10186/2/6 10190/2/6
f 10191/2/6 10192/2/6 10195/2/6
f 10195/2/6 10192/2/6 10196/2/6
f 10193/2/6 10194/2/6 10197/2/6
f 10197/2/6 10194/2/6 10198/2/6
f 10199/2/6 10200/2/6 10203/2/6
f 10203/2/6 10200/2/6 10204/2/6
f 10201/2/6 10202/2/6 10209/2/6
f 10209/2/6 10202/2/6 10210/2/6
f 10205/2/6 10206/2/6 10211/2/6
f 10211/2/6 10206/2/6 10212/2/6
f 10207/2/6 10208/2/6 10217/2/6
f 10217/2/6 10208/2/6 10218/2/6
f 10213/2/6 10214/2/6 10219/2/6
f 10219/2/6 10214/2/6 10220/2/6
f 10215/2/6 10216/2/6 10223/2/6
f 10223/2/6 10216/2/6 10224/2/6
f 10221/2/6 10222/2/6 10225/2/6
f 10225/2/6 10222/2/6 10226/2/6
f 10227/1/6 10228/1/6 10230/1/6
f 10230/1/6 10228/1/6 10231/1/6
f 10229/3/6 10230/3/6 10236/3/6
f 10236/3/6 10230/3/6 10237/3/6
f 10232/3/6 10233/3/6 10238/3/6
f 10238/3/6 10233/3/6 10239/3/6
f 10234/3/6 10235/3/6 10244/3/6
f 10244/3/6 10235/3/6 10245/3/6
f 10240/3/6 10241/3/6 10246/3/6
f 10246/3/6 10241/3/6 10247/3/6
f 10242/3/6 10243/3/6 10251/3/6
f 10251/3/6 10243/3/6 10252/3/6
f 10248/3/6 10249/3/6 10253/3/6
f 10253/3/6 10249/3/6 10254/3/6
f 10250/3/6 10251/3/6 10257/3/6
f 10257/3/6 10251/3/6 10258/3/6
f 10254/3/6 10255/3/6 10259/3/6
f 10259/3/6 10255/3/6 10260/3/6
f 10256/3/6 10257/3/6 10262/3/6
f 10262/3/6 10257/3/6 10263/3/6
f 10260/3/6 10261/3/6 10266/3/6
f 10266/3/6 10261/3/6 10267/3/6
f 10263/3/6 10264/3/6 10268/3/6
f 10268/3/6 10264/3/6 10269/3/6
f 10265/3/6 10266/3/6 10272/3/6
f 10272/3/6 10266/3/6 10273/3/6
f 10269/3/6 10270/3/6 10274/3/6
f 10274/3/6 10270/3/6 10275/3/6
f 10271/3/6 10272/3/6 10280/3/6
f 10280/3/6 10272/3/6 10281/3/6
f 10276/3/6 10277/3/6 10282/3/6
f 10282/3/6 10277/3/6 10283/3/6
f 10278/3/6 10279/3/6 10288/3/6
f 10288/3/6 10279/3/6 10289/3/6
f 10284/3/6 10285/3/6 10290/3/6
f 10290/3/6 10285/3/6 10291/3/6
f 10286/3/6 10287/3/6 10292/3/6
f 10292/3/6 10287/3/6 10293/3/6
f 10294/1/6 10295/1/6 10296/1/6
f 10296/1/6 10295/1/6 10297/1/6
f 10298/1/6 10299/1/6 10302/1/6
f 10302/1/6 10299/1/6 10303/1/6
f 10300/1/6 10301/1/6 10304/1/6
f 10304/1/6 10301/1/6 10305/1/6
f 10305/1/6 10301/1/6 10306/1/6
f 10303/3/6 10304/3/6 10308/3/6
f 10304/3/6 10305/3/6 10308/3/6
f 10308/3/6 10305/3/6 10309/3/6
f 10307/3/6 10308/3/6 10312/3/6
f 10312/3/6 10308/3/6 10313/3/6
f 10309/3/6 10310/3/6 10314/3/6
f 10314/3/6 10310/3/6 10315/3/6
f 10311/3/6 10312/3/6 10318/3/6
f 10318/3/6 10312/3/6 10319/3/6
f 10319/3/6 10312/3/6 10320/3/6
f 10315/3/6 10316/3/6 10321/3/6
f 10321/3/6 10316/3/6 10322/3/6
f 10322/3/6 10316/3/6 10323/3/6
f 10317/3/6 10318/3/6 10325/3/6
f 10318/3/6 10319/3/6 10325/3/6
f 10325/3/6 10319/3/6 10326/3/6
f 10323/3/6 10324/3/6 10327/3/6
f 10322/3/6 10323/3/6 10327/3/6
f 10327/3/6 10324/3/6 10328/3/6
f 10317/3/6 10325/3/6 10330/3/6
f 10330/3/6 10325/3/6 10331/3/6
f 10328/3/6 10324/3/6 10332/3/6
f 10332/3/6 10324/3/6 10333/3/6
f 10329/3/6 10330/3/6 10335/3/6
f 10335/3/6 10330/3/6 10336/3/6
f 10333/3/6 10334/3/6 10339/3/6
f 10339/3/6 10334/3/6 10340/3/6
f 10336/3/6 10337/3/6 10341/3/6
f 10338/3/6 10339/3/6 10344/3/6
f 10341/3/6 10342/3/6 10345/3/6
f 10336/3/6 10341/3/6 10345/3/6
f 10345/3/6 10342/3/6 10346/3/6
f 10346/3/6 10342/3/6 10347/3/6
f 10343/3/6 10344/3/6 10350/3/6
f 10344/3/6 10339/3/6 10351/3/6
f 10350/3/6 10344/3/6 10351/3/6
f 10351/3/6 10339/3/6 10352/3/6
f 10347/3/6 10348/3/6 10353/3/6
f 10346/3/6 10347/3/6 10353/3/6
f 10353/3/6 10348/3/6 10354/3/6
f 10349/3/6 10350/3/6 10357/3/6
f 10350/3/6 10351/3/6 10357/3/6
f 10357/3/6 10351/3/6 10358/3/6
f 10354/3/6 10355/3/6 10359/3/6
f 10359/3/6 10355/3/6 10360/3/6
f 10356/3/6 10357/3/6 10361/3/6
f 10361/3/6 10357/3/6 10362/3/6
f 10360/3/6 10361/3/6 10363/3/6
f 10363/3/6 10361/3/6 10364/3/6
f 10365/1/6 10366/1/6 10369/1/6
f 10369/1/6 10366/1/6 10370/1/6
f 10367/1/6 10368/1/6 10371/1/6
f 10371/1/6 10368/1/6 10372/1/6
f 10373/1/6 10374/1/6 10377/1/6
f 10377/1/6 10374/1/6 10378/1/6
f 10375/1/6 10376/1/6 10379/1/6
f 10379/1/6 10376/1/6 10380/1/6
f 10381/3/6 10382/3/6 10385/3/6
f 10385/3/6 10382/3/6 10386/3/6
f 10383/3/6 10384/3/6 10390/3/6
f 10390/3/6 10384/3/6 10391/3/6
f 10391/3/6 10384/3/6 10392/3/6
f 10387/3/6 10388/3/6 10393/3/6
f 10393/3/6 10388/3/6 10394/3/6
f 10394/3/6 10388/3/6 10395/3/6
f 10389/3/6 10390/3/6 10398/3/6
f 10390/3/6 10391/3/6 10398/3/6
f 10398/3/6 10391/3/6 10399/3/6
f 10399/3/6 10391/3/6 10400/3/6
f 10395/3/6 10396/3/6 10401/3/6
f 10394/3/6 10395/3/6 10401/3/6
f 10401/3/6 10396/3/6 10402/3/6
f 10402/3/6 10396/3/6 10403/3/6
f 10398/3/6 10399/3/6 10406/3/6
f 10397/3/6 10398/3/6 10406/3/6
f 10406/3/6 10399/3/6 10407/3/6
f 10407/3/6 10399/3/6 10408/3/6
f 10403/3/6 10404/3/6 10409/3/6
f 10402/3/6 10403/3/6 10409/3/6
f 10409/3/6 10404/3/6 10410/3/6
f 10410/3/6 10404/3/6 10411/3/6
f 10406/3/6 10407/3/6 10413/3/6
f 10405/3/6 10406/3/6 10413/3/6
f 10413/3/6 10407/3/6 10414/3/6
f 10414/3/6 10407/3/6 10415/3/6
f 10410/3/6 10411/3/6 10418/3/6
f 10411/3/6 10412/3/6 10418/3/6
f 10418/3/6 10412/3/6 10419/3/6
f 10419/3/6 10412/3/6 10420/3/6
f 10415/3/6 10416/3/6 10421/3/6
f 10414/3/6 10415/3/6 10421/3/6
f 10421/3/6 10416/3/6 10422/3/6
f 10422/3/6 10416/3/6 10423/3/6
f 10418/3/6 10419/3/6 10426/3/6
f 10417/3/6 10418/3/6 10426/3/6
f 10426/3/6 10419/3/6 10427/3/6
f 10427/3/6 10419/3/6 10428/3/6
f 10423/3/6 10424/3/6 10429/3/6
f 10422/3/6 10423/3/6 10429/3/6
f 10429/3/6 10424/3/6 10430/3/6
f 10430/3/6 10424/3/6 10431/3/6
f 10426/3/6 10427/3/6 10434/3/6
f 10425/3/6 10426/3/6 10434/3/6
f 10434/3/6 10427/3/6 10435/3/6
f 10435/3/6 10427/3/6 10436/3/6
f 10431/3/6 10432/3/6 10437/3/6
f 10430/3/6 10431/3/6 10437/3/6
f 10437/3/6 10432/3/6 10438/3/6
f 10434/3/6 10435/3/6 10441/3/6
f 10433/3/6 10434/3/6 10441/3/6
f 10441/3/6 10435/3/6 10442/3/6
f 10439/3/6 10440/3/6 10443/3/6
f 10443/3/6 10440/3/6 10444/3/6
f 10445/1/6 10446/1/6 10449/1/6
f 10449/1/6 10446/1/6 10450/1/6
f 10447/1/6 10448/1/6 10451/1/6
f 10451/1/6 10448/1/6 10452/1/6
f 10453/1/6 10454/1/6 10457/1/6
f 10457/1/6 10454/1/6 10458/1/6
f 10455/1/6 10456/1/6 10459/1/6
f 10459/1/6 10456/1/6 10460/1/6
f 10461/3/6 10462/3/6 10464/3/6
f 10464/3/6 10462/3/6 10465/3/6
f 10463/3/6 10464/3/6 10468/3/6
f 10465/3/6 10466/3/6 10468/3/6
f 10464/3/6 10465/3/6 10468/3/6
f 10468/3/6 10466/3/6 10469/3/6
f 10469/3/6 10466/3/6 10470/3/6
f 10470/3/6 10466/3/6 10471/3/6
f 10467/3/6 10468/3/6 10474/3/6
f 10468/3/6 10469/3/6 10474/3/6
f 10474/3/6 10469/3/6 10475/3/6
f 10475/3/6 10469/3/6 10476/3/6
f 10470/3/6 10471/3/6 10477/3/6
f 10471/3/6 10472/3/6 10477/3/6
f 10477/3/6 10472/3/6 10478/3/6
f 10478/3/6 10472/3/6 10479/3/6
f 10474/3/6 10475/3/6 10481/3/6
f 10473/3/6 10474/3/6 10481/3/6
f 10481/3/6 10475/3/6 10482/3/6
f 10482/3/6 10475/3/6 10483/3/6
f 10479/3/6 10480/3/6 10486/3/6
f 10478/3/6 10479/3/6 10486/3/6
f 10486/3/6 10480/3/6 10487/3/6
f 10487/3/6 10480/3/6 10488/3/6
f 10483/3/6 10484/3/6 10489/3/6
f 10482/3/6 10483/3/6 10489/3/6
f 10489/3/6 10484/3/6 10490/3/6
f 10490/3/6 10484/3/6 10491/3/6
f 10486/3/6 10487/3/6 10492/3/6
f 10485/3/6 10486/3/6 10492/3/6
f 10492/3/6 10487/3/6 10493/3/6
f 10493/3/6 10487/3/6 10494/3/6
f 10490/3/6 10491/3/6 10495/3/6
f 10492/3/6 10493/3/6 10495/3/6
f 10491/3/6 10492/3/6 10495/3/6
f 10495/3/6 10493/3/6 10496/3/6
f 10496/3/6 10493/3/6 10497/3/6
f 10497/3/6 10493/3/6 10498/3/6
f 10496/3/6 10497/3/6 10499/3/6
f 10499/3/6 10497/3/6 10500/3/6
f 10501/1/6 10502/1/6 10505/1/6
f 10505/1/6 10502/1/6 10506/1/6
f 10503/1/6 10504/1/6 10507/1/6
f 10507/1/6 10504/1/6 10508/1/6
f 10509/1/6 10510/1/6 10513/1/6
f 10513/1/6 10510/1/6 10514/1/6
f 10511/1/6 10512/1/6 10515/1/6
f 10515/1/6 10512/1/6 10516/1/6
f 10517/3/6 10518/3/6 10520/3/6
f 10520/3/6 10518/3/6 10521/3/6
f 10519/3/6 10520/3/6 10523/3/6
f 10521/3/6 10522/3/6 10523/3/6
f 10520/3/6 10521/3/6 10523/3/6
f 10523/3/6 10522/3/6 10524/3/6
f 10524/3/6 10522/3/6 10525/3/6
f 10525/3/6 10522/3/6 10526/3/6
f 10524/3/6 10525/3/6 10527/3/6
f 10527/3/6 10525/3/6 10528/3/6
f 10529/1/6 10530/1/6 10533/1/6
f 10533/1/6 10530/1/6 10534/1/6
f 10531/1/6 10532/1/6 10535/1/6
f 10535/1/6 10532/1/6 10536/1/6
f 10537/1/6 10538/1/6 10541/1/6
f 10541/1/6 10538/1/6 10542/1/6
f 10539/1/6 10540/1/6 10543/1/6
f 10543/1/6 10540/1/6 10544/1/6
f 10545/1/6 10546/1/6 10549/1/6
f 10549/1/6 10546/1/6 10550/1/6
f 10547/1/6 10548/1/6 10551/1/6
f 10551/1/6 10548/1/6 10552/1/6
f 10553/1/6 10554/1/6 10557/1/6
f 10557/1/6 10554/1/6 10558/1/6
f 10555/1/6 10556/1/6 10559/1/6
f 10559/1/6 10556/1/6 10560/1/6
f 10561/1/6 10562/1/6 10565/1/6
f 10565/1/6 10562/1/6 10566/1/6
f 10563/1/6 10564/1/6 10567/1/6
f 10567/1/6 10564/1/6 10568/1/6
f 10569/1/6 10570/1/6 10573/1/6
f 10573/1/6 10570/1/6 10574/1/6
f 10571/1/6 10572/1/6 10575/1/6
f 10575/1/6 10572/1/6 10576/1/6
f 10577/1/6 10578/1/6 10581/1/6
f 10581/1/6 10578/1/6 10582/1/6
f 10579/1/6 10580/1/6 10583/1/6
f 10583/1/6 10580/1/6 10584/1/6
f 10585/1/6 10586/1/6 10589/1/6
f 10589/1/6 10586/1/6 10590/1/6
f 10587/1/6 10588/1/6 10591/1/6
f 10591/1/6 10588/1/6 10592/1/6
f 10593/1/6 10594/1/6 10597/1/6
f 10597/1/6 10594/1/6 10598/1/6
f 10595/1/6 10596/1/6 10599/1/6
f 10599/1/6 10596/1/6 10600/1/6
f 10601/1/6 10602/1/6 10605/1/6
f 10605/1/6 10602/1/6 10606/1/6
f 10603/1/6 10604/1/6 10607/1/6
f 10607/1/6 10604/1/6 10608/1/6
f 10609/1/6 10610/1/6 10613/1/6
f 10613/1/6 10610/1/6 10614/1/6
f 10611/1/6 10612/1/6 10615/1/6
f 10615/1/6 10612/1/6 10616/1/6
f 10617/1/6 10618/1/6 10621/1/6
f 10621/1/6 10618/1/6 10622/1/6
f 10619/1/6 10620/1/6 10623/1/6
f 10623/1/6 10620/1/6 10624/1/6
f 10625/1/6 10626/1/6 10629/1/6
f 10629/1/6 10626/1/6 10630/1/6
f 10627/1/6 10628/1/6 10631/1/6
f 10631/1/6 10628/1/6 10632/1/6
f 10633/1/6 10634/1/6 10637/1/6
f 10637/1/6 10634/1/6 10638/1/6
f 10635/1/6 10636/1/6 10639/1/6
f 10639/1/6 10636/1/6 10640/1/6
f 10641/1/6 10642/1/6 10645/1/6
f 10645/1/6 10642/1/6 10646/1/6
f 10643/1/6 10644/1/6 10647/1/6
f 10647/1/6 10644/1/6 10648/1/6
f 10649/1/6 10650/1/6 10651/1/6
f 10651/1/6 10650/1/6 10652/1/6
f 10653/2/6 10654/2/6 10662/2/6
f 10662/2/6 10654/2/6 10663/2/6
f 10655/2/6 10656/2/6 10668/2/6
f 10656/2/6 10657/2/6 10668/2/6
f 10668/2/6 10657/2/6 10669/2/6
f 10658/2/6 10659/2/6 10670/2/6
f 10670/2/6 10659/2/6 10671/2/6
f 10660/2/6 10661/2/6 10676/2/6
f 10676/2/6 10661/2/6 10677/2/6
f 10664/2/6 10665/2/6 10678/2/6
f 10678/2/6 10665/2/6 10679/2/6
f 10666/2/6 10667/2/6 10684/2/6
f 10684/2/6 10667/2/6 10685/2/6
f 10672/2/6 10673/2/6 10686/2/6
f 10686/2/6 10673/2/6 10687/2/6
f 10674/2/6 10675/2/6 10690/2/6
f 10690/2/6 10675/2/6 10691/2/6
f 10680/2/6 10681/2/6 10692/2/6
f 10692/2/6 10681/2/6 10693/2/6
f 10682/2/6 10683/2/6 10694/2/6
f 10694/2/6 10683/2/6 10695/2/6
f 10688/2/6 10689/2/6 10696/2/6
f 10696/2/6 10689/2/6 10697/2/6
f 10698/2/6 10699/2/6 10707/2/6
f 10707/2/6 10699/2/6 10708/2/6
f 10700/2/6 10701/2/6 10709/2/6
f 10709/2/6 10701/2/6 10710/2/6
f 10702/2/6 10703/2/6 10713/2/6
f 10713/2/6 10703/2/6 10714/2/6
f 10704/2/6 10705/2/6 10715/2/6
f 10715/2/6 10705/2/6 10716/2/6
f 10706/2/6 10707/2/6 10718/2/6
f 10718/2/6 10707/2/6 10719/2/6
f 10710/2/6 10711/2/6 10722/2/6
f 10722/2/6 10711/2/6 10723/2/6
f 10712/2/6 10713/2/6 10724/2/6
f 10724/2/6 10713/2/6 10725/2/6
f 10716/2/6 10717/2/6 10728/2/6
f 10728/2/6 10717/2/6 10729/2/6
f 10719/2/6 10720/2/6 10730/2/6
f 10730/2/6 10720/2/6 10731/2/6
f 10721/2/6 10722/2/6 10732/2/6
f 10732/2/6 10722/2/6 10733/2/6
f 10725/2/6 10726/2/6 10734/2/6
f 10734/2/6 10726/2/6 10735/2/6
f 10727/2/6 10728/2/6 10736/2/6
f 10736/2/6 10728/2/6 10737/2/6
f 10738/2/6 10739/2/6 10746/2/6
f 10746/2/6 10739/2/6 10747/2/6
f 10740/2/6 10741/2/6 10752/2/6
f 10752/2/6 10741/2/6 10753/2/6
f 10742/2/6 10743/2/6 10754/2/6
f 10754/2/6 10743/2/6 10755/2/6
f 10744/2/6 10745/2/6 10760/2/6
f 10760/2/6 10745/2/6 10761/2/6
f 10748/2/6 10749/2/6 10762/2/6
f 10762/2/6 10749/2/6 10763/2/6
f 10750/2/6 10751/2/6 10768/2/6
f 10768/2/6 10751/2/6 10769/2/6
f 10756/2/6 10757/2/6 10770/2/6
f 10770/2/6 10757/2/6 10771/2/6
f 10758/2/6 10759/2/6 10774/2/6
f 10774/2/6 10759/2/6 10775/2/6
f 10764/2/6 10765/2/6 10776/2/6
f 10776/2/6 10765/2/6 10777/2/6
f 10766/2/6 10767/2/6 10778/2/6
f 10778/2/6 10767/2/6 10779/2/6
f 10772/2/6 10773/2/6 10780/2/6
f 10780/2/6 10773/2/6 10781/2/6
f 10782/2/6 10783/2/6 10791/2/6
f 10783/2/6 10784/2/6 10791/2/6
f 10791/2/6 10784/2/6 10792/2/6
f 10785/2/6 10786/2/6 10797/2/6
f 10797/2/6 10786/2/6 10798/2/6
f 10787/2/6 10788/2/6 10799/2/6
f 10799/2/6 10788/2/6 10800/2/6
f 10789/2/6 10790/2/6 10805/2/6
f 10805/2/6 10790/2/6 10806/2/6
f 10793/2/6 10794/2/6 10807/2/6
f 10807/2/6 10794/2/6 10808/2/6
f 10795/2/6 10796/2/6 10813/2/6
f 10813/2/6 10796/2/6 10814/2/6
f 10801/2/6 10802/2/6 10815/2/6
f 10815/2/6 10802/2/6 10816/2/6
f 10803/2/6 10804/2/6 10821/2/6
f 10821/2/6 10804/2/6 10822/2/6
f 10809/2/6 10810/2/6 10823/2/6
f 10823/2/6 10810/2/6 10824/2/6
f 10811/2/6 10812/2/6 10827/2/6
f 10827/2/6 10812/2/6 10828/2/6
f 10817/2/6 10818/2/6 10829/2/6
f 10829/2/6 10818/2/6 10830/2/6
f 10819/2/6 10820/2/6 10831/2/6
f 10831/2/6 10820/2/6 10832/2/6
f 10825/2/6 10826/2/6 10833/2/6
f 10833/2/6 10826/2/6 10834/2/6
f 10835/2/6 10836/2/6 10843/2/6
f 10843/2/6 10836/2/6 10844/2/6
f 10837/2/6 10838/2/6 10845/2/6
f 10845/2/6 10838/2/6 10846/2/6
f 10839/2/6 10840/2/6 10847/2/6
f 10847/2/6 10840/2/6 10848/2/6
f 10841/2/6 10842/2/6 10849/2/6
f 10849/2/6 10842/2/6 10850/2/6
f 10851/2/6 10852/2/6 10859/2/6
f 10859/2/6 10852/2/6 10860/2/6
f 10853/2/6 10854/2/6 10861/2/6
f 10861/2/6 10854/2/6 10862/2/6
f 10855/2/6 10856/2/6 10863/2/6
f 10863/2/6 10856/2/6 10864/2/6
f 10857/2/6 10858/2/6 10865/2/6
f 10865/2/6 10858/2/6 10866/2/6
f 10867/2/6 10868/2/6 10875/2/6
f 10875/2/6 10868/2/6 10876/2/6
f 10869/2/6 10870/2/6 10881/2/6
f 10881/2/6 10870/2/6 10882/2/6
f 10871/2/6 10872/2/6 10883/2/6
f 10883/2/6 10872/2/6 10884/2/6
f 10873/2/6 10874/2/6 10889/2/6
f 10889/2/6 10874/2/6 10890/2/6
f 10877/2/6 10878/2/6 10891/2/6
f 10891/2/6 10878/2/6 10892/2/6
f 10879/2/6 10880/2/6 10897/2/6
f 10897/2/6 10880/2/6 10898/2/6
f 10885/2/6 10886/2/6 10899/2/6
f 10899/2/6 10886/2/6 10900/2/6
f 10887/2/6 10888/2/6 10905/2/6
f 10905/2/6 10888/2/6 10906/2/6
f 10893/2/6 10894/2/6 10907/2/6
f 10907/2/6 10894/2/6 10908/2/6
f 10895/2/6 10896/2/6 10911/2/6
f 10911/2/6 10896/2/6 10912/2/6
f 10901/2/6 10902/2/6 10913/2/6
f 10913/2/6 10902/2/6 10914/2/6
f 10903/2/6 10904/2/6 10915/2/6
f 10915/2/6 10904/2/6 10916/2/6
f 10909/2/6 10910/2/6 10917/2/6
f 10917/2/6 10910/2/6 10918/2/6
f 10918/2/6 10910/2/6 10919/2/6
f 10920/4/6 10921/4/6 10924/4/6
f 10924/4/6 10921/4/6 10925/4/6
f 10925/4/6 10921/4/6 10926/4/6
f 10926/4/6 10921/4/6 10927/4/6
f 10922/1/6 10923/1/6 10930/1/6
f 10930/1/6 10923/1/6 10931/1/6
f 10925/4/6 10926/4/6 10932/4/6
f 10932/4/6 10926/4/6 10933/4/6
f 10933/4/6 10926/4/6 10934/4/6
f 10934/4/6 10926/4/6 10935/4/6
f 10928/1/6 10929/1/6 10936/1/6
f 10936/1/6 10929/1/6 10937/1/6
f 10933/3/6 10934/3/6 10946/3/6
f 10946/3/6 10934/3/6 10947/3/6
f 10938/3/6 10939/3/6 10948/3/6
f 10948/3/6 10939/3/6 10949/3/6
f 10940/3/6 10941/3/6 10954/3/6
f 10954/3/6 10941/3/6 10955/3/6
f 10942/3/6 10943/3/6 10956/3/6
f 10956/3/6 10943/3/6 10957/3/6
f 10944/3/6 10945/3/6 10962/3/6
f 10962/3/6 10945/3/6 10963/3/6
f 10950/3/6 10951/3/6 10964/3/6
f 10964/3/6 10951/3/6 10965/3/6
f 10952/3/6 10953/3/6 10970/3/6
f 10970/3/6 10953/3/6 10971/3/6
f 10958/3/6 10959/3/6 10972/3/6
f 10972/3/6 10959/3/6 10973/3/6
f 10960/3/6 10961/3/6 10977/3/6
f 10977/3/6 10961/3/6 10978/3/6
f 10966/3/6 10967/3/6 10979/3/6
f 10979/3/6 10967/3/6 10980/3/6
f 10968/3/6 10969/3/6 10983/3/6
f 10983/3/6 10969/3/6 10984/3/6
f 10974/3/6 10975/3/6 10985/3/6
f 10985/3/6 10975/3/6 10986/3/6
f 10976/3/6 10977/3/6 10989/3/6
f 10989/3/6 10977/3/6 10990/3/6
f 10980/3/6 10981/3/6 10991/3/6
f 10991/3/6 10981/3/6 10992/3/6
f 10982/3/6 10983/3/6 10995/3/6
f 10995/3/6 10983/3/6 10996/3/6
f 10986/3/6 10987/3/6 10997/3/6
f 10997/3/6 10987/3/6 10998/3/6
f 10988/3/6 10989/3/6 11000/3/6
f 11000/3/6 10989/3/6 11001/3/6
f 10992/3/6 10993/3/6 11004/3/6
f 11004/3/6 10993/3/6 11005/3/6
f 10994/3/6 10995/3/6 11006/3/6
f 11006/3/6 10995/3/6 11007/3/6
f 10998/3/6 10999/3/6 11010/3/6
f 11010/3/6 10999/3/6 11011/3/6
f 11001/3/6 11002/3/6 11012/3/6
f 11012/3/6 11002/3/6 11013/3/6
f 11003/3/6 11004/3/6 11016/3/6
f 11016/3/6 11004/3/6 11017/3/6
f 11007/3/6 11008/3/6 11018/3/6
f 11018/3/6 11008/3/6 11019/3/6
f 11009/3/6 11010/3/6 11022/3/6
f 11022/3/6 11010/3/6 11023/3/6
f 11013/3/6 11014/3/6 11024/3/6
f 11024/3/6 11014/3/6 11025/3/6
f 11015/3/6 11016/3/6 11030/3/6
f 11030/3/6 11016/3/6 11031/3/6
f 11019/3/6 11020/3/6 11032/3/6
f 11032/3/6 11020/3/6 11033/3/6
f 11021/3/6 11022/3/6 11038/3/6
f 11038/3/6 11022/3/6 11039/3/6
f 11026/3/6 11027/3/6 11040/3/6
f 11040/3/6 11027/3/6 11041/3/6
f 11028/3/6 11029/3/6 11046/3/6
f 11046/3/6 11029/3/6 11047/3/6
f 11034/3/6 11035/3/6 11048/3/6
f 11048/3/6 11035/3/6 11049/3/6
f 11036/3/6 11037/3/6 11054/3/6
f 11054/3/6 11037/3/6 11055/3/6
f 11042/3/6 11043/3/6 11056/3/6
f 11056/3/6 11043/3/6 11057/3/6
f 11044/3/6 11045/3/6 11058/3/6
f 11058/3/6 11045/3/6 11059/3/6
f 11050/3/6 11051/3/6 11060/3/6
f 11060/3/6 11051/3/6 11061/3/6
f 11052/3/6 11053/3/6 11064/3/6
f 11064/3/6 11053/3/6 11065/3/6
f 11061/1/6 11062/1/6 11069/1/6
f 11069/1/6 11062/1/6 11070/1/6
f 11065/4/6 11066/4/6 11072/4/6
f 11063/4/6 11064/4/6 11072/4/6
f 11064/4/6 11065/4/6 11072/4/6
f 11072/4/6 11066/4/6 11073/4/6
f 11067/1/6 11068/1/6 11075/1/6
f 11075/1/6 11068/1/6 11076/1/6
f 11073/4/6 11074/4/6 11077/4/6
f 11071/4/6 11072/4/6 11077/4/6
f 11072/4/6 11073/4/6 11077/4/6
f 11077/4/6 11074/4/6 11078/4/6
f 11079/3/6 11080/3/6 11086/3/6
f 11080/3/6 11081/3/6 11086/3/6
f 11081/3/6 11082/3/6 11086/3/6
f 11086/3/6 11082/3/6 11087/3/6
f 11083/3/6 11084/3/6 11090/3/6
f 11090/3/6 11084/3/6 11091/3/6
f 11085/3/6 11086/3/6 11094/3/6
f 11094/3/6 11086/3/6 11095/3/6
f 11087/3/6 11088/3/6 11096/3/6
f 11096/3/6 11088/3/6 11097/3/6
f 11089/3/6 11090/3/6 11100/3/6
f 11100/3/6 11090/3/6 11101/3/6
f 11091/3/6 11092/3/6 11102/3/6
f 11102/3/6 11092/3/6 11103/3/6
f 11093/3/6 11094/3/6 11106/3/6
f 11106/3/6 11094/3/6 11107/3/6
f 11107/3/6 11094/3/6 11108/3/6
f 11097/3/6 11098/3/6 11109/3/6
f 11109/3/6 11098/3/6 11110/3/6
f 11110/3/6 11098/3/6 11111/3/6
f 11099/3/6 11100/3/6 11114/3/6
f 11114/3/6 11100/3/6 11115/3/6
f 11115/3/6 11100/3/6 11116/3/6
f 11103/3/6 11104/3/6 11117/3/6
f 11117/3/6 11104/3/6 11118/3/6
f 11118/3/6 11104/3/6 11119/3/6
f 11106/3/6 11107/3/6 11121/3/6
f 11105/3/6 11106/3/6 11121/3/6
f 11121/3/6 11107/3/6 11122/3/6
f 11111/3/6 11112/3/6 11123/3/6
f 11110/3/6 11111/3/6 11123/3/6
f 11123/3/6 11112/3/6 11124/3/6
f 11113/3/6 11114/3/6 11125/3/6
f 11114/3/6 11115/3/6 11125/3/6
f 11125/3/6 11115/3/6 11126/3/6
f 11119/3/6 11120/3/6 11127/3/6
f 11118/3/6 11119/3/6 11127/3/6
f 11127/3/6 11120/3/6 11128/3/6
f 11105/3/6 11121/3/6 11130/3/6
f 11130/3/6 11121/3/6 11131/3/6
f 11124/3/6 11112/3/6 11132/3/6
f 11132/3/6 11112/3/6 11133/3/6
f 11113/3/6 11125/3/6 11136/3/6
f 11136/3/6 11125/3/6 11137/3/6
f 11128/3/6 11120/3/6 11138/3/6
f 11138/3/6 11120/3/6 11139/3/6
f 11129/3/6 11130/3/6 11141/3/6
f 11141/3/6 11130/3/6 11142/3/6
f 11133/3/6 11134/3/6 11145/3/6
f 11145/3/6 11134/3/6 11146/3/6
f 11135/3/6 11136/3/6 11147/3/6
f 11147/3/6 11136/3/6 11148/3/6
f 11139/3/6 11140/3/6 11151/3/6
f 11151/3/6 11140/3/6 11152/3/6
f 11142/3/6 11143/3/6 11153/3/6
f 11144/3/6 11145/3/6 11156/3/6
f 11148/3/6 11149/3/6 11157/3/6
f 11150/3/6 11151/3/6 11160/3/6
f 11153/3/6 11154/3/6 11161/3/6
f 11142/3/6 11153/3/6 11161/3/6
f 11161/3/6 11154/3/6 11162/3/6
f 11162/3/6 11154/3/6 11163/3/6
f 11155/3/6 11156/3/6 11166/3/6
f 11156/3/6 11145/3/6 11167/3/6
f 11166/3/6 11156/3/6 11167/3/6
f 11167/3/6 11145/3/6 11168/3/6
f 11157/3/6 11158/3/6 11169/3/6
f 11148/3/6 11157/3/6 11169/3/6
f 11169/3/6 11158/3/6 11170/3/6
f 11170/3/6 11158/3/6 11171/3/6
f 11159/3/6 11160/3/6 11174/3/6
f 11160/3/6 11151/3/6 11175/3/6
f 11174/3/6 11160/3/6 11175/3/6
f 11175/3/6 11151/3/6 11176/3/6
f 11163/3/6 11164/3/6 11177/3/6
f 11162/3/6 11163/3/6 11177/3/6
f 11177/3/6 11164/3/6 11178/3/6
f 11165/3/6 11166/3/6 11181/3/6
f 11166/3/6 11167/3/6 11181/3/6
f 11181/3/6 11167/3/6 11182/3/6
f 11171/3/6 11172/3/6 11183/3/6
f 11170/3/6 11171/3/6 11183/3/6
f 11183/3/6 11172/3/6 11184/3/6
f 11173/3/6 11174/3/6 11187/3/6
f 11174/3/6 11175/3/6 11187/3/6
f 11187/3/6 11175/3/6 11188/3/6
f 11178/3/6 11179/3/6 11189/3/6
f 11189/3/6 11179/3/6 11190/3/6
f 11180/3/6 11181/3/6 11191/3/6
f 11191/3/6 11181/3/6 11192/3/6
f 11184/3/6 11185/3/6 11193/3/6
f 11193/3/6 11185/3/6 11194/3/6
f 11186/3/6 11187/3/6 11195/3/6
f 11195/3/6 11187/3/6 11196/3/6
f 11190/3/6 11191/3/6 11197/3/6
f 11197/3/6 11191/3/6 11198/3/6
f 11194/3/6 11195/3/6 11199/3/6
f 11199/3/6 11195/3/6 11200/3/6
f 11200/3/6 11195/3/6 11201/3/6
f 11201/3/6 11195/3/6 11202/3/6
f 11203/3/6 11204/3/6 11209/3/6
f 11209/3/6 11204/3/6 11210/3/6
f 11205/3/6 11206/3/6 11215/3/6
f 11215/3/6 11206/3/6 11216/3/6
f 11207/3/6 11208/3/6 11220/3/6
f 11220/3/6 11208/3/6 11221/3/6
f 11221/3/6 11208/3/6 11222/3/6
f 11211/3/6 11212/3/6 11223/3/6
f 11223/3/6 11212/3/6 11224/3/6
f 11224/3/6 11212/3/6 11225/3/6
f 11213/3/6 11214/3/6 11228/3/6
f 11228/3/6 11214/3/6 11229/3/6
f 11229/3/6 11214/3/6 11230/3/6
f 11217/3/6 11218/3/6 11231/3/6
f 11231/3/6 11218/3/6 11232/3/6
f 11232/3/6 11218/3/6 11233/3/6
f 11219/3/6 11220/3/6 11236/3/6
f 11220/3/6 11221/3/6 11236/3/6
f 11236/3/6 11221/3/6 11237/3/6
f 11237/3/6 11221/3/6 11238/3/6
f 11225/3/6 11226/3/6 11239/3/6
f 11224/3/6 11225/3/6 11239/3/6
f 11239/3/6 11226/3/6 11240/3/6
f 11240/3/6 11226/3/6 11241/3/6
f 11227/3/6 11228/3/6 11244/3/6
f 11228/3/6 11229/3/6 11244/3/6
f 11244/3/6 11229/3/6 11245/3/6
f 11245/3/6 11229/3/6 11246/3/6
f 11233/3/6 11234/3/6 11247/3/6
f 11232/3/6 11233/3/6 11247/3/6
f 11247/3/6 11234/3/6 11248/3/6
f 11248/3/6 11234/3/6 11249/3/6
f 11236/3/6 11237/3/6 11252/3/6
f 11235/3/6 11236/3/6 11252/3/6
f 11252/3/6 11237/3/6 11253/3/6
f 11253/3/6 11237/3/6 11254/3/6
f 11241/3/6 11242/3/6 11255/3/6
f 11240/3/6 11241/3/6 11255/3/6
f 11255/3/6 11242/3/6 11256/3/6
f 11256/3/6 11242/3/6 11257/3/6
f 11244/3/6 11245/3/6 11260/3/6
f 11243/3/6 11244/3/6 11260/3/6
f 11260/3/6 11245/3/6 11261/3/6
f 11261/3/6 11245/3/6 11262/3/6
f 11249/3/6 11250/3/6 11263/3/6
f 11248/3/6 11249/3/6 11263/3/6
f 11263/3/6 11250/3/6 11264/3/6
f 11264/3/6 11250/3/6 11265/3/6
f 11252/3/6 11253/3/6 11267/3/6
f 11251/3/6 11252/3/6 11267/3/6
f 11267/3/6 11253/3/6 11268/3/6
f 11268/3/6 11253/3/6 11269/3/6
f 11257/3/6 11258/3/6 11272/3/6
f 11256/3/6 11257/3/6 11272/3/6
f 11272/3/6 11258/3/6 11273/3/6
f 11273/3/6 11258/3/6 11274/3/6
f 11260/3/6 11261/3/6 11275/3/6
f 11259/3/6 11260/3/6 11275/3/6
f 11275/3/6 11261/3/6 11276/3/6
f 11276/3/6 11261/3/6 11277/3/6
f 11265/3/6 11266/3/6 11280/3/6
f 11264/3/6 11265/3/6 11280/3/6
f 11280/3/6 11266/3/6 11281/3/6
f 11281/3/6 11266/3/6 11282/3/6
f 11269/3/6 11270/3/6 11283/3/6
f 11268/3/6 11269/3/6 11283/3/6
f 11283/3/6 11270/3/6 11284/3/6
f 11284/3/6 11270/3/6 11285/3/6
f 11272/3/6 11273/3/6 11288/3/6
f 11271/3/6 11272/3/6 11288/3/6
f 11288/3/6 11273/3/6 11289/3/6
f 11289/3/6 11273/3/6 11290/3/6
f 11277/3/6 11278/3/6 11291/3/6
f 11276/3/6 11277/3/6 11291/3/6
f 11291/3/6 11278/3/6 11292/3/6
f 11292/3/6 11278/3/6 11293/3/6
f 11280/3/6 11281/3/6 11296/3/6
f 11279/3/6 11280/3/6 11296/3/6
f 11296/3/6 11281/3/6 11297/3/6
f 11297/3/6 11281/3/6 11298/3/6
f 11285/3/6 11286/3/6 11299/3/6
f 11284/3/6 11285/3/6 11299/3/6
f 11299/3/6 11286/3/6 11300/3/6
f 11300/3/6 11286/3/6 11301/3/6
f 11288/3/6 11289/3/6 11304/3/6
f 11287/3/6 11288/3/6 11304/3/6
f 11304/3/6 11289/3/6 11305/3/6
f 11305/3/6 11289/3/6 11306/3/6
f 11293/3/6 11294/3/6 11307/3/6
f 11292/3/6 11293/3/6 11307/3/6
f 11307/3/6 11294/3/6 11308/3/6
f 11308/3/6 11294/3/6 11309/3/6
f 11296/3/6 11297/3/6 11312/3/6
f 11295/3/6 11296/3/6 11312/3/6
f 11312/3/6 11297/3/6 11313/3/6
f 11313/3/6 11297/3/6 11314/3/6
f 11301/3/6 11302/3/6 11315/3/6
f 11300/3/6 11301/3/6 11315/3/6
f 11315/3/6 11302/3/6 11316/3/6
f 11304/3/6 11305/3/6 11319/3/6
f 11303/3/6 11304/3/6 11319/3/6
f 11319/3/6 11305/3/6 11320/3/6
f 11309/3/6 11310/3/6 11321/3/6
f 11308/3/6 11309/3/6 11321/3/6
f 11321/3/6 11310/3/6 11322/3/6
f 11312/3/6 11313/3/6 11325/3/6
f 11311/3/6 11312/3/6 11325/3/6
f 11325/3/6 11313/3/6 11326/3/6
f 11317/3/6 11318/3/6 11327/3/6
f 11327/3/6 11318/3/6 11328/3/6
f 11323/3/6 11324/3/6 11329/3/6
f 11329/3/6 11324/3/6 11330/3/6
f 11331/3/6 11332/3/6 11336/3/6
f 11336/3/6 11332/3/6 11337/3/6
f 11333/3/6 11334/3/6 11340/3/6
f 11340/3/6 11334/3/6 11341/3/6
f 11337/3/6 11338/3/6 11344/3/6
f 11335/3/6 11336/3/6 11344/3/6
f 11336/3/6 11337/3/6 11344/3/6
f 11344/3/6 11338/3/6 11345/3/6
f 11345/3/6 11338/3/6 11346/3/6
f 11346/3/6 11338/3/6 11347/3/6
f 11341/3/6 11342/3/6 11350/3/6
f 11340/3/6 11341/3/6 11350/3/6
f 11339/3/6 11340/3/6 11350/3/6
f 11350/3/6 11342/3/6 11351/3/6
f 11351/3/6 11342/3/6 11352/3/6
f 11352/3/6 11342/3/6 11353/3/6
f 11344/3/6 11345/3/6 11356/3/6
f 11343/3/6 11344/3/6 11356/3/6
f 11356/3/6 11345/3/6 11357/3/6
f 11357/3/6 11345/3/6 11358/3/6
f 11346/3/6 11347/3/6 11359/3/6
f 11347/3/6 11348/3/6 11359/3/6
f 11359/3/6 11348/3/6 11360/3/6
f 11360/3/6 11348/3/6 11361/3/6
f 11349/3/6 11350/3/6 11364/3/6
f 11350/3/6 11351/3/6 11364/3/6
f 11364/3/6 11351/3/6 11365/3/6
f 11365/3/6 11351/3/6 11366/3/6
f 11353/3/6 11354/3/6 11367/3/6
f 11352/3/6 11353/3/6 11367/3/6
f 11367/3/6 11354/3/6 11368/3/6
f 11368/3/6 11354/3/6 11369/3/6
f 11356/3/6 11357/3/6 11371/3/6
f 11355/3/6 11356/3/6 11371/3/6
f 11371/3/6 11357/3/6 11372/3/6
f 11372/3/6 11357/3/6 11373/3/6
f 11361/3/6 11362/3/6 11376/3/6
f 11360/3/6 11361/3/6 11376/3/6
f 11376/3/6 11362/3/6 11377/3/6
f 11377/3/6 11362/3/6 11378/3/6
f 11364/3/6 11365/3/6 11379/3/6
f 11363/3/6 11364/3/6 11379/3/6
f 11379/3/6 11365/3/6 11380/3/6
f 11380/3/6 11365/3/6 11381/3/6
f 11369/3/6 11370/3/6 11384/3/6
f 11368/3/6 11369/3/6 11384/3/6
f 11384/3/6 11370/3/6 11385/3/6
f 11385/3/6 11370/3/6 11386/3/6
f 11373/3/6 11374/3/6 11387/3/6
f 11372/3/6 11373/3/6 11387/3/6
f 11387/3/6 11374/3/6 11388/3/6
f 11388/3/6 11374/3/6 11389/3/6
f 11376/3/6 11377/3/6 11390/3/6
f 11375/3/6 11376/3/6 11390/3/6
f 11390/3/6 11377/3/6 11391/3/6
f 11391/3/6 11377/3/6 11392/3/6
f 11381/3/6 11382/3/6 11393/3/6
f 11380/3/6 11381/3/6 11393/3/6
f 11393/3/6 11382/3/6 11394/3/6
f 11394/3/6 11382/3/6 11395/3/6
f 11384/3/6 11385/3/6 11396/3/6
f 11383/3/6 11384/3/6 11396/3/6
f 11396/3/6 11385/3/6 11397/3/6
f 11397/3/6 11385/3/6 11398/3/6
f 11390/3/6 11391/3/6 11399/3/6
f 11389/3/6 11390/3/6 11399/3/6
f 11388/3/6 11389/3/6 11399/3/6
f 11399/3/6 11391/3/6 11400/3/6
f 11400/3/6 11391/3/6 11401/3/6
f 11401/3/6 11391/3/6 11402/3/6
f 11396/3/6 11397/3/6 11403/3/6
f 11394/3/6 11395/3/6 11403/3/6
f 11395/3/6 11396/3/6 11403/3/6
f 11403/3/6 11397/3/6 11404/3/6
f 11404/3/6 11397/3/6 11405/3/6
f 11405/3/6 11397/3/6 11406/3/6
f 11400/3/6 11401/3/6 11407/3/6
f 11407/3/6 11401/3/6 11408/3/6
f 11404/3/6 11405/3/6 11409/3/6
f 11409/3/6 11405/3/6 11410/3/6
f 11411/3/6 11412/3/6 11416/3/6
f 11416/3/6 11412/3/6 11417/3/6
f 11413/3/6 11414/3/6 11420/3/6
f 11420/3/6 11414/3/6 11421/3/6
f 11417/3/6 11418/3/6 11423/3/6
f 11415/3/6 11416/3/6 11423/3/6
f 11416/3/6 11417/3/6 11423/3/6
f 11423/3/6 11418/3/6 11424/3/6
f 11424/3/6 11418/3/6 11425/3/6
f 11425/3/6 11418/3/6 11426/3/6
f 11421/3/6 11422/3/6 11427/3/6
f 11420/3/6 11421/3/6 11427/3/6
f 11419/3/6 11420/3/6 11427/3/6
f 11427/3/6 11422/3/6 11428/3/6
f 11428/3/6 11422/3/6 11429/3/6
f 11429/3/6 11422/3/6 11430/3/6
f 11424/3/6 11425/3/6 11431/3/6
f 11431/3/6 11425/3/6 11432/3/6
f 11428/3/6 11429/3/6 11433/3/6
f 11433/3/6 11429/3/6 11434/3/6
f 11435/1/6 11436/1/6 11439/1/6
f 11439/1/6 11436/1/6 11440/1/6
f 11437/1/6 11438/1/6 11441/1/6
f 11441/1/6 11438/1/6 11442/1/6
f 11443/1/6 11444/1/6 11447/1/6
f 11447/1/6 11444/1/6 11448/1/6
f 11445/1/6 11446/1/6 11449/1/6
f 11449/1/6 11446/1/6 11450/1/6
f 11451/1/6 11452/1/6 11455/1/6
f 11455/1/6 11452/1/6 11456/1/6
f 11453/1/6 11454/1/6 11457/1/6
f 11457/1/6 11454/1/6 11458/1/6
f 11459/1/6 11460/1/6 11463/1/6
f 11463/1/6 11460/1/6 11464/1/6
f 11461/1/6 11462/1/6 11465/1/6
f 11465/1/6 11462/1/6 11466/1/6
f 11467/1/6 11468/1/6 11471/1/6
f 11471/1/6 11468/1/6 11472/1/6
f 11469/1/6 11470/1/6 11473/1/6
f 11473/1/6 11470/1/6 11474/1/6
f 11475/1/6 11476/1/6 11479/1/6
f 11479/1/6 11476/1/6 11480/1/6
f 11477/1/6 11478/1/6 11481/1/6
f 11481/1/6 11478/1/6 11482/1/6
f 11483/1/6 11484/1/6 11487/1/6
f 11487/1/6 11484/1/6 11488/1/6
f 11485/1/6 11486/1/6 11489/1/6
f 11489/1/6 11486/1/6 11490/1/6
f 11491/1/6 11492/1/6 11495/1/6
f 11495/1/6 11492/1/6 11496/1/6
f 11493/1/6 11494/1/6 11497/1/6
f 11497/1/6 11494/1/6 11498/1/6
f 11499/1/6 11500/1/6 11503/1/6
f 11503/1/6 11500/1/6 11504/1/6
f 11501/1/6 11502/1/6 11505/1/6
f 11505/1/6 11502/1/6 11506/1/6
f 11507/1/6 11508/1/6 11511/1/6
f 11511/1/6 11508/1/6 11512/1/6
f 11509/1/6 11510/1/6 11513/1/6
f 11513/1/6 11510/1/6 11514/1/6
f 11515/1/6 11516/1/6 11519/1/6
f 11519/1/6 11516/1/6 11520/1/6
f 11517/1/6 11518/1/6 11521/1/6
f 11521/1/6 11518/1/6 11522/1/6
f 11523/1/6 11524/1/6 11527/1/6
f 11527/1/6 11524/1/6 11528/1/6
f 11525/1/6 11526/1/6 11529/1/6
f 11529/1/6 11526/1/6 11530/1/6
f 11531/1/6 11532/1/6 11539/1/6
f 11539/1/6 11532/1/6 11540/1/6
f 11535/2/6 11536/2/6 11543/2/6
f 11543/2/6 11536/2/6 11544/2/6
f 11537/2/6 11538/2/6 11545/2/6
f 11545/2/6 11538/2/6 11546/2/6
f 11533/1/6 11534/1/6 11549/1/6
f 11549/1/6 11534/1/6 11550/1/6
f 11541/2/6 11542/2/6 11553/2/6
f 11553/2/6 11542/2/6 11554/2/6
f 11547/2/6 11548/2/6 11555/2/6
f 11555/2/6 11548/2/6 11556/2/6
f 11551/2/6 11552/2/6 11559/2/6
f 11559/2/6 11552/2/6 11560/2/6
f 11557/2/6 11558/2/6 11561/2/6
f 11561/2/6 11558/2/6 11562/2/6
f 11563/2/6 11564/2/6 11568/2/6
f 11568/2/6 11564/2/6 11569/2/6
f 11565/2/6 11566/2/6 11570/2/6
f 11570/2/6 11566/2/6 11571/2/6
f 11567/2/6 11568/2/6 11573/2/6
f 11573/2/6 11568/2/6 11574/2/6
f 11571/2/6 11572/2/6 11577/2/6
f 11577/2/6 11572/2/6 11578/2/6
f 11574/2/6 11575/2/6 11579/2/6
f 11579/2/6 11575/2/6 11580/2/6
f 11576/2/6 11577/2/6 11581/2/6
f 11581/2/6 11577/2/6 11582/2/6
f 11583/2/6 11584/2/6 11587/2/6
f 11587/2/6 11584/2/6 11588/2/6
f 11585/2/6 11586/2/6 11593/2/6
f 11593/2/6 11586/2/6 11594/2/6
f 11589/2/6 11590/2/6 11595/2/6
f 11595/2/6 11590/2/6 11596/2/6
f 11591/2/6 11592/2/6 11601/2/6
f 11601/2/6 11592/2/6 11602/2/6
f 11597/2/6 11598/2/6 11605/2/6
f 11605/2/6 11598/2/6 11606/2/6
f 11599/2/6 11600/2/6 11607/2/6
f 11607/2/6 11600/2/6 11608/2/6
f 11603/1/6 11604/1/6 11611/1/6
f 11611/1/6 11604/1/6 11612/1/6
f 11609/1/6 11610/1/6 11613/1/6
f 11613/1/6 11610/1/6 11614/1/6
f 11615/1/6 11616/1/6 11621/1/6
f 11621/1/6 11616/1/6 11622/1/6
f 11619/2/6 11620/2/6 11625/2/6
f 11625/2/6 11620/2/6 11626/2/6
f 11617/1/6 11618/1/6 11629/1/6
f 11629/1/6 11618/1/6 11630/1/6
f 11623/2/6 11624/2/6 11633/2/6
f 11633/2/6 11624/2/6 11634/2/6
f 11627/2/6 11628/2/6 11635/2/6
f 11635/2/6 11628/2/6 11636/2/6
f 11631/2/6 11632/2/6 11641/2/6
f 11641/2/6 11632/2/6 11642/2/6
f 11637/2/6 11638/2/6 11643/2/6
f 11643/2/6 11638/2/6 11644/2/6
f 11639/2/6 11640/2/6 11647/2/6
f 11647/2/6 11640/2/6 11648/2/6
f 11645/2/6 11646/2/6 11649/2/6
f 11649/2/6 11646/2/6 11650/2/6
f 11651/2/6 11652/2/6 11655/2/6
f 11655/2/6 11652/2/6 11656/2/6
f 11653/2/6 11654/2/6 11657/2/6
f 11657/2/6 11654/2/6 11658/2/6
f 11659/2/6 11660/2/6 11663/2/6
f 11663/2/6 11660/2/6 11664/2/6
f 11661/2/6 11662/2/6 11665/2/6
f 11665/2/6 11662/2/6 11666/2/6
f 11667/2/6 11668/2/6 11671/2/6
f 11671/2/6 11668/2/6 11672/2/6
f 11669/2/6 11670/2/6 11677/2/6
f 11677/2/6 11670/2/6 11678/2/6
f 11673/2/6 11674/2/6 11679/2/6
f 11679/2/6 11674/2/6 11680/2/6
f 11675/2/6 11676/2/6 11685/2/6
f 11685/2/6 11676/2/6 11686/2/6
f 11681/2/6 11682/2/6 11687/2/6
f 11687/2/6 11682/2/6 11688/2/6
f 11683/2/6 11684/2/6 11691/2/6
f 11691/2/6 11684/2/6 11692/2/6
f 11689/2/6 11690/2/6 11695/2/6
f 11695/2/6 11690/2/6 11696/2/6
f 11693/1/6 11694/1/6 11699/1/6
f 11699/1/6 11694/1/6 11700/1/6
f 11697/1/6 11698/1/6 11701/1/6
f 11701/1/6 11698/1/6 11702/1/6
f 11703/1/6 11704/1/6 11707/1/6
f 11707/1/6 11704/1/6 11708/1/6
f 11705/1/6 11706/1/6 11713/1/6
f 11713/1/6 11706/1/6 11714/1/6
f 11709/3/6 11710/3/6 11717/3/6
f 11717/3/6 11710/3/6 11718/3/6
f 11711/3/6 11712/3/6 11719/3/6
f 11719/3/6 11712/3/6 11720/3/6
f 11715/3/6 11716/3/6 11725/3/6
f 11725/3/6 11716/3/6 11726/3/6
f 11721/3/6 11722/3/6 11727/3/6
f 11727/3/6 11722/3/6 11728/3/6
f 11723/3/6 11724/3/6 11732/3/6
f 11732/3/6 11724/3/6 11733/3/6
f 11729/3/6 11730/3/6 11734/3/6
f 11734/3/6 11730/3/6 11735/3/6
f 11731/3/6 11732/3/6 11738/3/6
f 11738/3/6 11732/3/6 11739/3/6
f 11735/3/6 11736/3/6 11740/3/6
f 11740/3/6 11736/3/6 11741/3/6
f 11737/3/6 11738/3/6 11743/3/6
f 11743/3/6 11738/3/6 11744/3/6
f 11741/3/6 11742/3/6 11747/3/6
f 11747/3/6 11742/3/6 11748/3/6
f 11744/3/6 11745/3/6 11749/3/6
f 11749/3/6 11745/3/6 11750/3/6
f 11746/3/6 11747/3/6 11753/3/6
f 11753/3/6 11747/3/6 11754/3/6
f 11750/3/6 11751/3/6 11755/3/6
f 11755/3/6 11751/3/6 11756/3/6
f 11752/3/6 11753/3/6 11761/3/6
f 11761/3/6 11753/3/6 11762/3/6
f 11757/3/6 11758/3/6 11763/3/6
f 11763/3/6 11758/3/6 11764/3/6
f 11759/3/6 11760/3/6 11769/3/6
f 11769/3/6 11760/3/6 11770/3/6
f 11765/3/6 11766/3/6 11771/3/6
f 11771/3/6 11766/3/6 11772/3/6
f 11767/3/6 11768/3/6 11773/3/6
f 11773/3/6 11768/3/6 11774/3/6
f 11775/1/6 11776/1/6 11779/1/6
f 11779/1/6 11776/1/6 11780/1/6
f 11777/1/6 11778/1/6 11781/1/6
f 11781/1/6 11778/1/6 11782/1/6
f 11783/1/6 11784/1/6 11787/1/6
f 11787/1/6 11784/1/6 11788/1/6
f 11785/1/6 11786/1/6 11792/1/6
f 11792/1/6 11786/1/6 11793/1/6
f 11790/3/6 11791/3/6 11795/3/6
f 11789/3/6 11790/3/6 11795/3/6
f 11795/3/6 11791/3/6 11796/3/6
f 11794/3/6 11795/3/6 11799/3/6
f 11799/3/6 11795/3/6 11800/3/6
f 11796/3/6 11797/3/6 11801/3/6
f 11801/3/6 11797/3/6 11802/3/6
f 11798/3/6 11799/3/6 11805/3/6
f 11805/3/6 11799/3/6 11806/3/6
f 11806/3/6 11799/3/6 11807/3/6
f 11802/3/6 11803/3/6 11808/3/6
f 11808/3/6 11803/3/6 11809/3/6
f 11809/3/6 11803/3/6 11810/3/6
f 11804/3/6 11805/3/6 11812/3/6
f 11805/3/6 11806/3/6 11812/3/6
f 11812/3/6 11806/3/6 11813/3/6
f 11810/3/6 11811/3/6 11814/3/6
f 11809/3/6 11810/3/6 11814/3/6
f 11814/3/6 11811/3/6 11815/3/6
f 11804/3/6 11812/3/6 11817/3/6
f 11817/3/6 11812/3/6 11818/3/6
f 11815/3/6 11811/3/6 11819/3/6
f 11819/3/6 11811/3/6 11820/3/6
f 11816/3/6 11817/3/6 11822/3/6
f 11822/3/6 11817/3/6 11823/3/6
f 11820/3/6 11821/3/6 11826/3/6
f 11826/3/6 11821/3/6 11827/3/6
f 11823/3/6 11824/3/6 11828/3/6
f 11825/3/6 11826/3/6 11831/3/6
f 11828/3/6 11829/3/6 11832/3/6
f 11823/3/6 11828/3/6 11832/3/6
f 11832/3/6 11829/3/6 11833/3/6
f 11833/3/6 11829/3/6 11834/3/6
f 11830/3/6 11831/3/6 11837/3/6
f 11831/3/6 11826/3/6 11838/3/6
f 11837/3/6 11831/3/6 11838/3/6
f 11838/3/6 11826/3/6 11839/3/6
f 11834/3/6 11835/3/6 11840/3/6
f 11833/3/6 11834/3/6 11840/3/6
f 11840/3/6 11835/3/6 11841/3/6
f 11836/3/6 11837/3/6 11844/3/6
f 11837/3/6 11838/3/6 11844/3/6
f 11844/3/6 11838/3/6 11845/3/6
f 11841/3/6 11842/3/6 11846/3/6
f 11846/3/6 11842/3/6 11847/3/6
f 11843/3/6 11844/3/6 11848/3/6
f 11848/3/6 11844/3/6 11849/3/6
f 11847/3/6 11848/3/6 11850/3/6
f 11850/3/6 11848/3/6 11851/3/6
f 11852/1/6 11853/1/6 11856/1/6
f 11856/1/6 11853/1/6 11857/1/6
f 11854/1/6 11855/1/6 11858/1/6
f 11858/1/6 11855/1/6 11859/1/6
f 11860/1/6 11861/1/6 11864/1/6
f 11864/1/6 11861/1/6 11865/1/6
f 11862/1/6 11863/1/6 11866/1/6
f 11866/1/6 11863/1/6 11867/1/6
f 11868/3/6 11869/3/6 11872/3/6
f 11872/3/6 11869/3/6 11873/3/6
f 11870/3/6 11871/3/6 11877/3/6
f 11877/3/6 11871/3/6 11878/3/6
f 11878/3/6 11871/3/6 11879/3/6
f 11874/3/6 11875/3/6 11880/3/6
f 11880/3/6 11875/3/6 11881/3/6
f 11881/3/6 11875/3/6 11882/3/6
f 11876/3/6 11877/3/6 11885/3/6
f 11877/3/6 11878/3/6 11885/3/6
f 11885/3/6 11878/3/6 11886/3/6
f 11886/3/6 11878/3/6 11887/3/6
f 11882/3/6 11883/3/6 11888/3/6
f 11881/3/6 11882/3/6 11888/3/6
f 11888/3/6 11883/3/6 11889/3/6
f 11889/3/6 11883/3/6 11890/3/6
f 11885/3/6 11886/3/6 11893/3/6
f 11884/3/6 11885/3/6 11893/3/6
f 11893/3/6 11886/3/6 11894/3/6
f 11894/3/6 11886/3/6 11895/3/6
f 11890/3/6 11891/3/6 11896/3/6
f 11889/3/6 11890/3/6 11896/3/6
f 11896/3/6 11891/3/6 11897/3/6
f 11897/3/6 11891/3/6 11898/3/6
f 11893/3/6 11894/3/6 11900/3/6
f 11892/3/6 11893/3/6 11900/3/6
f 11900/3/6 11894/3/6 11901/3/6
f 11901/3/6 11894/3/6 11902/3/6
f 11898/3/6 11899/3/6 11905/3/6
f 11897/3/6 11898/3/6 11905/3/6
f 11905/3/6 11899/3/6 11906/3/6
f 11906/3/6 11899/3/6 11907/3/6
f 11902/3/6 11903/3/6 11908/3/6
f 11901/3/6 11902/3/6 11908/3/6
f 11908/3/6 11903/3/6 11909/3/6
f 11909/3/6 11903/3/6 11910/3/6
f 11905/3/6 11906/3/6 11913/3/6
f 11904/3/6 11905/3/6 11913/3/6
f 11913/3/6 11906/3/6 11914/3/6
f 11914/3/6 11906/3/6 11915/3/6
f 11910/3/6 11911/3/6 11916/3/6
f 11909/3/6 11910/3/6 11916/3/6
f 11916/3/6 11911/3/6 11917/3/6
f 11917/3/6 11911/3/6 11918/3/6
f 11913/3/6 11914/3/6 11921/3/6
f 11912/3/6 11913/3/6 11921/3/6
f 11921/3/6 11914/3/6 11922/3/6
f 11922/3/6 11914/3/6 11923/3/6
f 11918/3/6 11919/3/6 11924/3/6
f 11917/3/6 11918/3/6 11924/3/6
f 11924/3/6 11919/3/6 11925/3/6
f 11921/3/6 11922/3/6 11928/3/6
f 11920/3/6 11921/3/6 11928/3/6
f 11928/3/6 11922/3/6 11929/3/6
f 11926/3/6 11927/3/6 11930/3/6
f 11930/3/6 11927/3/6 11931/3/6
f 11932/1/6 11933/1/6 11936/1/6
f 11936/1/6 11933/1/6 11937/1/6
f 11934/1/6 11935/1/6 11938/1/6
f 11938/1/6 11935/1/6 11939/1/6
f 11940/1/6 11941/1/6 11944/1/6
f 11944/1/6 11941/1/6 11945/1/6
f 11942/1/6 11943/1/6 11946/1/6
f 11946/1/6 11943/1/6 11947/1/6
f 11948/3/6 11949/3/6 11951/3/6
f 11951/3/6 11949/3/6 11952/3/6
f 11950/3/6 11951/3/6 11955/3/6
f 11952/3/6 11953/3/6 11955/3/6
f 11951/3/6 11952/3/6 11955/3/6
f 11955/3/6 11953/3/6 11956/3/6
f 11956/3/6 11953/3/6 11957/3/6
f 11957/3/6 11953/3/6 11958/3/6
f 11954/3/6 11955/3/6 11961/3/6
f 11955/3/6 11956/3/6 11961/3/6
f 11961/3/6 11956/3/6 11962/3/6
f 11962/3/6 11956/3/6 11963/3/6
f 11957/3/6 11958/3/6 11964/3/6
f 11958/3/6 11959/3/6 11964/3/6
f 11964/3/6 11959/3/6 11965/3/6
f 11965/3/6 11959/3/6 11966/3/6
f 11961/3/6 11962/3/6 11968/3/6
f 11960/3/6 11961/3/6 11968/3/6
f 11968/3/6 11962/3/6 11969/3/6
f 11969/3/6 11962/3/6 11970/3/6
f 11966/3/6 11967/3/6 11973/3/6
f 11965/3/6 11966/3/6 11973/3/6
f 11973/3/6 11967/3/6 11974/3/6
f 11974/3/6 11967/3/6 11975/3/6
f 11970/3/6 11971/3/6 11976/3/6
f 11969/3/6 11970/3/6 11976/3/6
f 11976/3/6 11971/3/6 11977/3/6
f 11977/3/6 11971/3/6 11978/3/6
f 11973/3/6 11974/3/6 11979/3/6
f 11972/3/6 11973/3/6 11979/3/6
f 11979/3/6 11974/3/6 11980/3/6
f 11980/3/6 11974/3/6 11981/3/6
f 11977/3/6 11978/3/6 11982/3/6
f 11979/3/6 11980/3/6 11982/3/6
f 11978/3/6 11979/3/6 11982/3/6
f 11982/3/6 11980/3/6 11983/3/6
f 11983/3/6 11980/3/6 11984/3/6
f 11984/3/6 11980/3/6 11985/3/6
f 11983/3/6 11984/3/6 11986/3/6
f 11986/3/6 11984/3/6 11987/3/6
f 11988/1/6 11989/1/6 11992/1/6
f 11992/1/6 11989/1/6 11993/1/6
f 11990/1/6 11991/1/6 11994/1/6
f 11994/1/6 11991/1/6 11995/1/6
f 11996/1/6 11997/1/6 12000/1/6
f 12000/1/6 11997/1/6 12001/1/6
f 11998/1/6 11999/1/6 12002/1/6
f 12002/1/6 11999/1/6 12003/1/6
f 12004/3/6 12005/3/6 12007/3/6
f 12007/3/6 12005/3/6 12008/3/6
f 12006/3/6 12007/3/6 12010/3/6
f 12008/3/6 12009/3/6 12010/3/6
f 12007/3/6 12008/3/6 12010/3/6
f 12010/3/6 12009/3/6 12011/3/6
f 12011/3/6 12009/3/6 12012/3/6
f 12012/3/6 12009/3/6 12013/3/6
f 12011/3/6 12012/3/6 12014/3/6
f 12014/3/6 12012/3/6 12015/3/6
f 12016/1/6 12017/1/6 12020/1/6
f 12020/1/6 12017/1/6 12021/1/6
f 12018/1/6 12019/1/6 12022/1/6
f 12022/1/6 12019/1/6 12023/1/6
f 12024/1/6 12025/1/6 12026/1/6
f 12026/1/6 12025/1/6 12027/1/6
f 12028/1/6 12029/1/6 12030/1/6
f 12030/1/6 12029/1/6 12031/1/6
