# MagicaVoxel @ Ephtracy

# group
o 

# material
mtllib merygo.mtl
usemtl palette

# normals
vn -1 0 0
vn 1 0 0
vn 0 0 1
vn 0 0 -1
vn 0 -1 0
vn 0 1 0

# texcoords
vt 0.00976562 0.5
vt 0.0488281 0.5
vt 0.166016 0.5
vt 0.361328 0.5
vt 0.419922 0.5
vt 0.470703 0.5
vt 0.728516 0.5
vt 0.869141 0.5
vt 0.958984 0.5
vt 0.962891 0.5

# verts
v -1.5 1.7 0.4
v -1.5 1.7 -0.4
v -1.5 1.8 0.4
v -1.5 1.8 -0.4
v -1.4 1.7 0.8
v -1.4 1.7 0.4
v -1.4 1.7 -0.4
v -1.4 1.7 -0.8
v -1.4 1.8 0.8
v -1.4 1.8 0.6
v -1.4 1.8 0.4
v -1.4 1.8 -0.4
v -1.4 1.8 -0.6
v -1.4 1.8 -0.8
v -1.4 1.9 0.6
v -1.4 1.9 -0.6
v -1.3 1.7 1
v -1.3 1.7 0.8
v -1.3 1.7 -0.8
v -1.3 1.7 -1
v -1.3 1.8 1
v -1.3 1.8 0.9
v -1.3 1.8 0.8
v -1.3 1.8 0.6
v -1.3 1.8 -0.6
v -1.3 1.8 -0.8
v -1.3 1.8 -0.9
v -1.3 1.8 -1
v -1.3 1.9 0.9
v -1.3 1.9 0.6
v -1.3 1.9 -0.6
v -1.3 1.9 -0.9
v -1.3 2 0.6
v -1.3 2 -0.6
v -1.2 0 0.5
v -1.2 0 -0.4
v -1.2 0.1 0.5
v -1.2 0.1 -0.4
v -1.2 1.7 1.2
v -1.2 1.7 1
v -1.2 1.7 -1
v -1.2 1.7 -1.2
v -1.2 1.8 1.2
v -1.2 1.8 1.1
v -1.2 1.8 1
v -1.2 1.8 0.9
v -1.2 1.8 -0.9
v -1.2 1.8 -1
v -1.2 1.8 -1.1
v -1.2 1.8 -1.2
v -1.2 1.9 1.1
v -1.2 1.9 0.9
v -1.2 1.9 0.6
v -1.2 1.9 -0.6
v -1.2 1.9 -0.9
v -1.2 1.9 -1.1
v -1.2 2 0.9
v -1.2 2 0.6
v -1.2 2 0.3
v -1.2 2 -0.3
v -1.2 2 -0.6
v -1.2 2 -0.9
v -1.2 2.1 0.3
v -1.2 2.1 -0.3
v -1.1 0 0.7
v -1.1 0 0.5
v -1.1 0 -0.4
v -1.1 0 -0.6
v -1.1 0.1 0.7
v -1.1 0.1 0.5
v -1.1 0.1 -0.4
v -1.1 0.1 -0.6
v -1.1 1.7 1.3
v -1.1 1.7 1.2
v -1.1 1.7 -1.2
v -1.1 1.7 -1.3
v -1.1 1.8 1.3
v -1.1 1.8 1.2
v -1.1 1.8 1.1
v -1.1 1.8 -1.1
v -1.1 1.8 -1.2
v -1.1 1.8 -1.3
v -1.1 1.9 1.2
v -1.1 1.9 1.1
v -1.1 1.9 1
v -1.1 1.9 0.9
v -1.1 1.9 -0.9
v -1.1 1.9 -1
v -1.1 1.9 -1.1
v -1.1 1.9 -1.2
v -1.1 2 1
v -1.1 2 0.9
v -1.1 2 0.7
v -1.1 2 0.3
v -1.1 2 -0.3
v -1.1 2 -0.7
v -1.1 2 -0.9
v -1.1 2 -1
v -1.1 2.1 0.7
v -1.1 2.1 0.3
v -1.1 2.1 -0.3
v -1.1 2.1 -0.7
v -1 0 0.9
v -1 0 0.7
v -1 0 -0.6
v -1 0 -0.8
v -1 0.1 0.9
v -1 0.1 0.7
v -1 0.1 -0.6
v -1 0.1 -0.8
v -1 0.3 0.3
v -1 0.3 0.2
v -1 0.3 -0.1
v -1 0.3 -0.2
v -1 0.6 0.2
v -1 0.6 -0.1
v -1 0.6 -0.2
v -1 0.6 -0.3
v -1 0.8 0.3
v -1 0.8 -0.3
v -1 1.7 1.4
v -1 1.7 1.3
v -1 1.7 -1.3
v -1 1.7 -1.4
v -1 1.8 1.3
v -1 1.8 1.2
v -1 1.8 -1.2
v -1 1.8 -1.3
v -1 1.9 1.4
v -1 1.9 1.2
v -1 1.9 1
v -1 1.9 -1
v -1 1.9 -1.2
v -1 1.9 -1.4
v -1 2 1.2
v -1 2 1
v -1 2 0.9
v -1 2 0.7
v -1 2 -0.7
v -1 2 -0.9
v -1 2 -1
v -1 2 -1.2
v -1 2.1 0.9
v -1 2.1 0.7
v -1 2.1 -0.7
v -1 2.1 -0.9
v -0.9 0 1.1
v -0.9 0 0.9
v -0.9 0 -0.8
v -0.9 0 -1
v -0.9 0.1 1.1
v -0.9 0.1 0.9
v -0.9 0.1 -0.8
v -0.9 0.1 -1
v -0.9 0.7 -0.3
v -0.9 0.7 -0.4
v -0.9 0.8 0.3
v -0.9 0.8 -0.3
v -0.9 0.9 0.3
v -0.9 0.9 -0.2
v -0.9 1 -0.4
v -0.9 1 -0.5
v -0.9 1.1 -0.3
v -0.9 1.1 -0.4
v -0.9 1.2 -0.2
v -0.9 1.2 -0.3
v -0.9 1.2 -0.4
v -0.9 1.2 -0.5
v -0.9 1.3 -0.3
v -0.9 1.3 -0.4
v -0.9 1.7 1.5
v -0.9 1.7 1.4
v -0.9 1.7 -1.4
v -0.9 1.7 -1.5
v -0.9 1.9 1.5
v -0.9 1.9 1.4
v -0.9 1.9 1.3
v -0.9 1.9 1.2
v -0.9 1.9 -1.2
v -0.9 1.9 -1.3
v -0.9 1.9 -1.4
v -0.9 1.9 -1.5
v -0.9 2 1.3
v -0.9 2 1.2
v -0.9 2 1
v -0.9 2 0.9
v -0.9 2 -0.9
v -0.9 2 -1
v -0.9 2 -1.2
v -0.9 2 -1.3
v -0.9 2.1 1
v -0.9 2.1 0.9
v -0.9 2.1 0.4
v -0.9 2.1 -0.4
v -0.9 2.1 -0.9
v -0.9 2.1 -1
v -0.9 2.2 0.4
v -0.9 2.2 -0.4
v -0.8 0 1.2
v -0.8 0 1.1
v -0.8 0 -1
v -0.8 0 -1.1
v -0.8 0.1 1.2
v -0.8 0.1 1.1
v -0.8 0.1 -1
v -0.8 0.1 -1.1
v -0.8 0.7 0.4
v -0.8 0.7 0.3
v -0.8 0.8 0.6
v -0.8 0.8 0.4
v -0.8 0.9 0.6
v -0.8 0.9 0.3
v -0.8 0.9 -0.1
v -0.8 0.9 -0.2
v -0.8 1 -0.5
v -0.8 1 -0.6
v -0.8 1.1 -0.5
v -0.8 1.1 -0.6
v -0.8 1.2 -0.2
v -0.8 1.7 1.6
v -0.8 1.7 1.5
v -0.8 1.7 -0.1
v -0.8 1.7 -0.2
v -0.8 1.7 -1.5
v -0.8 1.7 -1.6
v -0.8 1.9 1.6
v -0.8 1.9 1.5
v -0.8 1.9 1.4
v -0.8 1.9 1.3
v -0.8 1.9 -1.3
v -0.8 1.9 -1.4
v -0.8 1.9 -1.5
v -0.8 1.9 -1.6
v -0.8 2 1.4
v -0.8 2 1.3
v -0.8 2 1.2
v -0.8 2 1
v -0.8 2 -1
v -0.8 2 -1.2
v -0.8 2 -1.3
v -0.8 2 -1.4
v -0.8 2.1 1.2
v -0.8 2.1 1
v -0.8 2.1 0.7
v -0.8 2.1 0.4
v -0.8 2.1 -0.4
v -0.8 2.1 -0.7
v -0.8 2.1 -1
v -0.8 2.1 -1.2
v -0.8 2.2 0.7
v -0.8 2.2 0.4
v -0.8 2.2 -0.4
v -0.8 2.2 -0.7
v -0.7 0 1.3
v -0.7 0 1.2
v -0.7 0 -1.1
v -0.7 0 -1.2
v -0.7 0.1 1.3
v -0.7 0.1 1.2
v -0.7 0.1 -1.1
v -0.7 0.1 -1.2
v -0.7 1.2 -0.3
v -0.7 1.2 -0.4
v -0.7 1.3 -0.3
v -0.7 1.3 -0.4
v -0.7 1.7 1.7
v -0.7 1.7 1.6
v -0.7 1.7 -1.6
v -0.7 1.7 -1.7
v -0.7 1.8 1.7
v -0.7 1.8 1.6
v -0.7 1.8 -1.6
v -0.7 1.8 -1.7
v -0.7 1.9 1.5
v -0.7 1.9 1.4
v -0.7 1.9 -1.4
v -0.7 1.9 -1.5
v -0.7 2 1.5
v -0.7 2 1.4
v -0.7 2 1.3
v -0.7 2 1.2
v -0.7 2 -1.2
v -0.7 2 -1.3
v -0.7 2 -1.4
v -0.7 2 -1.5
v -0.7 2.1 1.3
v -0.7 2.1 1.2
v -0.7 2.1 0.8
v -0.7 2.1 0.7
v -0.7 2.1 -0.7
v -0.7 2.1 -0.8
v -0.7 2.1 -1.2
v -0.7 2.1 -1.3
v -0.7 2.2 0.8
v -0.7 2.2 0.7
v -0.7 2.2 -0.7
v -0.7 2.2 -0.8
v -0.6 0 1.4
v -0.6 0 1.3
v -0.6 0 -1.2
v -0.6 0 -1.3
v -0.6 0.1 1.4
v -0.6 0.1 1.3
v -0.6 0.1 -1.2
v -0.6 0.1 -1.3
v -0.6 0.3 0.3
v -0.6 0.3 0.2
v -0.6 0.3 -0.1
v -0.6 0.3 -0.2
v -0.6 0.6 0.3
v -0.6 0.6 0.2
v -0.6 0.6 -0.1
v -0.6 0.6 -0.2
v -0.6 1.7 1.8
v -0.6 1.7 1.7
v -0.6 1.7 -1.7
v -0.6 1.7 -1.8
v -0.6 1.8 1.8
v -0.6 1.8 1.7
v -0.6 1.8 1.6
v -0.6 1.8 -1.6
v -0.6 1.8 -1.7
v -0.6 1.8 -1.8
v -0.6 1.9 1.7
v -0.6 1.9 1.6
v -0.6 1.9 1.5
v -0.6 1.9 -1.5
v -0.6 1.9 -1.6
v -0.6 1.9 -1.7
v -0.6 2 1.6
v -0.6 2 1.5
v -0.6 2 -1.5
v -0.6 2 -1.6
v -0.6 2.1 1
v -0.6 2.1 0.8
v -0.6 2.1 -0.8
v -0.6 2.1 -1
v -0.6 2.2 1
v -0.6 2.2 0.8
v -0.6 2.2 -0.8
v -0.6 2.2 -1
v -0.5 1.8 1.8
v -0.5 1.8 1.7
v -0.5 1.8 -1.7
v -0.5 1.8 -1.8
v -0.5 1.9 1.8
v -0.5 1.9 1.7
v -0.5 1.9 -1.7
v -0.5 1.9 -1.8
v -0.5 2 1.4
v -0.5 2 1.3
v -0.5 2 -1.3
v -0.5 2 -1.4
v -0.5 2.1 1.4
v -0.5 2.1 1.3
v -0.5 2.1 1.1
v -0.5 2.1 1
v -0.5 2.1 -1
v -0.5 2.1 -1.1
v -0.5 2.1 -1.3
v -0.5 2.1 -1.4
v -0.5 2.2 1.1
v -0.5 2.2 1
v -0.5 2.2 -1
v -0.5 2.2 -1.1
v -0.4 0 1.5
v -0.4 0 1.4
v -0.4 0 -1.3
v -0.4 0 -1.4
v -0.4 0.1 1.5
v -0.4 0.1 1.4
v -0.4 0.1 -1.3
v -0.4 0.1 -1.4
v -0.4 0.8 -1.1
v -0.4 0.8 -1.2
v -0.4 0.9 -1.1
v -0.4 0.9 -1.2
v -0.4 1.7 1.9
v -0.4 1.7 1.8
v -0.4 1.7 -1.8
v -0.4 1.7 -1.9
v -0.4 1.8 1.9
v -0.4 1.8 1.8
v -0.4 1.8 -1.8
v -0.4 1.8 -1.9
v -0.4 1.9 1.7
v -0.4 1.9 1.6
v -0.4 1.9 -1.6
v -0.4 1.9 -1.7
v -0.4 2 1.7
v -0.4 2 1.6
v -0.4 2 1.5
v -0.4 2 1.4
v -0.4 2 -1.4
v -0.4 2 -1.5
v -0.4 2 -1.6
v -0.4 2 -1.7
v -0.4 2.1 1.5
v -0.4 2.1 1.4
v -0.4 2.1 -1.4
v -0.4 2.1 -1.5
v -0.4 2.2 0.4
v -0.4 2.2 -0.4
v -0.4 2.3 0.4
v -0.4 2.3 -0.4
v -0.3 0.3 0.2
v -0.3 0.3 -0.3
v -0.3 1.7 0.2
v -0.3 1.7 -0.3
v -0.3 1.8 1.9
v -0.3 1.8 1.8
v -0.3 1.8 -1.8
v -0.3 1.8 -1.9
v -0.3 1.9 1.9
v -0.3 1.9 1.8
v -0.3 1.9 -1.8
v -0.3 1.9 -1.9
v -0.3 2.1 1.2
v -0.3 2.1 1.1
v -0.3 2.1 -1.1
v -0.3 2.1 -1.2
v -0.3 2.2 1.2
v -0.3 2.2 1.1
v -0.3 2.2 0.6
v -0.3 2.2 0.4
v -0.3 2.2 -0.4
v -0.3 2.2 -0.6
v -0.3 2.2 -1.1
v -0.3 2.2 -1.2
v -0.3 2.3 0.6
v -0.3 2.3 0.4
v -0.3 2.3 -0.4
v -0.3 2.3 -0.6
v -0.2 0 1.6
v -0.2 0 1.5
v -0.2 0 -1.4
v -0.2 0 -1.5
v -0.2 0.1 1.6
v -0.2 0.1 1.5
v -0.2 0.1 -1.4
v -0.2 0.1 -1.5
v -0.2 0.3 0.3
v -0.2 0.3 0.2
v -0.2 0.3 -0.3
v -0.2 0.3 -0.4
v -0.2 0.7 -1.1
v -0.2 0.7 -1.2
v -0.2 0.8 -1.1
v -0.2 0.8 -1.2
v -0.2 1 1.2
v -0.2 1 1.1
v -0.2 1.1 1.2
v -0.2 1.1 1.1
v -0.2 1.7 0.3
v -0.2 1.7 0.2
v -0.2 1.7 -0.3
v -0.2 1.7 -0.4
v -0.2 1.9 1.8
v -0.2 1.9 1.7
v -0.2 1.9 -1.7
v -0.2 1.9 -1.8
v -0.2 2 1.8
v -0.2 2 1.7
v -0.2 2 1.6
v -0.2 2 1.5
v -0.2 2 -1.5
v -0.2 2 -1.6
v -0.2 2 -1.7
v -0.2 2 -1.8
v -0.2 2.1 1.6
v -0.2 2.1 1.5
v -0.2 2.1 -1.5
v -0.2 2.1 -1.6
v -0.2 2.2 0.7
v -0.2 2.2 0.6
v -0.2 2.2 -0.6
v -0.2 2.2 -0.7
v -0.2 2.3 0.7
v -0.2 2.3 0.6
v -0.2 2.3 -0.6
v -0.2 2.3 -0.7
v -0.1 0.3 0.4
v -0.1 0.3 0.3
v -0.1 0.3 -0.4
v -0.1 0.3 -0.5
v -0.1 0.3 -0.9
v -0.1 0.3 -1
v -0.1 0.3 -1.3
v -0.1 0.3 -1.4
v -0.1 0.6 -1
v -0.1 0.6 -1.3
v -0.1 0.7 -1.1
v -0.1 0.7 -1.2
v -0.1 0.8 -0.9
v -0.1 0.8 -1
v -0.1 0.8 -1.3
v -0.1 0.8 -1.4
v -0.1 0.9 -1
v -0.1 0.9 -1.1
v -0.1 0.9 -1.2
v -0.1 0.9 -1.3
v -0.1 1 1.3
v -0.1 1 1.2
v -0.1 1 1.1
v -0.1 1 1
v -0.1 1.1 1.2
v -0.1 1.1 1.1
v -0.1 1.2 1.3
v -0.1 1.2 1
v -0.1 1.7 2
v -0.1 1.7 1.9
v -0.1 1.7 0.4
v -0.1 1.7 0.3
v -0.1 1.7 -0.4
v -0.1 1.7 -0.5
v -0.1 1.7 -1.9
v -0.1 1.7 -2
v -0.1 1.8 2
v -0.1 1.8 1.9
v -0.1 1.8 -1.9
v -0.1 1.8 -2
v -0.1 2.1 1.3
v -0.1 2.1 1.2
v -0.1 2.1 -1.2
v -0.1 2.1 -1.3
v -0.1 2.2 1.3
v -0.1 2.2 1.2
v -0.1 2.2 -1.2
v -0.1 2.2 -1.3
v 0 0.3 0.5
v 0 0.3 0.4
v 0 0.3 -0.5
v 0 0.3 -0.6
v 0 0.7 1.3
v 0 0.7 1
v 0 1 1.3
v 0 1 1
v 0 1.2 1.3
v 0 1.2 1.2
v 0 1.2 1.1
v 0 1.2 1
v 0 1.3 1.3
v 0 1.3 1.2
v 0 1.3 1.1
v 0 1.3 1
v 0 1.7 0.5
v 0 1.7 0.4
v 0 1.7 -0.5
v 0 1.7 -0.6
v 0 2.2 0.8
v 0 2.2 0.7
v 0 2.2 -0.7
v 0 2.2 -0.8
v 0 2.3 0.8
v 0 2.3 0.7
v 0 2.3 -0.7
v 0 2.3 -0.8
v 0.1 0.6 1.4
v 0.1 0.6 0.9
v 0.1 0.7 1.3
v 0.1 0.7 1
v 0.1 0.8 1.4
v 0.1 0.8 1.3
v 0.1 0.8 1
v 0.1 0.8 0.9
v 0.2 0.3 1.4
v 0.2 0.3 1.3
v 0.2 0.3 1
v 0.2 0.3 0.9
v 0.2 0.6 1.4
v 0.2 0.6 1.3
v 0.2 0.6 1
v 0.2 0.6 0.9
v 0.2 1.2 1.2
v 0.2 1.2 1.1
v 0.2 1.7 1.2
v 0.2 1.7 1.1
v 0.3 0.3 -0.9
v 0.3 0.3 -1
v 0.3 0.3 -1.3
v 0.3 0.3 -1.4
v 0.3 0.6 -0.9
v 0.3 0.6 -1
v 0.3 0.6 -1.3
v 0.3 0.6 -1.4
v 0.3 0.9 -1.1
v 0.3 0.9 -1.2
v 0.3 1.7 -1.1
v 0.3 1.7 -1.2
v 0.4 0.9 -1
v 0.4 0.9 -1.1
v 0.4 0.9 -1.2
v 0.4 0.9 -1.3
v 0.4 1.2 -1
v 0.4 1.2 -1.1
v 0.4 1.2 -1.2
v 0.4 1.2 -1.3
v 0.5 1.2 -1
v 0.5 1.2 -1.1
v 0.5 1.2 -1.2
v 0.5 1.2 -1.3
v 0.5 1.3 -1
v 0.5 1.3 -1.1
v 0.5 1.3 -1.2
v 0.5 1.3 -1.3
v 0.6 0.3 1.4
v 0.6 0.3 1.3
v 0.6 0.3 1
v 0.6 0.3 0.9
v 0.6 0.6 1.4
v 0.6 0.6 1.3
v 0.6 0.6 1
v 0.6 0.6 0.9
v 1 0.3 0.0999999
v 1 0.3 -2.38419e-07
v 1 0.3 -0.3
v 1 0.3 -0.4
v 1 0.6 0.2
v 1 0.6 0.0999999
v 1 0.6 -2.38419e-07
v 1 0.6 -0.3
v 1 0.8 0.2
v 1 0.8 -0.4
v 1.1 0.7 0.3
v 1.1 0.7 0.2
v 1.1 0.8 0.2
v 1.1 0.8 -0.4
v 1.1 0.9 0.0999999
v 1.1 0.9 -0.4
v 1.1 1 0.4
v 1.1 1 0.3
v 1.1 1.1 0.3
v 1.1 1.1 0.2
v 1.1 1.2 0.4
v 1.1 1.2 0.3
v 1.1 1.2 0.2
v 1.1 1.2 0.0999999
v 1.1 1.3 0.3
v 1.1 1.3 0.2
v 1.2 0.7 -0.4
v 1.2 0.7 -0.5
v 1.2 0.8 -0.5
v 1.2 0.8 -0.7
v 1.2 0.9 0.0999999
v 1.2 0.9 -2.38419e-07
v 1.2 0.9 -0.4
v 1.2 0.9 -0.7
v 1.2 1 0.5
v 1.2 1 0.4
v 1.2 1.1 0.5
v 1.2 1.1 0.4
v 1.2 1.2 0.0999999
v 1.2 1.7 0.0999999
v 1.2 1.7 -2.38419e-07
v 1.3 1.2 0.3
v 1.3 1.2 0.2
v 1.3 1.3 0.3
v 1.3 1.3 0.2
v 1.4 0.3 0.0999999
v 1.4 0.3 -2.38419e-07
v 1.4 0.3 -0.3
v 1.4 0.3 -0.4
v 1.4 0.6 0.0999999
v 1.4 0.6 -2.38419e-07
v 1.4 0.6 -0.3
v 1.4 0.6 -0.4
v -0.9 0.3 0.3
v -0.9 0.3 0.2
v -0.9 0.3 -0.1
v -0.9 0.3 -0.2
v -0.9 0.6 0.3
v -0.9 0.6 0.2
v -0.9 0.6 -0.1
v -0.9 0.6 -0.2
v -0.8 1.2 -0.3
v -0.8 1.2 -0.4
v -0.8 1.3 -0.3
v -0.8 1.3 -0.4
v -0.7 0.7 0.4
v -0.7 0.7 0.3
v -0.7 0.8 0.6
v -0.7 0.8 0.4
v -0.7 0.9 0.6
v -0.7 0.9 0.3
v -0.7 0.9 -0.1
v -0.7 0.9 -0.2
v -0.7 1 -0.5
v -0.7 1 -0.6
v -0.7 1.1 -0.5
v -0.7 1.1 -0.6
v -0.7 1.2 -0.2
v -0.7 1.7 -0.1
v -0.7 1.7 -0.2
v -0.6 0.7 -0.3
v -0.6 0.7 -0.4
v -0.6 0.8 0.3
v -0.6 0.8 -0.3
v -0.6 0.9 0.3
v -0.6 0.9 -0.2
v -0.6 1 -0.4
v -0.6 1 -0.5
v -0.6 1.1 -0.3
v -0.6 1.1 -0.4
v -0.6 1.2 -0.2
v -0.6 1.2 -0.3
v -0.6 1.2 -0.4
v -0.6 1.2 -0.5
v -0.6 1.3 -0.3
v -0.6 1.3 -0.4
v -0.5 0.3 0.3
v -0.5 0.3 0.2
v -0.5 0.3 -0.1
v -0.5 0.3 -0.2
v -0.5 0.6 0.2
v -0.5 0.6 -0.1
v -0.5 0.6 -0.2
v -0.5 0.6 -0.3
v -0.5 0.8 0.3
v -0.5 0.8 -0.3
v 0 0.3 -0.9
v 0 0.3 -1
v 0 0.3 -1.3
v 0 0.3 -1.4
v 0 0.6 -0.9
v 0 0.6 -1
v 0 0.6 -1.3
v 0 0.6 -1.4
v 0.1 1.2 1.3
v 0.1 1.2 1.2
v 0.1 1.2 1.1
v 0.1 1.2 1
v 0.1 1.3 1.3
v 0.1 1.3 1.2
v 0.1 1.3 1.1
v 0.1 1.3 1
v 0.2 0.9 1.3
v 0.2 0.9 1.2
v 0.2 0.9 1.1
v 0.2 0.9 1
v 0.2 1.2 1.3
v 0.2 1.2 1.2
v 0.2 1.2 1.1
v 0.2 1.2 1
v 0.3 0.3 1.4
v 0.3 0.3 1.3
v 0.3 0.3 1
v 0.3 0.3 0.9
v 0.3 0.6 1.4
v 0.3 0.6 1.3
v 0.3 0.6 1
v 0.3 0.6 0.9
v 0.3 0.9 1.2
v 0.3 0.9 1.1
v 0.3 1.7 1.2
v 0.3 1.7 1.1
v 0.4 0.3 -0.9
v 0.4 0.3 -1
v 0.4 0.3 -1.3
v 0.4 0.3 -1.4
v 0.4 0.6 -0.9
v 0.4 0.6 -1
v 0.4 0.6 -1.3
v 0.4 0.6 -1.4
v 0.4 1.2 -1.1
v 0.4 1.2 -1.2
v 0.4 1.7 -1.1
v 0.4 1.7 -1.2
v 0.5 0.3 0.5
v 0.5 0.3 0.4
v 0.5 0.3 -0.5
v 0.5 0.3 -0.6
v 0.5 0.6 -0.9
v 0.5 0.6 -1.4
v 0.5 0.7 -1
v 0.5 0.7 -1.3
v 0.5 0.8 -0.9
v 0.5 0.8 -1
v 0.5 0.8 -1.3
v 0.5 0.8 -1.4
v 0.5 1.7 0.5
v 0.5 1.7 0.4
v 0.5 1.7 -0.5
v 0.5 1.7 -0.6
v 0.5 2.2 0.8
v 0.5 2.2 0.7
v 0.5 2.2 -0.7
v 0.5 2.2 -0.8
v 0.5 2.3 0.8
v 0.5 2.3 0.7
v 0.5 2.3 -0.7
v 0.5 2.3 -0.8
v 0.6 0 1.6
v 0.6 0 1.5
v 0.6 0 -1.4
v 0.6 0 -1.5
v 0.6 0.1 1.6
v 0.6 0.1 1.5
v 0.6 0.1 -1.4
v 0.6 0.1 -1.5
v 0.6 0.3 0.4
v 0.6 0.3 0.3
v 0.6 0.3 -0.4
v 0.6 0.3 -0.5
v 0.6 0.7 -1
v 0.6 0.7 -1.3
v 0.6 1 -1
v 0.6 1 -1.3
v 0.6 1.2 -1
v 0.6 1.2 -1.1
v 0.6 1.2 -1.2
v 0.6 1.2 -1.3
v 0.6 1.3 -1
v 0.6 1.3 -1.1
v 0.6 1.3 -1.2
v 0.6 1.3 -1.3
v 0.6 1.7 2
v 0.6 1.7 1.9
v 0.6 1.7 0.4
v 0.6 1.7 0.3
v 0.6 1.7 -0.4
v 0.6 1.7 -0.5
v 0.6 1.7 -1.9
v 0.6 1.7 -2
v 0.6 1.8 2
v 0.6 1.8 1.9
v 0.6 1.8 -1.9
v 0.6 1.8 -2
v 0.6 2.1 1.3
v 0.6 2.1 1.2
v 0.6 2.1 -1.2
v 0.6 2.1 -1.3
v 0.6 2.2 1.3
v 0.6 2.2 1.2
v 0.6 2.2 -1.2
v 0.6 2.2 -1.3
v 0.7 0.3 1.4
v 0.7 0.3 1.3
v 0.7 0.3 1
v 0.7 0.3 0.9
v 0.7 0.3 0.3
v 0.7 0.3 0.2
v 0.7 0.3 -0.3
v 0.7 0.3 -0.4
v 0.7 0.6 1.3
v 0.7 0.6 1
v 0.7 0.7 1.2
v 0.7 0.7 1.1
v 0.7 0.8 1.4
v 0.7 0.8 1.3
v 0.7 0.8 1
v 0.7 0.8 0.9
v 0.7 0.9 1.3
v 0.7 0.9 1.2
v 0.7 0.9 1.1
v 0.7 0.9 1
v 0.7 1 -1
v 0.7 1 -1.1
v 0.7 1 -1.2
v 0.7 1 -1.3
v 0.7 1.1 -1.1
v 0.7 1.1 -1.2
v 0.7 1.2 -1
v 0.7 1.2 -1.3
v 0.7 1.7 0.3
v 0.7 1.7 0.2
v 0.7 1.7 -0.3
v 0.7 1.7 -0.4
v 0.7 1.9 1.8
v 0.7 1.9 1.7
v 0.7 1.9 -1.7
v 0.7 1.9 -1.8
v 0.7 2 1.8
v 0.7 2 1.7
v 0.7 2 1.6
v 0.7 2 1.5
v 0.7 2 -1.5
v 0.7 2 -1.6
v 0.7 2 -1.7
v 0.7 2 -1.8
v 0.7 2.1 1.6
v 0.7 2.1 1.5
v 0.7 2.1 -1.5
v 0.7 2.1 -1.6
v 0.7 2.2 0.7
v 0.7 2.2 0.6
v 0.7 2.2 -0.6
v 0.7 2.2 -0.7
v 0.7 2.3 0.7
v 0.7 2.3 0.6
v 0.7 2.3 -0.6
v 0.7 2.3 -0.7
v 0.8 0 1.5
v 0.8 0 1.4
v 0.8 0 -1.3
v 0.8 0 -1.4
v 0.8 0.1 1.5
v 0.8 0.1 1.4
v 0.8 0.1 -1.3
v 0.8 0.1 -1.4
v 0.8 0.3 0.2
v 0.8 0.3 -0.3
v 0.8 0.7 1.2
v 0.8 0.7 1.1
v 0.8 0.8 1.2
v 0.8 0.8 1.1
v 0.8 1 -1.1
v 0.8 1 -1.2
v 0.8 1.1 -1.1
v 0.8 1.1 -1.2
v 0.8 1.7 0.2
v 0.8 1.7 -0.3
v 0.8 1.8 1.9
v 0.8 1.8 1.8
v 0.8 1.8 -1.8
v 0.8 1.8 -1.9
v 0.8 1.9 1.9
v 0.8 1.9 1.8
v 0.8 1.9 -1.8
v 0.8 1.9 -1.9
v 0.8 2.1 1.2
v 0.8 2.1 1.1
v 0.8 2.1 -1.1
v 0.8 2.1 -1.2
v 0.8 2.2 1.2
v 0.8 2.2 1.1
v 0.8 2.2 0.6
v 0.8 2.2 0.4
v 0.8 2.2 -0.4
v 0.8 2.2 -0.6
v 0.8 2.2 -1.1
v 0.8 2.2 -1.2
v 0.8 2.3 0.6
v 0.8 2.3 0.4
v 0.8 2.3 -0.4
v 0.8 2.3 -0.6
v 0.9 1.7 1.9
v 0.9 1.7 1.8
v 0.9 1.7 -1.8
v 0.9 1.7 -1.9
v 0.9 1.8 1.9
v 0.9 1.8 1.8
v 0.9 1.8 -1.8
v 0.9 1.8 -1.9
v 0.9 1.9 1.7
v 0.9 1.9 1.6
v 0.9 1.9 -1.6
v 0.9 1.9 -1.7
v 0.9 2 1.7
v 0.9 2 1.6
v 0.9 2 1.5
v 0.9 2 1.4
v 0.9 2 -1.4
v 0.9 2 -1.5
v 0.9 2 -1.6
v 0.9 2 -1.7
v 0.9 2.1 1.5
v 0.9 2.1 1.4
v 0.9 2.1 -1.4
v 0.9 2.1 -1.5
v 0.9 2.2 0.4
v 0.9 2.2 -0.4
v 0.9 2.3 0.4
v 0.9 2.3 -0.4
v 1 0 1.4
v 1 0 1.3
v 1 0 -1.2
v 1 0 -1.3
v 1 0.1 1.4
v 1 0.1 1.3
v 1 0.1 -1.2
v 1 0.1 -1.3
v 1 0.8 1.2
v 1 0.8 1.1
v 1 0.9 1.2
v 1 0.9 1.1
v 1 1.8 1.8
v 1 1.8 1.7
v 1 1.8 -1.7
v 1 1.8 -1.8
v 1 1.9 1.8
v 1 1.9 1.7
v 1 1.9 -1.7
v 1 1.9 -1.8
v 1 2 1.4
v 1 2 1.3
v 1 2 -1.3
v 1 2 -1.4
v 1 2.1 1.4
v 1 2.1 1.3
v 1 2.1 1.1
v 1 2.1 1
v 1 2.1 -1
v 1 2.1 -1.1
v 1 2.1 -1.3
v 1 2.1 -1.4
v 1 2.2 1.1
v 1 2.2 1
v 1 2.2 -1
v 1 2.2 -1.1
v 1.1 0 1.3
v 1.1 0 1.2
v 1.1 0 -1.1
v 1.1 0 -1.2
v 1.1 0.1 1.3
v 1.1 0.1 1.2
v 1.1 0.1 -1.1
v 1.1 0.1 -1.2
v 1.1 0.3 0.0999999
v 1.1 0.3 -2.38419e-07
v 1.1 0.3 -0.3
v 1.1 0.3 -0.4
v 1.1 0.6 0.0999999
v 1.1 0.6 -2.38419e-07
v 1.1 0.6 -0.3
v 1.1 0.6 -0.4
v 1.1 1.7 1.8
v 1.1 1.7 1.7
v 1.1 1.7 -1.7
v 1.1 1.7 -1.8
v 1.1 1.8 1.8
v 1.1 1.8 1.7
v 1.1 1.8 1.6
v 1.1 1.8 -1.6
v 1.1 1.8 -1.7
v 1.1 1.8 -1.8
v 1.1 1.9 1.7
v 1.1 1.9 1.6
v 1.1 1.9 1.5
v 1.1 1.9 -1.5
v 1.1 1.9 -1.6
v 1.1 1.9 -1.7
v 1.1 2 1.6
v 1.1 2 1.5
v 1.1 2 -1.5
v 1.1 2 -1.6
v 1.1 2.1 1
v 1.1 2.1 0.8
v 1.1 2.1 -0.8
v 1.1 2.1 -1
v 1.1 2.2 1
v 1.1 2.2 0.8
v 1.1 2.2 -0.8
v 1.1 2.2 -1
v 1.2 0 1.2
v 1.2 0 1.1
v 1.2 0 -1
v 1.2 0 -1.1
v 1.2 0.1 1.2
v 1.2 0.1 1.1
v 1.2 0.1 -1
v 1.2 0.1 -1.1
v 1.2 1.2 0.3
v 1.2 1.2 0.2
v 1.2 1.3 0.3
v 1.2 1.3 0.2
v 1.2 1.7 1.7
v 1.2 1.7 1.6
v 1.2 1.7 -1.6
v 1.2 1.7 -1.7
v 1.2 1.8 1.7
v 1.2 1.8 1.6
v 1.2 1.8 -1.6
v 1.2 1.8 -1.7
v 1.2 1.9 1.5
v 1.2 1.9 1.4
v 1.2 1.9 -1.4
v 1.2 1.9 -1.5
v 1.2 2 1.5
v 1.2 2 1.4
v 1.2 2 1.3
v 1.2 2 1.2
v 1.2 2 -1.2
v 1.2 2 -1.3
v 1.2 2 -1.4
v 1.2 2 -1.5
v 1.2 2.1 1.3
v 1.2 2.1 1.2
v 1.2 2.1 0.8
v 1.2 2.1 0.7
v 1.2 2.1 -0.7
v 1.2 2.1 -0.8
v 1.2 2.1 -1.2
v 1.2 2.1 -1.3
v 1.2 2.2 0.8
v 1.2 2.2 0.7
v 1.2 2.2 -0.7
v 1.2 2.2 -0.8
v 1.3 0 1.1
v 1.3 0 0.9
v 1.3 0 -0.8
v 1.3 0 -1
v 1.3 0.1 1.1
v 1.3 0.1 0.9
v 1.3 0.1 -0.8
v 1.3 0.1 -1
v 1.3 0.7 -0.4
v 1.3 0.7 -0.5
v 1.3 0.8 -0.5
v 1.3 0.8 -0.7
v 1.3 0.9 0.0999999
v 1.3 0.9 -2.38419e-07
v 1.3 0.9 -0.4
v 1.3 0.9 -0.7
v 1.3 1 0.5
v 1.3 1 0.4
v 1.3 1.1 0.5
v 1.3 1.1 0.4
v 1.3 1.2 0.0999999
v 1.3 1.7 1.6
v 1.3 1.7 1.5
v 1.3 1.7 0.0999999
v 1.3 1.7 -2.38419e-07
v 1.3 1.7 -1.5
v 1.3 1.7 -1.6
v 1.3 1.9 1.6
v 1.3 1.9 1.5
v 1.3 1.9 1.4
v 1.3 1.9 1.3
v 1.3 1.9 -1.3
v 1.3 1.9 -1.4
v 1.3 1.9 -1.5
v 1.3 1.9 -1.6
v 1.3 2 1.4
v 1.3 2 1.3
v 1.3 2 1.2
v 1.3 2 1
v 1.3 2 -1
v 1.3 2 -1.2
v 1.3 2 -1.3
v 1.3 2 -1.4
v 1.3 2.1 1.2
v 1.3 2.1 1
v 1.3 2.1 0.7
v 1.3 2.1 0.4
v 1.3 2.1 -0.4
v 1.3 2.1 -0.7
v 1.3 2.1 -1
v 1.3 2.1 -1.2
v 1.3 2.2 0.7
v 1.3 2.2 0.4
v 1.3 2.2 -0.4
v 1.3 2.2 -0.7
v 1.4 0 0.9
v 1.4 0 0.7
v 1.4 0 -0.6
v 1.4 0 -0.8
v 1.4 0.1 0.9
v 1.4 0.1 0.7
v 1.4 0.1 -0.6
v 1.4 0.1 -0.8
v 1.4 0.7 0.3
v 1.4 0.7 0.2
v 1.4 0.8 0.2
v 1.4 0.8 -0.4
v 1.4 0.9 0.0999999
v 1.4 0.9 -0.4
v 1.4 1 0.4
v 1.4 1 0.3
v 1.4 1.1 0.3
v 1.4 1.1 0.2
v 1.4 1.2 0.4
v 1.4 1.2 0.3
v 1.4 1.2 0.2
v 1.4 1.2 0.0999999
v 1.4 1.3 0.3
v 1.4 1.3 0.2
v 1.4 1.7 1.5
v 1.4 1.7 1.4
v 1.4 1.7 -1.4
v 1.4 1.7 -1.5
v 1.4 1.9 1.5
v 1.4 1.9 1.4
v 1.4 1.9 1.3
v 1.4 1.9 1.2
v 1.4 1.9 -1.2
v 1.4 1.9 -1.3
v 1.4 1.9 -1.4
v 1.4 1.9 -1.5
v 1.4 2 1.3
v 1.4 2 1.2
v 1.4 2 1
v 1.4 2 0.9
v 1.4 2 -0.9
v 1.4 2 -1
v 1.4 2 -1.2
v 1.4 2 -1.3
v 1.4 2.1 1
v 1.4 2.1 0.9
v 1.4 2.1 0.4
v 1.4 2.1 -0.4
v 1.4 2.1 -0.9
v 1.4 2.1 -1
v 1.4 2.2 0.4
v 1.4 2.2 -0.4
v 1.5 0 0.7
v 1.5 0 0.5
v 1.5 0 -0.4
v 1.5 0 -0.6
v 1.5 0.1 0.7
v 1.5 0.1 0.5
v 1.5 0.1 -0.4
v 1.5 0.1 -0.6
v 1.5 0.3 0.0999999
v 1.5 0.3 -2.38419e-07
v 1.5 0.3 -0.3
v 1.5 0.3 -0.4
v 1.5 0.6 0.2
v 1.5 0.6 0.0999999
v 1.5 0.6 -2.38419e-07
v 1.5 0.6 -0.3
v 1.5 0.8 0.2
v 1.5 0.8 -0.4
v 1.5 1.7 1.4
v 1.5 1.7 1.3
v 1.5 1.7 -1.3
v 1.5 1.7 -1.4
v 1.5 1.8 1.3
v 1.5 1.8 1.2
v 1.5 1.8 -1.2
v 1.5 1.8 -1.3
v 1.5 1.9 1.4
v 1.5 1.9 1.2
v 1.5 1.9 1
v 1.5 1.9 -1
v 1.5 1.9 -1.2
v 1.5 1.9 -1.4
v 1.5 2 1.2
v 1.5 2 1
v 1.5 2 0.9
v 1.5 2 0.7
v 1.5 2 -0.7
v 1.5 2 -0.9
v 1.5 2 -1
v 1.5 2 -1.2
v 1.5 2.1 0.9
v 1.5 2.1 0.7
v 1.5 2.1 -0.7
v 1.5 2.1 -0.9
v 1.6 0 0.5
v 1.6 0 -0.4
v 1.6 0.1 0.5
v 1.6 0.1 -0.4
v 1.6 1.7 1.3
v 1.6 1.7 1.2
v 1.6 1.7 -1.2
v 1.6 1.7 -1.3
v 1.6 1.8 1.3
v 1.6 1.8 1.2
v 1.6 1.8 1.1
v 1.6 1.8 -1.1
v 1.6 1.8 -1.2
v 1.6 1.8 -1.3
v 1.6 1.9 1.2
v 1.6 1.9 1.1
v 1.6 1.9 1
v 1.6 1.9 0.9
v 1.6 1.9 -0.9
v 1.6 1.9 -1
v 1.6 1.9 -1.1
v 1.6 1.9 -1.2
v 1.6 2 1
v 1.6 2 0.9
v 1.6 2 0.7
v 1.6 2 0.3
v 1.6 2 -0.3
v 1.6 2 -0.7
v 1.6 2 -0.9
v 1.6 2 -1
v 1.6 2.1 0.7
v 1.6 2.1 0.3
v 1.6 2.1 -0.3
v 1.6 2.1 -0.7
v 1.7 1.7 1.2
v 1.7 1.7 1
v 1.7 1.7 -1
v 1.7 1.7 -1.2
v 1.7 1.8 1.2
v 1.7 1.8 1.1
v 1.7 1.8 1
v 1.7 1.8 0.9
v 1.7 1.8 -0.9
v 1.7 1.8 -1
v 1.7 1.8 -1.1
v 1.7 1.8 -1.2
v 1.7 1.9 1.1
v 1.7 1.9 0.9
v 1.7 1.9 0.6
v 1.7 1.9 -0.6
v 1.7 1.9 -0.9
v 1.7 1.9 -1.1
v 1.7 2 0.9
v 1.7 2 0.6
v 1.7 2 0.3
v 1.7 2 -0.3
v 1.7 2 -0.6
v 1.7 2 -0.9
v 1.7 2.1 0.3
v 1.7 2.1 -0.3
v 1.8 1.7 1
v 1.8 1.7 0.8
v 1.8 1.7 -0.8
v 1.8 1.7 -1
v 1.8 1.8 1
v 1.8 1.8 0.9
v 1.8 1.8 0.8
v 1.8 1.8 0.6
v 1.8 1.8 -0.6
v 1.8 1.8 -0.8
v 1.8 1.8 -0.9
v 1.8 1.8 -1
v 1.8 1.9 0.9
v 1.8 1.9 0.6
v 1.8 1.9 -0.6
v 1.8 1.9 -0.9
v 1.8 2 0.6
v 1.8 2 -0.6
v 1.9 1.7 0.8
v 1.9 1.7 0.4
v 1.9 1.7 -0.4
v 1.9 1.7 -0.8
v 1.9 1.8 0.8
v 1.9 1.8 0.6
v 1.9 1.8 0.4
v 1.9 1.8 -0.4
v 1.9 1.8 -0.6
v 1.9 1.8 -0.8
v 1.9 1.9 0.6
v 1.9 1.9 -0.6
v 2 1.7 0.4
v 2 1.7 -0.4
v 2 1.8 0.4
v 2 1.8 -0.4
v -0.1 1.7 2
v -0.1 1.8 2
v 0.6 1.7 2
v 0.6 1.8 2
v -0.4 1.7 1.9
v -0.4 1.8 1.9
v -0.3 1.8 1.9
v -0.3 1.9 1.9
v -0.1 1.7 1.9
v -0.1 1.8 1.9
v 0.6 1.7 1.9
v 0.6 1.8 1.9
v 0.8 1.8 1.9
v 0.8 1.9 1.9
v 0.9 1.7 1.9
v 0.9 1.8 1.9
v -0.6 1.7 1.8
v -0.6 1.8 1.8
v -0.5 1.8 1.8
v -0.5 1.9 1.8
v -0.4 1.7 1.8
v -0.4 1.8 1.8
v -0.3 1.8 1.8
v -0.3 1.9 1.8
v -0.2 1.9 1.8
v -0.2 2 1.8
v 0.7 1.9 1.8
v 0.7 2 1.8
v 0.8 1.8 1.8
v 0.8 1.9 1.8
v 0.9 1.7 1.8
v 0.9 1.8 1.8
v 1 1.8 1.8
v 1 1.9 1.8
v 1.1 1.7 1.8
v 1.1 1.8 1.8
v -0.7 1.7 1.7
v -0.7 1.8 1.7
v -0.6 1.7 1.7
v -0.6 1.8 1.7
v -0.6 1.9 1.7
v -0.5 1.8 1.7
v -0.5 1.9 1.7
v -0.4 1.9 1.7
v -0.4 2 1.7
v -0.2 1.9 1.7
v -0.2 2 1.7
v 0.7 1.9 1.7
v 0.7 2 1.7
v 0.9 1.9 1.7
v 0.9 2 1.7
v 1 1.8 1.7
v 1 1.9 1.7
v 1.1 1.7 1.7
v 1.1 1.8 1.7
v 1.1 1.9 1.7
v 1.2 1.7 1.7
v 1.2 1.8 1.7
v -0.8 1.7 1.6
v -0.8 1.9 1.6
v -0.7 1.7 1.6
v -0.7 1.8 1.6
v -0.6 1.8 1.6
v -0.6 1.9 1.6
v -0.6 2 1.6
v -0.4 1.9 1.6
v -0.4 2 1.6
v -0.2 0 1.6
v -0.2 0.1 1.6
v -0.2 2 1.6
v -0.2 2.1 1.6
v 0.6 0 1.6
v 0.6 0.1 1.6
v 0.7 2 1.6
v 0.7 2.1 1.6
v 0.9 1.9 1.6
v 0.9 2 1.6
v 1.1 1.8 1.6
v 1.1 1.9 1.6
v 1.1 2 1.6
v 1.2 1.7 1.6
v 1.2 1.8 1.6
v 1.3 1.7 1.6
v 1.3 1.9 1.6
v -0.9 1.7 1.5
v -0.9 1.9 1.5
v -0.8 1.7 1.5
v -0.8 1.9 1.5
v -0.7 1.9 1.5
v -0.7 2 1.5
v -0.6 1.9 1.5
v -0.6 2 1.5
v -0.4 0 1.5
v -0.4 0.1 1.5
v -0.4 2 1.5
v -0.4 2.1 1.5
v -0.2 0 1.5
v -0.2 0.1 1.5
v -0.2 2 1.5
v -0.2 2.1 1.5
v 0.6 0 1.5
v 0.6 0.1 1.5
v 0.7 2 1.5
v 0.7 2.1 1.5
v 0.8 0 1.5
v 0.8 0.1 1.5
v 0.9 2 1.5
v 0.9 2.1 1.5
v 1.1 1.9 1.5
v 1.1 2 1.5
v 1.2 1.9 1.5
v 1.2 2 1.5
v 1.3 1.7 1.5
v 1.3 1.9 1.5
v 1.4 1.7 1.5
v 1.4 1.9 1.5
v -1 1.7 1.4
v -1 1.9 1.4
v -0.9 1.7 1.4
v -0.9 1.9 1.4
v -0.8 1.9 1.4
v -0.8 2 1.4
v -0.7 1.9 1.4
v -0.7 2 1.4
v -0.6 0 1.4
v -0.6 0.1 1.4
v -0.5 2 1.4
v -0.5 2.1 1.4
v -0.4 0 1.4
v -0.4 0.1 1.4
v -0.4 2 1.4
v -0.4 2.1 1.4
v 0.1 0.6 1.4
v 0.1 0.8 1.4
v 0.2 0.3 1.4
v 0.2 0.6 1.4
v 0.3 0.3 1.4
v 0.3 0.6 1.4
v 0.6 0.3 1.4
v 0.6 0.6 1.4
v 0.7 0.3 1.4
v 0.7 0.8 1.4
v 0.8 0 1.4
v 0.8 0.1 1.4
v 0.9 2 1.4
v 0.9 2.1 1.4
v 1 0 1.4
v 1 0.1 1.4
v 1 2 1.4
v 1 2.1 1.4
v 1.2 1.9 1.4
v 1.2 2 1.4
v 1.3 1.9 1.4
v 1.3 2 1.4
v 1.4 1.7 1.4
v 1.4 1.9 1.4
v 1.5 1.7 1.4
v 1.5 1.9 1.4
v -1.1 1.7 1.3
v -1.1 1.8 1.3
v -1 1.7 1.3
v -1 1.8 1.3
v -0.9 1.9 1.3
v -0.9 2 1.3
v -0.8 1.9 1.3
v -0.8 2 1.3
v -0.7 0 1.3
v -0.7 0.1 1.3
v -0.7 2 1.3
v -0.7 2.1 1.3
v -0.6 0 1.3
v -0.6 0.1 1.3
v -0.5 2 1.3
v -0.5 2.1 1.3
v -0.1 1 1.3
v -0.1 1.2 1.3
v -0.1 2.1 1.3
v -0.1 2.2 1.3
v 0 0.7 1.3
v 0 1 1.3
v 0 1.1 1.3
v 0 1.2 1.3
v 0 1.3 1.3
v 0.1 0.7 1.3
v 0.1 0.8 1.3
v 0.1 1.1 1.3
v 0.1 1.2 1.3
v 0.1 1.3 1.3
v 0.2 0.9 1.3
v 0.2 1.2 1.3
v 0.6 2.1 1.3
v 0.6 2.2 1.3
v 0.7 0.8 1.3
v 0.7 0.9 1.3
v 1 0 1.3
v 1 0.1 1.3
v 1 2 1.3
v 1 2.1 1.3
v 1.1 0 1.3
v 1.1 0.1 1.3
v 1.2 2 1.3
v 1.2 2.1 1.3
v 1.3 1.9 1.3
v 1.3 2 1.3
v 1.4 1.9 1.3
v 1.4 2 1.3
v 1.5 1.7 1.3
v 1.5 1.8 1.3
v 1.6 1.7 1.3
v 1.6 1.8 1.3
v -1.2 1.7 1.2
v -1.2 1.8 1.2
v -1.1 1.7 1.2
v -1.1 1.8 1.2
v -1.1 1.9 1.2
v -1 1.8 1.2
v -1 1.9 1.2
v -1 2 1.2
v -0.9 1.9 1.2
v -0.9 2 1.2
v -0.8 0 1.2
v -0.8 0.1 1.2
v -0.8 2 1.2
v -0.8 2.1 1.2
v -0.7 0 1.2
v -0.7 0.1 1.2
v -0.7 2 1.2
v -0.7 2.1 1.2
v -0.3 2.1 1.2
v -0.3 2.2 1.2
v -0.2 1 1.2
v -0.2 1.1 1.2
v -0.1 1 1.2
v -0.1 1.1 1.2
v -0.1 2.1 1.2
v -0.1 2.2 1.2
v 0.2 0.9 1.2
v 0.2 1.2 1.2
v 0.2 1.7 1.2
v 0.3 0.9 1.2
v 0.3 1.7 1.2
v 0.6 2.1 1.2
v 0.6 2.2 1.2
v 0.7 0.7 1.2
v 0.7 0.9 1.2
v 0.8 0.7 1.2
v 0.8 0.8 1.2
v 0.8 2.1 1.2
v 0.8 2.2 1.2
v 1 0.8 1.2
v 1 0.9 1.2
v 1.1 0 1.2
v 1.1 0.1 1.2
v 1.2 0 1.2
v 1.2 0.1 1.2
v 1.2 2 1.2
v 1.2 2.1 1.2
v 1.3 2 1.2
v 1.3 2.1 1.2
v 1.4 1.9 1.2
v 1.4 2 1.2
v 1.5 1.8 1.2
v 1.5 1.9 1.2
v 1.5 2 1.2
v 1.6 1.7 1.2
v 1.6 1.8 1.2
v 1.6 1.9 1.2
v 1.7 1.7 1.2
v 1.7 1.8 1.2
v -1.2 1.8 1.1
v -1.2 1.9 1.1
v -1.1 1.8 1.1
v -1.1 1.9 1.1
v -0.9 0 1.1
v -0.9 0.1 1.1
v -0.8 0 1.1
v -0.8 0.1 1.1
v -0.5 2.1 1.1
v -0.5 2.2 1.1
v -0.3 2.1 1.1
v -0.3 2.2 1.1
v 0 1.2 1.1
v 0 1.3 1.1
v 0.1 1.2 1.1
v 0.1 1.3 1.1
v 0.8 2.1 1.1
v 0.8 2.2 1.1
v 1 2.1 1.1
v 1 2.2 1.1
v 1.2 0 1.1
v 1.2 0.1 1.1
v 1.3 0 1.1
v 1.3 0.1 1.1
v 1.6 1.8 1.1
v 1.6 1.9 1.1
v 1.7 1.8 1.1
v 1.7 1.9 1.1
v -1.3 1.7 1
v -1.3 1.8 1
v -1.2 1.7 1
v -1.2 1.8 1
v -1.1 1.9 1
v -1.1 2 1
v -1 1.9 1
v -1 2 1
v -0.9 2 1
v -0.9 2.1 1
v -0.8 2 1
v -0.8 2.1 1
v -0.6 2.1 1
v -0.6 2.2 1
v -0.5 2.1 1
v -0.5 2.2 1
v 0.2 0.3 1
v 0.2 0.6 1
v 0.3 0.3 1
v 0.3 0.6 1
v 0.6 0.3 1
v 0.6 0.6 1
v 0.7 0.3 1
v 0.7 0.6 1
v 1 2.1 1
v 1 2.2 1
v 1.1 2.1 1
v 1.1 2.2 1
v 1.3 2 1
v 1.3 2.1 1
v 1.4 2 1
v 1.4 2.1 1
v 1.5 1.9 1
v 1.5 2 1
v 1.6 1.9 1
v 1.6 2 1
v 1.7 1.7 1
v 1.7 1.8 1
v 1.8 1.7 1
v 1.8 1.8 1
v -1.3 1.8 0.9
v -1.3 1.9 0.9
v -1.2 1.8 0.9
v -1.2 1.9 0.9
v -1.2 2 0.9
v -1.1 1.9 0.9
v -1.1 2 0.9
v -1 0 0.9
v -1 0.1 0.9
v -1 2 0.9
v -1 2.1 0.9
v -0.9 0 0.9
v -0.9 0.1 0.9
v -0.9 2 0.9
v -0.9 2.1 0.9
v 1.3 0 0.9
v 1.3 0.1 0.9
v 1.4 0 0.9
v 1.4 0.1 0.9
v 1.4 2 0.9
v 1.4 2.1 0.9
v 1.5 2 0.9
v 1.5 2.1 0.9
v 1.6 1.9 0.9
v 1.6 2 0.9
v 1.7 1.8 0.9
v 1.7 1.9 0.9
v 1.7 2 0.9
v 1.8 1.8 0.9
v 1.8 1.9 0.9
v -1.4 1.7 0.8
v -1.4 1.8 0.8
v -1.3 1.7 0.8
v -1.3 1.8 0.8
v -0.7 2.1 0.8
v -0.7 2.2 0.8
v -0.6 2.1 0.8
v -0.6 2.2 0.8
v 0 2.2 0.8
v 0 2.3 0.8
v 0.5 2.2 0.8
v 0.5 2.3 0.8
v 1.1 2.1 0.8
v 1.1 2.2 0.8
v 1.2 2.1 0.8
v 1.2 2.2 0.8
v 1.8 1.7 0.8
v 1.8 1.8 0.8
v 1.9 1.7 0.8
v 1.9 1.8 0.8
v -1.1 0 0.7
v -1.1 0.1 0.7
v -1.1 2 0.7
v -1.1 2.1 0.7
v -1 0 0.7
v -1 0.1 0.7
v -1 2 0.7
v -1 2.1 0.7
v -0.8 2.1 0.7
v -0.8 2.2 0.7
v -0.7 2.1 0.7
v -0.7 2.2 0.7
v -0.2 2.2 0.7
v -0.2 2.3 0.7
v 0 2.2 0.7
v 0 2.3 0.7
v 0.5 2.2 0.7
v 0.5 2.3 0.7
v 0.7 2.2 0.7
v 0.7 2.3 0.7
v 1.2 2.1 0.7
v 1.2 2.2 0.7
v 1.3 2.1 0.7
v 1.3 2.2 0.7
v 1.4 0 0.7
v 1.4 0.1 0.7
v 1.5 0 0.7
v 1.5 0.1 0.7
v 1.5 2 0.7
v 1.5 2.1 0.7
v 1.6 2 0.7
v 1.6 2.1 0.7
v -1.4 1.8 0.6
v -1.4 1.9 0.6
v -1.3 1.8 0.6
v -1.3 1.9 0.6
v -1.3 2 0.6
v -1.2 1.9 0.6
v -1.2 2 0.6
v -0.8 0.8 0.6
v -0.8 0.9 0.6
v -0.7 0.8 0.6
v -0.7 0.9 0.6
v -0.3 2.2 0.6
v -0.3 2.3 0.6
v -0.2 2.2 0.6
v -0.2 2.3 0.6
v 0.7 2.2 0.6
v 0.7 2.3 0.6
v 0.8 2.2 0.6
v 0.8 2.3 0.6
v 1.7 1.9 0.6
v 1.7 2 0.6
v 1.8 1.8 0.6
v 1.8 1.9 0.6
v 1.8 2 0.6
v 1.9 1.8 0.6
v 1.9 1.9 0.6
v -1.2 0 0.5
v -1.2 0.1 0.5
v -1.1 0 0.5
v -1.1 0.1 0.5
v 0 0.3 0.5
v 0 1.7 0.5
v 0.5 0.3 0.5
v 0.5 1.7 0.5
v 1.2 1 0.5
v 1.2 1.1 0.5
v 1.3 1 0.5
v 1.3 1.1 0.5
v 1.5 0 0.5
v 1.5 0.1 0.5
v 1.6 0 0.5
v 1.6 0.1 0.5
v -1.5 1.7 0.4
v -1.5 1.8 0.4
v -1.4 1.7 0.4
v -1.4 1.8 0.4
v -0.9 2.1 0.4
v -0.9 2.2 0.4
v -0.8 0.7 0.4
v -0.8 0.8 0.4
v -0.8 2.1 0.4
v -0.8 2.2 0.4
v -0.7 0.7 0.4
v -0.7 0.8 0.4
v -0.4 2.2 0.4
v -0.4 2.3 0.4
v -0.3 2.2 0.4
v -0.3 2.3 0.4
v -0.1 0.3 0.4
v -0.1 1.7 0.4
v 0 0.3 0.4
v 0 1.7 0.4
v 0.5 0.3 0.4
v 0.5 1.7 0.4
v 0.6 0.3 0.4
v 0.6 1.7 0.4
v 0.8 2.2 0.4
v 0.8 2.3 0.4
v 0.9 2.2 0.4
v 0.9 2.3 0.4
v 1.1 1 0.4
v 1.1 1.2 0.4
v 1.2 1 0.4
v 1.2 1.1 0.4
v 1.3 1 0.4
v 1.3 1.1 0.4
v 1.3 2.1 0.4
v 1.3 2.2 0.4
v 1.4 1 0.4
v 1.4 1.2 0.4
v 1.4 2.1 0.4
v 1.4 2.2 0.4
v 1.9 1.7 0.4
v 1.9 1.8 0.4
v 2 1.7 0.4
v 2 1.8 0.4
v -1.2 2 0.3
v -1.2 2.1 0.3
v -1.1 2 0.3
v -1.1 2.1 0.3
v -1 0.3 0.3
v -1 0.8 0.3
v -0.9 0.3 0.3
v -0.9 0.6 0.3
v -0.9 0.8 0.3
v -0.9 0.9 0.3
v -0.8 0.7 0.3
v -0.8 0.9 0.3
v -0.7 0.7 0.3
v -0.7 0.9 0.3
v -0.6 0.3 0.3
v -0.6 0.6 0.3
v -0.6 0.8 0.3
v -0.6 0.9 0.3
v -0.5 0.3 0.3
v -0.5 0.8 0.3
v -0.2 0.3 0.3
v -0.2 1.7 0.3
v -0.1 0.3 0.3
v -0.1 1.7 0.3
v 0.6 0.3 0.3
v 0.6 1.7 0.3
v 0.7 0.3 0.3
v 0.7 1.7 0.3
v 1.1 0.7 0.3
v 1.1 1 0.3
v 1.1 1.2 0.3
v 1.1 1.3 0.3
v 1.2 1.2 0.3
v 1.2 1.3 0.3
v 1.3 1.2 0.3
v 1.3 1.3 0.3
v 1.4 0.7 0.3
v 1.4 1 0.3
v 1.4 1.2 0.3
v 1.4 1.3 0.3
v 1.6 2 0.3
v 1.6 2.1 0.3
v 1.7 2 0.3
v 1.7 2.1 0.3
v -0.3 0.3 0.2
v -0.3 1.7 0.2
v -0.2 0.3 0.2
v -0.2 1.7 0.2
v 0.7 0.3 0.2
v 0.7 1.7 0.2
v 0.8 0.3 0.2
v 0.8 1.7 0.2
v 1 0.6 0.2
v 1 0.8 0.2
v 1.1 0.7 0.2
v 1.1 0.8 0.2
v 1.4 0.7 0.2
v 1.4 0.8 0.2
v 1.5 0.6 0.2
v 1.5 0.8 0.2
v 1 0.3 0.0999999
v 1 0.6 0.0999999
v 1.1 0.3 0.0999999
v 1.1 0.6 0.0999999
v 1.2 1.2 0.0999999
v 1.2 1.7 0.0999999
v 1.3 1.2 0.0999999
v 1.3 1.7 0.0999999
v 1.4 0.3 0.0999999
v 1.4 0.6 0.0999999
v 1.5 0.3 0.0999999
v 1.5 0.6 0.0999999
v -1 0.3 -0.1
v -1 0.6 -0.1
v -0.9 0.3 -0.1
v -0.9 0.6 -0.1
v -0.8 0.9 -0.1
v -0.8 1.7 -0.1
v -0.7 0.9 -0.1
v -0.7 1.7 -0.1
v -0.6 0.3 -0.1
v -0.6 0.6 -0.1
v -0.5 0.3 -0.1
v -0.5 0.6 -0.1
v -0.9 0.9 -0.2
v -0.9 1.2 -0.2
v -0.8 0.9 -0.2
v -0.8 1.2 -0.2
v -0.7 0.9 -0.2
v -0.7 1.2 -0.2
v -0.6 0.9 -0.2
v -0.6 1.2 -0.2
v -0.9 1.2 -0.3
v -0.9 1.3 -0.3
v -0.8 1.2 -0.3
v -0.8 1.3 -0.3
v -0.7 1.2 -0.3
v -0.7 1.3 -0.3
v -0.6 1.2 -0.3
v -0.6 1.3 -0.3
v 1 0.3 -0.3
v 1 0.6 -0.3
v 1.1 0.3 -0.3
v 1.1 0.6 -0.3
v 1.4 0.3 -0.3
v 1.4 0.6 -0.3
v 1.5 0.3 -0.3
v 1.5 0.6 -0.3
v -0.1 0.3 -0.9
v -0.1 0.8 -0.9
v 0 0.3 -0.9
v 0 0.6 -0.9
v 0.3 0.3 -0.9
v 0.3 0.6 -0.9
v 0.4 0.3 -0.9
v 0.4 0.6 -0.9
v 0.5 0.6 -0.9
v 0.5 0.8 -0.9
v -0.1 0.8 -1
v -0.1 0.9 -1
v 0.4 0.9 -1
v 0.4 1.2 -1
v 0.5 0.7 -1
v 0.5 0.8 -1
v 0.5 1.1 -1
v 0.5 1.2 -1
v 0.5 1.3 -1
v 0.6 0.7 -1
v 0.6 1 -1
v 0.6 1.1 -1
v 0.6 1.2 -1
v 0.6 1.3 -1
v 0.7 1 -1
v 0.7 1.2 -1
v -0.4 0.8 -1.1
v -0.4 0.9 -1.1
v -0.2 0.7 -1.1
v -0.2 0.8 -1.1
v -0.1 0.7 -1.1
v -0.1 0.9 -1.1
v 0.3 0.9 -1.1
v 0.3 1.7 -1.1
v 0.4 0.9 -1.1
v 0.4 1.2 -1.1
v 0.4 1.7 -1.1
v 0.7 1 -1.1
v 0.7 1.1 -1.1
v 0.8 1 -1.1
v 0.8 1.1 -1.1
v 0.5 1.2 -1.2
v 0.5 1.3 -1.2
v 0.6 1.2 -1.2
v 0.6 1.3 -1.2
v -0.1 0.3 -1.3
v -0.1 0.6 -1.3
v 0 0.3 -1.3
v 0 0.6 -1.3
v 0.3 0.3 -1.3
v 0.3 0.6 -1.3
v 0.4 0.3 -1.3
v 0.4 0.6 -1.3
v 0.2 0.3 1.3
v 0.2 0.6 1.3
v 0.3 0.3 1.3
v 0.3 0.6 1.3
v 0.6 0.3 1.3
v 0.6 0.6 1.3
v 0.7 0.3 1.3
v 0.7 0.6 1.3
v 0 1.2 1.2
v 0 1.3 1.2
v 0.1 1.2 1.2
v 0.1 1.3 1.2
v -0.2 1 1.1
v -0.2 1.1 1.1
v -0.1 1 1.1
v -0.1 1.1 1.1
v 0.2 0.9 1.1
v 0.2 1.2 1.1
v 0.2 1.7 1.1
v 0.3 0.9 1.1
v 0.3 1.7 1.1
v 0.7 0.7 1.1
v 0.7 0.9 1.1
v 0.8 0.7 1.1
v 0.8 0.8 1.1
v 1 0.8 1.1
v 1 0.9 1.1
v -0.1 1 1
v -0.1 1.2 1
v 0 0.7 1
v 0 1 1
v 0 1.1 1
v 0 1.2 1
v 0 1.3 1
v 0.1 0.7 1
v 0.1 0.8 1
v 0.1 1.1 1
v 0.1 1.2 1
v 0.1 1.3 1
v 0.2 0.9 1
v 0.2 1.2 1
v 0.7 0.8 1
v 0.7 0.9 1
v 0.1 0.6 0.9
v 0.1 0.8 0.9
v 0.2 0.3 0.9
v 0.2 0.6 0.9
v 0.3 0.3 0.9
v 0.3 0.6 0.9
v 0.6 0.3 0.9
v 0.6 0.6 0.9
v 0.7 0.3 0.9
v 0.7 0.8 0.9
v -1 0.3 0.2
v -1 0.6 0.2
v -0.9 0.3 0.2
v -0.9 0.6 0.2
v -0.6 0.3 0.2
v -0.6 0.6 0.2
v -0.5 0.3 0.2
v -0.5 0.6 0.2
v 1.1 1.2 0.2
v 1.1 1.3 0.2
v 1.2 1.2 0.2
v 1.2 1.3 0.2
v 1.3 1.2 0.2
v 1.3 1.3 0.2
v 1.4 1.2 0.2
v 1.4 1.3 0.2
v 1.1 0.9 0.0999999
v 1.1 1.2 0.0999999
v 1.2 0.9 0.0999999
v 1.2 1.2 0.0999999
v 1.3 0.9 0.0999999
v 1.3 1.2 0.0999999
v 1.4 0.9 0.0999999
v 1.4 1.2 0.0999999
v 1 0.3 -2.38419e-07
v 1 0.6 -2.38419e-07
v 1.1 0.3 -2.38419e-07
v 1.1 0.6 -2.38419e-07
v 1.2 0.9 -2.38419e-07
v 1.2 1.7 -2.38419e-07
v 1.3 0.9 -2.38419e-07
v 1.3 1.7 -2.38419e-07
v 1.4 0.3 -2.38419e-07
v 1.4 0.6 -2.38419e-07
v 1.5 0.3 -2.38419e-07
v 1.5 0.6 -2.38419e-07
v -1 0.3 -0.2
v -1 0.6 -0.2
v -0.9 0.3 -0.2
v -0.9 0.6 -0.2
v -0.8 1.2 -0.2
v -0.8 1.7 -0.2
v -0.7 1.2 -0.2
v -0.7 1.7 -0.2
v -0.6 0.3 -0.2
v -0.6 0.6 -0.2
v -0.5 0.3 -0.2
v -0.5 0.6 -0.2
v -1.2 2 -0.3
v -1.2 2.1 -0.3
v -1.1 2 -0.3
v -1.1 2.1 -0.3
v -1 0.6 -0.3
v -1 0.8 -0.3
v -0.9 0.7 -0.3
v -0.9 0.8 -0.3
v -0.6 0.7 -0.3
v -0.6 0.8 -0.3
v -0.5 0.6 -0.3
v -0.5 0.8 -0.3
v -0.3 0.3 -0.3
v -0.3 1.7 -0.3
v -0.2 0.3 -0.3
v -0.2 1.7 -0.3
v 0.7 0.3 -0.3
v 0.7 1.7 -0.3
v 0.8 0.3 -0.3
v 0.8 1.7 -0.3
v 1.6 2 -0.3
v 1.6 2.1 -0.3
v 1.7 2 -0.3
v 1.7 2.1 -0.3
v -1.5 1.7 -0.4
v -1.5 1.8 -0.4
v -1.4 1.7 -0.4
v -1.4 1.8 -0.4
v -1.2 0 -0.4
v -1.2 0.1 -0.4
v -1.1 0 -0.4
v -1.1 0.1 -0.4
v -0.9 0.7 -0.4
v -0.9 1 -0.4
v -0.9 1.2 -0.4
v -0.9 1.3 -0.4
v -0.9 2.1 -0.4
v -0.9 2.2 -0.4
v -0.8 1.2 -0.4
v -0.8 1.3 -0.4
v -0.8 2.1 -0.4
v -0.8 2.2 -0.4
v -0.7 1.2 -0.4
v -0.7 1.3 -0.4
v -0.6 0.7 -0.4
v -0.6 1 -0.4
v -0.6 1.2 -0.4
v -0.6 1.3 -0.4
v -0.4 2.2 -0.4
v -0.4 2.3 -0.4
v -0.3 2.2 -0.4
v -0.3 2.3 -0.4
v -0.2 0.3 -0.4
v -0.2 1.7 -0.4
v -0.1 0.3 -0.4
v -0.1 1.7 -0.4
v 0.6 0.3 -0.4
v 0.6 1.7 -0.4
v 0.7 0.3 -0.4
v 0.7 1.7 -0.4
v 0.8 2.2 -0.4
v 0.8 2.3 -0.4
v 0.9 2.2 -0.4
v 0.9 2.3 -0.4
v 1 0.3 -0.4
v 1 0.8 -0.4
v 1.1 0.3 -0.4
v 1.1 0.6 -0.4
v 1.1 0.8 -0.4
v 1.1 0.9 -0.4
v 1.2 0.7 -0.4
v 1.2 0.9 -0.4
v 1.3 0.7 -0.4
v 1.3 0.9 -0.4
v 1.3 2.1 -0.4
v 1.3 2.2 -0.4
v 1.4 0.3 -0.4
v 1.4 0.6 -0.4
v 1.4 0.8 -0.4
v 1.4 0.9 -0.4
v 1.4 2.1 -0.4
v 1.4 2.2 -0.4
v 1.5 0 -0.4
v 1.5 0.1 -0.4
v 1.5 0.3 -0.4
v 1.5 0.8 -0.4
v 1.6 0 -0.4
v 1.6 0.1 -0.4
v 1.9 1.7 -0.4
v 1.9 1.8 -0.4
v 2 1.7 -0.4
v 2 1.8 -0.4
v -0.9 1 -0.5
v -0.9 1.2 -0.5
v -0.8 1 -0.5
v -0.8 1.1 -0.5
v -0.7 1 -0.5
v -0.7 1.1 -0.5
v -0.6 1 -0.5
v -0.6 1.2 -0.5
v -0.1 0.3 -0.5
v -0.1 1.7 -0.5
v 0 0.3 -0.5
v 0 1.7 -0.5
v 0.5 0.3 -0.5
v 0.5 1.7 -0.5
v 0.6 0.3 -0.5
v 0.6 1.7 -0.5
v 1.2 0.7 -0.5
v 1.2 0.8 -0.5
v 1.3 0.7 -0.5
v 1.3 0.8 -0.5
v -1.4 1.8 -0.6
v -1.4 1.9 -0.6
v -1.3 1.8 -0.6
v -1.3 1.9 -0.6
v -1.3 2 -0.6
v -1.2 1.9 -0.6
v -1.2 2 -0.6
v -1.1 0 -0.6
v -1.1 0.1 -0.6
v -1 0 -0.6
v -1 0.1 -0.6
v -0.8 1 -0.6
v -0.8 1.1 -0.6
v -0.7 1 -0.6
v -0.7 1.1 -0.6
v -0.3 2.2 -0.6
v -0.3 2.3 -0.6
v -0.2 2.2 -0.6
v -0.2 2.3 -0.6
v 0 0.3 -0.6
v 0 1.7 -0.6
v 0.5 0.3 -0.6
v 0.5 1.7 -0.6
v 0.7 2.2 -0.6
v 0.7 2.3 -0.6
v 0.8 2.2 -0.6
v 0.8 2.3 -0.6
v 1.4 0 -0.6
v 1.4 0.1 -0.6
v 1.5 0 -0.6
v 1.5 0.1 -0.6
v 1.7 1.9 -0.6
v 1.7 2 -0.6
v 1.8 1.8 -0.6
v 1.8 1.9 -0.6
v 1.8 2 -0.6
v 1.9 1.8 -0.6
v 1.9 1.9 -0.6
v -1.1 2 -0.7
v -1.1 2.1 -0.7
v -1 2 -0.7
v -1 2.1 -0.7
v -0.8 2.1 -0.7
v -0.8 2.2 -0.7
v -0.7 2.1 -0.7
v -0.7 2.2 -0.7
v -0.2 2.2 -0.7
v -0.2 2.3 -0.7
v 0 2.2 -0.7
v 0 2.3 -0.7
v 0.5 2.2 -0.7
v 0.5 2.3 -0.7
v 0.7 2.2 -0.7
v 0.7 2.3 -0.7
v 1.2 0.8 -0.7
v 1.2 0.9 -0.7
v 1.2 2.1 -0.7
v 1.2 2.2 -0.7
v 1.3 0.8 -0.7
v 1.3 0.9 -0.7
v 1.3 2.1 -0.7
v 1.3 2.2 -0.7
v 1.5 2 -0.7
v 1.5 2.1 -0.7
v 1.6 2 -0.7
v 1.6 2.1 -0.7
v -1.4 1.7 -0.8
v -1.4 1.8 -0.8
v -1.3 1.7 -0.8
v -1.3 1.8 -0.8
v -1 0 -0.8
v -1 0.1 -0.8
v -0.9 0 -0.8
v -0.9 0.1 -0.8
v -0.7 2.1 -0.8
v -0.7 2.2 -0.8
v -0.6 2.1 -0.8
v -0.6 2.2 -0.8
v 0 2.2 -0.8
v 0 2.3 -0.8
v 0.5 2.2 -0.8
v 0.5 2.3 -0.8
v 1.1 2.1 -0.8
v 1.1 2.2 -0.8
v 1.2 2.1 -0.8
v 1.2 2.2 -0.8
v 1.3 0 -0.8
v 1.3 0.1 -0.8
v 1.4 0 -0.8
v 1.4 0.1 -0.8
v 1.8 1.7 -0.8
v 1.8 1.8 -0.8
v 1.9 1.7 -0.8
v 1.9 1.8 -0.8
v -1.3 1.8 -0.9
v -1.3 1.9 -0.9
v -1.2 1.8 -0.9
v -1.2 1.9 -0.9
v -1.2 2 -0.9
v -1.1 1.9 -0.9
v -1.1 2 -0.9
v -1 2 -0.9
v -1 2.1 -0.9
v -0.9 2 -0.9
v -0.9 2.1 -0.9
v 1.4 2 -0.9
v 1.4 2.1 -0.9
v 1.5 2 -0.9
v 1.5 2.1 -0.9
v 1.6 1.9 -0.9
v 1.6 2 -0.9
v 1.7 1.8 -0.9
v 1.7 1.9 -0.9
v 1.7 2 -0.9
v 1.8 1.8 -0.9
v 1.8 1.9 -0.9
v -1.3 1.7 -1
v -1.3 1.8 -1
v -1.2 1.7 -1
v -1.2 1.8 -1
v -1.1 1.9 -1
v -1.1 2 -1
v -1 1.9 -1
v -1 2 -1
v -0.9 0 -1
v -0.9 0.1 -1
v -0.9 2 -1
v -0.9 2.1 -1
v -0.8 0 -1
v -0.8 0.1 -1
v -0.8 2 -1
v -0.8 2.1 -1
v -0.6 2.1 -1
v -0.6 2.2 -1
v -0.5 2.1 -1
v -0.5 2.2 -1
v -0.1 0.3 -1
v -0.1 0.6 -1
v 0 0.3 -1
v 0 0.6 -1
v 0.3 0.3 -1
v 0.3 0.6 -1
v 0.4 0.3 -1
v 0.4 0.6 -1
v 1 2.1 -1
v 1 2.2 -1
v 1.1 2.1 -1
v 1.1 2.2 -1
v 1.2 0 -1
v 1.2 0.1 -1
v 1.3 0 -1
v 1.3 0.1 -1
v 1.3 2 -1
v 1.3 2.1 -1
v 1.4 2 -1
v 1.4 2.1 -1
v 1.5 1.9 -1
v 1.5 2 -1
v 1.6 1.9 -1
v 1.6 2 -1
v 1.7 1.7 -1
v 1.7 1.8 -1
v 1.8 1.7 -1
v 1.8 1.8 -1
v -1.2 1.8 -1.1
v -1.2 1.9 -1.1
v -1.1 1.8 -1.1
v -1.1 1.9 -1.1
v -0.8 0 -1.1
v -0.8 0.1 -1.1
v -0.7 0 -1.1
v -0.7 0.1 -1.1
v -0.5 2.1 -1.1
v -0.5 2.2 -1.1
v -0.3 2.1 -1.1
v -0.3 2.2 -1.1
v 0.5 1.2 -1.1
v 0.5 1.3 -1.1
v 0.6 1.2 -1.1
v 0.6 1.3 -1.1
v 0.8 2.1 -1.1
v 0.8 2.2 -1.1
v 1 2.1 -1.1
v 1 2.2 -1.1
v 1.1 0 -1.1
v 1.1 0.1 -1.1
v 1.2 0 -1.1
v 1.2 0.1 -1.1
v 1.6 1.8 -1.1
v 1.6 1.9 -1.1
v 1.7 1.8 -1.1
v 1.7 1.9 -1.1
v -1.2 1.7 -1.2
v -1.2 1.8 -1.2
v -1.1 1.7 -1.2
v -1.1 1.8 -1.2
v -1.1 1.9 -1.2
v -1 1.8 -1.2
v -1 1.9 -1.2
v -1 2 -1.2
v -0.9 1.9 -1.2
v -0.9 2 -1.2
v -0.8 2 -1.2
v -0.8 2.1 -1.2
v -0.7 0 -1.2
v -0.7 0.1 -1.2
v -0.7 2 -1.2
v -0.7 2.1 -1.2
v -0.6 0 -1.2
v -0.6 0.1 -1.2
v -0.4 0.8 -1.2
v -0.4 0.9 -1.2
v -0.3 2.1 -1.2
v -0.3 2.2 -1.2
v -0.2 0.7 -1.2
v -0.2 0.8 -1.2
v -0.1 0.7 -1.2
v -0.1 0.9 -1.2
v -0.1 2.1 -1.2
v -0.1 2.2 -1.2
v 0.3 0.9 -1.2
v 0.3 1.7 -1.2
v 0.4 0.9 -1.2
v 0.4 1.2 -1.2
v 0.4 1.7 -1.2
v 0.6 2.1 -1.2
v 0.6 2.2 -1.2
v 0.7 1 -1.2
v 0.7 1.1 -1.2
v 0.8 1 -1.2
v 0.8 1.1 -1.2
v 0.8 2.1 -1.2
v 0.8 2.2 -1.2
v 1 0 -1.2
v 1 0.1 -1.2
v 1.1 0 -1.2
v 1.1 0.1 -1.2
v 1.2 2 -1.2
v 1.2 2.1 -1.2
v 1.3 2 -1.2
v 1.3 2.1 -1.2
v 1.4 1.9 -1.2
v 1.4 2 -1.2
v 1.5 1.8 -1.2
v 1.5 1.9 -1.2
v 1.5 2 -1.2
v 1.6 1.7 -1.2
v 1.6 1.8 -1.2
v 1.6 1.9 -1.2
v 1.7 1.7 -1.2
v 1.7 1.8 -1.2
v -1.1 1.7 -1.3
v -1.1 1.8 -1.3
v -1 1.7 -1.3
v -1 1.8 -1.3
v -0.9 1.9 -1.3
v -0.9 2 -1.3
v -0.8 1.9 -1.3
v -0.8 2 -1.3
v -0.7 2 -1.3
v -0.7 2.1 -1.3
v -0.6 0 -1.3
v -0.6 0.1 -1.3
v -0.5 2 -1.3
v -0.5 2.1 -1.3
v -0.4 0 -1.3
v -0.4 0.1 -1.3
v -0.1 0.8 -1.3
v -0.1 0.9 -1.3
v -0.1 2.1 -1.3
v -0.1 2.2 -1.3
v 0.4 0.9 -1.3
v 0.4 1.2 -1.3
v 0.5 0.7 -1.3
v 0.5 0.8 -1.3
v 0.5 1.1 -1.3
v 0.5 1.2 -1.3
v 0.5 1.3 -1.3
v 0.6 0.7 -1.3
v 0.6 1 -1.3
v 0.6 1.1 -1.3
v 0.6 1.2 -1.3
v 0.6 1.3 -1.3
v 0.6 2.1 -1.3
v 0.6 2.2 -1.3
v 0.7 1 -1.3
v 0.7 1.2 -1.3
v 0.8 0 -1.3
v 0.8 0.1 -1.3
v 1 0 -1.3
v 1 0.1 -1.3
v 1 2 -1.3
v 1 2.1 -1.3
v 1.2 2 -1.3
v 1.2 2.1 -1.3
v 1.3 1.9 -1.3
v 1.3 2 -1.3
v 1.4 1.9 -1.3
v 1.4 2 -1.3
v 1.5 1.7 -1.3
v 1.5 1.8 -1.3
v 1.6 1.7 -1.3
v 1.6 1.8 -1.3
v -1 1.7 -1.4
v -1 1.9 -1.4
v -0.9 1.7 -1.4
v -0.9 1.9 -1.4
v -0.8 1.9 -1.4
v -0.8 2 -1.4
v -0.7 1.9 -1.4
v -0.7 2 -1.4
v -0.5 2 -1.4
v -0.5 2.1 -1.4
v -0.4 0 -1.4
v -0.4 0.1 -1.4
v -0.4 2 -1.4
v -0.4 2.1 -1.4
v -0.2 0 -1.4
v -0.2 0.1 -1.4
v -0.1 0.3 -1.4
v -0.1 0.8 -1.4
v 0 0.3 -1.4
v 0 0.6 -1.4
v 0.3 0.3 -1.4
v 0.3 0.6 -1.4
v 0.4 0.3 -1.4
v 0.4 0.6 -1.4
v 0.5 0.6 -1.4
v 0.5 0.8 -1.4
v 0.6 0 -1.4
v 0.6 0.1 -1.4
v 0.8 0 -1.4
v 0.8 0.1 -1.4
v 0.9 2 -1.4
v 0.9 2.1 -1.4
v 1 2 -1.4
v 1 2.1 -1.4
v 1.2 1.9 -1.4
v 1.2 2 -1.4
v 1.3 1.9 -1.4
v 1.3 2 -1.4
v 1.4 1.7 -1.4
v 1.4 1.9 -1.4
v 1.5 1.7 -1.4
v 1.5 1.9 -1.4
v -0.9 1.7 -1.5
v -0.9 1.9 -1.5
v -0.8 1.7 -1.5
v -0.8 1.9 -1.5
v -0.7 1.9 -1.5
v -0.7 2 -1.5
v -0.6 1.9 -1.5
v -0.6 2 -1.5
v -0.4 2 -1.5
v -0.4 2.1 -1.5
v -0.2 0 -1.5
v -0.2 0.1 -1.5
v -0.2 2 -1.5
v -0.2 2.1 -1.5
v 0.6 0 -1.5
v 0.6 0.1 -1.5
v 0.7 2 -1.5
v 0.7 2.1 -1.5
v 0.9 2 -1.5
v 0.9 2.1 -1.5
v 1.1 1.9 -1.5
v 1.1 2 -1.5
v 1.2 1.9 -1.5
v 1.2 2 -1.5
v 1.3 1.7 -1.5
v 1.3 1.9 -1.5
v 1.4 1.7 -1.5
v 1.4 1.9 -1.5
v -0.8 1.7 -1.6
v -0.8 1.9 -1.6
v -0.7 1.7 -1.6
v -0.7 1.8 -1.6
v -0.6 1.8 -1.6
v -0.6 1.9 -1.6
v -0.6 2 -1.6
v -0.4 1.9 -1.6
v -0.4 2 -1.6
v -0.2 2 -1.6
v -0.2 2.1 -1.6
v 0.7 2 -1.6
v 0.7 2.1 -1.6
v 0.9 1.9 -1.6
v 0.9 2 -1.6
v 1.1 1.8 -1.6
v 1.1 1.9 -1.6
v 1.1 2 -1.6
v 1.2 1.7 -1.6
v 1.2 1.8 -1.6
v 1.3 1.7 -1.6
v 1.3 1.9 -1.6
v -0.7 1.7 -1.7
v -0.7 1.8 -1.7
v -0.6 1.7 -1.7
v -0.6 1.8 -1.7
v -0.6 1.9 -1.7
v -0.5 1.8 -1.7
v -0.5 1.9 -1.7
v -0.4 1.9 -1.7
v -0.4 2 -1.7
v -0.2 1.9 -1.7
v -0.2 2 -1.7
v 0.7 1.9 -1.7
v 0.7 2 -1.7
v 0.9 1.9 -1.7
v 0.9 2 -1.7
v 1 1.8 -1.7
v 1 1.9 -1.7
v 1.1 1.7 -1.7
v 1.1 1.8 -1.7
v 1.1 1.9 -1.7
v 1.2 1.7 -1.7
v 1.2 1.8 -1.7
v -0.6 1.7 -1.8
v -0.6 1.8 -1.8
v -0.5 1.8 -1.8
v -0.5 1.9 -1.8
v -0.4 1.7 -1.8
v -0.4 1.8 -1.8
v -0.3 1.8 -1.8
v -0.3 1.9 -1.8
v -0.2 1.9 -1.8
v -0.2 2 -1.8
v 0.7 1.9 -1.8
v 0.7 2 -1.8
v 0.8 1.8 -1.8
v 0.8 1.9 -1.8
v 0.9 1.7 -1.8
v 0.9 1.8 -1.8
v 1 1.8 -1.8
v 1 1.9 -1.8
v 1.1 1.7 -1.8
v 1.1 1.8 -1.8
v -0.4 1.7 -1.9
v -0.4 1.8 -1.9
v -0.3 1.8 -1.9
v -0.3 1.9 -1.9
v -0.1 1.7 -1.9
v -0.1 1.8 -1.9
v 0.6 1.7 -1.9
v 0.6 1.8 -1.9
v 0.8 1.8 -1.9
v 0.8 1.9 -1.9
v 0.9 1.7 -1.9
v 0.9 1.8 -1.9
v -0.1 1.7 -2
v -0.1 1.8 -2
v 0.6 1.7 -2
v 0.6 1.8 -2
v -0.2 0 1.6
v 0.6 0 1.6
v -0.4 0 1.5
v -0.2 0 1.5
v 0.6 0 1.5
v 0.8 0 1.5
v -0.6 0 1.4
v -0.4 0 1.4
v 0.8 0 1.4
v 1 0 1.4
v -0.7 0 1.3
v -0.6 0 1.3
v 1 0 1.3
v 1.1 0 1.3
v -0.8 0 1.2
v -0.7 0 1.2
v 1.1 0 1.2
v 1.2 0 1.2
v -0.9 0 1.1
v -0.8 0 1.1
v 1.2 0 1.1
v 1.3 0 1.1
v -1 0 0.9
v -0.9 0 0.9
v 1.3 0 0.9
v 1.4 0 0.9
v -1.1 0 0.7
v -1 0 0.7
v 1.4 0 0.7
v 1.5 0 0.7
v -1.2 0 0.5
v -1.1 0 0.5
v 1.5 0 0.5
v 1.6 0 0.5
v -1.2 0 -0.4
v -1.1 0 -0.4
v 1.5 0 -0.4
v 1.6 0 -0.4
v -1.1 0 -0.6
v -1 0 -0.6
v 1.4 0 -0.6
v 1.5 0 -0.6
v -1 0 -0.8
v -0.9 0 -0.8
v 1.3 0 -0.8
v 1.4 0 -0.8
v -0.9 0 -1
v -0.8 0 -1
v 1.2 0 -1
v 1.3 0 -1
v -0.8 0 -1.1
v -0.7 0 -1.1
v 1.1 0 -1.1
v 1.2 0 -1.1
v -0.7 0 -1.2
v -0.6 0 -1.2
v 1 0 -1.2
v 1.1 0 -1.2
v -0.6 0 -1.3
v -0.4 0 -1.3
v 0.8 0 -1.3
v 1 0 -1.3
v -0.4 0 -1.4
v -0.2 0 -1.4
v 0.6 0 -1.4
v 0.8 0 -1.4
v -0.2 0 -1.5
v 0.6 0 -1.5
v 0.2 0.3 1.4
v 0.3 0.3 1.4
v 0.6 0.3 1.4
v 0.7 0.3 1.4
v 0.2 0.3 1.3
v 0.3 0.3 1.3
v 0.6 0.3 1.3
v 0.7 0.3 1.3
v 0.2 0.3 1
v 0.3 0.3 1
v 0.6 0.3 1
v 0.7 0.3 1
v 0.2 0.3 0.9
v 0.3 0.3 0.9
v 0.6 0.3 0.9
v 0.7 0.3 0.9
v 0 0.3 0.5
v 0.5 0.3 0.5
v -0.1 0.3 0.4
v 0 0.3 0.4
v 0.5 0.3 0.4
v 0.6 0.3 0.4
v -1 0.3 0.3
v -0.9 0.3 0.3
v -0.6 0.3 0.3
v -0.5 0.3 0.3
v -0.2 0.3 0.3
v -0.1 0.3 0.3
v 0.6 0.3 0.3
v 0.7 0.3 0.3
v -1 0.3 0.2
v -0.9 0.3 0.2
v -0.6 0.3 0.2
v -0.5 0.3 0.2
v -0.3 0.3 0.2
v -0.2 0.3 0.2
v 0.7 0.3 0.2
v 0.8 0.3 0.2
v 1 0.3 0.0999999
v 1.1 0.3 0.0999999
v 1.4 0.3 0.0999999
v 1.5 0.3 0.0999999
v 1 0.3 -2.38419e-07
v 1.1 0.3 -2.38419e-07
v 1.4 0.3 -2.38419e-07
v 1.5 0.3 -2.38419e-07
v -1 0.3 -0.1
v -0.9 0.3 -0.1
v -0.6 0.3 -0.1
v -0.5 0.3 -0.1
v -1 0.3 -0.2
v -0.9 0.3 -0.2
v -0.6 0.3 -0.2
v -0.5 0.3 -0.2
v -0.3 0.3 -0.3
v -0.2 0.3 -0.3
v 0.7 0.3 -0.3
v 0.8 0.3 -0.3
v 1 0.3 -0.3
v 1.1 0.3 -0.3
v 1.4 0.3 -0.3
v 1.5 0.3 -0.3
v -0.2 0.3 -0.4
v -0.1 0.3 -0.4
v 0.6 0.3 -0.4
v 0.7 0.3 -0.4
v 1 0.3 -0.4
v 1.1 0.3 -0.4
v 1.4 0.3 -0.4
v 1.5 0.3 -0.4
v -0.1 0.3 -0.5
v 0 0.3 -0.5
v 0.5 0.3 -0.5
v 0.6 0.3 -0.5
v 0 0.3 -0.6
v 0.5 0.3 -0.6
v -0.1 0.3 -0.9
v 0 0.3 -0.9
v 0.3 0.3 -0.9
v 0.4 0.3 -0.9
v -0.1 0.3 -1
v 0 0.3 -1
v 0.3 0.3 -1
v 0.4 0.3 -1
v -0.1 0.3 -1.3
v 0 0.3 -1.3
v 0.3 0.3 -1.3
v 0.4 0.3 -1.3
v -0.1 0.3 -1.4
v 0 0.3 -1.4
v 0.3 0.3 -1.4
v 0.4 0.3 -1.4
v 0.1 0.6 1.4
v 0.2 0.6 1.4
v 0.3 0.6 1.4
v 0.6 0.6 1.4
v 0.2 0.6 1.3
v 0.3 0.6 1.3
v 0.6 0.6 1.3
v 0.7 0.6 1.3
v 0.2 0.6 1
v 0.3 0.6 1
v 0.6 0.6 1
v 0.7 0.6 1
v 0.1 0.6 0.9
v 0.2 0.6 0.9
v 0.3 0.6 0.9
v 0.6 0.6 0.9
v -0.9 0.6 0.3
v -0.6 0.6 0.3
v -1 0.6 0.2
v -0.9 0.6 0.2
v -0.6 0.6 0.2
v -0.5 0.6 0.2
v 1 0.6 0.2
v 1.5 0.6 0.2
v 1 0.6 0.0999999
v 1.1 0.6 0.0999999
v 1.4 0.6 0.0999999
v 1.5 0.6 0.0999999
v 1 0.6 -2.38419e-07
v 1.1 0.6 -2.38419e-07
v 1.4 0.6 -2.38419e-07
v 1.5 0.6 -2.38419e-07
v -1 0.6 -0.1
v -0.9 0.6 -0.1
v -0.6 0.6 -0.1
v -0.5 0.6 -0.1
v -1 0.6 -0.2
v -0.9 0.6 -0.2
v -0.6 0.6 -0.2
v -0.5 0.6 -0.2
v -1 0.6 -0.3
v -0.5 0.6 -0.3
v 1 0.6 -0.3
v 1.1 0.6 -0.3
v 1.4 0.6 -0.3
v 1.5 0.6 -0.3
v 1.1 0.6 -0.4
v 1.4 0.6 -0.4
v 0 0.6 -0.9
v 0.3 0.6 -0.9
v 0.4 0.6 -0.9
v 0.5 0.6 -0.9
v -0.1 0.6 -1
v 0 0.6 -1
v 0.3 0.6 -1
v 0.4 0.6 -1
v -0.1 0.6 -1.3
v 0 0.6 -1.3
v 0.3 0.6 -1.3
v 0.4 0.6 -1.3
v 0 0.6 -1.4
v 0.3 0.6 -1.4
v 0.4 0.6 -1.4
v 0.5 0.6 -1.4
v 0 0.7 1.3
v 0.1 0.7 1.3
v 0.7 0.7 1.2
v 0.8 0.7 1.2
v 0.7 0.7 1.1
v 0.8 0.7 1.1
v 0 0.7 1
v 0.1 0.7 1
v -0.8 0.7 0.4
v -0.7 0.7 0.4
v -0.8 0.7 0.3
v -0.7 0.7 0.3
v 1.1 0.7 0.3
v 1.4 0.7 0.3
v 1.1 0.7 0.2
v 1.4 0.7 0.2
v -0.9 0.7 -0.3
v -0.6 0.7 -0.3
v -0.9 0.7 -0.4
v -0.6 0.7 -0.4
v 1.2 0.7 -0.4
v 1.3 0.7 -0.4
v 1.2 0.7 -0.5
v 1.3 0.7 -0.5
v 0.5 0.7 -1
v 0.6 0.7 -1
v -0.2 0.7 -1.1
v -0.1 0.7 -1.1
v -0.2 0.7 -1.2
v -0.1 0.7 -1.2
v 0.5 0.7 -1.3
v 0.6 0.7 -1.3
v 0.8 0.8 1.2
v 1 0.8 1.2
v 0.8 0.8 1.1
v 1 0.8 1.1
v -0.8 0.8 0.6
v -0.7 0.8 0.6
v -0.8 0.8 0.4
v -0.7 0.8 0.4
v 1.2 0.8 -0.5
v 1.3 0.8 -0.5
v 1.2 0.8 -0.7
v 1.3 0.8 -0.7
v -0.4 0.8 -1.1
v -0.2 0.8 -1.1
v -0.4 0.8 -1.2
v -0.2 0.8 -1.2
v -0.1 1 1.3
v 0 1 1.3
v -0.2 1 1.2
v -0.1 1 1.2
v -0.2 1 1.1
v -0.1 1 1.1
v -0.1 1 1
v 0 1 1
v 1.2 1 0.5
v 1.3 1 0.5
v 1.1 1 0.4
v 1.2 1 0.4
v 1.3 1 0.4
v 1.4 1 0.4
v 1.1 1 0.3
v 1.4 1 0.3
v -0.9 1 -0.4
v -0.6 1 -0.4
v -0.9 1 -0.5
v -0.8 1 -0.5
v -0.7 1 -0.5
v -0.6 1 -0.5
v -0.8 1 -0.6
v -0.7 1 -0.6
v 0.6 1 -1
v 0.7 1 -1
v 0.7 1 -1.1
v 0.8 1 -1.1
v 0.7 1 -1.2
v 0.8 1 -1.2
v 0.6 1 -1.3
v 0.7 1 -1.3
v -0.1 1.7 2
v 0.6 1.7 2
v -0.4 1.7 1.9
v -0.1 1.7 1.9
v 0.6 1.7 1.9
v 0.9 1.7 1.9
v -0.6 1.7 1.8
v -0.4 1.7 1.8
v 0.9 1.7 1.8
v 1.1 1.7 1.8
v -0.7 1.7 1.7
v -0.6 1.7 1.7
v 1.1 1.7 1.7
v 1.2 1.7 1.7
v -0.8 1.7 1.6
v -0.7 1.7 1.6
v 1.2 1.7 1.6
v 1.3 1.7 1.6
v -0.9 1.7 1.5
v -0.8 1.7 1.5
v 1.3 1.7 1.5
v 1.4 1.7 1.5
v -1 1.7 1.4
v -0.9 1.7 1.4
v 1.4 1.7 1.4
v 1.5 1.7 1.4
v -1.1 1.7 1.3
v -1 1.7 1.3
v 1.5 1.7 1.3
v 1.6 1.7 1.3
v -1.2 1.7 1.2
v -1.1 1.7 1.2
v 0.2 1.7 1.2
v 0.3 1.7 1.2
v 1.6 1.7 1.2
v 1.7 1.7 1.2
v 0.2 1.7 1.1
v 0.3 1.7 1.1
v -1.3 1.7 1
v -1.2 1.7 1
v 1.7 1.7 1
v 1.8 1.7 1
v -1.4 1.7 0.8
v -1.3 1.7 0.8
v 1.8 1.7 0.8
v 1.9 1.7 0.8
v 0 1.7 0.5
v 0.5 1.7 0.5
v -1.5 1.7 0.4
v -1.4 1.7 0.4
v -0.1 1.7 0.4
v 0 1.7 0.4
v 0.5 1.7 0.4
v 0.6 1.7 0.4
v 1.9 1.7 0.4
v 2 1.7 0.4
v -0.2 1.7 0.3
v -0.1 1.7 0.3
v 0.6 1.7 0.3
v 0.7 1.7 0.3
v -0.3 1.7 0.2
v -0.2 1.7 0.2
v 0.7 1.7 0.2
v 0.8 1.7 0.2
v 1.2 1.7 0.0999999
v 1.3 1.7 0.0999999
v 1.2 1.7 -2.38419e-07
v 1.3 1.7 -2.38419e-07
v -0.8 1.7 -0.1
v -0.7 1.7 -0.1
v -0.8 1.7 -0.2
v -0.7 1.7 -0.2
v -0.3 1.7 -0.3
v -0.2 1.7 -0.3
v 0.7 1.7 -0.3
v 0.8 1.7 -0.3
v -1.5 1.7 -0.4
v -1.4 1.7 -0.4
v -0.2 1.7 -0.4
v -0.1 1.7 -0.4
v 0.6 1.7 -0.4
v 0.7 1.7 -0.4
v 1.9 1.7 -0.4
v 2 1.7 -0.4
v -0.1 1.7 -0.5
v 0 1.7 -0.5
v 0.5 1.7 -0.5
v 0.6 1.7 -0.5
v 0 1.7 -0.6
v 0.5 1.7 -0.6
v -1.4 1.7 -0.8
v -1.3 1.7 -0.8
v 1.8 1.7 -0.8
v 1.9 1.7 -0.8
v -1.3 1.7 -1
v -1.2 1.7 -1
v 1.7 1.7 -1
v 1.8 1.7 -1
v 0.3 1.7 -1.1
v 0.4 1.7 -1.1
v -1.2 1.7 -1.2
v -1.1 1.7 -1.2
v 0.3 1.7 -1.2
v 0.4 1.7 -1.2
v 1.6 1.7 -1.2
v 1.7 1.7 -1.2
v -1.1 1.7 -1.3
v -1 1.7 -1.3
v 1.5 1.7 -1.3
v 1.6 1.7 -1.3
v -1 1.7 -1.4
v -0.9 1.7 -1.4
v 1.4 1.7 -1.4
v 1.5 1.7 -1.4
v -0.9 1.7 -1.5
v -0.8 1.7 -1.5
v 1.3 1.7 -1.5
v 1.4 1.7 -1.5
v -0.8 1.7 -1.6
v -0.7 1.7 -1.6
v 1.2 1.7 -1.6
v 1.3 1.7 -1.6
v -0.7 1.7 -1.7
v -0.6 1.7 -1.7
v 1.1 1.7 -1.7
v 1.2 1.7 -1.7
v -0.6 1.7 -1.8
v -0.4 1.7 -1.8
v 0.9 1.7 -1.8
v 1.1 1.7 -1.8
v -0.4 1.7 -1.9
v -0.1 1.7 -1.9
v 0.6 1.7 -1.9
v 0.9 1.7 -1.9
v -0.1 1.7 -2
v 0.6 1.7 -2
v -0.2 0.1 1.6
v 0.6 0.1 1.6
v -0.4 0.1 1.5
v -0.2 0.1 1.5
v 0.6 0.1 1.5
v 0.8 0.1 1.5
v -0.6 0.1 1.4
v -0.4 0.1 1.4
v 0.8 0.1 1.4
v 1 0.1 1.4
v -0.7 0.1 1.3
v -0.6 0.1 1.3
v 1 0.1 1.3
v 1.1 0.1 1.3
v -0.8 0.1 1.2
v -0.7 0.1 1.2
v 1.1 0.1 1.2
v 1.2 0.1 1.2
v -0.9 0.1 1.1
v -0.8 0.1 1.1
v 1.2 0.1 1.1
v 1.3 0.1 1.1
v -1 0.1 0.9
v -0.9 0.1 0.9
v 1.3 0.1 0.9
v 1.4 0.1 0.9
v -1.1 0.1 0.7
v -1 0.1 0.7
v 1.4 0.1 0.7
v 1.5 0.1 0.7
v -1.2 0.1 0.5
v -1.1 0.1 0.5
v 1.5 0.1 0.5
v 1.6 0.1 0.5
v -1.2 0.1 -0.4
v -1.1 0.1 -0.4
v 1.5 0.1 -0.4
v 1.6 0.1 -0.4
v -1.1 0.1 -0.6
v -1 0.1 -0.6
v 1.4 0.1 -0.6
v 1.5 0.1 -0.6
v -1 0.1 -0.8
v -0.9 0.1 -0.8
v 1.3 0.1 -0.8
v 1.4 0.1 -0.8
v -0.9 0.1 -1
v -0.8 0.1 -1
v 1.2 0.1 -1
v 1.3 0.1 -1
v -0.8 0.1 -1.1
v -0.7 0.1 -1.1
v 1.1 0.1 -1.1
v 1.2 0.1 -1.1
v -0.7 0.1 -1.2
v -0.6 0.1 -1.2
v 1 0.1 -1.2
v 1.1 0.1 -1.2
v -0.6 0.1 -1.3
v -0.4 0.1 -1.3
v 0.8 0.1 -1.3
v 1 0.1 -1.3
v -0.4 0.1 -1.4
v -0.2 0.1 -1.4
v 0.6 0.1 -1.4
v 0.8 0.1 -1.4
v -0.2 0.1 -1.5
v 0.6 0.1 -1.5
v 0.1 0.8 1.4
v 0.7 0.8 1.4
v 0.1 0.8 1.3
v 0.7 0.8 1.3
v 0.1 0.8 1
v 0.7 0.8 1
v 0.1 0.8 0.9
v 0.7 0.8 0.9
v -1 0.8 0.3
v -0.9 0.8 0.3
v -0.6 0.8 0.3
v -0.5 0.8 0.3
v 1 0.8 0.2
v 1.1 0.8 0.2
v 1.4 0.8 0.2
v 1.5 0.8 0.2
v -1 0.8 -0.3
v -0.9 0.8 -0.3
v -0.6 0.8 -0.3
v -0.5 0.8 -0.3
v 1 0.8 -0.4
v 1.1 0.8 -0.4
v 1.4 0.8 -0.4
v 1.5 0.8 -0.4
v -0.1 0.8 -0.9
v 0.5 0.8 -0.9
v -0.1 0.8 -1
v 0.5 0.8 -1
v -0.1 0.8 -1.3
v 0.5 0.8 -1.3
v -0.1 0.8 -1.4
v 0.5 0.8 -1.4
v 0.2 0.9 1.3
v 0.7 0.9 1.3
v 0.2 0.9 1.2
v 0.3 0.9 1.2
v 0.7 0.9 1.2
v 1 0.9 1.2
v 0.2 0.9 1.1
v 0.3 0.9 1.1
v 0.7 0.9 1.1
v 1 0.9 1.1
v 0.2 0.9 1
v 0.7 0.9 1
v -0.8 0.9 0.6
v -0.7 0.9 0.6
v -0.9 0.9 0.3
v -0.8 0.9 0.3
v -0.7 0.9 0.3
v -0.6 0.9 0.3
v 1.1 0.9 0.0999999
v 1.2 0.9 0.0999999
v 1.3 0.9 0.0999999
v 1.4 0.9 0.0999999
v 1.2 0.9 -2.38419e-07
v 1.3 0.9 -2.38419e-07
v -0.8 0.9 -0.1
v -0.7 0.9 -0.1
v -0.9 0.9 -0.2
v -0.8 0.9 -0.2
v -0.7 0.9 -0.2
v -0.6 0.9 -0.2
v 1.1 0.9 -0.4
v 1.2 0.9 -0.4
v 1.3 0.9 -0.4
v 1.4 0.9 -0.4
v 1.2 0.9 -0.7
v 1.3 0.9 -0.7
v -0.1 0.9 -1
v 0.4 0.9 -1
v -0.4 0.9 -1.1
v -0.1 0.9 -1.1
v 0.3 0.9 -1.1
v 0.4 0.9 -1.1
v -0.4 0.9 -1.2
v -0.1 0.9 -1.2
v 0.3 0.9 -1.2
v 0.4 0.9 -1.2
v -0.1 0.9 -1.3
v 0.4 0.9 -1.3
v -0.2 1.1 1.2
v -0.1 1.1 1.2
v -0.2 1.1 1.1
v -0.1 1.1 1.1
v 1.2 1.1 0.5
v 1.3 1.1 0.5
v 1.2 1.1 0.4
v 1.3 1.1 0.4
v -0.8 1.1 -0.5
v -0.7 1.1 -0.5
v -0.8 1.1 -0.6
v -0.7 1.1 -0.6
v 0.7 1.1 -1.1
v 0.8 1.1 -1.1
v 0.7 1.1 -1.2
v 0.8 1.1 -1.2
v -0.1 1.2 1.3
v 0 1.2 1.3
v 0.1 1.2 1.3
v 0.2 1.2 1.3
v 0 1.2 1.2
v 0.1 1.2 1.2
v 0.2 1.2 1.2
v 0 1.2 1.1
v 0.1 1.2 1.1
v 0.2 1.2 1.1
v -0.1 1.2 1
v 0 1.2 1
v 0.1 1.2 1
v 0.2 1.2 1
v 1.1 1.2 0.4
v 1.4 1.2 0.4
v 1.1 1.2 0.3
v 1.2 1.2 0.3
v 1.3 1.2 0.3
v 1.4 1.2 0.3
v 1.1 1.2 0.2
v 1.2 1.2 0.2
v 1.3 1.2 0.2
v 1.4 1.2 0.2
v 1.1 1.2 0.0999999
v 1.2 1.2 0.0999999
v 1.3 1.2 0.0999999
v 1.4 1.2 0.0999999
v -0.9 1.2 -0.2
v -0.8 1.2 -0.2
v -0.7 1.2 -0.2
v -0.6 1.2 -0.2
v -0.9 1.2 -0.3
v -0.8 1.2 -0.3
v -0.7 1.2 -0.3
v -0.6 1.2 -0.3
v -0.9 1.2 -0.4
v -0.8 1.2 -0.4
v -0.7 1.2 -0.4
v -0.6 1.2 -0.4
v -0.9 1.2 -0.5
v -0.6 1.2 -0.5
v 0.4 1.2 -1
v 0.5 1.2 -1
v 0.6 1.2 -1
v 0.7 1.2 -1
v 0.4 1.2 -1.1
v 0.5 1.2 -1.1
v 0.6 1.2 -1.1
v 0.4 1.2 -1.2
v 0.5 1.2 -1.2
v 0.6 1.2 -1.2
v 0.4 1.2 -1.3
v 0.5 1.2 -1.3
v 0.6 1.2 -1.3
v 0.7 1.2 -1.3
v 0 1.3 1.3
v 0.1 1.3 1.3
v 0 1.3 1.2
v 0.1 1.3 1.2
v 0 1.3 1.1
v 0.1 1.3 1.1
v 0 1.3 1
v 0.1 1.3 1
v 1.1 1.3 0.3
v 1.2 1.3 0.3
v 1.3 1.3 0.3
v 1.4 1.3 0.3
v 1.1 1.3 0.2
v 1.2 1.3 0.2
v 1.3 1.3 0.2
v 1.4 1.3 0.2
v -0.9 1.3 -0.3
v -0.8 1.3 -0.3
v -0.7 1.3 -0.3
v -0.6 1.3 -0.3
v -0.9 1.3 -0.4
v -0.8 1.3 -0.4
v -0.7 1.3 -0.4
v -0.6 1.3 -0.4
v 0.5 1.3 -1
v 0.6 1.3 -1
v 0.5 1.3 -1.1
v 0.6 1.3 -1.1
v 0.5 1.3 -1.2
v 0.6 1.3 -1.2
v 0.5 1.3 -1.3
v 0.6 1.3 -1.3
v -0.1 1.8 2
v 0.6 1.8 2
v -0.4 1.8 1.9
v -0.3 1.8 1.9
v -0.1 1.8 1.9
v 0.6 1.8 1.9
v 0.8 1.8 1.9
v 0.9 1.8 1.9
v -0.6 1.8 1.8
v -0.5 1.8 1.8
v -0.4 1.8 1.8
v -0.3 1.8 1.8
v 0.8 1.8 1.8
v 0.9 1.8 1.8
v 1 1.8 1.8
v 1.1 1.8 1.8
v -0.7 1.8 1.7
v -0.6 1.8 1.7
v -0.5 1.8 1.7
v 1 1.8 1.7
v 1.1 1.8 1.7
v 1.2 1.8 1.7
v -0.7 1.8 1.6
v -0.6 1.8 1.6
v 1.1 1.8 1.6
v 1.2 1.8 1.6
v -1.1 1.8 1.3
v -1 1.8 1.3
v 1.5 1.8 1.3
v 1.6 1.8 1.3
v -1.2 1.8 1.2
v -1.1 1.8 1.2
v -1 1.8 1.2
v 1.5 1.8 1.2
v 1.6 1.8 1.2
v 1.7 1.8 1.2
v -1.2 1.8 1.1
v -1.1 1.8 1.1
v 1.6 1.8 1.1
v 1.7 1.8 1.1
v -1.3 1.8 1
v -1.2 1.8 1
v 1.7 1.8 1
v 1.8 1.8 1
v -1.3 1.8 0.9
v -1.2 1.8 0.9
v 1.7 1.8 0.9
v 1.8 1.8 0.9
v -1.4 1.8 0.8
v -1.3 1.8 0.8
v 1.8 1.8 0.8
v 1.9 1.8 0.8
v -1.4 1.8 0.6
v -1.3 1.8 0.6
v 1.8 1.8 0.6
v 1.9 1.8 0.6
v -1.5 1.8 0.4
v -1.4 1.8 0.4
v 1.9 1.8 0.4
v 2 1.8 0.4
v -1.5 1.8 -0.4
v -1.4 1.8 -0.4
v 1.9 1.8 -0.4
v 2 1.8 -0.4
v -1.4 1.8 -0.6
v -1.3 1.8 -0.6
v 1.8 1.8 -0.6
v 1.9 1.8 -0.6
v -1.4 1.8 -0.8
v -1.3 1.8 -0.8
v 1.8 1.8 -0.8
v 1.9 1.8 -0.8
v -1.3 1.8 -0.9
v -1.2 1.8 -0.9
v 1.7 1.8 -0.9
v 1.8 1.8 -0.9
v -1.3 1.8 -1
v -1.2 1.8 -1
v 1.7 1.8 -1
v 1.8 1.8 -1
v -1.2 1.8 -1.1
v -1.1 1.8 -1.1
v 1.6 1.8 -1.1
v 1.7 1.8 -1.1
v -1.2 1.8 -1.2
v -1.1 1.8 -1.2
v -1 1.8 -1.2
v 1.5 1.8 -1.2
v 1.6 1.8 -1.2
v 1.7 1.8 -1.2
v -1.1 1.8 -1.3
v -1 1.8 -1.3
v 1.5 1.8 -1.3
v 1.6 1.8 -1.3
v -0.7 1.8 -1.6
v -0.6 1.8 -1.6
v 1.1 1.8 -1.6
v 1.2 1.8 -1.6
v -0.7 1.8 -1.7
v -0.6 1.8 -1.7
v -0.5 1.8 -1.7
v 1 1.8 -1.7
v 1.1 1.8 -1.7
v 1.2 1.8 -1.7
v -0.6 1.8 -1.8
v -0.5 1.8 -1.8
v -0.4 1.8 -1.8
v -0.3 1.8 -1.8
v 0.8 1.8 -1.8
v 0.9 1.8 -1.8
v 1 1.8 -1.8
v 1.1 1.8 -1.8
v -0.4 1.8 -1.9
v -0.3 1.8 -1.9
v -0.1 1.8 -1.9
v 0.6 1.8 -1.9
v 0.8 1.8 -1.9
v 0.9 1.8 -1.9
v -0.1 1.8 -2
v 0.6 1.8 -2
v -0.3 1.9 1.9
v 0.8 1.9 1.9
v -0.5 1.9 1.8
v -0.3 1.9 1.8
v -0.2 1.9 1.8
v 0.7 1.9 1.8
v 0.8 1.9 1.8
v 1 1.9 1.8
v -0.6 1.9 1.7
v -0.5 1.9 1.7
v -0.4 1.9 1.7
v -0.2 1.9 1.7
v 0.7 1.9 1.7
v 0.9 1.9 1.7
v 1 1.9 1.7
v 1.1 1.9 1.7
v -0.8 1.9 1.6
v -0.6 1.9 1.6
v -0.4 1.9 1.6
v 0.9 1.9 1.6
v 1.1 1.9 1.6
v 1.3 1.9 1.6
v -0.9 1.9 1.5
v -0.8 1.9 1.5
v -0.7 1.9 1.5
v -0.6 1.9 1.5
v 1.1 1.9 1.5
v 1.2 1.9 1.5
v 1.3 1.9 1.5
v 1.4 1.9 1.5
v -1 1.9 1.4
v -0.9 1.9 1.4
v -0.8 1.9 1.4
v -0.7 1.9 1.4
v 1.2 1.9 1.4
v 1.3 1.9 1.4
v 1.4 1.9 1.4
v 1.5 1.9 1.4
v -0.9 1.9 1.3
v -0.8 1.9 1.3
v 1.3 1.9 1.3
v 1.4 1.9 1.3
v -1.1 1.9 1.2
v -1 1.9 1.2
v -0.9 1.9 1.2
v 1.4 1.9 1.2
v 1.5 1.9 1.2
v 1.6 1.9 1.2
v -1.2 1.9 1.1
v -1.1 1.9 1.1
v 1.6 1.9 1.1
v 1.7 1.9 1.1
v -1.1 1.9 1
v -1 1.9 1
v 1.5 1.9 1
v 1.6 1.9 1
v -1.3 1.9 0.9
v -1.2 1.9 0.9
v -1.1 1.9 0.9
v 1.6 1.9 0.9
v 1.7 1.9 0.9
v 1.8 1.9 0.9
v -1.4 1.9 0.6
v -1.3 1.9 0.6
v -1.2 1.9 0.6
v 1.7 1.9 0.6
v 1.8 1.9 0.6
v 1.9 1.9 0.6
v -1.4 1.9 -0.6
v -1.3 1.9 -0.6
v -1.2 1.9 -0.6
v 1.7 1.9 -0.6
v 1.8 1.9 -0.6
v 1.9 1.9 -0.6
v -1.3 1.9 -0.9
v -1.2 1.9 -0.9
v -1.1 1.9 -0.9
v 1.6 1.9 -0.9
v 1.7 1.9 -0.9
v 1.8 1.9 -0.9
v -1.1 1.9 -1
v -1 1.9 -1
v 1.5 1.9 -1
v 1.6 1.9 -1
v -1.2 1.9 -1.1
v -1.1 1.9 -1.1
v 1.6 1.9 -1.1
v 1.7 1.9 -1.1
v -1.1 1.9 -1.2
v -1 1.9 -1.2
v -0.9 1.9 -1.2
v 1.4 1.9 -1.2
v 1.5 1.9 -1.2
v 1.6 1.9 -1.2
v -0.9 1.9 -1.3
v -0.8 1.9 -1.3
v 1.3 1.9 -1.3
v 1.4 1.9 -1.3
v -1 1.9 -1.4
v -0.9 1.9 -1.4
v -0.8 1.9 -1.4
v -0.7 1.9 -1.4
v 1.2 1.9 -1.4
v 1.3 1.9 -1.4
v 1.4 1.9 -1.4
v 1.5 1.9 -1.4
v -0.9 1.9 -1.5
v -0.8 1.9 -1.5
v -0.7 1.9 -1.5
v -0.6 1.9 -1.5
v 1.1 1.9 -1.5
v 1.2 1.9 -1.5
v 1.3 1.9 -1.5
v 1.4 1.9 -1.5
v -0.8 1.9 -1.6
v -0.6 1.9 -1.6
v -0.4 1.9 -1.6
v 0.9 1.9 -1.6
v 1.1 1.9 -1.6
v 1.3 1.9 -1.6
v -0.6 1.9 -1.7
v -0.5 1.9 -1.7
v -0.4 1.9 -1.7
v -0.2 1.9 -1.7
v 0.7 1.9 -1.7
v 0.9 1.9 -1.7
v 1 1.9 -1.7
v 1.1 1.9 -1.7
v -0.5 1.9 -1.8
v -0.3 1.9 -1.8
v -0.2 1.9 -1.8
v 0.7 1.9 -1.8
v 0.8 1.9 -1.8
v 1 1.9 -1.8
v -0.3 1.9 -1.9
v 0.8 1.9 -1.9
v -0.2 2 1.8
v 0.7 2 1.8
v -0.4 2 1.7
v -0.2 2 1.7
v 0.7 2 1.7
v 0.9 2 1.7
v -0.6 2 1.6
v -0.4 2 1.6
v -0.2 2 1.6
v 0.7 2 1.6
v 0.9 2 1.6
v 1.1 2 1.6
v -0.7 2 1.5
v -0.6 2 1.5
v -0.4 2 1.5
v -0.2 2 1.5
v 0.7 2 1.5
v 0.9 2 1.5
v 1.1 2 1.5
v 1.2 2 1.5
v -0.8 2 1.4
v -0.7 2 1.4
v -0.5 2 1.4
v -0.4 2 1.4
v 0.9 2 1.4
v 1 2 1.4
v 1.2 2 1.4
v 1.3 2 1.4
v -0.9 2 1.3
v -0.8 2 1.3
v -0.7 2 1.3
v -0.5 2 1.3
v 1 2 1.3
v 1.2 2 1.3
v 1.3 2 1.3
v 1.4 2 1.3
v -1 2 1.2
v -0.9 2 1.2
v -0.8 2 1.2
v -0.7 2 1.2
v 1.2 2 1.2
v 1.3 2 1.2
v 1.4 2 1.2
v 1.5 2 1.2
v -1.1 2 1
v -1 2 1
v -0.9 2 1
v -0.8 2 1
v 1.3 2 1
v 1.4 2 1
v 1.5 2 1
v 1.6 2 1
v -1.2 2 0.9
v -1.1 2 0.9
v -1 2 0.9
v -0.9 2 0.9
v 1.4 2 0.9
v 1.5 2 0.9
v 1.6 2 0.9
v 1.7 2 0.9
v -1.1 2 0.7
v -1 2 0.7
v 1.5 2 0.7
v 1.6 2 0.7
v -1.3 2 0.6
v -1.2 2 0.6
v 1.7 2 0.6
v 1.8 2 0.6
v -1.2 2 0.3
v -1.1 2 0.3
v 1.6 2 0.3
v 1.7 2 0.3
v -1.2 2 -0.3
v -1.1 2 -0.3
v 1.6 2 -0.3
v 1.7 2 -0.3
v -1.3 2 -0.6
v -1.2 2 -0.6
v 1.7 2 -0.6
v 1.8 2 -0.6
v -1.1 2 -0.7
v -1 2 -0.7
v 1.5 2 -0.7
v 1.6 2 -0.7
v -1.2 2 -0.9
v -1.1 2 -0.9
v -1 2 -0.9
v -0.9 2 -0.9
v 1.4 2 -0.9
v 1.5 2 -0.9
v 1.6 2 -0.9
v 1.7 2 -0.9
v -1.1 2 -1
v -1 2 -1
v -0.9 2 -1
v -0.8 2 -1
v 1.3 2 -1
v 1.4 2 -1
v 1.5 2 -1
v 1.6 2 -1
v -1 2 -1.2
v -0.9 2 -1.2
v -0.8 2 -1.2
v -0.7 2 -1.2
v 1.2 2 -1.2
v 1.3 2 -1.2
v 1.4 2 -1.2
v 1.5 2 -1.2
v -0.9 2 -1.3
v -0.8 2 -1.3
v -0.7 2 -1.3
v -0.5 2 -1.3
v 1 2 -1.3
v 1.2 2 -1.3
v 1.3 2 -1.3
v 1.4 2 -1.3
v -0.8 2 -1.4
v -0.7 2 -1.4
v -0.5 2 -1.4
v -0.4 2 -1.4
v 0.9 2 -1.4
v 1 2 -1.4
v 1.2 2 -1.4
v 1.3 2 -1.4
v -0.7 2 -1.5
v -0.6 2 -1.5
v -0.4 2 -1.5
v -0.2 2 -1.5
v 0.7 2 -1.5
v 0.9 2 -1.5
v 1.1 2 -1.5
v 1.2 2 -1.5
v -0.6 2 -1.6
v -0.4 2 -1.6
v -0.2 2 -1.6
v 0.7 2 -1.6
v 0.9 2 -1.6
v 1.1 2 -1.6
v -0.4 2 -1.7
v -0.2 2 -1.7
v 0.7 2 -1.7
v 0.9 2 -1.7
v -0.2 2 -1.8
v 0.7 2 -1.8
v -0.2 2.1 1.6
v 0.7 2.1 1.6
v -0.4 2.1 1.5
v -0.2 2.1 1.5
v 0.7 2.1 1.5
v 0.9 2.1 1.5
v -0.5 2.1 1.4
v -0.4 2.1 1.4
v 0.9 2.1 1.4
v 1 2.1 1.4
v -0.7 2.1 1.3
v -0.5 2.1 1.3
v -0.1 2.1 1.3
v 0.6 2.1 1.3
v 1 2.1 1.3
v 1.2 2.1 1.3
v -0.8 2.1 1.2
v -0.7 2.1 1.2
v -0.3 2.1 1.2
v -0.1 2.1 1.2
v 0.6 2.1 1.2
v 0.8 2.1 1.2
v 1.2 2.1 1.2
v 1.3 2.1 1.2
v -0.5 2.1 1.1
v -0.3 2.1 1.1
v 0.8 2.1 1.1
v 1 2.1 1.1
v -0.9 2.1 1
v -0.8 2.1 1
v -0.6 2.1 1
v -0.5 2.1 1
v 1 2.1 1
v 1.1 2.1 1
v 1.3 2.1 1
v 1.4 2.1 1
v -1 2.1 0.9
v -0.9 2.1 0.9
v 1.4 2.1 0.9
v 1.5 2.1 0.9
v -0.7 2.1 0.8
v -0.6 2.1 0.8
v 1.1 2.1 0.8
v 1.2 2.1 0.8
v -1.1 2.1 0.7
v -1 2.1 0.7
v -0.8 2.1 0.7
v -0.7 2.1 0.7
v 1.2 2.1 0.7
v 1.3 2.1 0.7
v 1.5 2.1 0.7
v 1.6 2.1 0.7
v -0.9 2.1 0.4
v -0.8 2.1 0.4
v 1.3 2.1 0.4
v 1.4 2.1 0.4
v -1.2 2.1 0.3
v -1.1 2.1 0.3
v 1.6 2.1 0.3
v 1.7 2.1 0.3
v -1.2 2.1 -0.3
v -1.1 2.1 -0.3
v 1.6 2.1 -0.3
v 1.7 2.1 -0.3
v -0.9 2.1 -0.4
v -0.8 2.1 -0.4
v 1.3 2.1 -0.4
v 1.4 2.1 -0.4
v -1.1 2.1 -0.7
v -1 2.1 -0.7
v -0.8 2.1 -0.7
v -0.7 2.1 -0.7
v 1.2 2.1 -0.7
v 1.3 2.1 -0.7
v 1.5 2.1 -0.7
v 1.6 2.1 -0.7
v -0.7 2.1 -0.8
v -0.6 2.1 -0.8
v 1.1 2.1 -0.8
v 1.2 2.1 -0.8
v -1 2.1 -0.9
v -0.9 2.1 -0.9
v 1.4 2.1 -0.9
v 1.5 2.1 -0.9
v -0.9 2.1 -1
v -0.8 2.1 -1
v -0.6 2.1 -1
v -0.5 2.1 -1
v 1 2.1 -1
v 1.1 2.1 -1
v 1.3 2.1 -1
v 1.4 2.1 -1
v -0.5 2.1 -1.1
v -0.3 2.1 -1.1
v 0.8 2.1 -1.1
v 1 2.1 -1.1
v -0.8 2.1 -1.2
v -0.7 2.1 -1.2
v -0.3 2.1 -1.2
v -0.1 2.1 -1.2
v 0.6 2.1 -1.2
v 0.8 2.1 -1.2
v 1.2 2.1 -1.2
v 1.3 2.1 -1.2
v -0.7 2.1 -1.3
v -0.5 2.1 -1.3
v -0.1 2.1 -1.3
v 0.6 2.1 -1.3
v 1 2.1 -1.3
v 1.2 2.1 -1.3
v -0.5 2.1 -1.4
v -0.4 2.1 -1.4
v 0.9 2.1 -1.4
v 1 2.1 -1.4
v -0.4 2.1 -1.5
v -0.2 2.1 -1.5
v 0.7 2.1 -1.5
v 0.9 2.1 -1.5
v -0.2 2.1 -1.6
v 0.7 2.1 -1.6
v -0.1 2.2 1.3
v 0.6 2.2 1.3
v -0.3 2.2 1.2
v -0.1 2.2 1.2
v 0.6 2.2 1.2
v 0.8 2.2 1.2
v -0.5 2.2 1.1
v -0.3 2.2 1.1
v 0.8 2.2 1.1
v 1 2.2 1.1
v -0.6 2.2 1
v -0.5 2.2 1
v 1 2.2 1
v 1.1 2.2 1
v -0.7 2.2 0.8
v -0.6 2.2 0.8
v 0 2.2 0.8
v 0.5 2.2 0.8
v 1.1 2.2 0.8
v 1.2 2.2 0.8
v -0.8 2.2 0.7
v -0.7 2.2 0.7
v -0.2 2.2 0.7
v 0 2.2 0.7
v 0.5 2.2 0.7
v 0.7 2.2 0.7
v 1.2 2.2 0.7
v 1.3 2.2 0.7
v -0.3 2.2 0.6
v -0.2 2.2 0.6
v 0.7 2.2 0.6
v 0.8 2.2 0.6
v -0.9 2.2 0.4
v -0.8 2.2 0.4
v -0.4 2.2 0.4
v -0.3 2.2 0.4
v 0.8 2.2 0.4
v 0.9 2.2 0.4
v 1.3 2.2 0.4
v 1.4 2.2 0.4
v -0.9 2.2 -0.4
v -0.8 2.2 -0.4
v -0.4 2.2 -0.4
v -0.3 2.2 -0.4
v 0.8 2.2 -0.4
v 0.9 2.2 -0.4
v 1.3 2.2 -0.4
v 1.4 2.2 -0.4
v -0.3 2.2 -0.6
v -0.2 2.2 -0.6
v 0.7 2.2 -0.6
v 0.8 2.2 -0.6
v -0.8 2.2 -0.7
v -0.7 2.2 -0.7
v -0.2 2.2 -0.7
v 0 2.2 -0.7
v 0.5 2.2 -0.7
v 0.7 2.2 -0.7
v 1.2 2.2 -0.7
v 1.3 2.2 -0.7
v -0.7 2.2 -0.8
v -0.6 2.2 -0.8
v 0 2.2 -0.8
v 0.5 2.2 -0.8
v 1.1 2.2 -0.8
v 1.2 2.2 -0.8
v -0.6 2.2 -1
v -0.5 2.2 -1
v 1 2.2 -1
v 1.1 2.2 -1
v -0.5 2.2 -1.1
v -0.3 2.2 -1.1
v 0.8 2.2 -1.1
v 1 2.2 -1.1
v -0.3 2.2 -1.2
v -0.1 2.2 -1.2
v 0.6 2.2 -1.2
v 0.8 2.2 -1.2
v -0.1 2.2 -1.3
v 0.6 2.2 -1.3
v 0 2.3 0.8
v 0.5 2.3 0.8
v -0.2 2.3 0.7
v 0 2.3 0.7
v 0.5 2.3 0.7
v 0.7 2.3 0.7
v -0.3 2.3 0.6
v -0.2 2.3 0.6
v 0.7 2.3 0.6
v 0.8 2.3 0.6
v -0.4 2.3 0.4
v -0.3 2.3 0.4
v 0.8 2.3 0.4
v 0.9 2.3 0.4
v -0.4 2.3 -0.4
v -0.3 2.3 -0.4
v 0.8 2.3 -0.4
v 0.9 2.3 -0.4
v -0.3 2.3 -0.6
v -0.2 2.3 -0.6
v 0.7 2.3 -0.6
v 0.8 2.3 -0.6
v -0.2 2.3 -0.7
v 0 2.3 -0.7
v 0.5 2.3 -0.7
v 0.7 2.3 -0.7
v 0 2.3 -0.8
v 0.5 2.3 -0.8

# faces
f 3/4/1 2/4/1 1/4/1
f 4/4/1 2/4/1 3/4/1
f 9/4/1 6/4/1 5/4/1
f 10/4/1 6/4/1 9/4/1
f 11/4/1 6/4/1 10/4/1
f 12/4/1 8/4/1 7/4/1
f 13/4/1 8/4/1 12/4/1
f 14/4/1 8/4/1 13/4/1
f 15/4/1 11/4/1 10/4/1
f 15/4/1 13/4/1 12/4/1
f 15/4/1 12/4/1 11/4/1
f 16/4/1 13/4/1 15/4/1
f 21/4/1 18/4/1 17/4/1
f 22/4/1 18/4/1 21/4/1
f 23/4/1 18/4/1 22/4/1
f 26/4/1 20/4/1 19/4/1
f 27/4/1 20/4/1 26/4/1
f 28/4/1 20/4/1 27/4/1
f 29/4/1 24/4/1 23/4/1
f 29/4/1 23/4/1 22/4/1
f 30/4/1 24/4/1 29/4/1
f 31/4/1 27/4/1 26/4/1
f 31/4/1 26/4/1 25/4/1
f 32/4/1 27/4/1 31/4/1
f 33/4/1 31/4/1 30/4/1
f 34/4/1 31/4/1 33/4/1
f 37/3/1 36/3/1 35/3/1
f 38/3/1 36/3/1 37/3/1
f 43/4/1 40/4/1 39/4/1
f 44/4/1 40/4/1 43/4/1
f 45/4/1 40/4/1 44/4/1
f 48/4/1 42/4/1 41/4/1
f 49/4/1 42/4/1 48/4/1
f 50/4/1 42/4/1 49/4/1
f 51/4/1 46/4/1 45/4/1
f 51/4/1 45/4/1 44/4/1
f 52/4/1 46/4/1 51/4/1
f 55/4/1 49/4/1 48/4/1
f 55/4/1 48/4/1 47/4/1
f 56/4/1 49/4/1 55/4/1
f 57/4/1 53/4/1 52/4/1
f 58/4/1 53/4/1 57/4/1
f 61/4/1 55/4/1 54/4/1
f 62/4/1 55/4/1 61/4/1
f 63/4/1 60/4/1 59/4/1
f 64/4/1 60/4/1 63/4/1
f 69/3/1 66/3/1 65/3/1
f 70/3/1 66/3/1 69/3/1
f 71/3/1 68/3/1 67/3/1
f 72/3/1 68/3/1 71/3/1
f 77/4/1 74/4/1 73/4/1
f 78/4/1 74/4/1 77/4/1
f 81/4/1 76/4/1 75/4/1
f 82/4/1 76/4/1 81/4/1
f 83/4/1 79/4/1 78/4/1
f 84/4/1 79/4/1 83/4/1
f 89/4/1 81/4/1 80/4/1
f 90/4/1 81/4/1 89/4/1
f 91/4/1 86/4/1 85/4/1
f 92/4/1 86/4/1 91/4/1
f 97/4/1 88/4/1 87/4/1
f 98/4/1 88/4/1 97/4/1
f 99/4/1 94/4/1 93/4/1
f 100/4/1 94/4/1 99/4/1
f 101/4/1 96/4/1 95/4/1
f 102/4/1 96/4/1 101/4/1
f 107/3/1 104/3/1 103/3/1
f 108/3/1 104/3/1 107/3/1
f 109/3/1 106/3/1 105/3/1
f 110/3/1 106/3/1 109/3/1
f 115/1/1 112/1/1 111/1/1
f 116/1/1 114/1/1 113/1/1
f 117/1/1 114/1/1 116/1/1
f 119/1/1 115/1/1 111/1/1
f 119/1/1 118/1/1 117/1/1
f 119/1/1 117/1/1 116/1/1
f 119/1/1 116/1/1 115/1/1
f 120/1/1 118/1/1 119/1/1
f 125/4/1 122/4/1 121/4/1
f 128/4/1 124/4/1 123/4/1
f 129/4/1 126/4/1 125/4/1
f 129/4/1 125/4/1 121/4/1
f 130/4/1 126/4/1 129/4/1
f 133/4/1 128/4/1 127/4/1
f 134/4/1 124/4/1 128/4/1
f 134/4/1 128/4/1 133/4/1
f 135/4/1 131/4/1 130/4/1
f 136/4/1 131/4/1 135/4/1
f 141/4/1 133/4/1 132/4/1
f 142/4/1 133/4/1 141/4/1
f 143/4/1 138/4/1 137/4/1
f 144/4/1 138/4/1 143/4/1
f 145/4/1 140/4/1 139/4/1
f 146/4/1 140/4/1 145/4/1
f 151/3/1 148/3/1 147/3/1
f 152/3/1 148/3/1 151/3/1
f 153/3/1 150/3/1 149/3/1
f 154/3/1 150/3/1 153/3/1
f 158/1/1 156/1/1 155/1/1
f 159/1/1 158/1/1 157/1/1
f 160/1/1 158/1/1 159/1/1
f 161/1/1 156/1/1 158/1/1
f 161/1/1 158/1/1 160/1/1
f 163/1/1 161/1/1 160/1/1
f 163/1/1 162/1/1 161/1/1
f 164/1/1 162/1/1 163/1/1
f 165/1/1 163/1/1 160/1/1
f 166/8/1 164/8/1 163/8/1
f 166/1/1 163/1/1 165/1/1
f 167/1/1 162/1/1 164/1/1
f 167/8/1 164/8/1 166/8/1
f 168/1/1 162/1/1 167/1/1
f 169/1/1 167/1/1 166/1/1
f 170/1/1 167/1/1 169/1/1
f 175/4/1 172/4/1 171/4/1
f 176/4/1 172/4/1 175/4/1
f 181/4/1 174/4/1 173/4/1
f 182/4/1 174/4/1 181/4/1
f 183/4/1 178/4/1 177/4/1
f 184/4/1 178/4/1 183/4/1
f 189/4/1 180/4/1 179/4/1
f 190/4/1 180/4/1 189/4/1
f 191/4/1 186/4/1 185/4/1
f 192/4/1 186/4/1 191/4/1
f 195/4/1 188/4/1 187/4/1
f 196/4/1 188/4/1 195/4/1
f 197/4/1 194/4/1 193/4/1
f 198/4/1 194/4/1 197/4/1
f 203/3/1 200/3/1 199/3/1
f 204/3/1 200/3/1 203/3/1
f 205/3/1 202/3/1 201/3/1
f 206/3/1 202/3/1 205/3/1
f 210/7/1 208/7/1 207/7/1
f 211/7/1 210/7/1 209/7/1
f 212/7/1 208/7/1 210/7/1
f 212/7/1 210/7/1 211/7/1
f 217/1/1 216/1/1 215/1/1
f 218/1/1 216/1/1 217/1/1
f 219/5/1 214/5/1 213/5/1
f 222/5/1 219/5/1 213/5/1
f 223/5/1 219/5/1 222/5/1
f 226/4/1 221/4/1 220/4/1
f 227/4/1 221/4/1 226/4/1
f 232/4/1 225/4/1 224/4/1
f 233/4/1 225/4/1 232/4/1
f 234/4/1 229/4/1 228/4/1
f 235/4/1 229/4/1 234/4/1
f 240/4/1 231/4/1 230/4/1
f 241/4/1 231/4/1 240/4/1
f 242/4/1 237/4/1 236/4/1
f 243/4/1 237/4/1 242/4/1
f 248/4/1 239/4/1 238/4/1
f 249/4/1 239/4/1 248/4/1
f 250/4/1 245/4/1 244/4/1
f 251/4/1 245/4/1 250/4/1
f 252/4/1 247/4/1 246/4/1
f 253/4/1 247/4/1 252/4/1
f 258/3/1 255/3/1 254/3/1
f 259/3/1 255/3/1 258/3/1
f 260/3/1 257/3/1 256/3/1
f 261/3/1 257/3/1 260/3/1
f 264/1/1 263/1/1 262/1/1
f 265/1/1 263/1/1 264/1/1
f 270/4/1 267/4/1 266/4/1
f 271/4/1 267/4/1 270/4/1
f 272/4/1 269/4/1 268/4/1
f 273/4/1 269/4/1 272/4/1
f 278/4/1 275/4/1 274/4/1
f 279/4/1 275/4/1 278/4/1
f 284/4/1 277/4/1 276/4/1
f 285/4/1 277/4/1 284/4/1
f 286/4/1 281/4/1 280/4/1
f 287/4/1 281/4/1 286/4/1
f 292/4/1 283/4/1 282/4/1
f 293/4/1 283/4/1 292/4/1
f 294/4/1 289/4/1 288/4/1
f 295/4/1 289/4/1 294/4/1
f 296/4/1 291/4/1 290/4/1
f 297/4/1 291/4/1 296/4/1
f 302/3/1 299/3/1 298/3/1
f 303/3/1 299/3/1 302/3/1
f 304/3/1 301/3/1 300/3/1
f 305/3/1 301/3/1 304/3/1
f 310/1/1 307/1/1 306/1/1
f 311/1/1 307/1/1 310/1/1
f 312/1/1 309/1/1 308/1/1
f 313/1/1 309/1/1 312/1/1
f 318/4/1 315/4/1 314/4/1
f 319/4/1 315/4/1 318/4/1
f 322/4/1 317/4/1 316/4/1
f 323/4/1 317/4/1 322/4/1
f 324/4/1 320/4/1 319/4/1
f 325/4/1 320/4/1 324/4/1
f 328/4/1 322/4/1 321/4/1
f 329/4/1 322/4/1 328/4/1
f 330/4/1 326/4/1 325/4/1
f 331/4/1 326/4/1 330/4/1
f 332/4/1 328/4/1 327/4/1
f 333/4/1 328/4/1 332/4/1
f 338/4/1 335/4/1 334/4/1
f 339/4/1 335/4/1 338/4/1
f 340/4/1 337/4/1 336/4/1
f 341/4/1 337/4/1 340/4/1
f 346/4/1 343/4/1 342/4/1
f 347/4/1 343/4/1 346/4/1
f 348/4/1 345/4/1 344/4/1
f 349/4/1 345/4/1 348/4/1
f 354/4/1 351/4/1 350/4/1
f 355/4/1 351/4/1 354/4/1
f 360/4/1 353/4/1 352/4/1
f 361/4/1 353/4/1 360/4/1
f 362/4/1 357/4/1 356/4/1
f 363/4/1 357/4/1 362/4/1
f 364/4/1 359/4/1 358/4/1
f 365/4/1 359/4/1 364/4/1
f 370/3/1 367/3/1 366/3/1
f 371/3/1 367/3/1 370/3/1
f 372/3/1 369/3/1 368/3/1
f 373/3/1 369/3/1 372/3/1
f 376/7/1 375/7/1 374/7/1
f 377/7/1 375/7/1 376/7/1
f 382/4/1 379/4/1 378/4/1
f 383/4/1 379/4/1 382/4/1
f 384/4/1 381/4/1 380/4/1
f 385/4/1 381/4/1 384/4/1
f 390/4/1 387/4/1 386/4/1
f 391/4/1 387/4/1 390/4/1
f 396/4/1 389/4/1 388/4/1
f 397/4/1 389/4/1 396/4/1
f 398/4/1 393/4/1 392/4/1
f 399/4/1 393/4/1 398/4/1
f 400/4/1 395/4/1 394/4/1
f 401/4/1 395/4/1 400/4/1
f 404/4/1 403/4/1 402/4/1
f 405/4/1 403/4/1 404/4/1
f 408/10/1 407/10/1 406/10/1
f 409/10/1 407/10/1 408/10/1
f 414/4/1 411/4/1 410/4/1
f 415/4/1 411/4/1 414/4/1
f 416/4/1 413/4/1 412/4/1
f 417/4/1 413/4/1 416/4/1
f 422/4/1 419/4/1 418/4/1
f 423/4/1 419/4/1 422/4/1
f 428/4/1 421/4/1 420/4/1
f 429/4/1 421/4/1 428/4/1
f 430/4/1 425/4/1 424/4/1
f 431/4/1 425/4/1 430/4/1
f 432/4/1 427/4/1 426/4/1
f 433/4/1 427/4/1 432/4/1
f 438/3/1 435/3/1 434/3/1
f 439/3/1 435/3/1 438/3/1
f 440/3/1 437/3/1 436/3/1
f 441/3/1 437/3/1 440/3/1
f 448/7/1 447/7/1 446/7/1
f 449/7/1 447/7/1 448/7/1
f 452/6/1 451/6/1 450/6/1
f 453/6/1 451/6/1 452/6/1
f 454/10/1 443/10/1 442/10/1
f 455/10/1 443/10/1 454/10/1
f 456/10/1 445/10/1 444/10/1
f 457/10/1 445/10/1 456/10/1
f 462/4/1 459/4/1 458/4/1
f 463/4/1 459/4/1 462/4/1
f 468/4/1 461/4/1 460/4/1
f 469/4/1 461/4/1 468/4/1
f 470/4/1 465/4/1 464/4/1
f 471/4/1 465/4/1 470/4/1
f 472/4/1 467/4/1 466/4/1
f 473/4/1 467/4/1 472/4/1
f 478/4/1 475/4/1 474/4/1
f 479/4/1 475/4/1 478/4/1
f 480/4/1 477/4/1 476/4/1
f 481/4/1 477/4/1 480/4/1
f 490/2/1 487/2/1 486/2/1
f 491/2/1 489/2/1 488/2/1
f 492/2/1 491/2/1 490/2/1
f 493/2/1 491/2/1 492/2/1
f 494/2/1 490/2/1 486/2/1
f 494/2/1 492/2/1 490/2/1
f 495/2/1 492/2/1 494/2/1
f 496/2/1 491/2/1 493/2/1
f 496/2/1 489/2/1 491/2/1
f 497/2/1 489/2/1 496/2/1
f 498/2/1 492/2/1 495/2/1
f 499/2/1 492/2/1 498/2/1
f 500/2/1 496/2/1 493/2/1
f 501/2/1 496/2/1 500/2/1
f 506/6/1 503/6/1 502/6/1
f 507/6/1 505/6/1 504/6/1
f 508/6/1 506/6/1 502/6/1
f 508/6/1 507/6/1 506/6/1
f 509/6/1 505/6/1 507/6/1
f 509/6/1 507/6/1 508/6/1
f 512/10/1 483/10/1 482/10/1
f 513/10/1 483/10/1 512/10/1
f 514/10/1 485/10/1 484/10/1
f 515/10/1 485/10/1 514/10/1
f 518/4/1 511/4/1 510/4/1
f 519/4/1 511/4/1 518/4/1
f 520/4/1 517/4/1 516/4/1
f 521/4/1 517/4/1 520/4/1
f 526/4/1 523/4/1 522/4/1
f 527/4/1 523/4/1 526/4/1
f 528/4/1 525/4/1 524/4/1
f 529/4/1 525/4/1 528/4/1
f 536/6/1 535/6/1 534/6/1
f 537/6/1 535/6/1 536/6/1
f 542/6/1 539/6/1 538/6/1
f 543/6/1 539/6/1 542/6/1
f 544/6/1 541/6/1 540/6/1
f 545/6/1 541/6/1 544/6/1
f 546/10/1 531/10/1 530/10/1
f 547/10/1 531/10/1 546/10/1
f 548/10/1 533/10/1 532/10/1
f 549/10/1 533/10/1 548/10/1
f 554/4/1 551/4/1 550/4/1
f 555/4/1 551/4/1 554/4/1
f 556/4/1 553/4/1 552/4/1
f 557/4/1 553/4/1 556/4/1
f 560/6/1 559/6/1 558/6/1
f 561/6/1 559/6/1 560/6/1
f 562/6/1 560/6/1 558/6/1
f 563/6/1 560/6/1 562/6/1
f 564/6/1 559/6/1 561/6/1
f 565/6/1 559/6/1 564/6/1
f 570/6/1 567/6/1 566/6/1
f 571/6/1 567/6/1 570/6/1
f 572/6/1 569/6/1 568/6/1
f 573/6/1 569/6/1 572/6/1
f 576/5/1 575/5/1 574/5/1
f 577/5/1 575/5/1 576/5/1
f 582/2/1 579/2/1 578/2/1
f 583/2/1 579/2/1 582/2/1
f 584/2/1 581/2/1 580/2/1
f 585/2/1 581/2/1 584/2/1
f 588/5/1 587/5/1 586/5/1
f 589/5/1 587/5/1 588/5/1
f 594/2/1 591/2/1 590/2/1
f 595/2/1 591/2/1 594/2/1
f 596/2/1 593/2/1 592/2/1
f 597/2/1 593/2/1 596/2/1
f 602/2/1 599/2/1 598/2/1
f 603/2/1 599/2/1 602/2/1
f 604/2/1 601/2/1 600/2/1
f 605/2/1 601/2/1 604/2/1
f 610/6/1 607/6/1 606/6/1
f 611/6/1 607/6/1 610/6/1
f 612/6/1 609/6/1 608/6/1
f 613/6/1 609/6/1 612/6/1
f 619/9/1 615/9/1 614/9/1
f 620/9/1 615/9/1 619/9/1
f 621/9/1 617/9/1 616/9/1
f 622/9/1 620/9/1 619/9/1
f 622/9/1 621/9/1 620/9/1
f 622/9/1 619/9/1 618/9/1
f 623/9/1 617/9/1 621/9/1
f 623/9/1 621/9/1 622/9/1
f 626/9/1 625/9/1 624/9/1
f 628/9/1 627/9/1 626/9/1
f 629/9/1 627/9/1 628/9/1
f 631/9/1 626/9/1 624/9/1
f 631/9/1 628/9/1 626/9/1
f 632/9/1 628/9/1 631/9/1
f 632/9/1 631/9/1 630/9/1
f 633/9/1 628/9/1 632/9/1
f 634/9/1 632/9/1 630/9/1
f 635/8/1 633/8/1 632/8/1
f 635/9/1 632/9/1 634/9/1
f 636/9/1 628/9/1 633/9/1
f 636/8/1 633/8/1 635/8/1
f 637/9/1 628/9/1 636/9/1
f 638/9/1 636/9/1 635/9/1
f 639/9/1 636/9/1 638/9/1
f 642/7/1 641/7/1 640/7/1
f 646/7/1 642/7/1 640/7/1
f 646/7/1 643/7/1 642/7/1
f 647/7/1 643/7/1 646/7/1
f 650/9/1 649/9/1 648/9/1
f 651/9/1 649/9/1 650/9/1
f 652/5/1 645/5/1 644/5/1
f 653/5/1 645/5/1 652/5/1
f 654/5/1 645/5/1 653/5/1
f 657/4/1 656/4/1 655/4/1
f 658/4/1 656/4/1 657/4/1
f 663/9/1 660/9/1 659/9/1
f 664/9/1 660/9/1 663/9/1
f 665/9/1 662/9/1 661/9/1
f 666/9/1 662/9/1 665/9/1
f 667/1/2 668/1/2 671/1/2
f 671/1/2 668/1/2 672/1/2
f 669/1/2 670/1/2 673/1/2
f 673/1/2 670/1/2 674/1/2
f 675/1/2 676/1/2 677/1/2
f 677/1/2 676/1/2 678/1/2
f 679/7/2 680/7/2 682/7/2
f 681/7/2 682/7/2 683/7/2
f 682/7/2 680/7/2 684/7/2
f 683/7/2 682/7/2 684/7/2
f 687/1/2 688/1/2 689/1/2
f 689/1/2 688/1/2 690/1/2
f 685/5/2 686/5/2 691/5/2
f 685/5/2 691/5/2 692/5/2
f 692/5/2 691/5/2 693/5/2
f 694/1/2 695/1/2 697/1/2
f 696/1/2 697/1/2 698/1/2
f 698/1/2 697/1/2 699/1/2
f 697/1/2 695/1/2 700/1/2
f 699/1/2 697/1/2 700/1/2
f 699/1/2 700/1/2 702/1/2
f 700/1/2 701/1/2 702/1/2
f 702/1/2 701/1/2 703/1/2
f 699/1/2 702/1/2 704/1/2
f 702/8/2 703/8/2 705/8/2
f 704/1/2 702/1/2 705/1/2
f 703/1/2 701/1/2 706/1/2
f 705/8/2 703/8/2 706/8/2
f 706/1/2 701/1/2 707/1/2
f 705/1/2 706/1/2 708/1/2
f 708/1/2 706/1/2 709/1/2
f 710/1/2 711/1/2 714/1/2
f 712/1/2 713/1/2 715/1/2
f 715/1/2 713/1/2 716/1/2
f 710/1/2 714/1/2 718/1/2
f 716/1/2 717/1/2 718/1/2
f 715/1/2 716/1/2 718/1/2
f 714/1/2 715/1/2 718/1/2
f 718/1/2 717/1/2 719/1/2
f 720/2/2 721/2/2 724/2/2
f 724/2/2 721/2/2 725/2/2
f 722/2/2 723/2/2 726/2/2
f 726/2/2 723/2/2 727/2/2
f 728/6/2 729/6/2 732/6/2
f 732/6/2 729/6/2 733/6/2
f 730/6/2 731/6/2 734/6/2
f 734/6/2 731/6/2 735/6/2
f 736/6/2 737/6/2 740/6/2
f 740/6/2 737/6/2 741/6/2
f 738/6/2 739/6/2 742/6/2
f 742/6/2 739/6/2 743/6/2
f 744/6/2 745/6/2 748/6/2
f 748/6/2 745/6/2 749/6/2
f 746/6/2 747/6/2 750/6/2
f 750/6/2 747/6/2 751/6/2
f 752/5/2 753/5/2 754/5/2
f 754/5/2 753/5/2 755/5/2
f 756/2/2 757/2/2 760/2/2
f 760/2/2 757/2/2 761/2/2
f 758/2/2 759/2/2 762/2/2
f 762/2/2 759/2/2 763/2/2
f 764/5/2 765/5/2 766/5/2
f 766/5/2 765/5/2 767/5/2
f 772/2/2 773/2/2 774/2/2
f 774/2/2 773/2/2 775/2/2
f 772/2/2 774/2/2 776/2/2
f 776/2/2 774/2/2 777/2/2
f 775/2/2 773/2/2 778/2/2
f 778/2/2 773/2/2 779/2/2
f 768/10/2 769/10/2 780/10/2
f 780/10/2 769/10/2 781/10/2
f 770/10/2 771/10/2 782/10/2
f 782/10/2 771/10/2 783/10/2
f 784/4/2 785/4/2 788/4/2
f 788/4/2 785/4/2 789/4/2
f 786/4/2 787/4/2 790/4/2
f 790/4/2 787/4/2 791/4/2
f 792/3/2 793/3/2 796/3/2
f 796/3/2 793/3/2 797/3/2
f 794/3/2 795/3/2 798/3/2
f 798/3/2 795/3/2 799/3/2
f 804/2/2 805/2/2 806/2/2
f 806/2/2 805/2/2 807/2/2
f 808/2/2 809/2/2 812/2/2
f 812/2/2 809/2/2 813/2/2
f 810/2/2 811/2/2 814/2/2
f 814/2/2 811/2/2 815/2/2
f 800/10/2 801/10/2 818/10/2
f 818/10/2 801/10/2 819/10/2
f 802/10/2 803/10/2 820/10/2
f 820/10/2 803/10/2 821/10/2
f 816/4/2 817/4/2 824/4/2
f 824/4/2 817/4/2 825/4/2
f 822/4/2 823/4/2 826/4/2
f 826/4/2 823/4/2 827/4/2
f 828/4/2 829/4/2 832/4/2
f 832/4/2 829/4/2 833/4/2
f 830/4/2 831/4/2 834/4/2
f 834/4/2 831/4/2 835/4/2
f 836/6/2 837/6/2 844/6/2
f 838/6/2 839/6/2 845/6/2
f 844/6/2 845/6/2 846/6/2
f 846/6/2 845/6/2 847/6/2
f 836/6/2 844/6/2 848/6/2
f 844/6/2 846/6/2 848/6/2
f 848/6/2 846/6/2 849/6/2
f 847/6/2 845/6/2 850/6/2
f 845/6/2 839/6/2 850/6/2
f 850/6/2 839/6/2 851/6/2
f 849/6/2 846/6/2 852/6/2
f 852/6/2 846/6/2 853/6/2
f 847/6/2 850/6/2 854/6/2
f 854/6/2 850/6/2 855/6/2
f 856/2/2 857/2/2 860/2/2
f 858/2/2 859/2/2 861/2/2
f 856/2/2 860/2/2 862/2/2
f 860/2/2 861/2/2 862/2/2
f 861/2/2 859/2/2 863/2/2
f 862/2/2 861/2/2 863/2/2
f 840/10/2 841/10/2 864/10/2
f 864/10/2 841/10/2 865/10/2
f 842/10/2 843/10/2 866/10/2
f 866/10/2 843/10/2 867/10/2
f 868/4/2 869/4/2 872/4/2
f 872/4/2 869/4/2 873/4/2
f 870/4/2 871/4/2 878/4/2
f 878/4/2 871/4/2 879/4/2
f 874/4/2 875/4/2 880/4/2
f 880/4/2 875/4/2 881/4/2
f 876/4/2 877/4/2 882/4/2
f 882/4/2 877/4/2 883/4/2
f 884/4/2 885/4/2 888/4/2
f 888/4/2 885/4/2 889/4/2
f 886/4/2 887/4/2 890/4/2
f 890/4/2 887/4/2 891/4/2
f 892/3/2 893/3/2 896/3/2
f 896/3/2 893/3/2 897/3/2
f 894/3/2 895/3/2 898/3/2
f 898/3/2 895/3/2 899/3/2
f 902/7/2 903/7/2 904/7/2
f 904/7/2 903/7/2 905/7/2
f 906/2/2 907/2/2 908/2/2
f 908/2/2 907/2/2 909/2/2
f 900/10/2 901/10/2 910/10/2
f 910/10/2 901/10/2 911/10/2
f 912/4/2 913/4/2 916/4/2
f 916/4/2 913/4/2 917/4/2
f 914/4/2 915/4/2 918/4/2
f 918/4/2 915/4/2 919/4/2
f 920/4/2 921/4/2 924/4/2
f 924/4/2 921/4/2 925/4/2
f 922/4/2 923/4/2 930/4/2
f 930/4/2 923/4/2 931/4/2
f 926/4/2 927/4/2 932/4/2
f 932/4/2 927/4/2 933/4/2
f 928/4/2 929/4/2 934/4/2
f 934/4/2 929/4/2 935/4/2
f 936/4/2 937/4/2 940/4/2
f 940/4/2 937/4/2 941/4/2
f 938/4/2 939/4/2 942/4/2
f 942/4/2 939/4/2 943/4/2
f 944/4/2 945/4/2 948/4/2
f 948/4/2 945/4/2 949/4/2
f 946/4/2 947/4/2 954/4/2
f 954/4/2 947/4/2 955/4/2
f 950/4/2 951/4/2 956/4/2
f 956/4/2 951/4/2 957/4/2
f 952/4/2 953/4/2 958/4/2
f 958/4/2 953/4/2 959/4/2
f 960/4/2 961/4/2 962/4/2
f 962/4/2 961/4/2 963/4/2
f 964/3/2 965/3/2 968/3/2
f 968/3/2 965/3/2 969/3/2
f 966/3/2 967/3/2 970/3/2
f 970/3/2 967/3/2 971/3/2
f 972/7/2 973/7/2 974/7/2
f 974/7/2 973/7/2 975/7/2
f 976/4/2 977/4/2 980/4/2
f 980/4/2 977/4/2 981/4/2
f 978/4/2 979/4/2 982/4/2
f 982/4/2 979/4/2 983/4/2
f 984/4/2 985/4/2 988/4/2
f 988/4/2 985/4/2 989/4/2
f 986/4/2 987/4/2 994/4/2
f 994/4/2 987/4/2 995/4/2
f 990/4/2 991/4/2 996/4/2
f 996/4/2 991/4/2 997/4/2
f 992/4/2 993/4/2 998/4/2
f 998/4/2 993/4/2 999/4/2
f 1000/3/2 1001/3/2 1004/3/2
f 1004/3/2 1001/3/2 1005/3/2
f 1002/3/2 1003/3/2 1006/3/2
f 1006/3/2 1003/3/2 1007/3/2
f 1008/9/2 1009/9/2 1012/9/2
f 1012/9/2 1009/9/2 1013/9/2
f 1010/9/2 1011/9/2 1014/9/2
f 1014/9/2 1011/9/2 1015/9/2
f 1016/4/2 1017/4/2 1020/4/2
f 1020/4/2 1017/4/2 1021/4/2
f 1018/4/2 1019/4/2 1024/4/2
f 1024/4/2 1019/4/2 1025/4/2
f 1021/4/2 1022/4/2 1026/4/2
f 1026/4/2 1022/4/2 1027/4/2
f 1023/4/2 1024/4/2 1030/4/2
f 1030/4/2 1024/4/2 1031/4/2
f 1027/4/2 1028/4/2 1032/4/2
f 1032/4/2 1028/4/2 1033/4/2
f 1029/4/2 1030/4/2 1034/4/2
f 1034/4/2 1030/4/2 1035/4/2
f 1036/4/2 1037/4/2 1040/4/2
f 1040/4/2 1037/4/2 1041/4/2
f 1038/4/2 1039/4/2 1042/4/2
f 1042/4/2 1039/4/2 1043/4/2
f 1044/3/2 1045/3/2 1048/3/2
f 1048/3/2 1045/3/2 1049/3/2
f 1046/3/2 1047/3/2 1050/3/2
f 1050/3/2 1047/3/2 1051/3/2
f 1052/9/2 1053/9/2 1054/9/2
f 1054/9/2 1053/9/2 1055/9/2
f 1056/4/2 1057/4/2 1060/4/2
f 1060/4/2 1057/4/2 1061/4/2
f 1058/4/2 1059/4/2 1062/4/2
f 1062/4/2 1059/4/2 1063/4/2
f 1064/4/2 1065/4/2 1068/4/2
f 1068/4/2 1065/4/2 1069/4/2
f 1066/4/2 1067/4/2 1074/4/2
f 1074/4/2 1067/4/2 1075/4/2
f 1070/4/2 1071/4/2 1076/4/2
f 1076/4/2 1071/4/2 1077/4/2
f 1072/4/2 1073/4/2 1082/4/2
f 1082/4/2 1073/4/2 1083/4/2
f 1078/4/2 1079/4/2 1084/4/2
f 1084/4/2 1079/4/2 1085/4/2
f 1080/4/2 1081/4/2 1086/4/2
f 1086/4/2 1081/4/2 1087/4/2
f 1088/3/2 1089/3/2 1092/3/2
f 1092/3/2 1089/3/2 1093/3/2
f 1090/3/2 1091/3/2 1094/3/2
f 1094/3/2 1091/3/2 1095/3/2
f 1096/7/2 1097/7/2 1098/7/2
f 1096/7/2 1098/7/2 1102/7/2
f 1098/7/2 1099/7/2 1102/7/2
f 1102/7/2 1099/7/2 1103/7/2
f 1104/9/2 1105/9/2 1106/9/2
f 1106/9/2 1105/9/2 1107/9/2
f 1100/5/2 1101/5/2 1108/5/2
f 1108/5/2 1101/5/2 1111/5/2
f 1111/5/2 1101/5/2 1112/5/2
f 1109/4/2 1110/4/2 1115/4/2
f 1115/4/2 1110/4/2 1116/4/2
f 1113/4/2 1114/4/2 1121/4/2
f 1121/4/2 1114/4/2 1122/4/2
f 1117/4/2 1118/4/2 1123/4/2
f 1123/4/2 1118/4/2 1124/4/2
f 1119/4/2 1120/4/2 1129/4/2
f 1129/4/2 1120/4/2 1130/4/2
f 1125/4/2 1126/4/2 1131/4/2
f 1131/4/2 1126/4/2 1132/4/2
f 1127/4/2 1128/4/2 1137/4/2
f 1137/4/2 1128/4/2 1138/4/2
f 1133/4/2 1134/4/2 1139/4/2
f 1139/4/2 1134/4/2 1140/4/2
f 1135/4/2 1136/4/2 1141/4/2
f 1141/4/2 1136/4/2 1142/4/2
f 1143/3/2 1144/3/2 1147/3/2
f 1147/3/2 1144/3/2 1148/3/2
f 1145/3/2 1146/3/2 1149/3/2
f 1149/3/2 1146/3/2 1150/3/2
f 1151/9/2 1152/9/2 1153/9/2
f 1153/9/2 1154/9/2 1155/9/2
f 1155/9/2 1154/9/2 1156/9/2
f 1151/9/2 1153/9/2 1158/9/2
f 1153/9/2 1155/9/2 1158/9/2
f 1158/9/2 1155/9/2 1159/9/2
f 1157/9/2 1158/9/2 1159/9/2
f 1159/9/2 1155/9/2 1160/9/2
f 1157/9/2 1159/9/2 1161/9/2
f 1159/8/2 1160/8/2 1162/8/2
f 1161/9/2 1159/9/2 1162/9/2
f 1160/9/2 1155/9/2 1163/9/2
f 1162/8/2 1160/8/2 1163/8/2
f 1163/9/2 1155/9/2 1164/9/2
f 1162/4/2 1163/4/2 1165/4/2
f 1165/4/2 1163/4/2 1166/4/2
f 1167/4/2 1168/4/2 1171/4/2
f 1171/4/2 1168/4/2 1172/4/2
f 1169/4/2 1170/4/2 1177/4/2
f 1177/4/2 1170/4/2 1178/4/2
f 1173/4/2 1174/4/2 1179/4/2
f 1179/4/2 1174/4/2 1180/4/2
f 1175/4/2 1176/4/2 1185/4/2
f 1185/4/2 1176/4/2 1186/4/2
f 1181/4/2 1182/4/2 1187/4/2
f 1187/4/2 1182/4/2 1188/4/2
f 1183/4/2 1184/4/2 1191/4/2
f 1191/4/2 1184/4/2 1192/4/2
f 1189/4/2 1190/4/2 1193/4/2
f 1193/4/2 1190/4/2 1194/4/2
f 1195/3/2 1196/3/2 1199/3/2
f 1199/3/2 1196/3/2 1200/3/2
f 1197/3/2 1198/3/2 1201/3/2
f 1201/3/2 1198/3/2 1202/3/2
f 1203/9/2 1204/9/2 1208/9/2
f 1208/9/2 1204/9/2 1209/9/2
f 1205/9/2 1206/9/2 1210/9/2
f 1208/9/2 1209/9/2 1211/9/2
f 1209/9/2 1210/9/2 1211/9/2
f 1207/9/2 1208/9/2 1211/9/2
f 1210/9/2 1206/9/2 1212/9/2
f 1211/9/2 1210/9/2 1212/9/2
f 1213/4/2 1214/4/2 1217/4/2
f 1215/4/2 1216/4/2 1220/4/2
f 1217/4/2 1218/4/2 1221/4/2
f 1213/4/2 1217/4/2 1221/4/2
f 1221/4/2 1218/4/2 1222/4/2
f 1219/4/2 1220/4/2 1225/4/2
f 1220/4/2 1216/4/2 1226/4/2
f 1225/4/2 1220/4/2 1226/4/2
f 1222/4/2 1223/4/2 1227/4/2
f 1227/4/2 1223/4/2 1228/4/2
f 1224/4/2 1225/4/2 1233/4/2
f 1233/4/2 1225/4/2 1234/4/2
f 1229/4/2 1230/4/2 1235/4/2
f 1235/4/2 1230/4/2 1236/4/2
f 1231/4/2 1232/4/2 1237/4/2
f 1237/4/2 1232/4/2 1238/4/2
f 1239/3/2 1240/3/2 1241/3/2
f 1241/3/2 1240/3/2 1242/3/2
f 1243/4/2 1244/4/2 1247/4/2
f 1247/4/2 1244/4/2 1248/4/2
f 1245/4/2 1246/4/2 1251/4/2
f 1251/4/2 1246/4/2 1252/4/2
f 1248/4/2 1249/4/2 1253/4/2
f 1253/4/2 1249/4/2 1254/4/2
f 1250/4/2 1251/4/2 1259/4/2
f 1259/4/2 1251/4/2 1260/4/2
f 1255/4/2 1256/4/2 1261/4/2
f 1261/4/2 1256/4/2 1262/4/2
f 1257/4/2 1258/4/2 1267/4/2
f 1267/4/2 1258/4/2 1268/4/2
f 1263/4/2 1264/4/2 1269/4/2
f 1269/4/2 1264/4/2 1270/4/2
f 1265/4/2 1266/4/2 1271/4/2
f 1271/4/2 1266/4/2 1272/4/2
f 1273/4/2 1274/4/2 1277/4/2
f 1277/4/2 1274/4/2 1278/4/2
f 1278/4/2 1274/4/2 1279/4/2
f 1275/4/2 1276/4/2 1282/4/2
f 1282/4/2 1276/4/2 1283/4/2
f 1283/4/2 1276/4/2 1284/4/2
f 1279/4/2 1280/4/2 1285/4/2
f 1278/4/2 1279/4/2 1285/4/2
f 1285/4/2 1280/4/2 1286/4/2
f 1282/4/2 1283/4/2 1289/4/2
f 1281/4/2 1282/4/2 1289/4/2
f 1289/4/2 1283/4/2 1290/4/2
f 1286/4/2 1287/4/2 1291/4/2
f 1291/4/2 1287/4/2 1292/4/2
f 1288/4/2 1289/4/2 1295/4/2
f 1295/4/2 1289/4/2 1296/4/2
f 1293/4/2 1294/4/2 1297/4/2
f 1297/4/2 1294/4/2 1298/4/2
f 1299/4/2 1300/4/2 1303/4/2
f 1303/4/2 1300/4/2 1304/4/2
f 1304/4/2 1300/4/2 1305/4/2
f 1301/4/2 1302/4/2 1308/4/2
f 1308/4/2 1302/4/2 1309/4/2
f 1309/4/2 1302/4/2 1310/4/2
f 1305/4/2 1306/4/2 1311/4/2
f 1304/4/2 1305/4/2 1311/4/2
f 1311/4/2 1306/4/2 1312/4/2
f 1308/4/2 1309/4/2 1313/4/2
f 1307/4/2 1308/4/2 1313/4/2
f 1313/4/2 1309/4/2 1314/4/2
f 1312/4/2 1313/4/2 1315/4/2
f 1315/4/2 1313/4/2 1316/4/2
f 1317/4/2 1318/4/2 1321/4/2
f 1321/4/2 1318/4/2 1322/4/2
f 1322/4/2 1318/4/2 1323/4/2
f 1319/4/2 1320/4/2 1324/4/2
f 1324/4/2 1320/4/2 1325/4/2
f 1325/4/2 1320/4/2 1326/4/2
f 1322/4/2 1323/4/2 1327/4/2
f 1324/4/2 1325/4/2 1327/4/2
f 1323/4/2 1324/4/2 1327/4/2
f 1327/4/2 1325/4/2 1328/4/2
f 1329/4/2 1330/4/2 1331/4/2
f 1331/4/2 1330/4/2 1332/4/2
f 1335/4/3 1334/4/3 1333/4/3
f 1336/4/3 1334/4/3 1335/4/3
f 1339/4/3 1338/4/3 1337/4/3
f 1341/4/3 1339/4/3 1337/4/3
f 1341/4/3 1340/4/3 1339/4/3
f 1342/4/3 1340/4/3 1341/4/3
f 1344/4/3 1340/4/3 1342/4/3
f 1345/4/3 1340/4/3 1344/4/3
f 1345/4/3 1344/4/3 1343/4/3
f 1346/4/3 1340/4/3 1345/4/3
f 1347/4/3 1345/4/3 1343/4/3
f 1348/4/3 1345/4/3 1347/4/3
f 1351/4/3 1350/4/3 1349/4/3
f 1353/4/3 1351/4/3 1349/4/3
f 1353/4/3 1352/4/3 1351/4/3
f 1354/4/3 1352/4/3 1353/4/3
f 1355/4/3 1352/4/3 1354/4/3
f 1356/4/3 1352/4/3 1355/4/3
f 1359/4/3 1358/4/3 1357/4/3
f 1360/4/3 1358/4/3 1359/4/3
f 1364/4/3 1362/4/3 1361/4/3
f 1365/4/3 1362/4/3 1364/4/3
f 1365/4/3 1364/4/3 1363/4/3
f 1366/4/3 1362/4/3 1365/4/3
f 1367/4/3 1365/4/3 1363/4/3
f 1368/4/3 1365/4/3 1367/4/3
f 1371/4/3 1370/4/3 1369/4/3
f 1372/4/3 1370/4/3 1371/4/3
f 1374/4/3 1373/4/3 1372/4/3
f 1375/4/3 1373/4/3 1374/4/3
f 1378/4/3 1377/4/3 1376/4/3
f 1379/4/3 1377/4/3 1378/4/3
f 1382/4/3 1381/4/3 1380/4/3
f 1383/4/3 1381/4/3 1382/4/3
f 1387/4/3 1385/4/3 1384/4/3
f 1388/4/3 1385/4/3 1387/4/3
f 1389/4/3 1387/4/3 1386/4/3
f 1390/4/3 1387/4/3 1389/4/3
f 1393/4/3 1392/4/3 1391/4/3
f 1394/4/3 1392/4/3 1393/4/3
f 1395/4/3 1392/4/3 1394/4/3
f 1396/4/3 1392/4/3 1395/4/3
f 1398/4/3 1397/4/3 1396/4/3
f 1399/4/3 1397/4/3 1398/4/3
f 1404/3/3 1401/3/3 1400/3/3
f 1405/3/3 1401/3/3 1404/3/3
f 1406/4/3 1403/4/3 1402/4/3
f 1407/4/3 1403/4/3 1406/4/3
f 1411/4/3 1409/4/3 1408/4/3
f 1412/4/3 1409/4/3 1411/4/3
f 1414/4/3 1411/4/3 1410/4/3
f 1415/4/3 1414/4/3 1413/4/3
f 1416/4/3 1411/4/3 1414/4/3
f 1416/4/3 1414/4/3 1415/4/3
f 1419/4/3 1418/4/3 1417/4/3
f 1420/4/3 1418/4/3 1419/4/3
f 1423/4/3 1422/4/3 1421/4/3
f 1424/4/3 1422/4/3 1423/4/3
f 1429/3/3 1426/3/3 1425/3/3
f 1430/3/3 1426/3/3 1429/3/3
f 1431/4/3 1428/4/3 1427/4/3
f 1432/4/3 1428/4/3 1431/4/3
f 1437/3/3 1434/3/3 1433/3/3
f 1438/3/3 1434/3/3 1437/3/3
f 1439/4/3 1436/4/3 1435/4/3
f 1440/4/3 1436/4/3 1439/4/3
f 1443/4/3 1442/4/3 1441/4/3
f 1444/4/3 1442/4/3 1443/4/3
f 1447/4/3 1446/4/3 1445/4/3
f 1448/4/3 1446/4/3 1447/4/3
f 1451/4/3 1450/4/3 1449/4/3
f 1452/4/3 1450/4/3 1451/4/3
f 1455/4/3 1454/4/3 1453/4/3
f 1456/4/3 1454/4/3 1455/4/3
f 1461/3/3 1458/3/3 1457/3/3
f 1462/3/3 1458/3/3 1461/3/3
f 1463/4/3 1460/4/3 1459/4/3
f 1464/4/3 1460/4/3 1463/4/3
f 1468/6/3 1466/6/3 1465/6/3
f 1469/6/3 1468/6/3 1467/6/3
f 1470/6/3 1466/6/3 1468/6/3
f 1470/6/3 1468/6/3 1469/6/3
f 1472/6/3 1466/6/3 1470/6/3
f 1473/6/3 1472/6/3 1471/6/3
f 1474/6/3 1466/6/3 1472/6/3
f 1474/6/3 1472/6/3 1473/6/3
f 1479/3/3 1476/3/3 1475/3/3
f 1480/3/3 1476/3/3 1479/3/3
f 1481/4/3 1478/4/3 1477/4/3
f 1482/4/3 1478/4/3 1481/4/3
f 1485/4/3 1484/4/3 1483/4/3
f 1486/4/3 1484/4/3 1485/4/3
f 1489/4/3 1488/4/3 1487/4/3
f 1490/4/3 1488/4/3 1489/4/3
f 1493/4/3 1492/4/3 1491/4/3
f 1494/4/3 1492/4/3 1493/4/3
f 1497/4/3 1496/4/3 1495/4/3
f 1498/4/3 1496/4/3 1497/4/3
f 1503/3/3 1500/3/3 1499/3/3
f 1504/3/3 1500/3/3 1503/3/3
f 1505/4/3 1502/4/3 1501/4/3
f 1506/4/3 1502/4/3 1505/4/3
f 1512/6/3 1508/6/3 1507/6/3
f 1513/6/3 1508/6/3 1512/6/3
f 1514/6/3 1508/6/3 1513/6/3
f 1516/6/3 1512/6/3 1511/6/3
f 1516/6/3 1513/6/3 1512/6/3
f 1517/6/3 1513/6/3 1516/6/3
f 1518/8/3 1514/8/3 1513/8/3
f 1518/6/3 1513/6/3 1517/6/3
f 1519/6/3 1515/6/3 1514/6/3
f 1519/8/3 1514/8/3 1518/8/3
f 1520/6/3 1515/6/3 1519/6/3
f 1521/6/3 1518/6/3 1517/6/3
f 1521/6/3 1519/6/3 1518/6/3
f 1522/6/3 1519/6/3 1521/6/3
f 1523/4/3 1510/4/3 1509/4/3
f 1524/4/3 1510/4/3 1523/4/3
f 1525/6/3 1521/6/3 1517/6/3
f 1526/6/3 1521/6/3 1525/6/3
f 1531/3/3 1528/3/3 1527/3/3
f 1532/3/3 1528/3/3 1531/3/3
f 1533/4/3 1530/4/3 1529/4/3
f 1534/4/3 1530/4/3 1533/4/3
f 1537/4/3 1536/4/3 1535/4/3
f 1538/4/3 1536/4/3 1537/4/3
f 1541/4/3 1540/4/3 1539/4/3
f 1542/4/3 1540/4/3 1541/4/3
f 1545/4/3 1544/4/3 1543/4/3
f 1546/4/3 1544/4/3 1545/4/3
f 1548/4/3 1547/4/3 1546/4/3
f 1549/4/3 1547/4/3 1548/4/3
f 1551/4/3 1550/4/3 1549/4/3
f 1552/4/3 1550/4/3 1551/4/3
f 1557/3/3 1554/3/3 1553/3/3
f 1558/3/3 1554/3/3 1557/3/3
f 1559/4/3 1556/4/3 1555/4/3
f 1560/4/3 1556/4/3 1559/4/3
f 1565/6/3 1564/6/3 1563/6/3
f 1566/6/3 1564/6/3 1565/6/3
f 1567/4/3 1562/4/3 1561/4/3
f 1568/4/3 1562/4/3 1567/4/3
f 1572/5/3 1570/5/3 1569/5/3
f 1572/5/3 1571/5/3 1570/5/3
f 1573/5/3 1571/5/3 1572/5/3
f 1578/7/3 1577/7/3 1576/7/3
f 1579/7/3 1577/7/3 1578/7/3
f 1580/4/3 1575/4/3 1574/4/3
f 1581/4/3 1575/4/3 1580/4/3
f 1582/7/3 1577/7/3 1579/7/3
f 1583/7/3 1577/7/3 1582/7/3
f 1586/3/3 1585/3/3 1584/3/3
f 1587/3/3 1585/3/3 1586/3/3
f 1590/4/3 1589/4/3 1588/4/3
f 1591/4/3 1589/4/3 1590/4/3
f 1595/4/3 1593/4/3 1592/4/3
f 1596/4/3 1593/4/3 1595/4/3
f 1598/4/3 1595/4/3 1594/4/3
f 1599/4/3 1595/4/3 1598/4/3
f 1600/4/3 1598/4/3 1597/4/3
f 1601/4/3 1598/4/3 1600/4/3
f 1604/4/3 1603/4/3 1602/4/3
f 1605/4/3 1603/4/3 1604/4/3
f 1608/3/3 1607/3/3 1606/3/3
f 1609/3/3 1607/3/3 1608/3/3
f 1612/4/3 1611/4/3 1610/4/3
f 1613/4/3 1611/4/3 1612/4/3
f 1616/6/3 1615/6/3 1614/6/3
f 1617/6/3 1615/6/3 1616/6/3
f 1620/4/3 1619/4/3 1618/4/3
f 1621/4/3 1619/4/3 1620/4/3
f 1624/3/3 1623/3/3 1622/3/3
f 1625/3/3 1623/3/3 1624/3/3
f 1628/4/3 1627/4/3 1626/4/3
f 1629/4/3 1627/4/3 1628/4/3
f 1632/4/3 1631/4/3 1630/4/3
f 1633/4/3 1631/4/3 1632/4/3
f 1636/4/3 1635/4/3 1634/4/3
f 1637/4/3 1635/4/3 1636/4/3
f 1640/4/3 1639/4/3 1638/4/3
f 1641/4/3 1639/4/3 1640/4/3
f 1644/4/3 1643/4/3 1642/4/3
f 1645/4/3 1643/4/3 1644/4/3
f 1648/6/3 1647/6/3 1646/6/3
f 1649/6/3 1647/6/3 1648/6/3
f 1652/6/3 1651/6/3 1650/6/3
f 1653/6/3 1651/6/3 1652/6/3
f 1656/4/3 1655/4/3 1654/4/3
f 1657/4/3 1655/4/3 1656/4/3
f 1660/4/3 1659/4/3 1658/4/3
f 1661/4/3 1659/4/3 1660/4/3
f 1664/4/3 1663/4/3 1662/4/3
f 1665/4/3 1663/4/3 1664/4/3
f 1668/4/3 1667/4/3 1666/4/3
f 1669/4/3 1667/4/3 1668/4/3
f 1672/4/3 1671/4/3 1670/4/3
f 1673/4/3 1671/4/3 1672/4/3
f 1675/4/3 1674/4/3 1673/4/3
f 1676/4/3 1674/4/3 1675/4/3
f 1681/3/3 1678/3/3 1677/3/3
f 1682/3/3 1678/3/3 1681/3/3
f 1683/4/3 1680/4/3 1679/4/3
f 1684/4/3 1680/4/3 1683/4/3
f 1687/3/3 1686/3/3 1685/3/3
f 1688/3/3 1686/3/3 1687/3/3
f 1691/4/3 1690/4/3 1689/4/3
f 1692/4/3 1690/4/3 1691/4/3
f 1696/4/3 1694/4/3 1693/4/3
f 1697/4/3 1694/4/3 1696/4/3
f 1698/4/3 1696/4/3 1695/4/3
f 1699/4/3 1696/4/3 1698/4/3
f 1702/4/3 1701/4/3 1700/4/3
f 1703/4/3 1701/4/3 1702/4/3
f 1706/4/3 1705/4/3 1704/4/3
f 1707/4/3 1705/4/3 1706/4/3
f 1710/4/3 1709/4/3 1708/4/3
f 1711/4/3 1709/4/3 1710/4/3
f 1714/4/3 1713/4/3 1712/4/3
f 1715/4/3 1713/4/3 1714/4/3
f 1718/4/3 1717/4/3 1716/4/3
f 1719/4/3 1717/4/3 1718/4/3
f 1724/3/3 1721/3/3 1720/3/3
f 1725/3/3 1721/3/3 1724/3/3
f 1726/4/3 1723/4/3 1722/4/3
f 1727/4/3 1723/4/3 1726/4/3
f 1730/4/3 1729/4/3 1728/4/3
f 1731/4/3 1729/4/3 1730/4/3
f 1734/4/3 1733/4/3 1732/4/3
f 1735/4/3 1733/4/3 1734/4/3
f 1738/4/3 1737/4/3 1736/4/3
f 1739/4/3 1737/4/3 1738/4/3
f 1742/4/3 1741/4/3 1740/4/3
f 1743/4/3 1741/4/3 1742/4/3
f 1746/3/3 1745/3/3 1744/3/3
f 1747/3/3 1745/3/3 1746/3/3
f 1750/4/3 1749/4/3 1748/4/3
f 1751/4/3 1749/4/3 1750/4/3
f 1754/4/3 1753/4/3 1752/4/3
f 1755/4/3 1753/4/3 1754/4/3
f 1757/4/3 1756/4/3 1755/4/3
f 1758/4/3 1756/4/3 1757/4/3
f 1761/7/3 1760/7/3 1759/7/3
f 1762/7/3 1760/7/3 1761/7/3
f 1765/4/3 1764/4/3 1763/4/3
f 1766/4/3 1764/4/3 1765/4/3
f 1769/4/3 1768/4/3 1767/4/3
f 1770/4/3 1768/4/3 1769/4/3
f 1774/4/3 1772/4/3 1771/4/3
f 1775/4/3 1772/4/3 1774/4/3
f 1776/4/3 1774/4/3 1773/4/3
f 1777/4/3 1774/4/3 1776/4/3
f 1780/3/3 1779/3/3 1778/3/3
f 1781/3/3 1779/3/3 1780/3/3
f 1784/10/3 1783/10/3 1782/10/3
f 1785/10/3 1783/10/3 1784/10/3
f 1788/9/3 1787/9/3 1786/9/3
f 1789/9/3 1787/9/3 1788/9/3
f 1792/3/3 1791/3/3 1790/3/3
f 1793/3/3 1791/3/3 1792/3/3
f 1796/4/3 1795/4/3 1794/4/3
f 1797/4/3 1795/4/3 1796/4/3
f 1802/4/3 1799/4/3 1798/4/3
f 1803/4/3 1799/4/3 1802/4/3
f 1804/7/3 1801/7/3 1800/7/3
f 1805/7/3 1801/7/3 1804/7/3
f 1808/4/3 1807/4/3 1806/4/3
f 1809/4/3 1807/4/3 1808/4/3
f 1812/10/3 1811/10/3 1810/10/3
f 1813/10/3 1811/10/3 1812/10/3
f 1816/10/3 1815/10/3 1814/10/3
f 1817/10/3 1815/10/3 1816/10/3
f 1820/4/3 1819/4/3 1818/4/3
f 1821/4/3 1819/4/3 1820/4/3
f 1824/9/3 1823/9/3 1822/9/3
f 1825/9/3 1823/9/3 1824/9/3
f 1827/9/3 1823/9/3 1825/9/3
f 1830/9/3 1827/9/3 1826/9/3
f 1831/9/3 1823/9/3 1827/9/3
f 1831/9/3 1827/9/3 1830/9/3
f 1832/4/3 1829/4/3 1828/4/3
f 1833/4/3 1829/4/3 1832/4/3
f 1836/4/3 1835/4/3 1834/4/3
f 1837/4/3 1835/4/3 1836/4/3
f 1840/4/3 1839/4/3 1838/4/3
f 1841/4/3 1839/4/3 1840/4/3
f 1844/1/3 1843/1/3 1842/1/3
f 1845/1/3 1843/1/3 1844/1/3
f 1846/1/3 1843/1/3 1845/1/3
f 1848/1/3 1847/1/3 1846/1/3
f 1848/1/3 1846/1/3 1845/1/3
f 1849/1/3 1847/1/3 1848/1/3
f 1850/1/3 1848/1/3 1845/1/3
f 1853/1/3 1850/1/3 1845/1/3
f 1853/1/3 1851/1/3 1850/1/3
f 1854/1/3 1851/1/3 1853/1/3
f 1855/1/3 1851/1/3 1854/1/3
f 1856/1/3 1853/1/3 1852/1/3
f 1856/1/3 1854/1/3 1853/1/3
f 1857/1/3 1854/1/3 1856/1/3
f 1860/10/3 1859/10/3 1858/10/3
f 1861/10/3 1859/10/3 1860/10/3
f 1864/10/3 1863/10/3 1862/10/3
f 1865/10/3 1863/10/3 1864/10/3
f 1870/9/3 1869/9/3 1868/9/3
f 1871/9/3 1869/9/3 1870/9/3
f 1874/9/3 1867/9/3 1866/9/3
f 1875/9/3 1867/9/3 1874/9/3
f 1876/4/3 1873/4/3 1872/4/3
f 1877/4/3 1873/4/3 1876/4/3
f 1880/4/3 1879/4/3 1878/4/3
f 1881/4/3 1879/4/3 1880/4/3
f 1884/10/3 1883/10/3 1882/10/3
f 1885/10/3 1883/10/3 1884/10/3
f 1888/10/3 1887/10/3 1886/10/3
f 1889/10/3 1887/10/3 1888/10/3
f 1892/9/3 1891/9/3 1890/9/3
f 1893/9/3 1891/9/3 1892/9/3
f 1894/9/3 1892/9/3 1890/9/3
f 1896/9/3 1894/9/3 1890/9/3
f 1896/9/3 1895/9/3 1894/9/3
f 1897/9/3 1895/9/3 1896/9/3
f 1900/9/3 1899/9/3 1898/9/3
f 1901/9/3 1899/9/3 1900/9/3
f 1904/5/3 1903/5/3 1902/5/3
f 1905/5/3 1903/5/3 1904/5/3
f 1908/9/3 1907/9/3 1906/9/3
f 1909/9/3 1907/9/3 1908/9/3
f 1912/1/3 1911/1/3 1910/1/3
f 1913/1/3 1911/1/3 1912/1/3
f 1916/5/3 1915/5/3 1914/5/3
f 1917/5/3 1915/5/3 1916/5/3
f 1920/1/3 1919/1/3 1918/1/3
f 1921/1/3 1919/1/3 1920/1/3
f 1924/1/3 1923/1/3 1922/1/3
f 1925/1/3 1923/1/3 1924/1/3
f 1928/1/3 1927/1/3 1926/1/3
f 1929/1/3 1927/1/3 1928/1/3
f 1932/1/3 1931/1/3 1930/1/3
f 1933/1/3 1931/1/3 1932/1/3
f 1936/1/3 1935/1/3 1934/1/3
f 1937/1/3 1935/1/3 1936/1/3
f 1940/9/3 1939/9/3 1938/9/3
f 1941/9/3 1939/9/3 1940/9/3
f 1944/9/3 1943/9/3 1942/9/3
f 1945/9/3 1943/9/3 1944/9/3
f 1948/2/3 1947/2/3 1946/2/3
f 1949/2/3 1947/2/3 1948/2/3
f 1951/2/3 1947/2/3 1949/2/3
f 1952/2/3 1951/2/3 1950/2/3
f 1953/2/3 1947/2/3 1951/2/3
f 1953/2/3 1951/2/3 1952/2/3
f 1954/2/3 1947/2/3 1953/2/3
f 1955/2/3 1947/2/3 1954/2/3
f 1958/2/3 1957/2/3 1956/2/3
f 1961/2/3 1958/2/3 1956/2/3
f 1961/2/3 1959/2/3 1958/2/3
f 1962/2/3 1959/2/3 1961/2/3
f 1963/2/3 1959/2/3 1962/2/3
f 1965/2/3 1961/2/3 1960/2/3
f 1965/2/3 1962/2/3 1961/2/3
f 1966/2/3 1962/2/3 1965/2/3
f 1967/8/3 1963/8/3 1962/8/3
f 1967/2/3 1962/2/3 1966/2/3
f 1968/2/3 1964/2/3 1963/2/3
f 1968/8/3 1963/8/3 1967/8/3
f 1969/2/3 1964/2/3 1968/2/3
f 1970/2/3 1967/2/3 1966/2/3
f 1970/2/3 1968/2/3 1967/2/3
f 1971/2/3 1968/2/3 1970/2/3
f 1975/7/3 1973/7/3 1972/7/3
f 1976/7/3 1975/7/3 1974/7/3
f 1977/7/3 1973/7/3 1975/7/3
f 1977/7/3 1975/7/3 1976/7/3
f 1980/5/3 1979/5/3 1978/5/3
f 1981/5/3 1979/5/3 1980/5/3
f 1982/5/3 1979/5/3 1981/5/3
f 1985/2/3 1984/2/3 1983/2/3
f 1986/2/3 1984/2/3 1985/2/3
f 1989/2/3 1988/2/3 1987/2/3
f 1990/2/3 1988/2/3 1989/2/3
f 1993/2/3 1992/2/3 1991/2/3
f 1994/2/3 1992/2/3 1993/2/3
f 1997/2/3 1996/2/3 1995/2/3
f 1998/2/3 1996/2/3 1997/2/3
f 1999/6/4 2000/6/4 2001/6/4
f 2001/6/4 2000/6/4 2002/6/4
f 2003/6/4 2004/6/4 2005/6/4
f 2005/6/4 2004/6/4 2006/6/4
f 2007/6/4 2008/6/4 2009/6/4
f 2009/6/4 2008/6/4 2010/6/4
f 2011/6/4 2012/6/4 2013/6/4
f 2013/6/4 2012/6/4 2014/6/4
f 2015/5/4 2016/5/4 2018/5/4
f 2016/5/4 2017/5/4 2018/5/4
f 2018/5/4 2017/5/4 2019/5/4
f 2020/7/4 2021/7/4 2022/7/4
f 2022/7/4 2021/7/4 2023/7/4
f 2023/7/4 2021/7/4 2024/7/4
f 2024/7/4 2021/7/4 2025/7/4
f 2026/6/4 2027/6/4 2029/6/4
f 2029/6/4 2027/6/4 2030/6/4
f 2030/6/4 2027/6/4 2031/6/4
f 2028/6/4 2029/6/4 2033/6/4
f 2029/6/4 2030/6/4 2033/6/4
f 2033/6/4 2030/6/4 2034/6/4
f 2030/8/4 2031/8/4 2035/8/4
f 2034/6/4 2030/6/4 2035/6/4
f 2031/6/4 2032/6/4 2036/6/4
f 2035/8/4 2031/8/4 2036/8/4
f 2036/6/4 2032/6/4 2037/6/4
f 2034/6/4 2035/6/4 2038/6/4
f 2035/6/4 2036/6/4 2038/6/4
f 2038/6/4 2036/6/4 2039/6/4
f 2034/6/4 2038/6/4 2040/6/4
f 2040/6/4 2038/6/4 2041/6/4
f 2042/6/4 2043/6/4 2045/6/4
f 2044/6/4 2045/6/4 2046/6/4
f 2045/6/4 2043/6/4 2047/6/4
f 2046/6/4 2045/6/4 2047/6/4
f 2047/6/4 2043/6/4 2049/6/4
f 2048/6/4 2049/6/4 2050/6/4
f 2049/6/4 2043/6/4 2051/6/4
f 2050/6/4 2049/6/4 2051/6/4
f 2052/1/4 2053/1/4 2054/1/4
f 2054/1/4 2053/1/4 2055/1/4
f 2056/1/4 2057/1/4 2058/1/4
f 2058/1/4 2057/1/4 2059/1/4
f 2060/9/4 2061/9/4 2062/9/4
f 2062/9/4 2061/9/4 2063/9/4
f 2064/4/4 2065/4/4 2066/4/4
f 2066/4/4 2065/4/4 2067/4/4
f 2068/9/4 2069/9/4 2070/9/4
f 2070/9/4 2069/9/4 2071/9/4
f 2072/9/4 2073/9/4 2074/9/4
f 2074/9/4 2073/9/4 2075/9/4
f 2076/9/4 2077/9/4 2078/9/4
f 2078/9/4 2077/9/4 2079/9/4
f 2080/5/4 2081/5/4 2082/5/4
f 2082/5/4 2081/5/4 2083/5/4
f 2084/9/4 2085/9/4 2086/9/4
f 2086/9/4 2085/9/4 2087/9/4
f 2088/1/4 2089/1/4 2090/1/4
f 2090/1/4 2089/1/4 2091/1/4
f 2092/5/4 2093/5/4 2094/5/4
f 2094/5/4 2093/5/4 2095/5/4
f 2096/1/4 2097/1/4 2098/1/4
f 2098/1/4 2097/1/4 2099/1/4
f 2100/4/4 2101/4/4 2102/4/4
f 2102/4/4 2101/4/4 2103/4/4
f 2104/1/4 2105/1/4 2106/1/4
f 2106/1/4 2105/1/4 2107/1/4
f 2104/1/4 2106/1/4 2108/1/4
f 2104/1/4 2108/1/4 2110/1/4
f 2108/1/4 2109/1/4 2110/1/4
f 2110/1/4 2109/1/4 2111/1/4
f 2112/10/4 2113/10/4 2114/10/4
f 2114/10/4 2113/10/4 2115/10/4
f 2116/10/4 2117/10/4 2118/10/4
f 2118/10/4 2117/10/4 2119/10/4
f 2120/4/4 2121/4/4 2122/4/4
f 2122/4/4 2121/4/4 2123/4/4
f 2124/4/4 2125/4/4 2126/4/4
f 2126/4/4 2125/4/4 2127/4/4
f 2128/3/4 2129/3/4 2130/3/4
f 2130/3/4 2129/3/4 2131/3/4
f 2134/1/4 2135/1/4 2138/1/4
f 2138/1/4 2135/1/4 2139/1/4
f 2136/4/4 2137/4/4 2140/4/4
f 2140/4/4 2137/4/4 2141/4/4
f 2132/1/4 2133/1/4 2144/1/4
f 2144/1/4 2133/1/4 2145/1/4
f 2142/1/4 2143/1/4 2146/1/4
f 2146/1/4 2143/1/4 2147/1/4
f 2148/4/4 2149/4/4 2150/4/4
f 2150/4/4 2149/4/4 2151/4/4
f 2152/10/4 2153/10/4 2154/10/4
f 2154/10/4 2153/10/4 2155/10/4
f 2156/10/4 2157/10/4 2158/10/4
f 2158/10/4 2157/10/4 2159/10/4
f 2160/4/4 2161/4/4 2162/4/4
f 2162/4/4 2161/4/4 2163/4/4
f 2164/9/4 2165/9/4 2166/9/4
f 2166/9/4 2165/9/4 2167/9/4
f 2167/9/4 2165/9/4 2168/9/4
f 2168/9/4 2169/9/4 2170/9/4
f 2167/9/4 2168/9/4 2170/9/4
f 2170/9/4 2169/9/4 2171/9/4
f 2167/9/4 2170/9/4 2172/9/4
f 2172/9/4 2173/9/4 2177/9/4
f 2167/9/4 2172/9/4 2177/9/4
f 2177/9/4 2173/9/4 2178/9/4
f 2178/9/4 2173/9/4 2179/9/4
f 2174/4/4 2175/4/4 2180/4/4
f 2180/4/4 2175/4/4 2181/4/4
f 2176/9/4 2177/9/4 2184/9/4
f 2177/9/4 2178/9/4 2184/9/4
f 2184/9/4 2178/9/4 2185/9/4
f 2182/3/4 2183/3/4 2186/3/4
f 2186/3/4 2183/3/4 2187/3/4
f 2188/4/4 2189/4/4 2190/4/4
f 2190/4/4 2189/4/4 2191/4/4
f 2192/1/4 2193/1/4 2194/1/4
f 2194/1/4 2193/1/4 2195/1/4
f 2195/1/4 2193/1/4 2197/1/4
f 2196/1/4 2197/1/4 2198/1/4
f 2197/1/4 2193/1/4 2199/1/4
f 2198/1/4 2197/1/4 2199/1/4
f 2200/10/4 2201/10/4 2202/10/4
f 2202/10/4 2201/10/4 2203/10/4
f 2204/10/4 2205/10/4 2206/10/4
f 2206/10/4 2205/10/4 2207/10/4
f 2208/7/4 2209/7/4 2210/7/4
f 2210/7/4 2209/7/4 2211/7/4
f 2212/4/4 2213/4/4 2214/4/4
f 2214/4/4 2213/4/4 2215/4/4
f 2215/4/4 2216/4/4 2217/4/4
f 2217/4/4 2216/4/4 2218/4/4
f 2219/3/4 2220/3/4 2221/3/4
f 2221/3/4 2220/3/4 2222/3/4
f 2223/1/4 2224/1/4 2225/1/4
f 2225/1/4 2224/1/4 2226/1/4
f 2227/4/4 2228/4/4 2229/4/4
f 2229/4/4 2228/4/4 2230/4/4
f 2231/10/4 2232/10/4 2233/10/4
f 2233/10/4 2232/10/4 2234/10/4
f 2235/4/4 2236/4/4 2237/4/4
f 2237/4/4 2236/4/4 2238/4/4
f 2239/3/4 2240/3/4 2241/3/4
f 2241/3/4 2240/3/4 2242/3/4
f 2243/4/4 2244/4/4 2246/4/4
f 2246/4/4 2244/4/4 2247/4/4
f 2245/4/4 2246/4/4 2248/4/4
f 2248/4/4 2246/4/4 2249/4/4
f 2250/4/4 2251/4/4 2252/4/4
f 2252/4/4 2251/4/4 2253/4/4
f 2254/4/4 2255/4/4 2256/4/4
f 2256/4/4 2255/4/4 2257/4/4
f 2258/4/4 2259/4/4 2260/4/4
f 2260/4/4 2259/4/4 2261/4/4
f 2262/4/4 2263/4/4 2264/4/4
f 2264/4/4 2263/4/4 2265/4/4
f 2266/7/4 2267/7/4 2270/7/4
f 2270/7/4 2267/7/4 2271/7/4
f 2268/4/4 2269/4/4 2272/4/4
f 2272/4/4 2269/4/4 2273/4/4
f 2274/4/4 2275/4/4 2276/4/4
f 2276/4/4 2275/4/4 2277/4/4
f 2278/4/4 2279/4/4 2280/4/4
f 2280/4/4 2279/4/4 2281/4/4
f 2282/3/4 2283/3/4 2284/3/4
f 2284/3/4 2283/3/4 2285/3/4
f 2286/4/4 2287/4/4 2288/4/4
f 2288/4/4 2287/4/4 2289/4/4
f 2290/4/4 2291/4/4 2292/4/4
f 2292/4/4 2291/4/4 2293/4/4
f 2294/4/4 2295/4/4 2296/4/4
f 2296/4/4 2295/4/4 2297/4/4
f 2298/3/4 2299/3/4 2300/3/4
f 2300/3/4 2299/3/4 2301/3/4
f 2302/4/4 2303/4/4 2304/4/4
f 2304/4/4 2303/4/4 2305/4/4
f 2306/4/4 2307/4/4 2308/4/4
f 2308/4/4 2307/4/4 2309/4/4
f 2309/4/4 2310/4/4 2311/4/4
f 2311/4/4 2310/4/4 2312/4/4
f 2313/4/4 2314/4/4 2315/4/4
f 2315/4/4 2314/4/4 2316/4/4
f 2317/4/4 2318/4/4 2319/4/4
f 2319/4/4 2318/4/4 2320/4/4
f 2321/4/4 2322/4/4 2324/4/4
f 2324/4/4 2322/4/4 2325/4/4
f 2323/4/4 2324/4/4 2326/4/4
f 2326/4/4 2324/4/4 2327/4/4
f 2328/4/4 2329/4/4 2330/4/4
f 2330/4/4 2329/4/4 2331/4/4
f 2332/4/4 2333/4/4 2334/4/4
f 2334/4/4 2333/4/4 2335/4/4
f 2336/3/4 2337/3/4 2340/3/4
f 2340/3/4 2337/3/4 2341/3/4
f 2338/4/4 2339/4/4 2342/4/4
f 2342/4/4 2339/4/4 2343/4/4
f 2344/4/4 2345/4/4 2346/4/4
f 2346/4/4 2345/4/4 2347/4/4
f 2348/2/4 2349/2/4 2350/2/4
f 2350/2/4 2349/2/4 2351/2/4
f 2352/2/4 2353/2/4 2354/2/4
f 2354/2/4 2353/2/4 2355/2/4
f 2356/4/4 2357/4/4 2358/4/4
f 2358/4/4 2357/4/4 2359/4/4
f 2360/3/4 2361/3/4 2362/3/4
f 2362/3/4 2361/3/4 2363/3/4
f 2364/4/4 2365/4/4 2366/4/4
f 2366/4/4 2365/4/4 2367/4/4
f 2368/4/4 2369/4/4 2370/4/4
f 2370/4/4 2369/4/4 2371/4/4
f 2372/4/4 2373/4/4 2374/4/4
f 2374/4/4 2373/4/4 2375/4/4
f 2376/4/4 2377/4/4 2378/4/4
f 2378/4/4 2377/4/4 2379/4/4
f 2380/3/4 2381/3/4 2382/3/4
f 2382/3/4 2381/3/4 2383/3/4
f 2384/4/4 2385/4/4 2386/4/4
f 2386/4/4 2385/4/4 2387/4/4
f 2388/2/4 2389/2/4 2390/2/4
f 2390/2/4 2389/2/4 2391/2/4
f 2392/4/4 2393/4/4 2394/4/4
f 2394/4/4 2393/4/4 2395/4/4
f 2396/3/4 2397/3/4 2398/3/4
f 2398/3/4 2397/3/4 2399/3/4
f 2400/4/4 2401/4/4 2402/4/4
f 2402/4/4 2401/4/4 2403/4/4
f 2404/4/4 2405/4/4 2406/4/4
f 2406/4/4 2405/4/4 2407/4/4
f 2407/4/4 2408/4/4 2409/4/4
f 2409/4/4 2408/4/4 2410/4/4
f 2410/4/4 2411/4/4 2412/4/4
f 2412/4/4 2411/4/4 2413/4/4
f 2414/4/4 2415/4/4 2418/4/4
f 2418/4/4 2415/4/4 2419/4/4
f 2416/3/4 2417/3/4 2420/3/4
f 2420/3/4 2417/3/4 2421/3/4
f 2422/7/4 2423/7/4 2427/7/4
f 2426/7/4 2427/7/4 2428/7/4
f 2427/7/4 2423/7/4 2429/7/4
f 2428/7/4 2427/7/4 2429/7/4
f 2424/4/4 2425/4/4 2430/4/4
f 2430/4/4 2425/4/4 2431/4/4
f 2432/5/4 2433/5/4 2434/5/4
f 2434/5/4 2433/5/4 2435/5/4
f 2435/5/4 2433/5/4 2436/5/4
f 2439/2/4 2440/2/4 2441/2/4
f 2441/2/4 2440/2/4 2442/2/4
f 2437/4/4 2438/4/4 2443/4/4
f 2443/4/4 2438/4/4 2444/4/4
f 2445/3/4 2446/3/4 2447/3/4
f 2447/3/4 2446/3/4 2448/3/4
f 2449/4/4 2450/4/4 2451/4/4
f 2451/4/4 2450/4/4 2452/4/4
f 2453/4/4 2454/4/4 2456/4/4
f 2456/4/4 2454/4/4 2457/4/4
f 2455/4/4 2456/4/4 2459/4/4
f 2459/4/4 2456/4/4 2460/4/4
f 2458/4/4 2459/4/4 2461/4/4
f 2461/4/4 2459/4/4 2462/4/4
f 2463/4/4 2464/4/4 2465/4/4
f 2465/4/4 2464/4/4 2466/4/4
f 2467/4/4 2468/4/4 2469/4/4
f 2469/4/4 2468/4/4 2470/4/4
f 2471/4/4 2472/4/4 2475/4/4
f 2475/4/4 2472/4/4 2476/4/4
f 2473/3/4 2474/3/4 2477/3/4
f 2477/3/4 2474/3/4 2478/3/4
f 2479/2/4 2480/2/4 2483/2/4
f 2479/2/4 2483/2/4 2486/2/4
f 2483/2/4 2484/2/4 2486/2/4
f 2486/2/4 2484/2/4 2487/2/4
f 2487/2/4 2484/2/4 2488/2/4
f 2485/2/4 2486/2/4 2490/2/4
f 2486/2/4 2487/2/4 2490/2/4
f 2490/2/4 2487/2/4 2491/2/4
f 2487/8/4 2488/8/4 2492/8/4
f 2491/2/4 2487/2/4 2492/2/4
f 2488/2/4 2489/2/4 2493/2/4
f 2492/8/4 2488/8/4 2493/8/4
f 2493/2/4 2489/2/4 2494/2/4
f 2481/4/4 2482/4/4 2495/4/4
f 2495/4/4 2482/4/4 2496/4/4
f 2491/2/4 2492/2/4 2497/2/4
f 2492/2/4 2493/2/4 2497/2/4
f 2497/2/4 2493/2/4 2498/2/4
f 2499/3/4 2500/3/4 2501/3/4
f 2501/3/4 2500/3/4 2502/3/4
f 2503/4/4 2504/4/4 2505/4/4
f 2505/4/4 2504/4/4 2506/4/4
f 2507/4/4 2508/4/4 2509/4/4
f 2509/4/4 2508/4/4 2510/4/4
f 2511/4/4 2512/4/4 2513/4/4
f 2513/4/4 2512/4/4 2514/4/4
f 2515/4/4 2516/4/4 2517/4/4
f 2517/4/4 2516/4/4 2518/4/4
f 2519/4/4 2520/4/4 2521/4/4
f 2521/4/4 2520/4/4 2522/4/4
f 2523/4/4 2524/4/4 2527/4/4
f 2527/4/4 2524/4/4 2528/4/4
f 2525/3/4 2526/3/4 2529/3/4
f 2529/3/4 2526/3/4 2530/3/4
f 2531/2/4 2532/2/4 2533/2/4
f 2533/2/4 2532/2/4 2534/2/4
f 2534/2/4 2532/2/4 2536/2/4
f 2535/2/4 2536/2/4 2537/2/4
f 2536/2/4 2532/2/4 2538/2/4
f 2537/2/4 2536/2/4 2538/2/4
f 2538/2/4 2532/2/4 2539/2/4
f 2539/2/4 2532/2/4 2540/2/4
f 2541/3/4 2542/3/4 2543/3/4
f 2543/3/4 2542/3/4 2544/3/4
f 2545/4/4 2546/4/4 2547/4/4
f 2547/4/4 2546/4/4 2548/4/4
f 2549/4/4 2550/4/4 2551/4/4
f 2551/4/4 2550/4/4 2552/4/4
f 2553/4/4 2554/4/4 2555/4/4
f 2555/4/4 2554/4/4 2556/4/4
f 2557/4/4 2558/4/4 2559/4/4
f 2559/4/4 2558/4/4 2560/4/4
f 2561/4/4 2562/4/4 2563/4/4
f 2563/4/4 2562/4/4 2564/4/4
f 2565/4/4 2566/4/4 2569/4/4
f 2569/4/4 2566/4/4 2570/4/4
f 2567/3/4 2568/3/4 2571/3/4
f 2571/3/4 2568/3/4 2572/3/4
f 2573/4/4 2574/4/4 2575/4/4
f 2575/4/4 2574/4/4 2576/4/4
f 2577/4/4 2578/4/4 2579/4/4
f 2579/4/4 2578/4/4 2580/4/4
f 2581/4/4 2582/4/4 2583/4/4
f 2583/4/4 2582/4/4 2584/4/4
f 2585/4/4 2586/4/4 2587/4/4
f 2587/4/4 2586/4/4 2588/4/4
f 2588/4/4 2586/4/4 2589/4/4
f 2589/4/4 2586/4/4 2590/4/4
f 2590/4/4 2591/4/4 2592/4/4
f 2592/4/4 2591/4/4 2593/4/4
f 2594/4/4 2595/4/4 2596/4/4
f 2596/4/4 2595/4/4 2597/4/4
f 2598/4/4 2599/4/4 2601/4/4
f 2601/4/4 2599/4/4 2602/4/4
f 2600/4/4 2601/4/4 2604/4/4
f 2603/4/4 2604/4/4 2605/4/4
f 2604/4/4 2601/4/4 2606/4/4
f 2605/4/4 2604/4/4 2606/4/4
f 2607/4/4 2608/4/4 2609/4/4
f 2609/4/4 2608/4/4 2610/4/4
f 2610/4/4 2611/4/4 2612/4/4
f 2612/4/4 2611/4/4 2613/4/4
f 2614/4/4 2615/4/4 2616/4/4
f 2616/4/4 2615/4/4 2617/4/4
f 2618/4/4 2619/4/4 2620/4/4
f 2620/4/4 2619/4/4 2621/4/4
f 2622/4/4 2623/4/4 2625/4/4
f 2625/4/4 2623/4/4 2626/4/4
f 2624/4/4 2625/4/4 2627/4/4
f 2627/4/4 2625/4/4 2628/4/4
f 2629/4/4 2630/4/4 2631/4/4
f 2629/4/4 2631/4/4 2633/4/4
f 2631/4/4 2632/4/4 2633/4/4
f 2633/4/4 2632/4/4 2634/4/4
f 2634/4/4 2632/4/4 2635/4/4
f 2635/4/4 2632/4/4 2636/4/4
f 2637/4/4 2638/4/4 2639/4/4
f 2639/4/4 2638/4/4 2640/4/4
f 2641/4/4 2642/4/4 2644/4/4
f 2644/4/4 2642/4/4 2645/4/4
f 2643/4/4 2644/4/4 2645/4/4
f 2645/4/4 2642/4/4 2646/4/4
f 2643/4/4 2645/4/4 2647/4/4
f 2647/4/4 2645/4/4 2648/4/4
f 2649/4/4 2650/4/4 2651/4/4
f 2649/4/4 2651/4/4 2653/4/4
f 2651/4/4 2652/4/4 2653/4/4
f 2653/4/4 2652/4/4 2654/4/4
f 2654/4/4 2652/4/4 2656/4/4
f 2656/4/4 2652/4/4 2657/4/4
f 2655/4/4 2656/4/4 2657/4/4
f 2657/4/4 2652/4/4 2658/4/4
f 2655/4/4 2657/4/4 2659/4/4
f 2659/4/4 2657/4/4 2660/4/4
f 2661/4/4 2662/4/4 2663/4/4
f 2663/4/4 2662/4/4 2664/4/4
f 2668/3/5 2666/3/5 2665/3/5
f 2669/3/5 2666/3/5 2668/3/5
f 2672/3/5 2668/3/5 2667/3/5
f 2672/3/5 2670/3/5 2669/3/5
f 2672/3/5 2669/3/5 2668/3/5
f 2673/3/5 2670/3/5 2672/3/5
f 2676/3/5 2672/3/5 2671/3/5
f 2676/3/5 2674/3/5 2673/3/5
f 2676/3/5 2673/3/5 2672/3/5
f 2677/3/5 2674/3/5 2676/3/5
f 2680/3/5 2676/3/5 2675/3/5
f 2680/3/5 2678/3/5 2677/3/5
f 2680/3/5 2677/3/5 2676/3/5
f 2681/3/5 2678/3/5 2680/3/5
f 2684/3/5 2680/3/5 2679/3/5
f 2684/3/5 2682/3/5 2681/3/5
f 2684/3/5 2681/3/5 2680/3/5
f 2685/3/5 2682/3/5 2684/3/5
f 2688/3/5 2684/3/5 2683/3/5
f 2688/3/5 2686/3/5 2685/3/5
f 2688/3/5 2685/3/5 2684/3/5
f 2689/3/5 2686/3/5 2688/3/5
f 2692/3/5 2688/3/5 2687/3/5
f 2692/3/5 2690/3/5 2689/3/5
f 2692/3/5 2689/3/5 2688/3/5
f 2693/3/5 2690/3/5 2692/3/5
f 2696/3/5 2692/3/5 2691/3/5
f 2696/3/5 2694/3/5 2693/3/5
f 2696/3/5 2693/3/5 2692/3/5
f 2697/3/5 2694/3/5 2696/3/5
f 2699/3/5 2696/3/5 2695/3/5
f 2699/3/5 2698/3/5 2697/3/5
f 2699/3/5 2697/3/5 2696/3/5
f 2700/3/5 2698/3/5 2699/3/5
f 2701/3/5 2698/3/5 2700/3/5
f 2702/3/5 2698/3/5 2701/3/5
f 2703/3/5 2701/3/5 2700/3/5
f 2704/3/5 2701/3/5 2703/3/5
f 2705/3/5 2701/3/5 2704/3/5
f 2706/3/5 2701/3/5 2705/3/5
f 2707/3/5 2705/3/5 2704/3/5
f 2708/3/5 2705/3/5 2707/3/5
f 2709/3/5 2705/3/5 2708/3/5
f 2710/3/5 2705/3/5 2709/3/5
f 2711/3/5 2709/3/5 2708/3/5
f 2712/3/5 2709/3/5 2711/3/5
f 2713/3/5 2709/3/5 2712/3/5
f 2714/3/5 2709/3/5 2713/3/5
f 2715/3/5 2713/3/5 2712/3/5
f 2716/3/5 2713/3/5 2715/3/5
f 2717/3/5 2713/3/5 2716/3/5
f 2718/3/5 2713/3/5 2717/3/5
f 2719/3/5 2717/3/5 2716/3/5
f 2720/3/5 2717/3/5 2719/3/5
f 2721/3/5 2717/3/5 2720/3/5
f 2722/3/5 2717/3/5 2721/3/5
f 2723/3/5 2721/3/5 2720/3/5
f 2724/3/5 2721/3/5 2723/3/5
f 2725/3/5 2721/3/5 2724/3/5
f 2726/3/5 2721/3/5 2725/3/5
f 2727/3/5 2725/3/5 2724/3/5
f 2728/3/5 2725/3/5 2727/3/5
f 2729/3/5 2725/3/5 2728/3/5
f 2730/3/5 2725/3/5 2729/3/5
f 2731/3/5 2729/3/5 2728/3/5
f 2732/3/5 2729/3/5 2731/3/5
f 2737/6/5 2734/6/5 2733/6/5
f 2738/6/5 2734/6/5 2737/6/5
f 2739/6/5 2736/6/5 2735/6/5
f 2740/6/5 2736/6/5 2739/6/5
f 2745/6/5 2742/6/5 2741/6/5
f 2746/6/5 2742/6/5 2745/6/5
f 2747/6/5 2744/6/5 2743/6/5
f 2748/6/5 2744/6/5 2747/6/5
f 2752/10/5 2750/10/5 2749/10/5
f 2753/10/5 2750/10/5 2752/10/5
f 2760/10/5 2752/10/5 2751/10/5
f 2760/10/5 2753/10/5 2752/10/5
f 2760/10/5 2754/10/5 2753/10/5
f 2761/10/5 2754/10/5 2760/10/5
f 2763/1/5 2756/1/5 2755/1/5
f 2764/1/5 2756/1/5 2763/1/5
f 2765/1/5 2758/1/5 2757/1/5
f 2766/1/5 2758/1/5 2765/1/5
f 2768/10/5 2762/10/5 2761/10/5
f 2768/10/5 2760/10/5 2759/10/5
f 2768/10/5 2761/10/5 2760/10/5
f 2769/10/5 2762/10/5 2768/10/5
f 2775/9/5 2772/9/5 2771/9/5
f 2776/9/5 2772/9/5 2775/9/5
f 2777/9/5 2774/9/5 2773/9/5
f 2778/9/5 2774/9/5 2777/9/5
f 2783/1/5 2780/1/5 2779/1/5
f 2784/1/5 2780/1/5 2783/1/5
f 2785/1/5 2782/1/5 2781/1/5
f 2786/1/5 2782/1/5 2785/1/5
f 2787/10/5 2769/10/5 2768/10/5
f 2787/10/5 2768/10/5 2767/10/5
f 2787/10/5 2770/10/5 2769/10/5
f 2788/10/5 2770/10/5 2787/10/5
f 2789/10/5 2770/10/5 2788/10/5
f 2790/10/5 2770/10/5 2789/10/5
f 2795/10/5 2789/10/5 2788/10/5
f 2796/10/5 2789/10/5 2795/10/5
f 2797/10/5 2789/10/5 2796/10/5
f 2798/10/5 2789/10/5 2797/10/5
f 2799/9/5 2792/9/5 2791/9/5
f 2800/9/5 2792/9/5 2799/9/5
f 2801/9/5 2794/9/5 2793/9/5
f 2802/9/5 2794/9/5 2801/9/5
f 2803/10/5 2797/10/5 2796/10/5
f 2804/10/5 2797/10/5 2803/10/5
f 2805/10/5 2797/10/5 2804/10/5
f 2806/10/5 2797/10/5 2805/10/5
f 2807/10/5 2805/10/5 2804/10/5
f 2808/10/5 2805/10/5 2807/10/5
f 2813/2/5 2810/2/5 2809/2/5
f 2814/2/5 2810/2/5 2813/2/5
f 2815/2/5 2812/2/5 2811/2/5
f 2816/2/5 2812/2/5 2815/2/5
f 2821/2/5 2818/2/5 2817/2/5
f 2822/2/5 2818/2/5 2821/2/5
f 2823/2/5 2820/2/5 2819/2/5
f 2824/2/5 2820/2/5 2823/2/5
f 2829/6/5 2826/6/5 2825/6/5
f 2830/6/5 2828/6/5 2827/6/5
f 2831/6/5 2828/6/5 2830/6/5
f 2833/6/5 2829/6/5 2825/6/5
f 2833/6/5 2832/6/5 2831/6/5
f 2833/6/5 2831/6/5 2830/6/5
f 2833/6/5 2830/6/5 2829/6/5
f 2834/6/5 2832/6/5 2833/6/5
f 2835/6/5 2832/6/5 2834/6/5
f 2836/6/5 2832/6/5 2835/6/5
f 2837/6/5 2833/6/5 2825/6/5
f 2838/6/5 2833/6/5 2837/6/5
f 2839/6/5 2835/6/5 2834/6/5
f 2840/6/5 2835/6/5 2839/6/5
f 2844/1/5 2842/1/5 2841/1/5
f 2845/1/5 2842/1/5 2844/1/5
f 2849/9/5 2848/9/5 2847/9/5
f 2850/9/5 2848/9/5 2849/9/5
f 2851/9/5 2848/9/5 2850/9/5
f 2852/9/5 2848/9/5 2851/9/5
f 2854/9/5 2851/9/5 2850/9/5
f 2855/9/5 2851/9/5 2854/9/5
f 2857/1/5 2846/1/5 2845/1/5
f 2857/1/5 2845/1/5 2844/1/5
f 2857/1/5 2844/1/5 2843/1/5
f 2858/1/5 2846/1/5 2857/1/5
f 2859/1/5 2846/1/5 2858/1/5
f 2860/1/5 2846/1/5 2859/1/5
f 2862/1/5 2859/1/5 2858/1/5
f 2863/1/5 2859/1/5 2862/1/5
f 2865/1/5 2862/1/5 2861/1/5
f 2865/1/5 2864/1/5 2863/1/5
f 2865/1/5 2863/1/5 2862/1/5
f 2866/1/5 2864/1/5 2865/1/5
f 2867/9/5 2856/9/5 2855/9/5
f 2867/9/5 2855/9/5 2854/9/5
f 2867/9/5 2854/9/5 2853/9/5
f 2868/9/5 2856/9/5 2867/9/5
f 2869/9/5 2856/9/5 2868/9/5
f 2870/9/5 2856/9/5 2869/9/5
f 2871/9/5 2869/9/5 2868/9/5
f 2872/9/5 2869/9/5 2871/9/5
f 2878/2/5 2874/2/5 2873/2/5
f 2879/2/5 2874/2/5 2878/2/5
f 2880/2/5 2876/2/5 2875/2/5
f 2881/2/5 2879/2/5 2878/2/5
f 2881/2/5 2880/2/5 2879/2/5
f 2881/2/5 2878/2/5 2877/2/5
f 2882/2/5 2880/2/5 2881/2/5
f 2883/2/5 2880/2/5 2882/2/5
f 2884/2/5 2876/2/5 2880/2/5
f 2884/2/5 2880/2/5 2883/2/5
f 2885/2/5 2883/2/5 2882/2/5
f 2886/2/5 2883/2/5 2885/2/5
f 2887/2/5 2876/2/5 2884/2/5
f 2888/2/5 2876/2/5 2887/2/5
f 2893/7/5 2892/7/5 2891/7/5
f 2894/7/5 2892/7/5 2893/7/5
f 2895/6/5 2890/6/5 2889/6/5
f 2896/6/5 2890/6/5 2895/6/5
f 2899/7/5 2898/7/5 2897/7/5
f 2900/7/5 2898/7/5 2899/7/5
f 2903/9/5 2902/9/5 2901/9/5
f 2904/9/5 2902/9/5 2903/9/5
f 2907/1/5 2906/1/5 2905/1/5
f 2908/1/5 2906/1/5 2907/1/5
f 2911/7/5 2910/7/5 2909/7/5
f 2912/7/5 2910/7/5 2911/7/5
f 2917/7/5 2916/7/5 2915/7/5
f 2918/7/5 2916/7/5 2917/7/5
f 2919/2/5 2914/2/5 2913/2/5
f 2920/2/5 2914/2/5 2919/2/5
f 2923/7/5 2922/7/5 2921/7/5
f 2924/7/5 2922/7/5 2923/7/5
f 2927/7/5 2926/7/5 2925/7/5
f 2928/7/5 2926/7/5 2927/7/5
f 2931/7/5 2930/7/5 2929/7/5
f 2932/7/5 2930/7/5 2931/7/5
f 2935/7/5 2934/7/5 2933/7/5
f 2936/7/5 2934/7/5 2935/7/5
f 2940/6/5 2938/6/5 2937/6/5
f 2941/6/5 2940/6/5 2939/6/5
f 2942/6/5 2938/6/5 2940/6/5
f 2942/6/5 2940/6/5 2941/6/5
f 2943/6/5 2938/6/5 2942/6/5
f 2944/6/5 2938/6/5 2943/6/5
f 2948/9/5 2946/9/5 2945/9/5
f 2949/9/5 2946/9/5 2948/9/5
f 2951/9/5 2948/9/5 2947/9/5
f 2951/9/5 2950/9/5 2949/9/5
f 2951/9/5 2949/9/5 2948/9/5
f 2952/9/5 2950/9/5 2951/9/5
f 2955/1/5 2954/1/5 2953/1/5
f 2956/1/5 2954/1/5 2955/1/5
f 2957/1/5 2954/1/5 2956/1/5
f 2958/1/5 2954/1/5 2957/1/5
f 2959/1/5 2957/1/5 2956/1/5
f 2960/1/5 2957/1/5 2959/1/5
f 2963/2/5 2962/2/5 2961/2/5
f 2965/2/5 2963/2/5 2961/2/5
f 2965/2/5 2964/2/5 2963/2/5
f 2966/2/5 2964/2/5 2965/2/5
f 2967/2/5 2965/2/5 2961/2/5
f 2968/2/5 2965/2/5 2967/2/5
f 2972/4/5 2970/4/5 2969/4/5
f 2973/4/5 2970/4/5 2972/4/5
f 2976/4/5 2972/4/5 2971/4/5
f 2976/4/5 2974/4/5 2973/4/5
f 2976/4/5 2973/4/5 2972/4/5
f 2977/4/5 2974/4/5 2976/4/5
f 2980/4/5 2976/4/5 2975/4/5
f 2980/4/5 2978/4/5 2977/4/5
f 2980/4/5 2977/4/5 2976/4/5
f 2981/4/5 2978/4/5 2980/4/5
f 2984/4/5 2980/4/5 2979/4/5
f 2984/4/5 2982/4/5 2981/4/5
f 2984/4/5 2981/4/5 2980/4/5
f 2985/4/5 2982/4/5 2984/4/5
f 2988/4/5 2984/4/5 2983/4/5
f 2988/4/5 2986/4/5 2985/4/5
f 2988/4/5 2985/4/5 2984/4/5
f 2989/4/5 2986/4/5 2988/4/5
f 2992/4/5 2988/4/5 2987/4/5
f 2992/4/5 2990/4/5 2989/4/5
f 2992/4/5 2989/4/5 2988/4/5
f 2993/4/5 2990/4/5 2992/4/5
f 2996/4/5 2992/4/5 2991/4/5
f 2996/4/5 2994/4/5 2993/4/5
f 2996/4/5 2993/4/5 2992/4/5
f 2997/4/5 2994/4/5 2996/4/5
f 3000/4/5 2996/4/5 2995/4/5
f 3000/4/5 2998/4/5 2997/4/5
f 3000/4/5 2997/4/5 2996/4/5
f 3001/4/5 2998/4/5 3000/4/5
f 3002/4/5 2998/4/5 3001/4/5
f 3003/4/5 2998/4/5 3002/4/5
f 3005/4/5 3000/4/5 2999/4/5
f 3005/4/5 3001/4/5 3000/4/5
f 3006/4/5 3004/4/5 3003/4/5
f 3006/4/5 3003/4/5 3002/4/5
f 3008/4/5 3005/4/5 2999/4/5
f 3008/4/5 3006/4/5 3005/4/5
f 3009/4/5 3004/4/5 3006/4/5
f 3009/4/5 3006/4/5 3008/4/5
f 3012/4/5 3008/4/5 3007/4/5
f 3012/4/5 3010/4/5 3009/4/5
f 3012/4/5 3009/4/5 3008/4/5
f 3013/4/5 3010/4/5 3012/4/5
f 3015/4/5 3012/4/5 3011/4/5
f 3015/4/5 3014/4/5 3013/4/5
f 3015/4/5 3013/4/5 3012/4/5
f 3016/4/5 3014/4/5 3015/4/5
f 3018/4/5 3015/4/5 3011/4/5
f 3019/4/5 3015/4/5 3018/4/5
f 3020/4/5 3015/4/5 3019/4/5
f 3021/4/5 3014/4/5 3016/4/5
f 3022/4/5 3014/4/5 3021/4/5
f 3023/4/5 3014/4/5 3022/4/5
f 3025/4/5 3018/4/5 3017/4/5
f 3025/4/5 3019/4/5 3018/4/5
f 3026/4/5 3019/4/5 3025/4/5
f 3027/4/5 3024/4/5 3023/4/5
f 3027/4/5 3023/4/5 3022/4/5
f 3028/4/5 3024/4/5 3027/4/5
f 3029/4/5 3025/4/5 3017/4/5
f 3030/4/5 3025/4/5 3029/4/5
f 3031/4/5 3024/4/5 3028/4/5
f 3032/4/5 3024/4/5 3031/4/5
f 3033/4/5 3024/4/5 3032/4/5
f 3034/4/5 3024/4/5 3033/4/5
f 3035/4/5 3033/4/5 3032/4/5
f 3036/4/5 3024/4/5 3034/4/5
f 3037/4/5 3029/4/5 3017/4/5
f 3038/4/5 3029/4/5 3037/4/5
f 3039/4/5 3037/4/5 3017/4/5
f 3040/4/5 3029/4/5 3038/4/5
f 3041/4/5 3029/4/5 3040/4/5
f 3041/4/5 3040/4/5 3039/4/5
f 3044/4/5 3036/4/5 3035/4/5
f 3044/4/5 3035/4/5 3032/4/5
f 3045/4/5 3042/4/5 3041/4/5
f 3045/4/5 3041/4/5 3039/4/5
f 3045/4/5 3039/4/5 3017/4/5
f 3046/4/5 3042/4/5 3045/4/5
f 3047/4/5 3042/4/5 3046/4/5
f 3050/4/5 3044/4/5 3043/4/5
f 3051/4/5 3036/4/5 3044/4/5
f 3051/4/5 3024/4/5 3036/4/5
f 3051/4/5 3044/4/5 3050/4/5
f 3052/4/5 3024/4/5 3051/4/5
f 3053/4/5 3048/4/5 3047/4/5
f 3053/4/5 3047/4/5 3046/4/5
f 3056/4/5 3050/4/5 3049/4/5
f 3056/4/5 3051/4/5 3050/4/5
f 3057/4/5 3054/4/5 3053/4/5
f 3058/4/5 3056/4/5 3055/4/5
f 3059/4/5 3057/4/5 3053/4/5
f 3059/4/5 3058/4/5 3057/4/5
f 3059/4/5 3053/4/5 3046/4/5
f 3060/4/5 3058/4/5 3059/4/5
f 3061/4/5 3056/4/5 3058/4/5
f 3061/4/5 3058/4/5 3060/4/5
f 3061/4/5 3051/4/5 3056/4/5
f 3062/4/5 3051/4/5 3061/4/5
f 3063/4/5 3061/4/5 3060/4/5
f 3064/4/5 3061/4/5 3063/4/5
f 3065/4/5 3061/4/5 3064/4/5
f 3066/4/5 3061/4/5 3065/4/5
f 3067/4/5 3065/4/5 3064/4/5
f 3068/4/5 3065/4/5 3067/4/5
f 3069/4/5 3067/4/5 3064/4/5
f 3070/4/5 3067/4/5 3069/4/5
f 3071/4/5 3067/4/5 3070/4/5
f 3072/4/5 3065/4/5 3068/4/5
f 3073/4/5 3065/4/5 3072/4/5
f 3074/4/5 3065/4/5 3073/4/5
f 3075/4/5 3071/4/5 3070/4/5
f 3075/4/5 3073/4/5 3072/4/5
f 3075/4/5 3072/4/5 3071/4/5
f 3076/4/5 3073/4/5 3075/4/5
f 3077/4/5 3073/4/5 3076/4/5
f 3078/4/5 3073/4/5 3077/4/5
f 3079/4/5 3077/4/5 3076/4/5
f 3080/4/5 3077/4/5 3079/4/5
f 3081/4/5 3077/4/5 3080/4/5
f 3082/4/5 3077/4/5 3081/4/5
f 3083/4/5 3081/4/5 3080/4/5
f 3084/4/5 3081/4/5 3083/4/5
f 3085/4/5 3081/4/5 3084/4/5
f 3086/4/5 3081/4/5 3085/4/5
f 3087/4/5 3085/4/5 3084/4/5
f 3088/4/5 3085/4/5 3087/4/5
f 3089/4/5 3085/4/5 3088/4/5
f 3090/4/5 3085/4/5 3089/4/5
f 3091/4/5 3089/4/5 3088/4/5
f 3092/4/5 3089/4/5 3091/4/5
f 3093/4/5 3089/4/5 3092/4/5
f 3094/4/5 3089/4/5 3093/4/5
f 3095/4/5 3093/4/5 3092/4/5
f 3096/4/5 3093/4/5 3095/4/5
f 3097/4/5 3093/4/5 3096/4/5
f 3098/4/5 3093/4/5 3097/4/5
f 3099/4/5 3097/4/5 3096/4/5
f 3100/4/5 3097/4/5 3099/4/5
f 3101/4/5 3097/4/5 3100/4/5
f 3102/4/5 3097/4/5 3101/4/5
f 3103/4/5 3101/4/5 3100/4/5
f 3104/4/5 3101/4/5 3103/4/5
f 3105/3/6 3106/3/6 3108/3/6
f 3108/3/6 3106/3/6 3109/3/6
f 3107/3/6 3108/3/6 3112/3/6
f 3109/3/6 3110/3/6 3112/3/6
f 3108/3/6 3109/3/6 3112/3/6
f 3112/3/6 3110/3/6 3113/3/6
f 3111/3/6 3112/3/6 3116/3/6
f 3113/3/6 3114/3/6 3116/3/6
f 3112/3/6 3113/3/6 3116/3/6
f 3116/3/6 3114/3/6 3117/3/6
f 3115/3/6 3116/3/6 3120/3/6
f 3117/3/6 3118/3/6 3120/3/6
f 3116/3/6 3117/3/6 3120/3/6
f 3120/3/6 3118/3/6 3121/3/6
f 3119/3/6 3120/3/6 3124/3/6
f 3121/3/6 3122/3/6 3124/3/6
f 3120/3/6 3121/3/6 3124/3/6
f 3124/3/6 3122/3/6 3125/3/6
f 3123/3/6 3124/3/6 3128/3/6
f 3125/3/6 3126/3/6 3128/3/6
f 3124/3/6 3125/3/6 3128/3/6
f 3128/3/6 3126/3/6 3129/3/6
f 3127/3/6 3128/3/6 3132/3/6
f 3129/3/6 3130/3/6 3132/3/6
f 3128/3/6 3129/3/6 3132/3/6
f 3132/3/6 3130/3/6 3133/3/6
f 3131/3/6 3132/3/6 3136/3/6
f 3133/3/6 3134/3/6 3136/3/6
f 3132/3/6 3133/3/6 3136/3/6
f 3136/3/6 3134/3/6 3137/3/6
f 3135/3/6 3136/3/6 3139/3/6
f 3137/3/6 3138/3/6 3139/3/6
f 3136/3/6 3137/3/6 3139/3/6
f 3139/3/6 3138/3/6 3140/3/6
f 3140/3/6 3138/3/6 3141/3/6
f 3141/3/6 3138/3/6 3142/3/6
f 3140/3/6 3141/3/6 3143/3/6
f 3143/3/6 3141/3/6 3144/3/6
f 3144/3/6 3141/3/6 3145/3/6
f 3145/3/6 3141/3/6 3146/3/6
f 3144/3/6 3145/3/6 3147/3/6
f 3147/3/6 3145/3/6 3148/3/6
f 3148/3/6 3145/3/6 3149/3/6
f 3149/3/6 3145/3/6 3150/3/6
f 3148/3/6 3149/3/6 3151/3/6
f 3151/3/6 3149/3/6 3152/3/6
f 3152/3/6 3149/3/6 3153/3/6
f 3153/3/6 3149/3/6 3154/3/6
f 3152/3/6 3153/3/6 3155/3/6
f 3155/3/6 3153/3/6 3156/3/6
f 3156/3/6 3153/3/6 3157/3/6
f 3157/3/6 3153/3/6 3158/3/6
f 3156/3/6 3157/3/6 3159/3/6
f 3159/3/6 3157/3/6 3160/3/6
f 3160/3/6 3157/3/6 3161/3/6
f 3161/3/6 3157/3/6 3162/3/6
f 3160/3/6 3161/3/6 3163/3/6
f 3163/3/6 3161/3/6 3164/3/6
f 3164/3/6 3161/3/6 3165/3/6
f 3165/3/6 3161/3/6 3166/3/6
f 3164/3/6 3165/3/6 3167/3/6
f 3167/3/6 3165/3/6 3168/3/6
f 3168/3/6 3165/3/6 3169/3/6
f 3169/3/6 3165/3/6 3170/3/6
f 3168/3/6 3169/3/6 3171/3/6
f 3171/3/6 3169/3/6 3172/3/6
f 3173/6/6 3174/6/6 3175/6/6
f 3175/6/6 3174/6/6 3176/6/6
f 3177/6/6 3178/6/6 3179/6/6
f 3179/6/6 3178/6/6 3180/6/6
f 3181/1/6 3182/1/6 3189/1/6
f 3189/1/6 3182/1/6 3190/1/6
f 3183/1/6 3184/1/6 3191/1/6
f 3191/1/6 3184/1/6 3192/1/6
f 3185/9/6 3186/9/6 3193/9/6
f 3193/9/6 3186/9/6 3194/9/6
f 3187/9/6 3188/9/6 3195/9/6
f 3195/9/6 3188/9/6 3196/9/6
f 3197/2/6 3198/2/6 3199/2/6
f 3199/2/6 3198/2/6 3200/2/6
f 3201/2/6 3202/2/6 3203/2/6
f 3203/2/6 3202/2/6 3204/2/6
f 3205/6/6 3206/6/6 3207/6/6
f 3207/6/6 3206/6/6 3208/6/6
f 3208/6/6 3206/6/6 3209/6/6
f 3208/6/6 3209/6/6 3212/6/6
f 3209/7/6 3210/7/6 3213/7/6
f 3212/6/6 3209/6/6 3213/6/6
f 3213/7/6 3210/7/6 3214/7/6
f 3211/6/6 3212/6/6 3215/6/6
f 3212/6/6 3213/6/6 3215/6/6
f 3215/6/6 3213/6/6 3216/6/6
f 3217/7/6 3218/7/6 3220/7/6
f 3220/7/6 3218/7/6 3221/7/6
f 3223/9/6 3224/9/6 3227/9/6
f 3225/9/6 3226/9/6 3228/9/6
f 3221/1/6 3222/1/6 3229/1/6
f 3220/1/6 3221/1/6 3229/1/6
f 3219/1/6 3220/1/6 3229/1/6
f 3229/1/6 3222/1/6 3230/1/6
f 3219/1/6 3229/1/6 3231/1/6
f 3231/1/6 3229/1/6 3232/1/6
f 3230/1/6 3222/1/6 3233/1/6
f 3233/1/6 3222/1/6 3234/1/6
f 3227/9/6 3228/9/6 3235/9/6
f 3223/9/6 3227/9/6 3235/9/6
f 3235/9/6 3228/9/6 3236/9/6
f 3228/9/6 3226/9/6 3237/9/6
f 3236/9/6 3228/9/6 3237/9/6
f 3237/9/6 3226/9/6 3238/9/6
f 3236/7/6 3237/7/6 3239/7/6
f 3239/7/6 3237/7/6 3240/7/6
f 3241/2/6 3242/2/6 3244/2/6
f 3244/2/6 3242/2/6 3245/2/6
f 3245/2/6 3242/2/6 3246/2/6
f 3243/7/6 3244/7/6 3247/7/6
f 3244/2/6 3245/2/6 3248/2/6
f 3247/7/6 3244/7/6 3248/7/6
f 3248/2/6 3245/2/6 3249/2/6
f 3249/2/6 3250/2/6 3251/2/6
f 3248/2/6 3249/2/6 3251/2/6
f 3251/2/6 3250/2/6 3252/2/6
f 3253/6/6 3254/6/6 3255/6/6
f 3255/6/6 3254/6/6 3256/6/6
f 3257/9/6 3258/9/6 3259/9/6
f 3259/9/6 3258/9/6 3260/9/6
f 3261/1/6 3262/1/6 3263/1/6
f 3263/1/6 3262/1/6 3264/1/6
f 3265/2/6 3266/2/6 3267/2/6
f 3267/2/6 3266/2/6 3268/2/6
f 3269/6/6 3270/6/6 3273/6/6
f 3271/6/6 3272/6/6 3274/6/6
f 3274/6/6 3272/6/6 3275/6/6
f 3269/6/6 3273/6/6 3276/6/6
f 3273/6/6 3274/6/6 3276/6/6
f 3274/6/6 3275/6/6 3276/6/6
f 3276/6/6 3275/6/6 3277/6/6
f 3277/6/6 3275/6/6 3278/6/6
f 3269/6/6 3276/6/6 3279/6/6
f 3279/6/6 3276/6/6 3280/6/6
f 3277/6/6 3278/6/6 3281/6/6
f 3281/6/6 3278/6/6 3282/6/6
f 3283/9/6 3284/9/6 3285/9/6
f 3285/9/6 3284/9/6 3286/9/6
f 3286/9/6 3284/9/6 3287/9/6
f 3287/9/6 3284/9/6 3288/9/6
f 3286/9/6 3287/9/6 3290/9/6
f 3290/9/6 3287/9/6 3291/9/6
f 3289/9/6 3290/9/6 3293/9/6
f 3291/9/6 3292/9/6 3293/9/6
f 3290/9/6 3291/9/6 3293/9/6
f 3293/9/6 3292/9/6 3294/9/6
f 3294/9/6 3292/9/6 3295/9/6
f 3295/9/6 3292/9/6 3296/9/6
f 3297/1/6 3298/1/6 3301/1/6
f 3299/1/6 3300/1/6 3301/1/6
f 3298/1/6 3299/1/6 3301/1/6
f 3301/1/6 3300/1/6 3302/1/6
f 3302/1/6 3300/1/6 3303/1/6
f 3303/1/6 3300/1/6 3304/1/6
f 3302/1/6 3303/1/6 3306/1/6
f 3306/1/6 3303/1/6 3307/1/6
f 3305/1/6 3306/1/6 3309/1/6
f 3307/1/6 3308/1/6 3309/1/6
f 3306/1/6 3307/1/6 3309/1/6
f 3309/1/6 3308/1/6 3310/1/6
f 3311/2/6 3312/2/6 3315/2/6
f 3315/2/6 3312/2/6 3316/2/6
f 3313/2/6 3314/2/6 3317/2/6
f 3315/2/6 3316/2/6 3318/2/6
f 3316/2/6 3317/2/6 3318/2/6
f 3318/2/6 3317/2/6 3319/2/6
f 3317/2/6 3314/2/6 3320/2/6
f 3319/2/6 3317/2/6 3320/2/6
f 3318/2/6 3319/2/6 3321/2/6
f 3321/2/6 3319/2/6 3322/2/6
f 3320/2/6 3314/2/6 3323/2/6
f 3323/2/6 3314/2/6 3324/2/6
f 3325/6/6 3326/6/6 3327/6/6
f 3327/6/6 3326/6/6 3328/6/6
f 3329/6/6 3330/6/6 3331/6/6
f 3331/6/6 3330/6/6 3332/6/6
f 3333/9/6 3334/9/6 3337/9/6
f 3337/9/6 3334/9/6 3338/9/6
f 3335/4/6 3336/4/6 3339/4/6
f 3339/4/6 3336/4/6 3340/4/6
f 3341/1/6 3342/1/6 3345/1/6
f 3345/1/6 3342/1/6 3346/1/6
f 3343/1/6 3344/1/6 3347/1/6
f 3347/1/6 3344/1/6 3348/1/6
f 3349/2/6 3350/2/6 3351/2/6
f 3351/2/6 3350/2/6 3352/2/6
f 3353/2/6 3354/2/6 3355/2/6
f 3355/2/6 3354/2/6 3356/2/6
f 3357/4/6 3358/4/6 3361/4/6
f 3361/4/6 3358/4/6 3362/4/6
f 3359/4/6 3360/4/6 3367/4/6
f 3367/4/6 3360/4/6 3368/4/6
f 3363/4/6 3364/4/6 3369/4/6
f 3369/4/6 3364/4/6 3370/4/6
f 3365/4/6 3366/4/6 3374/4/6
f 3374/4/6 3366/4/6 3375/4/6
f 3371/4/6 3372/4/6 3376/4/6
f 3376/4/6 3372/4/6 3377/4/6
f 3373/4/6 3374/4/6 3379/4/6
f 3379/4/6 3374/4/6 3380/4/6
f 3377/4/6 3378/4/6 3381/4/6
f 3381/4/6 3378/4/6 3382/4/6
f 3383/4/6 3384/4/6 3388/4/6
f 3388/4/6 3384/4/6 3389/4/6
f 3385/4/6 3386/4/6 3390/4/6
f 3390/4/6 3386/4/6 3391/4/6
f 3387/4/6 3388/4/6 3393/4/6
f 3393/4/6 3388/4/6 3394/4/6
f 3391/4/6 3392/4/6 3395/4/6
f 3395/4/6 3392/4/6 3396/4/6
f 3397/4/6 3398/4/6 3401/4/6
f 3401/4/6 3398/4/6 3402/4/6
f 3399/4/6 3400/4/6 3403/4/6
f 3403/4/6 3400/4/6 3404/4/6
f 3405/4/6 3406/4/6 3409/4/6
f 3409/4/6 3406/4/6 3410/4/6
f 3407/4/6 3408/4/6 3411/4/6
f 3411/4/6 3408/4/6 3412/4/6
f 3413/4/6 3414/4/6 3417/4/6
f 3417/4/6 3414/4/6 3418/4/6
f 3415/4/6 3416/4/6 3419/4/6
f 3419/4/6 3416/4/6 3420/4/6
f 3421/4/6 3422/4/6 3425/4/6
f 3425/4/6 3422/4/6 3426/4/6
f 3423/4/6 3424/4/6 3427/4/6
f 3427/4/6 3424/4/6 3428/4/6
f 3429/4/6 3430/4/6 3433/4/6
f 3433/4/6 3430/4/6 3434/4/6
f 3431/4/6 3432/4/6 3435/4/6
f 3435/4/6 3432/4/6 3436/4/6
f 3437/4/6 3438/4/6 3441/4/6
f 3441/4/6 3438/4/6 3442/4/6
f 3439/4/6 3440/4/6 3445/4/6
f 3445/4/6 3440/4/6 3446/4/6
f 3442/4/6 3443/4/6 3447/4/6
f 3447/4/6 3443/4/6 3448/4/6
f 3444/4/6 3445/4/6 3449/4/6
f 3449/4/6 3445/4/6 3450/4/6
f 3451/4/6 3452/4/6 3455/4/6
f 3455/4/6 3452/4/6 3456/4/6
f 3453/4/6 3454/4/6 3459/4/6
f 3459/4/6 3454/4/6 3460/4/6
f 3456/4/6 3457/4/6 3461/4/6
f 3461/4/6 3457/4/6 3462/4/6
f 3458/4/6 3459/4/6 3467/4/6
f 3467/4/6 3459/4/6 3468/4/6
f 3463/4/6 3464/4/6 3469/4/6
f 3469/4/6 3464/4/6 3470/4/6
f 3465/4/6 3466/4/6 3473/4/6
f 3473/4/6 3466/4/6 3474/4/6
f 3471/4/6 3472/4/6 3475/4/6
f 3475/4/6 3472/4/6 3476/4/6
f 3477/4/6 3478/4/6 3480/4/6
f 3480/4/6 3478/4/6 3481/4/6
f 3481/4/6 3478/4/6 3482/4/6
f 3482/4/6 3478/4/6 3483/4/6
f 3479/4/6 3480/4/6 3486/4/6
f 3480/4/6 3481/4/6 3486/4/6
f 3486/4/6 3481/4/6 3487/4/6
f 3487/4/6 3481/4/6 3488/4/6
f 3482/4/6 3483/4/6 3489/4/6
f 3483/4/6 3484/4/6 3489/4/6
f 3489/4/6 3484/4/6 3490/4/6
f 3490/4/6 3484/4/6 3491/4/6
f 3486/4/6 3487/4/6 3494/4/6
f 3485/4/6 3486/4/6 3494/4/6
f 3494/4/6 3487/4/6 3495/4/6
f 3491/4/6 3492/4/6 3496/4/6
f 3490/4/6 3491/4/6 3496/4/6
f 3496/4/6 3492/4/6 3497/4/6
f 3493/4/6 3494/4/6 3500/4/6
f 3500/4/6 3494/4/6 3501/4/6
f 3501/4/6 3494/4/6 3502/4/6
f 3497/4/6 3498/4/6 3503/4/6
f 3503/4/6 3498/4/6 3504/4/6
f 3504/4/6 3498/4/6 3505/4/6
f 3499/4/6 3500/4/6 3508/4/6
f 3500/4/6 3501/4/6 3508/4/6
f 3508/4/6 3501/4/6 3509/4/6
f 3509/4/6 3501/4/6 3510/4/6
f 3505/4/6 3506/4/6 3511/4/6
f 3504/4/6 3505/4/6 3511/4/6
f 3511/4/6 3506/4/6 3512/4/6
f 3512/4/6 3506/4/6 3513/4/6
f 3508/4/6 3509/4/6 3515/4/6
f 3507/4/6 3508/4/6 3515/4/6
f 3515/4/6 3509/4/6 3516/4/6
f 3513/4/6 3514/4/6 3517/4/6
f 3512/4/6 3513/4/6 3517/4/6
f 3517/4/6 3514/4/6 3518/4/6
f 3507/4/6 3515/4/6 3520/4/6
f 3520/4/6 3515/4/6 3521/4/6
f 3518/4/6 3514/4/6 3522/4/6
f 3522/4/6 3514/4/6 3523/4/6
f 3519/4/6 3520/4/6 3526/4/6
f 3523/4/6 3524/4/6 3527/4/6
f 3525/4/6 3526/4/6 3529/4/6
f 3526/4/6 3520/4/6 3529/4/6
f 3529/4/6 3520/4/6 3530/4/6
f 3527/4/6 3528/4/6 3531/4/6
f 3523/4/6 3527/4/6 3531/4/6
f 3531/4/6 3528/4/6 3532/4/6
f 3525/4/6 3529/4/6 3534/4/6
f 3534/4/6 3529/4/6 3535/4/6
f 3532/4/6 3528/4/6 3536/4/6
f 3536/4/6 3528/4/6 3537/4/6
f 3533/4/6 3534/4/6 3540/4/6
f 3540/4/6 3534/4/6 3541/4/6
f 3537/4/6 3538/4/6 3542/4/6
f 3542/4/6 3538/4/6 3543/4/6
f 3539/4/6 3540/4/6 3545/4/6
f 3545/4/6 3540/4/6 3546/4/6
f 3543/4/6 3544/4/6 3549/4/6
f 3549/4/6 3544/4/6 3550/4/6
f 3546/4/6 3547/4/6 3551/4/6
f 3551/4/6 3547/4/6 3552/4/6
f 3548/4/6 3549/4/6 3555/4/6
f 3555/4/6 3549/4/6 3556/4/6
f 3552/4/6 3553/4/6 3557/4/6
f 3554/4/6 3555/4/6 3560/4/6
f 3557/4/6 3558/4/6 3561/4/6
f 3552/4/6 3557/4/6 3561/4/6
f 3561/4/6 3558/4/6 3562/4/6
f 3559/4/6 3560/4/6 3563/4/6
f 3560/4/6 3555/4/6 3563/4/6
f 3563/4/6 3555/4/6 3564/4/6
f 3562/4/6 3558/4/6 3565/4/6
f 3565/4/6 3558/4/6 3566/4/6
f 3559/4/6 3563/4/6 3569/4/6
f 3569/4/6 3563/4/6 3570/4/6
f 3566/4/6 3567/4/6 3571/4/6
f 3568/4/6 3569/4/6 3574/4/6
f 3571/4/6 3572/4/6 3575/4/6
f 3566/4/6 3571/4/6 3575/4/6
f 3575/4/6 3572/4/6 3576/4/6
f 3576/4/6 3572/4/6 3577/4/6
f 3573/4/6 3574/4/6 3580/4/6
f 3574/4/6 3569/4/6 3581/4/6
f 3580/4/6 3574/4/6 3581/4/6
f 3581/4/6 3569/4/6 3582/4/6
f 3577/4/6 3578/4/6 3583/4/6
f 3576/4/6 3577/4/6 3583/4/6
f 3583/4/6 3578/4/6 3584/4/6
f 3584/4/6 3578/4/6 3585/4/6
f 3579/4/6 3580/4/6 3588/4/6
f 3580/4/6 3581/4/6 3588/4/6
f 3588/4/6 3581/4/6 3589/4/6
f 3589/4/6 3581/4/6 3590/4/6
f 3585/4/6 3586/4/6 3591/4/6
f 3584/4/6 3585/4/6 3591/4/6
f 3591/4/6 3586/4/6 3592/4/6
f 3588/4/6 3589/4/6 3595/4/6
f 3587/4/6 3588/4/6 3595/4/6
f 3595/4/6 3589/4/6 3596/4/6
f 3592/4/6 3593/4/6 3597/4/6
f 3597/4/6 3593/4/6 3598/4/6
f 3598/4/6 3593/4/6 3599/4/6
f 3594/4/6 3595/4/6 3602/4/6
f 3602/4/6 3595/4/6 3603/4/6
f 3603/4/6 3595/4/6 3604/4/6
f 3599/4/6 3600/4/6 3605/4/6
f 3598/4/6 3599/4/6 3605/4/6
f 3605/4/6 3600/4/6 3606/4/6
f 3606/4/6 3600/4/6 3607/4/6
f 3602/4/6 3603/4/6 3608/4/6
f 3601/4/6 3602/4/6 3608/4/6
f 3608/4/6 3603/4/6 3609/4/6
f 3609/4/6 3603/4/6 3610/4/6
f 3606/4/6 3607/4/6 3611/4/6
f 3608/4/6 3609/4/6 3611/4/6
f 3607/4/6 3608/4/6 3611/4/6
f 3611/4/6 3609/4/6 3612/4/6
f 3613/4/6 3614/4/6 3616/4/6
f 3616/4/6 3614/4/6 3617/4/6
f 3615/4/6 3616/4/6 3620/4/6
f 3617/4/6 3618/4/6 3620/4/6
f 3616/4/6 3617/4/6 3620/4/6
f 3620/4/6 3618/4/6 3621/4/6
f 3621/4/6 3618/4/6 3622/4/6
f 3622/4/6 3618/4/6 3623/4/6
f 3619/4/6 3620/4/6 3626/4/6
f 3620/4/6 3621/4/6 3626/4/6
f 3626/4/6 3621/4/6 3627/4/6
f 3627/4/6 3621/4/6 3628/4/6
f 3622/4/6 3623/4/6 3629/4/6
f 3623/4/6 3624/4/6 3629/4/6
f 3629/4/6 3624/4/6 3630/4/6
f 3630/4/6 3624/4/6 3631/4/6
f 3626/4/6 3627/4/6 3634/4/6
f 3625/4/6 3626/4/6 3634/4/6
f 3634/4/6 3627/4/6 3635/4/6
f 3635/4/6 3627/4/6 3636/4/6
f 3631/4/6 3632/4/6 3637/4/6
f 3630/4/6 3631/4/6 3637/4/6
f 3637/4/6 3632/4/6 3638/4/6
f 3638/4/6 3632/4/6 3639/4/6
f 3634/4/6 3635/4/6 3642/4/6
f 3633/4/6 3634/4/6 3642/4/6
f 3642/4/6 3635/4/6 3643/4/6
f 3643/4/6 3635/4/6 3644/4/6
f 3639/4/6 3640/4/6 3645/4/6
f 3638/4/6 3639/4/6 3645/4/6
f 3645/4/6 3640/4/6 3646/4/6
f 3646/4/6 3640/4/6 3647/4/6
f 3642/4/6 3643/4/6 3650/4/6
f 3641/4/6 3642/4/6 3650/4/6
f 3650/4/6 3643/4/6 3651/4/6
f 3651/4/6 3643/4/6 3652/4/6
f 3647/4/6 3648/4/6 3653/4/6
f 3646/4/6 3647/4/6 3653/4/6
f 3653/4/6 3648/4/6 3654/4/6
f 3654/4/6 3648/4/6 3655/4/6
f 3650/4/6 3651/4/6 3658/4/6
f 3649/4/6 3650/4/6 3658/4/6
f 3658/4/6 3651/4/6 3659/4/6
f 3659/4/6 3651/4/6 3660/4/6
f 3655/4/6 3656/4/6 3661/4/6
f 3654/4/6 3655/4/6 3661/4/6
f 3661/4/6 3656/4/6 3662/4/6
f 3662/4/6 3656/4/6 3663/4/6
f 3658/4/6 3659/4/6 3666/4/6
f 3657/4/6 3658/4/6 3666/4/6
f 3666/4/6 3659/4/6 3667/4/6
f 3667/4/6 3659/4/6 3668/4/6
f 3663/4/6 3664/4/6 3669/4/6
f 3662/4/6 3663/4/6 3669/4/6
f 3669/4/6 3664/4/6 3670/4/6
f 3670/4/6 3664/4/6 3671/4/6
f 3666/4/6 3667/4/6 3673/4/6
f 3665/4/6 3666/4/6 3673/4/6
f 3673/4/6 3667/4/6 3674/4/6
f 3671/4/6 3672/4/6 3675/4/6
f 3670/4/6 3671/4/6 3675/4/6
f 3675/4/6 3672/4/6 3676/4/6
f 3665/4/6 3673/4/6 3678/4/6
f 3676/4/6 3672/4/6 3679/4/6
f 3677/4/6 3678/4/6 3681/4/6
f 3678/4/6 3673/4/6 3681/4/6
f 3681/4/6 3673/4/6 3682/4/6
f 3679/4/6 3680/4/6 3683/4/6
f 3676/4/6 3679/4/6 3683/4/6
f 3683/4/6 3680/4/6 3684/4/6
f 3677/4/6 3681/4/6 3685/4/6
f 3684/4/6 3680/4/6 3688/4/6
f 3685/4/6 3686/4/6 3689/4/6
f 3677/4/6 3685/4/6 3689/4/6
f 3689/4/6 3686/4/6 3690/4/6
f 3687/4/6 3688/4/6 3691/4/6
f 3688/4/6 3680/4/6 3691/4/6
f 3691/4/6 3680/4/6 3692/4/6
f 3690/4/6 3686/4/6 3693/4/6
f 3687/4/6 3691/4/6 3696/4/6
f 3693/4/6 3694/4/6 3697/4/6
f 3690/4/6 3693/4/6 3697/4/6
f 3697/4/6 3694/4/6 3698/4/6
f 3698/4/6 3694/4/6 3699/4/6
f 3695/4/6 3696/4/6 3702/4/6
f 3696/4/6 3691/4/6 3703/4/6
f 3702/4/6 3696/4/6 3703/4/6
f 3703/4/6 3691/4/6 3704/4/6
f 3699/4/6 3700/4/6 3705/4/6
f 3698/4/6 3699/4/6 3705/4/6
f 3705/4/6 3700/4/6 3706/4/6
f 3706/4/6 3700/4/6 3707/4/6
f 3701/4/6 3702/4/6 3710/4/6
f 3702/4/6 3703/4/6 3710/4/6
f 3710/4/6 3703/4/6 3711/4/6
f 3711/4/6 3703/4/6 3712/4/6
f 3707/4/6 3708/4/6 3713/4/6
f 3706/4/6 3707/4/6 3713/4/6
f 3713/4/6 3708/4/6 3714/4/6
f 3714/4/6 3708/4/6 3715/4/6
f 3710/4/6 3711/4/6 3718/4/6
f 3709/4/6 3710/4/6 3718/4/6
f 3718/4/6 3711/4/6 3719/4/6
f 3719/4/6 3711/4/6 3720/4/6
f 3715/4/6 3716/4/6 3721/4/6
f 3714/4/6 3715/4/6 3721/4/6
f 3721/4/6 3716/4/6 3722/4/6
f 3722/4/6 3716/4/6 3723/4/6
f 3718/4/6 3719/4/6 3726/4/6
f 3717/4/6 3718/4/6 3726/4/6
f 3726/4/6 3719/4/6 3727/4/6
f 3727/4/6 3719/4/6 3728/4/6
f 3723/4/6 3724/4/6 3729/4/6
f 3722/4/6 3723/4/6 3729/4/6
f 3729/4/6 3724/4/6 3730/4/6
f 3730/4/6 3724/4/6 3731/4/6
f 3726/4/6 3727/4/6 3734/4/6
f 3725/4/6 3726/4/6 3734/4/6
f 3734/4/6 3727/4/6 3735/4/6
f 3735/4/6 3727/4/6 3736/4/6
f 3731/4/6 3732/4/6 3737/4/6
f 3730/4/6 3731/4/6 3737/4/6
f 3737/4/6 3732/4/6 3738/4/6
f 3738/4/6 3732/4/6 3739/4/6
f 3734/4/6 3735/4/6 3742/4/6
f 3733/4/6 3734/4/6 3742/4/6
f 3742/4/6 3735/4/6 3743/4/6
f 3743/4/6 3735/4/6 3744/4/6
f 3739/4/6 3740/4/6 3745/4/6
f 3738/4/6 3739/4/6 3745/4/6
f 3745/4/6 3740/4/6 3746/4/6
f 3746/4/6 3740/4/6 3747/4/6
f 3742/4/6 3743/4/6 3748/4/6
f 3741/4/6 3742/4/6 3748/4/6
f 3748/4/6 3743/4/6 3749/4/6
f 3749/4/6 3743/4/6 3750/4/6
f 3746/4/6 3747/4/6 3751/4/6
f 3748/4/6 3749/4/6 3751/4/6
f 3747/4/6 3748/4/6 3751/4/6
f 3751/4/6 3749/4/6 3752/4/6
f 3752/4/6 3749/4/6 3753/4/6
f 3753/4/6 3749/4/6 3754/4/6
f 3752/4/6 3753/4/6 3755/4/6
f 3755/4/6 3753/4/6 3756/4/6
f 3757/4/6 3758/4/6 3760/4/6
f 3760/4/6 3758/4/6 3761/4/6
f 3759/4/6 3760/4/6 3764/4/6
f 3761/4/6 3762/4/6 3764/4/6
f 3760/4/6 3761/4/6 3764/4/6
f 3764/4/6 3762/4/6 3765/4/6
f 3763/4/6 3764/4/6 3768/4/6
f 3765/4/6 3766/4/6 3768/4/6
f 3764/4/6 3765/4/6 3768/4/6
f 3768/4/6 3766/4/6 3769/4/6
f 3769/4/6 3766/4/6 3770/4/6
f 3770/4/6 3766/4/6 3771/4/6
f 3767/4/6 3768/4/6 3774/4/6
f 3768/4/6 3769/4/6 3774/4/6
f 3774/4/6 3769/4/6 3775/4/6
f 3775/4/6 3769/4/6 3776/4/6
f 3770/4/6 3771/4/6 3777/4/6
f 3771/4/6 3772/4/6 3777/4/6
f 3777/4/6 3772/4/6 3778/4/6
f 3778/4/6 3772/4/6 3779/4/6
f 3774/4/6 3775/4/6 3781/4/6
f 3773/4/6 3774/4/6 3781/4/6
f 3781/4/6 3775/4/6 3782/4/6
f 3779/4/6 3780/4/6 3783/4/6
f 3778/4/6 3779/4/6 3783/4/6
f 3783/4/6 3780/4/6 3784/4/6
f 3773/4/6 3781/4/6 3786/4/6
f 3786/4/6 3781/4/6 3787/4/6
f 3787/4/6 3781/4/6 3788/4/6
f 3784/4/6 3780/4/6 3789/4/6
f 3789/4/6 3780/4/6 3790/4/6
f 3790/4/6 3780/4/6 3791/4/6
f 3785/4/6 3786/4/6 3794/4/6
f 3786/4/6 3787/4/6 3794/4/6
f 3791/4/6 3792/4/6 3795/4/6
f 3790/4/6 3791/4/6 3795/4/6
f 3793/4/6 3794/4/6 3797/4/6
f 3794/4/6 3787/4/6 3797/4/6
f 3797/4/6 3787/4/6 3798/4/6
f 3795/4/6 3796/4/6 3799/4/6
f 3790/4/6 3795/4/6 3799/4/6
f 3799/4/6 3796/4/6 3800/4/6
f 3793/4/6 3797/4/6 3802/4/6
f 3802/4/6 3797/4/6 3803/4/6
f 3803/4/6 3797/4/6 3804/4/6
f 3800/4/6 3796/4/6 3805/4/6
f 3805/4/6 3796/4/6 3806/4/6
f 3806/4/6 3796/4/6 3807/4/6
f 3801/4/6 3802/4/6 3809/4/6
f 3802/4/6 3803/4/6 3809/4/6
f 3809/4/6 3803/4/6 3810/4/6
f 3807/4/6 3808/4/6 3811/4/6
f 3806/4/6 3807/4/6 3811/4/6
f 3811/4/6 3808/4/6 3812/4/6
f 3801/4/6 3809/4/6 3814/4/6
f 3812/4/6 3808/4/6 3815/4/6
f 3813/4/6 3814/4/6 3817/4/6
f 3814/4/6 3809/4/6 3818/4/6
f 3817/4/6 3814/4/6 3818/4/6
f 3815/4/6 3816/4/6 3819/4/6
f 3812/4/6 3815/4/6 3819/4/6
f 3819/4/6 3816/4/6 3820/4/6
f 3818/4/6 3809/4/6 3821/4/6
f 3812/4/6 3819/4/6 3824/4/6
f 3821/4/6 3822/4/6 3825/4/6
f 3818/4/6 3821/4/6 3825/4/6
f 3825/4/6 3822/4/6 3826/4/6
f 3826/4/6 3822/4/6 3827/4/6
f 3823/4/6 3824/4/6 3830/4/6
f 3824/4/6 3819/4/6 3831/4/6
f 3830/4/6 3824/4/6 3831/4/6
f 3831/4/6 3819/4/6 3832/4/6
f 3827/4/6 3828/4/6 3833/4/6
f 3826/4/6 3827/4/6 3833/4/6
f 3829/4/6 3830/4/6 3836/4/6
f 3830/4/6 3831/4/6 3836/4/6
f 3833/4/6 3834/4/6 3837/4/6
f 3826/4/6 3833/4/6 3837/4/6
f 3837/4/6 3834/4/6 3838/4/6
f 3835/4/6 3836/4/6 3839/4/6
f 3836/4/6 3831/4/6 3839/4/6
f 3839/4/6 3831/4/6 3840/4/6
f 3838/4/6 3834/4/6 3841/4/6
f 3841/4/6 3834/4/6 3842/4/6
f 3842/4/6 3834/4/6 3843/4/6
f 3835/4/6 3839/4/6 3846/4/6
f 3846/4/6 3839/4/6 3847/4/6
f 3847/4/6 3839/4/6 3848/4/6
f 3843/4/6 3844/4/6 3849/4/6
f 3842/4/6 3843/4/6 3849/4/6
f 3846/4/6 3847/4/6 3852/4/6
f 3845/4/6 3846/4/6 3852/4/6
f 3849/4/6 3850/4/6 3853/4/6
f 3842/4/6 3849/4/6 3853/4/6
f 3853/4/6 3850/4/6 3854/4/6
f 3854/4/6 3850/4/6 3855/4/6
f 3851/4/6 3852/4/6 3858/4/6
f 3852/4/6 3847/4/6 3859/4/6
f 3858/4/6 3852/4/6 3859/4/6
f 3859/4/6 3847/4/6 3860/4/6
f 3855/4/6 3856/4/6 3861/4/6
f 3854/4/6 3855/4/6 3861/4/6
f 3861/4/6 3856/4/6 3862/4/6
f 3862/4/6 3856/4/6 3863/4/6
f 3857/4/6 3858/4/6 3864/4/6
f 3858/4/6 3859/4/6 3864/4/6
f 3864/4/6 3859/4/6 3865/4/6
f 3865/4/6 3859/4/6 3866/4/6
f 3862/4/6 3863/4/6 3867/4/6
f 3864/4/6 3865/4/6 3867/4/6
f 3863/4/6 3864/4/6 3867/4/6
f 3867/4/6 3865/4/6 3868/4/6
f 3868/4/6 3865/4/6 3869/4/6
f 3869/4/6 3865/4/6 3870/4/6
f 3868/4/6 3869/4/6 3871/4/6
f 3871/4/6 3869/4/6 3872/4/6
f 3872/4/6 3869/4/6 3873/4/6
f 3873/4/6 3869/4/6 3874/4/6
f 3872/4/6 3873/4/6 3875/4/6
f 3875/4/6 3873/4/6 3876/4/6
f 3877/4/6 3878/4/6 3880/4/6
f 3880/4/6 3878/4/6 3881/4/6
f 3879/4/6 3880/4/6 3884/4/6
f 3881/4/6 3882/4/6 3884/4/6
f 3880/4/6 3881/4/6 3884/4/6
f 3884/4/6 3882/4/6 3885/4/6
f 3883/4/6 3884/4/6 3888/4/6
f 3885/4/6 3886/4/6 3888/4/6
f 3884/4/6 3885/4/6 3888/4/6
f 3888/4/6 3886/4/6 3889/4/6
f 3887/4/6 3888/4/6 3892/4/6
f 3889/4/6 3890/4/6 3892/4/6
f 3888/4/6 3889/4/6 3892/4/6
f 3892/4/6 3890/4/6 3893/4/6
f 3893/4/6 3890/4/6 3894/4/6
f 3894/4/6 3890/4/6 3895/4/6
f 3891/4/6 3892/4/6 3898/4/6
f 3892/4/6 3893/4/6 3898/4/6
f 3898/4/6 3893/4/6 3899/4/6
f 3899/4/6 3893/4/6 3900/4/6
f 3894/4/6 3895/4/6 3901/4/6
f 3895/4/6 3896/4/6 3901/4/6
f 3901/4/6 3896/4/6 3902/4/6
f 3902/4/6 3896/4/6 3903/4/6
f 3898/4/6 3899/4/6 3905/4/6
f 3897/4/6 3898/4/6 3905/4/6
f 3905/4/6 3899/4/6 3906/4/6
f 3903/4/6 3904/4/6 3907/4/6
f 3902/4/6 3903/4/6 3907/4/6
f 3907/4/6 3904/4/6 3908/4/6
f 3897/4/6 3905/4/6 3910/4/6
f 3910/4/6 3905/4/6 3911/4/6
f 3911/4/6 3905/4/6 3912/4/6
f 3908/4/6 3904/4/6 3913/4/6
f 3913/4/6 3904/4/6 3914/4/6
f 3914/4/6 3904/4/6 3915/4/6
f 3909/4/6 3910/4/6 3917/4/6
f 3910/4/6 3911/4/6 3917/4/6
f 3917/4/6 3911/4/6 3918/4/6
f 3918/4/6 3911/4/6 3919/4/6
f 3915/4/6 3916/4/6 3922/4/6
f 3914/4/6 3915/4/6 3922/4/6
f 3922/4/6 3916/4/6 3923/4/6
f 3923/4/6 3916/4/6 3924/4/6
f 3919/4/6 3920/4/6 3925/4/6
f 3918/4/6 3919/4/6 3925/4/6
f 3922/4/6 3923/4/6 3928/4/6
f 3921/4/6 3922/4/6 3928/4/6
f 3925/4/6 3926/4/6 3929/4/6
f 3918/4/6 3925/4/6 3929/4/6
f 3929/4/6 3926/4/6 3930/4/6
f 3930/4/6 3926/4/6 3931/4/6
f 3927/4/6 3928/4/6 3934/4/6
f 3928/4/6 3923/4/6 3935/4/6
f 3934/4/6 3928/4/6 3935/4/6
f 3935/4/6 3923/4/6 3936/4/6
f 3931/4/6 3932/4/6 3937/4/6
f 3930/4/6 3931/4/6 3937/4/6
f 3937/4/6 3932/4/6 3938/4/6
f 3938/4/6 3932/4/6 3939/4/6
f 3933/4/6 3934/4/6 3940/4/6
f 3934/4/6 3935/4/6 3940/4/6
f 3940/4/6 3935/4/6 3941/4/6
f 3941/4/6 3935/4/6 3942/4/6
f 3938/4/6 3939/4/6 3943/4/6
f 3940/4/6 3941/4/6 3943/4/6
f 3939/4/6 3940/4/6 3943/4/6
f 3943/4/6 3941/4/6 3944/4/6
f 3944/4/6 3941/4/6 3945/4/6
f 3945/4/6 3941/4/6 3946/4/6
f 3944/4/6 3945/4/6 3947/4/6
f 3947/4/6 3945/4/6 3948/4/6
f 3948/4/6 3945/4/6 3949/4/6
f 3949/4/6 3945/4/6 3950/4/6
f 3948/4/6 3949/4/6 3951/4/6
f 3951/4/6 3949/4/6 3952/4/6
f 3952/4/6 3949/4/6 3953/4/6
f 3953/4/6 3949/4/6 3954/4/6
f 3952/4/6 3953/4/6 3955/4/6
f 3955/4/6 3953/4/6 3956/4/6
f 3957/4/6 3958/4/6 3960/4/6
f 3960/4/6 3958/4/6 3961/4/6
f 3959/4/6 3960/4/6 3964/4/6
f 3961/4/6 3962/4/6 3964/4/6
f 3960/4/6 3961/4/6 3964/4/6
f 3964/4/6 3962/4/6 3965/4/6
f 3963/4/6 3964/4/6 3968/4/6
f 3965/4/6 3966/4/6 3968/4/6
f 3964/4/6 3965/4/6 3968/4/6
f 3968/4/6 3966/4/6 3969/4/6
f 3967/4/6 3968/4/6 3971/4/6
f 3969/4/6 3970/4/6 3971/4/6
f 3968/4/6 3969/4/6 3971/4/6
f 3971/4/6 3970/4/6 3972/4/6
f 3972/4/6 3970/4/6 3973/4/6
f 3973/4/6 3970/4/6 3974/4/6
f 3972/4/6 3973/4/6 3975/4/6
f 3975/4/6 3973/4/6 3976/4/6
f 3976/4/6 3973/4/6 3977/4/6
f 3977/4/6 3973/4/6 3978/4/6
f 3976/4/6 3977/4/6 3979/4/6
f 3979/4/6 3977/4/6 3980/4/6
f 3980/4/6 3977/4/6 3981/4/6
f 3981/4/6 3977/4/6 3982/4/6
f 3980/4/6 3981/4/6 3983/4/6
f 3983/4/6 3981/4/6 3984/4/6
