# Blender 4.4.3
# www.blender.org
mtllib Car_yellow_obj.mtl
o 立方体.013
v -4.000000 -2.500000 6.841772
v -4.000000 -1.500000 6.841772
v -4.000000 -2.500000 5.841772
v -4.000000 -1.500000 5.841772
v -3.000000 -2.500000 6.841772
v -3.000000 -1.500000 6.841772
v -3.000000 -2.500000 5.841772
v -3.000000 -1.500000 5.841772
v -3.000000 -3.500000 5.841772
v -3.000000 -2.500000 5.841772
v -3.000000 -3.500000 4.841772
v -3.000000 -2.500000 4.841772
v -2.000000 -3.500000 5.841772
v -2.000000 -2.500000 5.841772
v -2.000000 -3.500000 4.841772
v -2.000000 -2.500000 4.841772
v 2.000000 -3.500000 5.841772
v 2.000000 -2.500000 5.841772
v 2.000000 -3.500000 4.841772
v 2.000000 -2.500000 4.841772
v 3.000000 -3.500000 5.841772
v 3.000000 -2.500000 5.841772
v 3.000000 -3.500000 4.841772
v 3.000000 -2.500000 4.841772
v -3.000000 -3.500000 4.841772
v -3.000000 -2.500000 4.841772
v -3.000000 -3.500000 3.841772
v -3.000000 -2.500000 3.841772
v -2.000000 -3.500000 4.841772
v -2.000000 -2.500000 4.841772
v -2.000000 -3.500000 3.841772
v -2.000000 -2.500000 3.841772
v 2.000000 -3.500000 4.841772
v 2.000000 -2.500000 4.841772
v 2.000000 -3.500000 3.841772
v 2.000000 -2.500000 3.841772
v 3.000000 -3.500000 4.841772
v 3.000000 -2.500000 4.841772
v 3.000000 -3.500000 3.841772
v 3.000000 -2.500000 3.841772
v -3.000000 -3.500000 3.841772
v -3.000000 -2.500000 3.841772
v -3.000000 -3.500000 2.841772
v -3.000000 -2.500000 2.841772
v -2.000000 -3.500000 3.841772
v -2.000000 -2.500000 3.841772
v -2.000000 -3.500000 2.841772
v -2.000000 -2.500000 2.841772
v 2.000000 -3.500000 3.841772
v 2.000000 -2.500000 3.841772
v 2.000000 -3.500000 2.841772
v 2.000000 -2.500000 2.841772
v 3.000000 -3.500000 3.841772
v 3.000000 -2.500000 3.841772
v 3.000000 -3.500000 2.841772
v 3.000000 -2.500000 2.841772
v -3.000000 -3.500000 -2.158228
v -3.000000 -2.500000 -2.158228
v -3.000000 -3.500000 -3.158228
v -3.000000 -2.500000 -3.158228
v -2.000000 -3.500000 -2.158228
v -2.000000 -2.500000 -2.158228
v -2.000000 -3.500000 -3.158228
v -2.000000 -2.500000 -3.158228
v 2.000000 -3.500000 -2.158228
v 2.000000 -2.500000 -2.158228
v 2.000000 -3.500000 -3.158228
v 2.000000 -2.500000 -3.158228
v 3.000000 -3.500000 -2.158228
v 3.000000 -2.500000 -2.158228
v 3.000000 -3.500000 -3.158228
v 3.000000 -2.500000 -3.158228
v -3.000000 -3.500000 -3.158228
v -3.000000 -2.500000 -3.158228
v -3.000000 -3.500000 -4.158228
v -3.000000 -2.500000 -4.158228
v -2.000000 -3.500000 -3.158228
v -2.000000 -2.500000 -3.158228
v -2.000000 -3.500000 -4.158228
v -2.000000 -2.500000 -4.158228
v 2.000000 -3.500000 -3.158228
v 2.000000 -2.500000 -3.158228
v 2.000000 -3.500000 -4.158228
v 2.000000 -2.500000 -4.158228
v 3.000000 -3.500000 -3.158228
v 3.000000 -2.500000 -3.158228
v 3.000000 -3.500000 -4.158228
v 3.000000 -2.500000 -4.158228
v -3.000000 -3.500000 -4.158228
v -3.000000 -2.500000 -4.158228
v -3.000000 -3.500000 -5.158228
v -3.000000 -2.500000 -5.158228
v -2.000000 -3.500000 -4.158228
v -2.000000 -2.500000 -4.158228
v -2.000000 -3.500000 -5.158228
v -2.000000 -2.500000 -5.158228
v 2.000000 -3.500000 -4.158228
v 2.000000 -2.500000 -4.158228
v 2.000000 -3.500000 -5.158228
v 2.000000 -2.500000 -5.158228
v 3.000000 -3.500000 -4.158228
v 3.000000 -2.500000 -4.158228
v 3.000000 -3.500000 -5.158228
v 3.000000 -2.500000 -5.158228
v -3.000000 -2.500000 6.841772
v -3.000000 -1.500000 6.841772
v -3.000000 -2.500000 5.841772
v -3.000000 -1.500000 5.841772
v -2.000000 -2.500000 6.841772
v -2.000000 -1.500000 6.841772
v -2.000000 -2.500000 5.841772
v -2.000000 -1.500000 5.841772
v -2.000000 -2.500000 6.841772
v -2.000000 -1.500000 6.841772
v -2.000000 -2.500000 5.841772
v -2.000000 -1.500000 5.841772
v -1.000000 -2.500000 6.841772
v -1.000000 -1.500000 6.841772
v -1.000000 -2.500000 5.841772
v -1.000000 -1.500000 5.841772
v -1.000000 -2.500000 6.841772
v -1.000000 -1.500000 6.841772
v -1.000000 -2.500000 5.841772
v -1.000000 -1.500000 5.841772
v 0.000000 -2.500000 6.841772
v 0.000000 -1.500000 6.841772
v 0.000000 -2.500000 5.841772
v 0.000000 -1.500000 5.841772
v 0.000000 -2.500000 6.841772
v 0.000000 -1.500000 6.841772
v 0.000000 -2.500000 5.841772
v 0.000000 -1.500000 5.841772
v 1.000000 -2.500000 6.841772
v 1.000000 -1.500000 6.841772
v 1.000000 -2.500000 5.841772
v 1.000000 -1.500000 5.841772
v 1.000000 -2.500000 6.841772
v 1.000000 -1.500000 6.841772
v 1.000000 -2.500000 5.841772
v 1.000000 -1.500000 5.841772
v 2.000000 -2.500000 6.841772
v 2.000000 -1.500000 6.841772
v 2.000000 -2.500000 5.841772
v 2.000000 -1.500000 5.841772
v 2.000000 -2.500000 6.841772
v 2.000000 -1.500000 6.841772
v 2.000000 -2.500000 5.841772
v 2.000000 -1.500000 5.841772
v 3.000000 -2.500000 6.841772
v 3.000000 -1.500000 6.841772
v 3.000000 -2.500000 5.841772
v 3.000000 -1.500000 5.841772
v 3.000000 -2.500000 6.841772
v 3.000000 -1.500000 6.841772
v 3.000000 -2.500000 5.841772
v 3.000000 -1.500000 5.841772
v 4.000000 -2.500000 6.841772
v 4.000000 -1.500000 6.841772
v 4.000000 -2.500000 5.841772
v 4.000000 -1.500000 5.841772
v -3.000000 -2.500000 5.841772
v -3.000000 -1.500000 5.841772
v -3.000000 -2.500000 4.841772
v -3.000000 -1.500000 4.841772
v -2.000000 -2.500000 5.841772
v -2.000000 -1.500000 5.841772
v -2.000000 -2.500000 4.841772
v -2.000000 -1.500000 4.841772
v -2.000000 -2.500000 5.841772
v -2.000000 -1.500000 5.841772
v -2.000000 -2.500000 4.841772
v -2.000000 -1.500000 4.841772
v -1.000000 -2.500000 5.841772
v -1.000000 -1.500000 5.841772
v -1.000000 -2.500000 4.841772
v -1.000000 -1.500000 4.841772
v -1.000000 -2.500000 5.841772
v -1.000000 -1.500000 5.841772
v -1.000000 -2.500000 4.841772
v -1.000000 -1.500000 4.841772
v 0.000000 -2.500000 5.841772
v 0.000000 -1.500000 5.841772
v 0.000000 -2.500000 4.841772
v 0.000000 -1.500000 4.841772
v 0.000000 -2.500000 5.841772
v 0.000000 -1.500000 5.841772
v 0.000000 -2.500000 4.841772
v 0.000000 -1.500000 4.841772
v 1.000000 -2.500000 5.841772
v 1.000000 -1.500000 5.841772
v 1.000000 -2.500000 4.841772
v 1.000000 -1.500000 4.841772
v 1.000000 -2.500000 5.841772
v 1.000000 -1.500000 5.841772
v 1.000000 -2.500000 4.841772
v 1.000000 -1.500000 4.841772
v 2.000000 -2.500000 5.841772
v 2.000000 -1.500000 5.841772
v 2.000000 -2.500000 4.841772
v 2.000000 -1.500000 4.841772
v 2.000000 -2.500000 5.841772
v 2.000000 -1.500000 5.841772
v 2.000000 -2.500000 4.841772
v 2.000000 -1.500000 4.841772
v 3.000000 -2.500000 5.841772
v 3.000000 -1.500000 5.841772
v 3.000000 -2.500000 4.841772
v 3.000000 -1.500000 4.841772
v -3.000000 -2.500000 4.841772
v -3.000000 -1.500000 4.841772
v -3.000000 -2.500000 3.841772
v -3.000000 -1.500000 3.841772
v -2.000000 -2.500000 4.841772
v -2.000000 -1.500000 4.841772
v -2.000000 -2.500000 3.841772
v -2.000000 -1.500000 3.841772
v -2.000000 -2.500000 4.841772
v -2.000000 -1.500000 4.841772
v -2.000000 -2.500000 3.841772
v -2.000000 -1.500000 3.841772
v -1.000000 -2.500000 4.841772
v -1.000000 -1.500000 4.841772
v -1.000000 -2.500000 3.841772
v -1.000000 -1.500000 3.841772
v -1.000000 -2.500000 4.841772
v -1.000000 -1.500000 4.841772
v -1.000000 -2.500000 3.841772
v -1.000000 -1.500000 3.841772
v 0.000000 -2.500000 4.841772
v 0.000000 -1.500000 4.841772
v 0.000000 -2.500000 3.841772
v 0.000000 -1.500000 3.841772
v 0.000000 -2.500000 4.841772
v 0.000000 -1.500000 4.841772
v 0.000000 -2.500000 3.841772
v 0.000000 -1.500000 3.841772
v 1.000000 -2.500000 4.841772
v 1.000000 -1.500000 4.841772
v 1.000000 -2.500000 3.841772
v 1.000000 -1.500000 3.841772
v 1.000000 -2.500000 4.841772
v 1.000000 -1.500000 4.841772
v 1.000000 -2.500000 3.841772
v 1.000000 -1.500000 3.841772
v 2.000000 -2.500000 4.841772
v 2.000000 -1.500000 4.841772
v 2.000000 -2.500000 3.841772
v 2.000000 -1.500000 3.841772
v 2.000000 -2.500000 4.841772
v 2.000000 -1.500000 4.841772
v 2.000000 -2.500000 3.841772
v 2.000000 -1.500000 3.841772
v 3.000000 -2.500000 4.841772
v 3.000000 -1.500000 4.841772
v 3.000000 -2.500000 3.841772
v 3.000000 -1.500000 3.841772
v -3.000000 -2.500000 3.841772
v -3.000000 -1.500000 3.841772
v -3.000000 -2.500000 2.841772
v -3.000000 -1.500000 2.841772
v -2.000000 -2.500000 3.841772
v -2.000000 -1.500000 3.841772
v -2.000000 -2.500000 2.841772
v -2.000000 -1.500000 2.841772
v -2.000000 -2.500000 3.841772
v -2.000000 -1.500000 3.841772
v -2.000000 -2.500000 2.841772
v -2.000000 -1.500000 2.841772
v -1.000000 -2.500000 3.841772
v -1.000000 -1.500000 3.841772
v -1.000000 -2.500000 2.841772
v -1.000000 -1.500000 2.841772
v -1.000000 -2.500000 3.841772
v -1.000000 -1.500000 3.841772
v -1.000000 -2.500000 2.841772
v -1.000000 -1.500000 2.841772
v 0.000000 -2.500000 3.841772
v 0.000000 -1.500000 3.841772
v 0.000000 -2.500000 2.841772
v 0.000000 -1.500000 2.841772
v 0.000000 -2.500000 3.841772
v 0.000000 -1.500000 3.841772
v 0.000000 -2.500000 2.841772
v 0.000000 -1.500000 2.841772
v 1.000000 -2.500000 3.841772
v 1.000000 -1.500000 3.841772
v 1.000000 -2.500000 2.841772
v 1.000000 -1.500000 2.841772
v 1.000000 -2.500000 3.841772
v 1.000000 -1.500000 3.841772
v 1.000000 -2.500000 2.841772
v 1.000000 -1.500000 2.841772
v 2.000000 -2.500000 3.841772
v 2.000000 -1.500000 3.841772
v 2.000000 -2.500000 2.841772
v 2.000000 -1.500000 2.841772
v 2.000000 -2.500000 3.841772
v 2.000000 -1.500000 3.841772
v 2.000000 -2.500000 2.841772
v 2.000000 -1.500000 2.841772
v 3.000000 -2.500000 3.841772
v 3.000000 -1.500000 3.841772
v 3.000000 -2.500000 2.841772
v 3.000000 -1.500000 2.841772
v -4.000000 -2.500000 2.841772
v -4.000000 -1.500000 2.841772
v -4.000000 -2.500000 1.841772
v -4.000000 -1.500000 1.841772
v -3.000000 -2.500000 2.841772
v -3.000000 -1.500000 2.841772
v -3.000000 -2.500000 1.841772
v -3.000000 -1.500000 1.841772
v -3.000000 -2.500000 2.841772
v -3.000000 -1.500000 2.841772
v -3.000000 -2.500000 1.841772
v -3.000000 -1.500000 1.841772
v -2.000000 -2.500000 2.841772
v -2.000000 -1.500000 2.841772
v -2.000000 -2.500000 1.841772
v -2.000000 -1.500000 1.841772
v -2.000000 -2.500000 2.841772
v -2.000000 -1.500000 2.841772
v -2.000000 -2.500000 1.841772
v -2.000000 -1.500000 1.841772
v -1.000000 -2.500000 2.841772
v -1.000000 -1.500000 2.841772
v -1.000000 -2.500000 1.841772
v -1.000000 -1.500000 1.841772
v -1.000000 -2.500000 2.841772
v -1.000000 -1.500000 2.841772
v -1.000000 -2.500000 1.841772
v -1.000000 -1.500000 1.841772
v 0.000000 -2.500000 2.841772
v 0.000000 -1.500000 2.841772
v 0.000000 -2.500000 1.841772
v 0.000000 -1.500000 1.841772
v 0.000000 -2.500000 2.841772
v 0.000000 -1.500000 2.841772
v 0.000000 -2.500000 1.841772
v 0.000000 -1.500000 1.841772
v 1.000000 -2.500000 2.841772
v 1.000000 -1.500000 2.841772
v 1.000000 -2.500000 1.841772
v 1.000000 -1.500000 1.841772
v 1.000000 -2.500000 2.841772
v 1.000000 -1.500000 2.841772
v 1.000000 -2.500000 1.841772
v 1.000000 -1.500000 1.841772
v 2.000000 -2.500000 2.841772
v 2.000000 -1.500000 2.841772
v 2.000000 -2.500000 1.841772
v 2.000000 -1.500000 1.841772
v 2.000000 -2.500000 2.841772
v 2.000000 -1.500000 2.841772
v 2.000000 -2.500000 1.841772
v 2.000000 -1.500000 1.841772
v 3.000000 -2.500000 2.841772
v 3.000000 -1.500000 2.841772
v 3.000000 -2.500000 1.841772
v 3.000000 -1.500000 1.841772
v 3.000000 -2.500000 2.841772
v 3.000000 -1.500000 2.841772
v 3.000000 -2.500000 1.841772
v 3.000000 -1.500000 1.841772
v 4.000000 -2.500000 2.841772
v 4.000000 -1.500000 2.841772
v 4.000000 -2.500000 1.841772
v 4.000000 -1.500000 1.841772
v -4.000000 -2.500000 1.841772
v -4.000000 -1.500000 1.841772
v -4.000000 -2.500000 0.841772
v -4.000000 -1.500000 0.841772
v -3.000000 -2.500000 1.841772
v -3.000000 -1.500000 1.841772
v -3.000000 -2.500000 0.841772
v -3.000000 -1.500000 0.841772
v -3.000000 -2.500000 1.841772
v -3.000000 -1.500000 1.841772
v -3.000000 -2.500000 0.841772
v -3.000000 -1.500000 0.841772
v -2.000000 -2.500000 1.841772
v -2.000000 -1.500000 1.841772
v -2.000000 -2.500000 0.841772
v -2.000000 -1.500000 0.841772
v -2.000000 -2.500000 1.841772
v -2.000000 -1.500000 1.841772
v -2.000000 -2.500000 0.841772
v -2.000000 -1.500000 0.841772
v -1.000000 -2.500000 1.841772
v -1.000000 -1.500000 1.841772
v -1.000000 -2.500000 0.841772
v -1.000000 -1.500000 0.841772
v -1.000000 -2.500000 1.841772
v -1.000000 -1.500000 1.841772
v -1.000000 -2.500000 0.841772
v -1.000000 -1.500000 0.841772
v 0.000000 -2.500000 1.841772
v 0.000000 -1.500000 1.841772
v 0.000000 -2.500000 0.841772
v 0.000000 -1.500000 0.841772
v 0.000000 -2.500000 1.841772
v 0.000000 -1.500000 1.841772
v 0.000000 -2.500000 0.841772
v 0.000000 -1.500000 0.841772
v 1.000000 -2.500000 1.841772
v 1.000000 -1.500000 1.841772
v 1.000000 -2.500000 0.841772
v 1.000000 -1.500000 0.841772
v 1.000000 -2.500000 1.841772
v 1.000000 -1.500000 1.841772
v 1.000000 -2.500000 0.841772
v 1.000000 -1.500000 0.841772
v 2.000000 -2.500000 1.841772
v 2.000000 -1.500000 1.841772
v 2.000000 -2.500000 0.841772
v 2.000000 -1.500000 0.841772
v 2.000000 -2.500000 1.841772
v 2.000000 -1.500000 1.841772
v 2.000000 -2.500000 0.841772
v 2.000000 -1.500000 0.841772
v 3.000000 -2.500000 1.841772
v 3.000000 -1.500000 1.841772
v 3.000000 -2.500000 0.841772
v 3.000000 -1.500000 0.841772
v 3.000000 -2.500000 1.841772
v 3.000000 -1.500000 1.841772
v 3.000000 -2.500000 0.841772
v 3.000000 -1.500000 0.841772
v 4.000000 -2.500000 1.841772
v 4.000000 -1.500000 1.841772
v 4.000000 -2.500000 0.841772
v 4.000000 -1.500000 0.841772
v -4.000000 -2.500000 0.841772
v -4.000000 -1.500000 0.841772
v -4.000000 -2.500000 -0.158228
v -4.000000 -1.500000 -0.158228
v -3.000000 -2.500000 0.841772
v -3.000000 -1.500000 0.841772
v -3.000000 -2.500000 -0.158228
v -3.000000 -1.500000 -0.158228
v -3.000000 -2.500000 0.841772
v -3.000000 -1.500000 0.841772
v -3.000000 -2.500000 -0.158228
v -3.000000 -1.500000 -0.158228
v -2.000000 -2.500000 0.841772
v -2.000000 -1.500000 0.841772
v -2.000000 -2.500000 -0.158228
v -2.000000 -1.500000 -0.158228
v -2.000000 -2.500000 0.841772
v -2.000000 -1.500000 0.841772
v -2.000000 -2.500000 -0.158228
v -2.000000 -1.500000 -0.158228
v -1.000000 -2.500000 0.841772
v -1.000000 -1.500000 0.841772
v -1.000000 -2.500000 -0.158228
v -1.000000 -1.500000 -0.158228
v -1.000000 -2.500000 0.841772
v -1.000000 -1.500000 0.841772
v -1.000000 -2.500000 -0.158228
v -1.000000 -1.500000 -0.158228
v 0.000000 -2.500000 0.841772
v 0.000000 -1.500000 0.841772
v 0.000000 -2.500000 -0.158228
v 0.000000 -1.500000 -0.158228
v 0.000000 -2.500000 0.841772
v 0.000000 -1.500000 0.841772
v 0.000000 -2.500000 -0.158228
v 0.000000 -1.500000 -0.158228
v 1.000000 -2.500000 0.841772
v 1.000000 -1.500000 0.841772
v 1.000000 -2.500000 -0.158228
v 1.000000 -1.500000 -0.158228
v 1.000000 -2.500000 0.841772
v 1.000000 -1.500000 0.841772
v 1.000000 -2.500000 -0.158228
v 1.000000 -1.500000 -0.158228
v 2.000000 -2.500000 0.841772
v 2.000000 -1.500000 0.841772
v 2.000000 -2.500000 -0.158228
v 2.000000 -1.500000 -0.158228
v 2.000000 -2.500000 0.841772
v 2.000000 -1.500000 0.841772
v 2.000000 -2.500000 -0.158228
v 2.000000 -1.500000 -0.158228
v 3.000000 -2.500000 0.841772
v 3.000000 -1.500000 0.841772
v 3.000000 -2.500000 -0.158228
v 3.000000 -1.500000 -0.158228
v 3.000000 -2.500000 0.841772
v 3.000000 -1.500000 0.841772
v 3.000000 -2.500000 -0.158228
v 3.000000 -1.500000 -0.158228
v 4.000000 -2.500000 0.841772
v 4.000000 -1.500000 0.841772
v 4.000000 -2.500000 -0.158228
v 4.000000 -1.500000 -0.158228
v -4.000000 -2.500000 -0.158228
v -4.000000 -1.500000 -0.158228
v -4.000000 -2.500000 -1.158228
v -4.000000 -1.500000 -1.158228
v -3.000000 -2.500000 -0.158228
v -3.000000 -1.500000 -0.158228
v -3.000000 -2.500000 -1.158228
v -3.000000 -1.500000 -1.158228
v -3.000000 -2.500000 -0.158228
v -3.000000 -1.500000 -0.158228
v -3.000000 -2.500000 -1.158228
v -3.000000 -1.500000 -1.158228
v -2.000000 -2.500000 -0.158228
v -2.000000 -1.500000 -0.158228
v -2.000000 -2.500000 -1.158228
v -2.000000 -1.500000 -1.158228
v -2.000000 -2.500000 -0.158228
v -2.000000 -1.500000 -0.158228
v -2.000000 -2.500000 -1.158228
v -2.000000 -1.500000 -1.158228
v -1.000000 -2.500000 -0.158228
v -1.000000 -1.500000 -0.158228
v -1.000000 -2.500000 -1.158228
v -1.000000 -1.500000 -1.158228
v -1.000000 -2.500000 -0.158228
v -1.000000 -1.500000 -0.158228
v -1.000000 -2.500000 -1.158228
v -1.000000 -1.500000 -1.158228
v 0.000000 -2.500000 -0.158228
v 0.000000 -1.500000 -0.158228
v 0.000000 -2.500000 -1.158228
v 0.000000 -1.500000 -1.158228
v 0.000000 -2.500000 -0.158228
v 0.000000 -1.500000 -0.158228
v 0.000000 -2.500000 -1.158228
v 0.000000 -1.500000 -1.158228
v 1.000000 -2.500000 -0.158228
v 1.000000 -1.500000 -0.158228
v 1.000000 -2.500000 -1.158228
v 1.000000 -1.500000 -1.158228
v 1.000000 -2.500000 -0.158228
v 1.000000 -1.500000 -0.158228
v 1.000000 -2.500000 -1.158228
v 1.000000 -1.500000 -1.158228
v 2.000000 -2.500000 -0.158228
v 2.000000 -1.500000 -0.158228
v 2.000000 -2.500000 -1.158228
v 2.000000 -1.500000 -1.158228
v 2.000000 -2.500000 -0.158228
v 2.000000 -1.500000 -0.158228
v 2.000000 -2.500000 -1.158228
v 2.000000 -1.500000 -1.158228
v 3.000000 -2.500000 -0.158228
v 3.000000 -1.500000 -0.158228
v 3.000000 -2.500000 -1.158228
v 3.000000 -1.500000 -1.158228
v 3.000000 -2.500000 -0.158228
v 3.000000 -1.500000 -0.158228
v 3.000000 -2.500000 -1.158228
v 3.000000 -1.500000 -1.158228
v 4.000000 -2.500000 -0.158228
v 4.000000 -1.500000 -0.158228
v 4.000000 -2.500000 -1.158228
v 4.000000 -1.500000 -1.158228
v -4.000000 -2.500000 -1.158228
v -4.000000 -1.500000 -1.158228
v -4.000000 -2.500000 -2.158228
v -4.000000 -1.500000 -2.158228
v -3.000000 -2.500000 -1.158228
v -3.000000 -1.500000 -1.158228
v -3.000000 -2.500000 -2.158228
v -3.000000 -1.500000 -2.158228
v -3.000000 -2.500000 -1.158228
v -3.000000 -1.500000 -1.158228
v -3.000000 -2.500000 -2.158228
v -3.000000 -1.500000 -2.158228
v -2.000000 -2.500000 -1.158228
v -2.000000 -1.500000 -1.158228
v -2.000000 -2.500000 -2.158228
v -2.000000 -1.500000 -2.158228
v -2.000000 -2.500000 -1.158228
v -2.000000 -1.500000 -1.158228
v -2.000000 -2.500000 -2.158228
v -2.000000 -1.500000 -2.158228
v -1.000000 -2.500000 -1.158228
v -1.000000 -1.500000 -1.158228
v -1.000000 -2.500000 -2.158228
v -1.000000 -1.500000 -2.158228
v -1.000000 -2.500000 -1.158228
v -1.000000 -1.500000 -1.158228
v -1.000000 -2.500000 -2.158228
v -1.000000 -1.500000 -2.158228
v 0.000000 -2.500000 -1.158228
v 0.000000 -1.500000 -1.158228
v 0.000000 -2.500000 -2.158228
v 0.000000 -1.500000 -2.158228
v 0.000000 -2.500000 -1.158228
v 0.000000 -1.500000 -1.158228
v 0.000000 -2.500000 -2.158228
v 0.000000 -1.500000 -2.158228
v 1.000000 -2.500000 -1.158228
v 1.000000 -1.500000 -1.158228
v 1.000000 -2.500000 -2.158228
v 1.000000 -1.500000 -2.158228
v 1.000000 -2.500000 -1.158228
v 1.000000 -1.500000 -1.158228
v 1.000000 -2.500000 -2.158228
v 1.000000 -1.500000 -2.158228
v 2.000000 -2.500000 -1.158228
v 2.000000 -1.500000 -1.158228
v 2.000000 -2.500000 -2.158228
v 2.000000 -1.500000 -2.158228
v 2.000000 -2.500000 -1.158228
v 2.000000 -1.500000 -1.158228
v 2.000000 -2.500000 -2.158228
v 2.000000 -1.500000 -2.158228
v 3.000000 -2.500000 -1.158228
v 3.000000 -1.500000 -1.158228
v 3.000000 -2.500000 -2.158228
v 3.000000 -1.500000 -2.158228
v 3.000000 -2.500000 -1.158228
v 3.000000 -1.500000 -1.158228
v 3.000000 -2.500000 -2.158228
v 3.000000 -1.500000 -2.158228
v 4.000000 -2.500000 -1.158228
v 4.000000 -1.500000 -1.158228
v 4.000000 -2.500000 -2.158228
v 4.000000 -1.500000 -2.158228
v -3.000000 -2.500000 -2.158228
v -3.000000 -1.500000 -2.158228
v -3.000000 -2.500000 -3.158228
v -3.000000 -1.500000 -3.158228
v -2.000000 -2.500000 -2.158228
v -2.000000 -1.500000 -2.158228
v -2.000000 -2.500000 -3.158228
v -2.000000 -1.500000 -3.158228
v -2.000000 -2.500000 -2.158228
v -2.000000 -1.500000 -2.158228
v -2.000000 -2.500000 -3.158228
v -2.000000 -1.500000 -3.158228
v -1.000000 -2.500000 -2.158228
v -1.000000 -1.500000 -2.158228
v -1.000000 -2.500000 -3.158228
v -1.000000 -1.500000 -3.158228
v -1.000000 -2.500000 -2.158228
v -1.000000 -1.500000 -2.158228
v -1.000000 -2.500000 -3.158228
v -1.000000 -1.500000 -3.158228
v 0.000000 -2.500000 -2.158228
v 0.000000 -1.500000 -2.158228
v 0.000000 -2.500000 -3.158228
v 0.000000 -1.500000 -3.158228
v 0.000000 -2.500000 -2.158228
v 0.000000 -1.500000 -2.158228
v 0.000000 -2.500000 -3.158228
v 0.000000 -1.500000 -3.158228
v 1.000000 -2.500000 -2.158228
v 1.000000 -1.500000 -2.158228
v 1.000000 -2.500000 -3.158228
v 1.000000 -1.500000 -3.158228
v 1.000000 -2.500000 -2.158228
v 1.000000 -1.500000 -2.158228
v 1.000000 -2.500000 -3.158228
v 1.000000 -1.500000 -3.158228
v 2.000000 -2.500000 -2.158228
v 2.000000 -1.500000 -2.158228
v 2.000000 -2.500000 -3.158228
v 2.000000 -1.500000 -3.158228
v 2.000000 -2.500000 -2.158228
v 2.000000 -1.500000 -2.158228
v 2.000000 -2.500000 -3.158228
v 2.000000 -1.500000 -3.158228
v 3.000000 -2.500000 -2.158228
v 3.000000 -1.500000 -2.158228
v 3.000000 -2.500000 -3.158228
v 3.000000 -1.500000 -3.158228
v -3.000000 -2.500000 -3.158228
v -3.000000 -1.500000 -3.158228
v -3.000000 -2.500000 -4.158228
v -3.000000 -1.500000 -4.158228
v -2.000000 -2.500000 -3.158228
v -2.000000 -1.500000 -3.158228
v -2.000000 -2.500000 -4.158228
v -2.000000 -1.500000 -4.158228
v -2.000000 -2.500000 -3.158228
v -2.000000 -1.500000 -3.158228
v -2.000000 -2.500000 -4.158228
v -2.000000 -1.500000 -4.158228
v -1.000000 -2.500000 -3.158228
v -1.000000 -1.500000 -3.158228
v -1.000000 -2.500000 -4.158228
v -1.000000 -1.500000 -4.158228
v -1.000000 -2.500000 -3.158228
v -1.000000 -1.500000 -3.158228
v -1.000000 -2.500000 -4.158228
v -1.000000 -1.500000 -4.158228
v 0.000000 -2.500000 -3.158228
v 0.000000 -1.500000 -3.158228
v 0.000000 -2.500000 -4.158228
v 0.000000 -1.500000 -4.158228
v 0.000000 -2.500000 -3.158228
v 0.000000 -1.500000 -3.158228
v 0.000000 -2.500000 -4.158228
v 0.000000 -1.500000 -4.158228
v 1.000000 -2.500000 -3.158228
v 1.000000 -1.500000 -3.158228
v 1.000000 -2.500000 -4.158228
v 1.000000 -1.500000 -4.158228
v 1.000000 -2.500000 -3.158228
v 1.000000 -1.500000 -3.158228
v 1.000000 -2.500000 -4.158228
v 1.000000 -1.500000 -4.158228
v 2.000000 -2.500000 -3.158228
v 2.000000 -1.500000 -3.158228
v 2.000000 -2.500000 -4.158228
v 2.000000 -1.500000 -4.158228
v 2.000000 -2.500000 -3.158228
v 2.000000 -1.500000 -3.158228
v 2.000000 -2.500000 -4.158228
v 2.000000 -1.500000 -4.158228
v 3.000000 -2.500000 -3.158228
v 3.000000 -1.500000 -3.158228
v 3.000000 -2.500000 -4.158228
v 3.000000 -1.500000 -4.158228
v -3.000000 -2.500000 -4.158228
v -3.000000 -1.500000 -4.158228
v -3.000000 -2.500000 -5.158228
v -3.000000 -1.500000 -5.158228
v -2.000000 -2.500000 -4.158228
v -2.000000 -1.500000 -4.158228
v -2.000000 -2.500000 -5.158228
v -2.000000 -1.500000 -5.158228
v -2.000000 -2.500000 -4.158228
v -2.000000 -1.500000 -4.158228
v -2.000000 -2.500000 -5.158228
v -2.000000 -1.500000 -5.158228
v -1.000000 -2.500000 -4.158228
v -1.000000 -1.500000 -4.158228
v -1.000000 -2.500000 -5.158228
v -1.000000 -1.500000 -5.158228
v -1.000000 -2.500000 -4.158228
v -1.000000 -1.500000 -4.158228
v -1.000000 -2.500000 -5.158228
v -1.000000 -1.500000 -5.158228
v 0.000000 -2.500000 -4.158228
v 0.000000 -1.500000 -4.158228
v 0.000000 -2.500000 -5.158228
v 0.000000 -1.500000 -5.158228
v 0.000000 -2.500000 -4.158228
v 0.000000 -1.500000 -4.158228
v 0.000000 -2.500000 -5.158228
v 0.000000 -1.500000 -5.158228
v 1.000000 -2.500000 -4.158228
v 1.000000 -1.500000 -4.158228
v 1.000000 -2.500000 -5.158228
v 1.000000 -1.500000 -5.158228
v 1.000000 -2.500000 -4.158228
v 1.000000 -1.500000 -4.158228
v 1.000000 -2.500000 -5.158228
v 1.000000 -1.500000 -5.158228
v 2.000000 -2.500000 -4.158228
v 2.000000 -1.500000 -4.158228
v 2.000000 -2.500000 -5.158228
v 2.000000 -1.500000 -5.158228
v 2.000000 -2.500000 -4.158228
v 2.000000 -1.500000 -4.158228
v 2.000000 -2.500000 -5.158228
v 2.000000 -1.500000 -5.158228
v 3.000000 -2.500000 -4.158228
v 3.000000 -1.500000 -4.158228
v 3.000000 -2.500000 -5.158228
v 3.000000 -1.500000 -5.158228
v -4.000000 -2.500000 -5.158228
v -4.000000 -1.500000 -5.158228
v -4.000000 -2.500000 -6.158228
v -4.000000 -1.500000 -6.158228
v -3.000000 -2.500000 -5.158228
v -3.000000 -1.500000 -5.158228
v -3.000000 -2.500000 -6.158228
v -3.000000 -1.500000 -6.158228
v -3.000000 -2.500000 -5.158228
v -3.000000 -1.500000 -5.158228
v -3.000000 -2.500000 -6.158228
v -3.000000 -1.500000 -6.158228
v -2.000000 -2.500000 -5.158228
v -2.000000 -1.500000 -5.158228
v -2.000000 -2.500000 -6.158228
v -2.000000 -1.500000 -6.158228
v -2.000000 -2.500000 -5.158228
v -2.000000 -1.500000 -5.158228
v -2.000000 -2.500000 -6.158228
v -2.000000 -1.500000 -6.158228
v -1.000000 -2.500000 -5.158228
v -1.000000 -1.500000 -5.158228
v -1.000000 -2.500000 -6.158228
v -1.000000 -1.500000 -6.158228
v -1.000000 -2.500000 -5.158228
v -1.000000 -1.500000 -5.158228
v -1.000000 -2.500000 -6.158228
v -1.000000 -1.500000 -6.158228
v 0.000000 -2.500000 -5.158228
v 0.000000 -1.500000 -5.158228
v 0.000000 -2.500000 -6.158228
v 0.000000 -1.500000 -6.158228
v 0.000000 -2.500000 -5.158228
v 0.000000 -1.500000 -5.158228
v 0.000000 -2.500000 -6.158228
v 0.000000 -1.500000 -6.158228
v 1.000000 -2.500000 -5.158228
v 1.000000 -1.500000 -5.158228
v 1.000000 -2.500000 -6.158228
v 1.000000 -1.500000 -6.158228
v 1.000000 -2.500000 -5.158228
v 1.000000 -1.500000 -5.158228
v 1.000000 -2.500000 -6.158228
v 1.000000 -1.500000 -6.158228
v 2.000000 -2.500000 -5.158228
v 2.000000 -1.500000 -5.158228
v 2.000000 -2.500000 -6.158228
v 2.000000 -1.500000 -6.158228
v 2.000000 -2.500000 -5.158228
v 2.000000 -1.500000 -5.158228
v 2.000000 -2.500000 -6.158228
v 2.000000 -1.500000 -6.158228
v 3.000000 -2.500000 -5.158228
v 3.000000 -1.500000 -5.158228
v 3.000000 -2.500000 -6.158228
v 3.000000 -1.500000 -6.158228
v 3.000000 -2.500000 -5.158228
v 3.000000 -1.500000 -5.158228
v 3.000000 -2.500000 -6.158228
v 3.000000 -1.500000 -6.158228
v 4.000000 -2.500000 -5.158228
v 4.000000 -1.500000 -5.158228
v 4.000000 -2.500000 -6.158228
v 4.000000 -1.500000 -6.158228
v -4.000000 -1.500000 6.841772
v -4.000000 -0.500000 6.841772
v -4.000000 -1.500000 5.841772
v -4.000000 -0.500000 5.841772
v -3.000000 -1.500000 6.841772
v -3.000000 -0.500000 6.841772
v -3.000000 -1.500000 5.841772
v -3.000000 -0.500000 5.841772
v -3.000000 -1.500000 6.841772
v -3.000000 -0.500000 6.841772
v -3.000000 -1.500000 5.841772
v -3.000000 -0.500000 5.841772
v -2.000000 -1.500000 6.841772
v -2.000000 -0.500000 6.841772
v -2.000000 -1.500000 5.841772
v -2.000000 -0.500000 5.841772
v -2.000000 -1.500000 6.841772
v -2.000000 -0.500000 6.841772
v -2.000000 -1.500000 5.841772
v -2.000000 -0.500000 5.841772
v -1.000000 -1.500000 6.841772
v -1.000000 -0.500000 6.841772
v -1.000000 -1.500000 5.841772
v -1.000000 -0.500000 5.841772
v -1.000000 -1.500000 6.841772
v -1.000000 -0.500000 6.841772
v -1.000000 -1.500000 5.841772
v -1.000000 -0.500000 5.841772
v 0.000000 -1.500000 6.841772
v 0.000000 -0.500000 6.841772
v 0.000000 -1.500000 5.841772
v 0.000000 -0.500000 5.841772
v 0.000000 -1.500000 6.841772
v 0.000000 -0.500000 6.841772
v 0.000000 -1.500000 5.841772
v 0.000000 -0.500000 5.841772
v 1.000000 -1.500000 6.841772
v 1.000000 -0.500000 6.841772
v 1.000000 -1.500000 5.841772
v 1.000000 -0.500000 5.841772
v 1.000000 -1.500000 6.841772
v 1.000000 -0.500000 6.841772
v 1.000000 -1.500000 5.841772
v 1.000000 -0.500000 5.841772
v 2.000000 -1.500000 6.841772
v 2.000000 -0.500000 6.841772
v 2.000000 -1.500000 5.841772
v 2.000000 -0.500000 5.841772
v 2.000000 -1.500000 6.841772
v 2.000000 -0.500000 6.841772
v 2.000000 -1.500000 5.841772
v 2.000000 -0.500000 5.841772
v 3.000000 -1.500000 6.841772
v 3.000000 -0.500000 6.841772
v 3.000000 -1.500000 5.841772
v 3.000000 -0.500000 5.841772
v 3.000000 -1.500000 6.841772
v 3.000000 -0.500000 6.841772
v 3.000000 -1.500000 5.841772
v 3.000000 -0.500000 5.841772
v 4.000000 -1.500000 6.841772
v 4.000000 -0.500000 6.841772
v 4.000000 -1.500000 5.841772
v 4.000000 -0.500000 5.841772
v -4.000000 -1.500000 5.841772
v -4.000000 -0.500000 5.841772
v -4.000000 -1.500000 4.841772
v -4.000000 -0.500000 4.841772
v -3.000000 -1.500000 5.841772
v -3.000000 -0.500000 5.841772
v -3.000000 -1.500000 4.841772
v -3.000000 -0.500000 4.841772
v -3.000000 -1.500000 5.841772
v -3.000000 -0.500000 5.841772
v -3.000000 -1.500000 4.841772
v -3.000000 -0.500000 4.841772
v -2.000000 -1.500000 5.841772
v -2.000000 -0.500000 5.841772
v -2.000000 -1.500000 4.841772
v -2.000000 -0.500000 4.841772
v -2.000000 -1.500000 5.841772
v -2.000000 -0.500000 5.841772
v -2.000000 -1.500000 4.841772
v -2.000000 -0.500000 4.841772
v -1.000000 -1.500000 5.841772
v -1.000000 -0.500000 5.841772
v -1.000000 -1.500000 4.841772
v -1.000000 -0.500000 4.841772
v -1.000000 -1.500000 5.841772
v -1.000000 -0.500000 5.841772
v -1.000000 -1.500000 4.841772
v -1.000000 -0.500000 4.841772
v 0.000000 -1.500000 5.841772
v 0.000000 -0.500000 5.841772
v 0.000000 -1.500000 4.841772
v 0.000000 -0.500000 4.841772
v 0.000000 -1.500000 5.841772
v 0.000000 -0.500000 5.841772
v 0.000000 -1.500000 4.841772
v 0.000000 -0.500000 4.841772
v 1.000000 -1.500000 5.841772
v 1.000000 -0.500000 5.841772
v 1.000000 -1.500000 4.841772
v 1.000000 -0.500000 4.841772
v 1.000000 -1.500000 5.841772
v 1.000000 -0.500000 5.841772
v 1.000000 -1.500000 4.841772
v 1.000000 -0.500000 4.841772
v 2.000000 -1.500000 5.841772
v 2.000000 -0.500000 5.841772
v 2.000000 -1.500000 4.841772
v 2.000000 -0.500000 4.841772
v 2.000000 -1.500000 5.841772
v 2.000000 -0.500000 5.841772
v 2.000000 -1.500000 4.841772
v 2.000000 -0.500000 4.841772
v 3.000000 -1.500000 5.841772
v 3.000000 -0.500000 5.841772
v 3.000000 -1.500000 4.841772
v 3.000000 -0.500000 4.841772
v 3.000000 -1.500000 5.841772
v 3.000000 -0.500000 5.841772
v 3.000000 -1.500000 4.841772
v 3.000000 -0.500000 4.841772
v 4.000000 -1.500000 5.841772
v 4.000000 -0.500000 5.841772
v 4.000000 -1.500000 4.841772
v 4.000000 -0.500000 4.841772
v -4.000000 -1.500000 4.841772
v -4.000000 -0.500000 4.841772
v -4.000000 -1.500000 3.841772
v -4.000000 -0.500000 3.841772
v -3.000000 -1.500000 4.841772
v -3.000000 -0.500000 4.841772
v -3.000000 -1.500000 3.841772
v -3.000000 -0.500000 3.841772
v -3.000000 -1.500000 4.841772
v -3.000000 -0.500000 4.841772
v -3.000000 -1.500000 3.841772
v -3.000000 -0.500000 3.841772
v -2.000000 -1.500000 4.841772
v -2.000000 -0.500000 4.841772
v -2.000000 -1.500000 3.841772
v -2.000000 -0.500000 3.841772
v -2.000000 -1.500000 4.841772
v -2.000000 -0.500000 4.841772
v -2.000000 -1.500000 3.841772
v -2.000000 -0.500000 3.841772
v -1.000000 -1.500000 4.841772
v -1.000000 -0.500000 4.841772
v -1.000000 -1.500000 3.841772
v -1.000000 -0.500000 3.841772
v -1.000000 -1.500000 4.841772
v -1.000000 -0.500000 4.841772
v -1.000000 -1.500000 3.841772
v -1.000000 -0.500000 3.841772
v 0.000000 -1.500000 4.841772
v 0.000000 -0.500000 4.841772
v 0.000000 -1.500000 3.841772
v 0.000000 -0.500000 3.841772
v 0.000000 -1.500000 4.841772
v 0.000000 -0.500000 4.841772
v 0.000000 -1.500000 3.841772
v 0.000000 -0.500000 3.841772
v 1.000000 -1.500000 4.841772
v 1.000000 -0.500000 4.841772
v 1.000000 -1.500000 3.841772
v 1.000000 -0.500000 3.841772
v 1.000000 -1.500000 4.841772
v 1.000000 -0.500000 4.841772
v 1.000000 -1.500000 3.841772
v 1.000000 -0.500000 3.841772
v 2.000000 -1.500000 4.841772
v 2.000000 -0.500000 4.841772
v 2.000000 -1.500000 3.841772
v 2.000000 -0.500000 3.841772
v 2.000000 -1.500000 4.841772
v 2.000000 -0.500000 4.841772
v 2.000000 -1.500000 3.841772
v 2.000000 -0.500000 3.841772
v 3.000000 -1.500000 4.841772
v 3.000000 -0.500000 4.841772
v 3.000000 -1.500000 3.841772
v 3.000000 -0.500000 3.841772
v 3.000000 -1.500000 4.841772
v 3.000000 -0.500000 4.841772
v 3.000000 -1.500000 3.841772
v 3.000000 -0.500000 3.841772
v 4.000000 -1.500000 4.841772
v 4.000000 -0.500000 4.841772
v 4.000000 -1.500000 3.841772
v 4.000000 -0.500000 3.841772
v -4.000000 -1.500000 3.841772
v -4.000000 -0.500000 3.841772
v -4.000000 -1.500000 2.841772
v -4.000000 -0.500000 2.841772
v -3.000000 -1.500000 3.841772
v -3.000000 -0.500000 3.841772
v -3.000000 -1.500000 2.841772
v -3.000000 -0.500000 2.841772
v -3.000000 -1.500000 3.841772
v -3.000000 -0.500000 3.841772
v -3.000000 -1.500000 2.841772
v -3.000000 -0.500000 2.841772
v -2.000000 -1.500000 3.841772
v -2.000000 -0.500000 3.841772
v -2.000000 -1.500000 2.841772
v -2.000000 -0.500000 2.841772
v -2.000000 -1.500000 3.841772
v -2.000000 -0.500000 3.841772
v -2.000000 -1.500000 2.841772
v -2.000000 -0.500000 2.841772
v -1.000000 -1.500000 3.841772
v -1.000000 -0.500000 3.841772
v -1.000000 -1.500000 2.841772
v -1.000000 -0.500000 2.841772
v -1.000000 -1.500000 3.841772
v -1.000000 -0.500000 3.841772
v -1.000000 -1.500000 2.841772
v -1.000000 -0.500000 2.841772
v 0.000000 -1.500000 3.841772
v 0.000000 -0.500000 3.841772
v 0.000000 -1.500000 2.841772
v 0.000000 -0.500000 2.841772
v 0.000000 -1.500000 3.841772
v 0.000000 -0.500000 3.841772
v 0.000000 -1.500000 2.841772
v 0.000000 -0.500000 2.841772
v 1.000000 -1.500000 3.841772
v 1.000000 -0.500000 3.841772
v 1.000000 -1.500000 2.841772
v 1.000000 -0.500000 2.841772
v 1.000000 -1.500000 3.841772
v 1.000000 -0.500000 3.841772
v 1.000000 -1.500000 2.841772
v 1.000000 -0.500000 2.841772
v 2.000000 -1.500000 3.841772
v 2.000000 -0.500000 3.841772
v 2.000000 -1.500000 2.841772
v 2.000000 -0.500000 2.841772
v 2.000000 -1.500000 3.841772
v 2.000000 -0.500000 3.841772
v 2.000000 -1.500000 2.841772
v 2.000000 -0.500000 2.841772
v 3.000000 -1.500000 3.841772
v 3.000000 -0.500000 3.841772
v 3.000000 -1.500000 2.841772
v 3.000000 -0.500000 2.841772
v 3.000000 -1.500000 3.841772
v 3.000000 -0.500000 3.841772
v 3.000000 -1.500000 2.841772
v 3.000000 -0.500000 2.841772
v 4.000000 -1.500000 3.841772
v 4.000000 -0.500000 3.841772
v 4.000000 -1.500000 2.841772
v 4.000000 -0.500000 2.841772
v -4.000000 -1.500000 2.841772
v -4.000000 -0.500000 2.841772
v -4.000000 -1.500000 1.841772
v -4.000000 -0.500000 1.841772
v -3.000000 -1.500000 2.841772
v -3.000000 -0.500000 2.841772
v -3.000000 -1.500000 1.841772
v -3.000000 -0.500000 1.841772
v -3.000000 -1.500000 2.841772
v -3.000000 -0.500000 2.841772
v -3.000000 -1.500000 1.841772
v -3.000000 -0.500000 1.841772
v -2.000000 -1.500000 2.841772
v -2.000000 -0.500000 2.841772
v -2.000000 -1.500000 1.841772
v -2.000000 -0.500000 1.841772
v -2.000000 -1.500000 2.841772
v -2.000000 -0.500000 2.841772
v -2.000000 -1.500000 1.841772
v -2.000000 -0.500000 1.841772
v -1.000000 -1.500000 2.841772
v -1.000000 -0.500000 2.841772
v -1.000000 -1.500000 1.841772
v -1.000000 -0.500000 1.841772
v -1.000000 -1.500000 2.841772
v -1.000000 -0.500000 2.841772
v -1.000000 -1.500000 1.841772
v -1.000000 -0.500000 1.841772
v 0.000000 -1.500000 2.841772
v 0.000000 -0.500000 2.841772
v 0.000000 -1.500000 1.841772
v 0.000000 -0.500000 1.841772
v 0.000000 -1.500000 2.841772
v 0.000000 -0.500000 2.841772
v 0.000000 -1.500000 1.841772
v 0.000000 -0.500000 1.841772
v 1.000000 -1.500000 2.841772
v 1.000000 -0.500000 2.841772
v 1.000000 -1.500000 1.841772
v 1.000000 -0.500000 1.841772
v 1.000000 -1.500000 2.841772
v 1.000000 -0.500000 2.841772
v 1.000000 -1.500000 1.841772
v 1.000000 -0.500000 1.841772
v 2.000000 -1.500000 2.841772
v 2.000000 -0.500000 2.841772
v 2.000000 -1.500000 1.841772
v 2.000000 -0.500000 1.841772
v 2.000000 -1.500000 2.841772
v 2.000000 -0.500000 2.841772
v 2.000000 -1.500000 1.841772
v 2.000000 -0.500000 1.841772
v 3.000000 -1.500000 2.841772
v 3.000000 -0.500000 2.841772
v 3.000000 -1.500000 1.841772
v 3.000000 -0.500000 1.841772
v 3.000000 -1.500000 2.841772
v 3.000000 -0.500000 2.841772
v 3.000000 -1.500000 1.841772
v 3.000000 -0.500000 1.841772
v 4.000000 -1.500000 2.841772
v 4.000000 -0.500000 2.841772
v 4.000000 -1.500000 1.841772
v 4.000000 -0.500000 1.841772
v -4.000000 -1.500000 1.841772
v -4.000000 -0.500000 1.841772
v -4.000000 -1.500000 0.841772
v -4.000000 -0.500000 0.841772
v -3.000000 -1.500000 1.841772
v -3.000000 -0.500000 1.841772
v -3.000000 -1.500000 0.841772
v -3.000000 -0.500000 0.841772
v -3.000000 -1.500000 1.841772
v -3.000000 -0.500000 1.841772
v -3.000000 -1.500000 0.841772
v -3.000000 -0.500000 0.841772
v -2.000000 -1.500000 1.841772
v -2.000000 -0.500000 1.841772
v -2.000000 -1.500000 0.841772
v -2.000000 -0.500000 0.841772
v -2.000000 -1.500000 1.841772
v -2.000000 -0.500000 1.841772
v -2.000000 -1.500000 0.841772
v -2.000000 -0.500000 0.841772
v -1.000000 -1.500000 1.841772
v -1.000000 -0.500000 1.841772
v -1.000000 -1.500000 0.841772
v -1.000000 -0.500000 0.841772
v -1.000000 -1.500000 1.841772
v -1.000000 -0.500000 1.841772
v -1.000000 -1.500000 0.841772
v -1.000000 -0.500000 0.841772
v 0.000000 -1.500000 1.841772
v 0.000000 -0.500000 1.841772
v 0.000000 -1.500000 0.841772
v 0.000000 -0.500000 0.841772
v 0.000000 -1.500000 1.841772
v 0.000000 -0.500000 1.841772
v 0.000000 -1.500000 0.841772
v 0.000000 -0.500000 0.841772
v 1.000000 -1.500000 1.841772
v 1.000000 -0.500000 1.841772
v 1.000000 -1.500000 0.841772
v 1.000000 -0.500000 0.841772
v 1.000000 -1.500000 1.841772
v 1.000000 -0.500000 1.841772
v 1.000000 -1.500000 0.841772
v 1.000000 -0.500000 0.841772
v 2.000000 -1.500000 1.841772
v 2.000000 -0.500000 1.841772
v 2.000000 -1.500000 0.841772
v 2.000000 -0.500000 0.841772
v 2.000000 -1.500000 1.841772
v 2.000000 -0.500000 1.841772
v 2.000000 -1.500000 0.841772
v 2.000000 -0.500000 0.841772
v 3.000000 -1.500000 1.841772
v 3.000000 -0.500000 1.841772
v 3.000000 -1.500000 0.841772
v 3.000000 -0.500000 0.841772
v 3.000000 -1.500000 1.841772
v 3.000000 -0.500000 1.841772
v 3.000000 -1.500000 0.841772
v 3.000000 -0.500000 0.841772
v 4.000000 -1.500000 1.841772
v 4.000000 -0.500000 1.841772
v 4.000000 -1.500000 0.841772
v 4.000000 -0.500000 0.841772
v -4.000000 -1.500000 0.841772
v -4.000000 -0.500000 0.841772
v -4.000000 -1.500000 -0.158228
v -4.000000 -0.500000 -0.158228
v -3.000000 -1.500000 0.841772
v -3.000000 -0.500000 0.841772
v -3.000000 -1.500000 -0.158228
v -3.000000 -0.500000 -0.158228
v -3.000000 -1.500000 0.841772
v -3.000000 -0.500000 0.841772
v -3.000000 -1.500000 -0.158228
v -3.000000 -0.500000 -0.158228
v -2.000000 -1.500000 0.841772
v -2.000000 -0.500000 0.841772
v -2.000000 -1.500000 -0.158228
v -2.000000 -0.500000 -0.158228
v -2.000000 -1.500000 0.841772
v -2.000000 -0.500000 0.841772
v -2.000000 -1.500000 -0.158228
v -2.000000 -0.500000 -0.158228
v -1.000000 -1.500000 0.841772
v -1.000000 -0.500000 0.841772
v -1.000000 -1.500000 -0.158228
v -1.000000 -0.500000 -0.158228
v -1.000000 -1.500000 0.841772
v -1.000000 -0.500000 0.841772
v -1.000000 -1.500000 -0.158228
v -1.000000 -0.500000 -0.158228
v 0.000000 -1.500000 0.841772
v 0.000000 -0.500000 0.841772
v 0.000000 -1.500000 -0.158228
v 0.000000 -0.500000 -0.158228
v 0.000000 -1.500000 0.841772
v 0.000000 -0.500000 0.841772
v 0.000000 -1.500000 -0.158228
v 0.000000 -0.500000 -0.158228
v 1.000000 -1.500000 0.841772
v 1.000000 -0.500000 0.841772
v 1.000000 -1.500000 -0.158228
v 1.000000 -0.500000 -0.158228
v 1.000000 -1.500000 0.841772
v 1.000000 -0.500000 0.841772
v 1.000000 -1.500000 -0.158228
v 1.000000 -0.500000 -0.158228
v 2.000000 -1.500000 0.841772
v 2.000000 -0.500000 0.841772
v 2.000000 -1.500000 -0.158228
v 2.000000 -0.500000 -0.158228
v 2.000000 -1.500000 0.841772
v 2.000000 -0.500000 0.841772
v 2.000000 -1.500000 -0.158228
v 2.000000 -0.500000 -0.158228
v 3.000000 -1.500000 0.841772
v 3.000000 -0.500000 0.841772
v 3.000000 -1.500000 -0.158228
v 3.000000 -0.500000 -0.158228
v 3.000000 -1.500000 0.841772
v 3.000000 -0.500000 0.841772
v 3.000000 -1.500000 -0.158228
v 3.000000 -0.500000 -0.158228
v 4.000000 -1.500000 0.841772
v 4.000000 -0.500000 0.841772
v 4.000000 -1.500000 -0.158228
v 4.000000 -0.500000 -0.158228
v -4.000000 -1.500000 -0.158228
v -4.000000 -0.500000 -0.158228
v -4.000000 -1.500000 -1.158228
v -4.000000 -0.500000 -1.158228
v -3.000000 -1.500000 -0.158228
v -3.000000 -0.500000 -0.158228
v -3.000000 -1.500000 -1.158228
v -3.000000 -0.500000 -1.158228
v -3.000000 -1.500000 -0.158228
v -3.000000 -0.500000 -0.158228
v -3.000000 -1.500000 -1.158228
v -3.000000 -0.500000 -1.158228
v -2.000000 -1.500000 -0.158228
v -2.000000 -0.500000 -0.158228
v -2.000000 -1.500000 -1.158228
v -2.000000 -0.500000 -1.158228
v -2.000000 -1.500000 -0.158228
v -2.000000 -0.500000 -0.158228
v -2.000000 -1.500000 -1.158228
v -2.000000 -0.500000 -1.158228
v -1.000000 -1.500000 -0.158228
v -1.000000 -0.500000 -0.158228
v -1.000000 -1.500000 -1.158228
v -1.000000 -0.500000 -1.158228
v -1.000000 -1.500000 -0.158228
v -1.000000 -0.500000 -0.158228
v -1.000000 -1.500000 -1.158228
v -1.000000 -0.500000 -1.158228
v 0.000000 -1.500000 -0.158228
v 0.000000 -0.500000 -0.158228
v 0.000000 -1.500000 -1.158228
v 0.000000 -0.500000 -1.158228
v 0.000000 -1.500000 -0.158228
v 0.000000 -0.500000 -0.158228
v 0.000000 -1.500000 -1.158228
v 0.000000 -0.500000 -1.158228
v 1.000000 -1.500000 -0.158228
v 1.000000 -0.500000 -0.158228
v 1.000000 -1.500000 -1.158228
v 1.000000 -0.500000 -1.158228
v 1.000000 -1.500000 -0.158228
v 1.000000 -0.500000 -0.158228
v 1.000000 -1.500000 -1.158228
v 1.000000 -0.500000 -1.158228
v 2.000000 -1.500000 -0.158228
v 2.000000 -0.500000 -0.158228
v 2.000000 -1.500000 -1.158228
v 2.000000 -0.500000 -1.158228
v 2.000000 -1.500000 -0.158228
v 2.000000 -0.500000 -0.158228
v 2.000000 -1.500000 -1.158228
v 2.000000 -0.500000 -1.158228
v 3.000000 -1.500000 -0.158228
v 3.000000 -0.500000 -0.158228
v 3.000000 -1.500000 -1.158228
v 3.000000 -0.500000 -1.158228
v 3.000000 -1.500000 -0.158228
v 3.000000 -0.500000 -0.158228
v 3.000000 -1.500000 -1.158228
v 3.000000 -0.500000 -1.158228
v 4.000000 -1.500000 -0.158228
v 4.000000 -0.500000 -0.158228
v 4.000000 -1.500000 -1.158228
v 4.000000 -0.500000 -1.158228
v -4.000000 -1.500000 -1.158228
v -4.000000 -0.500000 -1.158228
v -4.000000 -1.500000 -2.158228
v -4.000000 -0.500000 -2.158228
v -3.000000 -1.500000 -1.158228
v -3.000000 -0.500000 -1.158228
v -3.000000 -1.500000 -2.158228
v -3.000000 -0.500000 -2.158228
v -3.000000 -1.500000 -1.158228
v -3.000000 -0.500000 -1.158228
v -3.000000 -1.500000 -2.158228
v -3.000000 -0.500000 -2.158228
v -2.000000 -1.500000 -1.158228
v -2.000000 -0.500000 -1.158228
v -2.000000 -1.500000 -2.158228
v -2.000000 -0.500000 -2.158228
v -2.000000 -1.500000 -1.158228
v -2.000000 -0.500000 -1.158228
v -2.000000 -1.500000 -2.158228
v -2.000000 -0.500000 -2.158228
v -1.000000 -1.500000 -1.158228
v -1.000000 -0.500000 -1.158228
v -1.000000 -1.500000 -2.158228
v -1.000000 -0.500000 -2.158228
v -1.000000 -1.500000 -1.158228
v -1.000000 -0.500000 -1.158228
v -1.000000 -1.500000 -2.158228
v -1.000000 -0.500000 -2.158228
v 0.000000 -1.500000 -1.158228
v 0.000000 -0.500000 -1.158228
v 0.000000 -1.500000 -2.158228
v 0.000000 -0.500000 -2.158228
v 0.000000 -1.500000 -1.158228
v 0.000000 -0.500000 -1.158228
v 0.000000 -1.500000 -2.158228
v 0.000000 -0.500000 -2.158228
v 1.000000 -1.500000 -1.158228
v 1.000000 -0.500000 -1.158228
v 1.000000 -1.500000 -2.158228
v 1.000000 -0.500000 -2.158228
v 1.000000 -1.500000 -1.158228
v 1.000000 -0.500000 -1.158228
v 1.000000 -1.500000 -2.158228
v 1.000000 -0.500000 -2.158228
v 2.000000 -1.500000 -1.158228
v 2.000000 -0.500000 -1.158228
v 2.000000 -1.500000 -2.158228
v 2.000000 -0.500000 -2.158228
v 2.000000 -1.500000 -1.158228
v 2.000000 -0.500000 -1.158228
v 2.000000 -1.500000 -2.158228
v 2.000000 -0.500000 -2.158228
v 3.000000 -1.500000 -1.158228
v 3.000000 -0.500000 -1.158228
v 3.000000 -1.500000 -2.158228
v 3.000000 -0.500000 -2.158228
v 3.000000 -1.500000 -1.158228
v 3.000000 -0.500000 -1.158228
v 3.000000 -1.500000 -2.158228
v 3.000000 -0.500000 -2.158228
v 4.000000 -1.500000 -1.158228
v 4.000000 -0.500000 -1.158228
v 4.000000 -1.500000 -2.158228
v 4.000000 -0.500000 -2.158228
v -4.000000 -1.500000 -2.158228
v -4.000000 -0.500000 -2.158228
v -4.000000 -1.500000 -3.158228
v -4.000000 -0.500000 -3.158228
v -3.000000 -1.500000 -2.158228
v -3.000000 -0.500000 -2.158228
v -3.000000 -1.500000 -3.158228
v -3.000000 -0.500000 -3.158228
v -3.000000 -1.500000 -2.158228
v -3.000000 -0.500000 -2.158228
v -3.000000 -1.500000 -3.158228
v -3.000000 -0.500000 -3.158228
v -2.000000 -1.500000 -2.158228
v -2.000000 -0.500000 -2.158228
v -2.000000 -1.500000 -3.158228
v -2.000000 -0.500000 -3.158228
v -2.000000 -1.500000 -2.158228
v -2.000000 -0.500000 -2.158228
v -2.000000 -1.500000 -3.158228
v -2.000000 -0.500000 -3.158228
v -1.000000 -1.500000 -2.158228
v -1.000000 -0.500000 -2.158228
v -1.000000 -1.500000 -3.158228
v -1.000000 -0.500000 -3.158228
v -1.000000 -1.500000 -2.158228
v -1.000000 -0.500000 -2.158228
v -1.000000 -1.500000 -3.158228
v -1.000000 -0.500000 -3.158228
v 0.000000 -1.500000 -2.158228
v 0.000000 -0.500000 -2.158228
v 0.000000 -1.500000 -3.158228
v 0.000000 -0.500000 -3.158228
v 0.000000 -1.500000 -2.158228
v 0.000000 -0.500000 -2.158228
v 0.000000 -1.500000 -3.158228
v 0.000000 -0.500000 -3.158228
v 1.000000 -1.500000 -2.158228
v 1.000000 -0.500000 -2.158228
v 1.000000 -1.500000 -3.158228
v 1.000000 -0.500000 -3.158228
v 1.000000 -1.500000 -2.158228
v 1.000000 -0.500000 -2.158228
v 1.000000 -1.500000 -3.158228
v 1.000000 -0.500000 -3.158228
v 2.000000 -1.500000 -2.158228
v 2.000000 -0.500000 -2.158228
v 2.000000 -1.500000 -3.158228
v 2.000000 -0.500000 -3.158228
v 2.000000 -1.500000 -2.158228
v 2.000000 -0.500000 -2.158228
v 2.000000 -1.500000 -3.158228
v 2.000000 -0.500000 -3.158228
v 3.000000 -1.500000 -2.158228
v 3.000000 -0.500000 -2.158228
v 3.000000 -1.500000 -3.158228
v 3.000000 -0.500000 -3.158228
v 3.000000 -1.500000 -2.158228
v 3.000000 -0.500000 -2.158228
v 3.000000 -1.500000 -3.158228
v 3.000000 -0.500000 -3.158228
v 4.000000 -1.500000 -2.158228
v 4.000000 -0.500000 -2.158228
v 4.000000 -1.500000 -3.158228
v 4.000000 -0.500000 -3.158228
v -4.000000 -1.500000 -3.158228
v -4.000000 -0.500000 -3.158228
v -4.000000 -1.500000 -4.158228
v -4.000000 -0.500000 -4.158228
v -3.000000 -1.500000 -3.158228
v -3.000000 -0.500000 -3.158228
v -3.000000 -1.500000 -4.158228
v -3.000000 -0.500000 -4.158228
v -3.000000 -1.500000 -3.158228
v -3.000000 -0.500000 -3.158228
v -3.000000 -1.500000 -4.158228
v -3.000000 -0.500000 -4.158228
v -2.000000 -1.500000 -3.158228
v -2.000000 -0.500000 -3.158228
v -2.000000 -1.500000 -4.158228
v -2.000000 -0.500000 -4.158228
v -2.000000 -1.500000 -3.158228
v -2.000000 -0.500000 -3.158228
v -2.000000 -1.500000 -4.158228
v -2.000000 -0.500000 -4.158228
v -1.000000 -1.500000 -3.158228
v -1.000000 -0.500000 -3.158228
v -1.000000 -1.500000 -4.158228
v -1.000000 -0.500000 -4.158228
v -1.000000 -1.500000 -3.158228
v -1.000000 -0.500000 -3.158228
v -1.000000 -1.500000 -4.158228
v -1.000000 -0.500000 -4.158228
v 0.000000 -1.500000 -3.158228
v 0.000000 -0.500000 -3.158228
v 0.000000 -1.500000 -4.158228
v 0.000000 -0.500000 -4.158228
v 0.000000 -1.500000 -3.158228
v 0.000000 -0.500000 -3.158228
v 0.000000 -1.500000 -4.158228
v 0.000000 -0.500000 -4.158228
v 1.000000 -1.500000 -3.158228
v 1.000000 -0.500000 -3.158228
v 1.000000 -1.500000 -4.158228
v 1.000000 -0.500000 -4.158228
v 1.000000 -1.500000 -3.158228
v 1.000000 -0.500000 -3.158228
v 1.000000 -1.500000 -4.158228
v 1.000000 -0.500000 -4.158228
v 2.000000 -1.500000 -3.158228
v 2.000000 -0.500000 -3.158228
v 2.000000 -1.500000 -4.158228
v 2.000000 -0.500000 -4.158228
v 2.000000 -1.500000 -3.158228
v 2.000000 -0.500000 -3.158228
v 2.000000 -1.500000 -4.158228
v 2.000000 -0.500000 -4.158228
v 3.000000 -1.500000 -3.158228
v 3.000000 -0.500000 -3.158228
v 3.000000 -1.500000 -4.158228
v 3.000000 -0.500000 -4.158228
v 3.000000 -1.500000 -3.158228
v 3.000000 -0.500000 -3.158228
v 3.000000 -1.500000 -4.158228
v 3.000000 -0.500000 -4.158228
v 4.000000 -1.500000 -3.158228
v 4.000000 -0.500000 -3.158228
v 4.000000 -1.500000 -4.158228
v 4.000000 -0.500000 -4.158228
v -4.000000 -1.500000 -4.158228
v -4.000000 -0.500000 -4.158228
v -4.000000 -1.500000 -5.158228
v -4.000000 -0.500000 -5.158228
v -3.000000 -1.500000 -4.158228
v -3.000000 -0.500000 -4.158228
v -3.000000 -1.500000 -5.158228
v -3.000000 -0.500000 -5.158228
v -3.000000 -1.500000 -4.158228
v -3.000000 -0.500000 -4.158228
v -3.000000 -1.500000 -5.158228
v -3.000000 -0.500000 -5.158228
v -2.000000 -1.500000 -4.158228
v -2.000000 -0.500000 -4.158228
v -2.000000 -1.500000 -5.158228
v -2.000000 -0.500000 -5.158228
v -2.000000 -1.500000 -4.158228
v -2.000000 -0.500000 -4.158228
v -2.000000 -1.500000 -5.158228
v -2.000000 -0.500000 -5.158228
v -1.000000 -1.500000 -4.158228
v -1.000000 -0.500000 -4.158228
v -1.000000 -1.500000 -5.158228
v -1.000000 -0.500000 -5.158228
v -1.000000 -1.500000 -4.158228
v -1.000000 -0.500000 -4.158228
v -1.000000 -1.500000 -5.158228
v -1.000000 -0.500000 -5.158228
v 0.000000 -1.500000 -4.158228
v 0.000000 -0.500000 -4.158228
v 0.000000 -1.500000 -5.158228
v 0.000000 -0.500000 -5.158228
v 0.000000 -1.500000 -4.158228
v 0.000000 -0.500000 -4.158228
v 0.000000 -1.500000 -5.158228
v 0.000000 -0.500000 -5.158228
v 1.000000 -1.500000 -4.158228
v 1.000000 -0.500000 -4.158228
v 1.000000 -1.500000 -5.158228
v 1.000000 -0.500000 -5.158228
v 1.000000 -1.500000 -4.158228
v 1.000000 -0.500000 -4.158228
v 1.000000 -1.500000 -5.158228
v 1.000000 -0.500000 -5.158228
v 2.000000 -1.500000 -4.158228
v 2.000000 -0.500000 -4.158228
v 2.000000 -1.500000 -5.158228
v 2.000000 -0.500000 -5.158228
v 2.000000 -1.500000 -4.158228
v 2.000000 -0.500000 -4.158228
v 2.000000 -1.500000 -5.158228
v 2.000000 -0.500000 -5.158228
v 3.000000 -1.500000 -4.158228
v 3.000000 -0.500000 -4.158228
v 3.000000 -1.500000 -5.158228
v 3.000000 -0.500000 -5.158228
v 3.000000 -1.500000 -4.158228
v 3.000000 -0.500000 -4.158228
v 3.000000 -1.500000 -5.158228
v 3.000000 -0.500000 -5.158228
v 4.000000 -1.500000 -4.158228
v 4.000000 -0.500000 -4.158228
v 4.000000 -1.500000 -5.158228
v 4.000000 -0.500000 -5.158228
v -4.000000 -1.500000 -5.158228
v -4.000000 -0.500000 -5.158228
v -4.000000 -1.500000 -6.158228
v -4.000000 -0.500000 -6.158228
v -3.000000 -1.500000 -5.158228
v -3.000000 -0.500000 -5.158228
v -3.000000 -1.500000 -6.158228
v -3.000000 -0.500000 -6.158228
v -3.000000 -1.500000 -5.158228
v -3.000000 -0.500000 -5.158228
v -3.000000 -1.500000 -6.158228
v -3.000000 -0.500000 -6.158228
v -2.000000 -1.500000 -5.158228
v -2.000000 -0.500000 -5.158228
v -2.000000 -1.500000 -6.158228
v -2.000000 -0.500000 -6.158228
v -2.000000 -1.500000 -5.158228
v -2.000000 -0.500000 -5.158228
v -2.000000 -1.500000 -6.158228
v -2.000000 -0.500000 -6.158228
v -1.000000 -1.500000 -5.158228
v -1.000000 -0.500000 -5.158228
v -1.000000 -1.500000 -6.158228
v -1.000000 -0.500000 -6.158228
v -1.000000 -1.500000 -5.158228
v -1.000000 -0.500000 -5.158228
v -1.000000 -1.500000 -6.158228
v -1.000000 -0.500000 -6.158228
v 0.000000 -1.500000 -5.158228
v 0.000000 -0.500000 -5.158228
v 0.000000 -1.500000 -6.158228
v 0.000000 -0.500000 -6.158228
v 0.000000 -1.500000 -5.158228
v 0.000000 -0.500000 -5.158228
v 0.000000 -1.500000 -6.158228
v 0.000000 -0.500000 -6.158228
v 1.000000 -1.500000 -5.158228
v 1.000000 -0.500000 -5.158228
v 1.000000 -1.500000 -6.158228
v 1.000000 -0.500000 -6.158228
v 1.000000 -1.500000 -5.158228
v 1.000000 -0.500000 -5.158228
v 1.000000 -1.500000 -6.158228
v 1.000000 -0.500000 -6.158228
v 2.000000 -1.500000 -5.158228
v 2.000000 -0.500000 -5.158228
v 2.000000 -1.500000 -6.158228
v 2.000000 -0.500000 -6.158228
v 2.000000 -1.500000 -5.158228
v 2.000000 -0.500000 -5.158228
v 2.000000 -1.500000 -6.158228
v 2.000000 -0.500000 -6.158228
v 3.000000 -1.500000 -5.158228
v 3.000000 -0.500000 -5.158228
v 3.000000 -1.500000 -6.158228
v 3.000000 -0.500000 -6.158228
v 3.000000 -1.500000 -5.158228
v 3.000000 -0.500000 -5.158228
v 3.000000 -1.500000 -6.158228
v 3.000000 -0.500000 -6.158228
v 4.000000 -1.500000 -5.158228
v 4.000000 -0.500000 -5.158228
v 4.000000 -1.500000 -6.158228
v 4.000000 -0.500000 -6.158228
v -4.000000 -0.500000 6.841772
v -4.000000 0.500000 6.841772
v -4.000000 -0.500000 5.841772
v -4.000000 0.500000 5.841772
v -3.000000 -0.500000 6.841772
v -3.000000 0.500000 6.841772
v -3.000000 -0.500000 5.841772
v -3.000000 0.500000 5.841772
v -3.000000 -0.500000 6.841772
v -3.000000 0.500000 6.841772
v -3.000000 -0.500000 5.841772
v -3.000000 0.500000 5.841772
v -2.000000 -0.500000 6.841772
v -2.000000 0.500000 6.841772
v -2.000000 -0.500000 5.841772
v -2.000000 0.500000 5.841772
v -2.000000 -0.500000 6.841772
v -2.000000 0.500000 6.841772
v -2.000000 -0.500000 5.841772
v -2.000000 0.500000 5.841772
v -1.000000 -0.500000 6.841772
v -1.000000 0.500000 6.841772
v -1.000000 -0.500000 5.841772
v -1.000000 0.500000 5.841772
v -1.000000 -0.500000 6.841772
v -1.000000 0.500000 6.841772
v -1.000000 -0.500000 5.841772
v -1.000000 0.500000 5.841772
v 0.000000 -0.500000 6.841772
v 0.000000 0.500000 6.841772
v 0.000000 -0.500000 5.841772
v 0.000000 0.500000 5.841772
v 0.000000 -0.500000 6.841772
v 0.000000 0.500000 6.841772
v 0.000000 -0.500000 5.841772
v 0.000000 0.500000 5.841772
v 1.000000 -0.500000 6.841772
v 1.000000 0.500000 6.841772
v 1.000000 -0.500000 5.841772
v 1.000000 0.500000 5.841772
v 1.000000 -0.500000 6.841772
v 1.000000 0.500000 6.841772
v 1.000000 -0.500000 5.841772
v 1.000000 0.500000 5.841772
v 2.000000 -0.500000 6.841772
v 2.000000 0.500000 6.841772
v 2.000000 -0.500000 5.841772
v 2.000000 0.500000 5.841772
v 2.000000 -0.500000 6.841772
v 2.000000 0.500000 6.841772
v 2.000000 -0.500000 5.841772
v 2.000000 0.500000 5.841772
v 3.000000 -0.500000 6.841772
v 3.000000 0.500000 6.841772
v 3.000000 -0.500000 5.841772
v 3.000000 0.500000 5.841772
v 3.000000 -0.500000 6.841772
v 3.000000 0.500000 6.841772
v 3.000000 -0.500000 5.841772
v 3.000000 0.500000 5.841772
v 4.000000 -0.500000 6.841772
v 4.000000 0.500000 6.841772
v 4.000000 -0.500000 5.841772
v 4.000000 0.500000 5.841772
v -4.000000 -0.500000 5.841772
v -4.000000 0.500000 5.841772
v -4.000000 -0.500000 4.841772
v -4.000000 0.500000 4.841772
v -3.000000 -0.500000 5.841772
v -3.000000 0.500000 5.841772
v -3.000000 -0.500000 4.841772
v -3.000000 0.500000 4.841772
v -3.000000 -0.500000 5.841772
v -3.000000 0.500000 5.841772
v -3.000000 -0.500000 4.841772
v -3.000000 0.500000 4.841772
v -2.000000 -0.500000 5.841772
v -2.000000 0.500000 5.841772
v -2.000000 -0.500000 4.841772
v -2.000000 0.500000 4.841772
v -2.000000 -0.500000 5.841772
v -2.000000 0.500000 5.841772
v -2.000000 -0.500000 4.841772
v -2.000000 0.500000 4.841772
v -1.000000 -0.500000 5.841772
v -1.000000 0.500000 5.841772
v -1.000000 -0.500000 4.841772
v -1.000000 0.500000 4.841772
v -1.000000 -0.500000 5.841772
v -1.000000 0.500000 5.841772
v -1.000000 -0.500000 4.841772
v -1.000000 0.500000 4.841772
v 0.000000 -0.500000 5.841772
v 0.000000 0.500000 5.841772
v 0.000000 -0.500000 4.841772
v 0.000000 0.500000 4.841772
v 0.000000 -0.500000 5.841772
v 0.000000 0.500000 5.841772
v 0.000000 -0.500000 4.841772
v 0.000000 0.500000 4.841772
v 1.000000 -0.500000 5.841772
v 1.000000 0.500000 5.841772
v 1.000000 -0.500000 4.841772
v 1.000000 0.500000 4.841772
v 1.000000 -0.500000 5.841772
v 1.000000 0.500000 5.841772
v 1.000000 -0.500000 4.841772
v 1.000000 0.500000 4.841772
v 2.000000 -0.500000 5.841772
v 2.000000 0.500000 5.841772
v 2.000000 -0.500000 4.841772
v 2.000000 0.500000 4.841772
v 2.000000 -0.500000 5.841772
v 2.000000 0.500000 5.841772
v 2.000000 -0.500000 4.841772
v 2.000000 0.500000 4.841772
v 3.000000 -0.500000 5.841772
v 3.000000 0.500000 5.841772
v 3.000000 -0.500000 4.841772
v 3.000000 0.500000 4.841772
v 3.000000 -0.500000 5.841772
v 3.000000 0.500000 5.841772
v 3.000000 -0.500000 4.841772
v 3.000000 0.500000 4.841772
v 4.000000 -0.500000 5.841772
v 4.000000 0.500000 5.841772
v 4.000000 -0.500000 4.841772
v 4.000000 0.500000 4.841772
v -4.000000 -0.500000 4.841772
v -4.000000 0.500000 4.841772
v -4.000000 -0.500000 3.841772
v -4.000000 0.500000 3.841772
v -3.000000 -0.500000 4.841772
v -3.000000 0.500000 4.841772
v -3.000000 -0.500000 3.841772
v -3.000000 0.500000 3.841772
v -3.000000 -0.500000 4.841772
v -3.000000 0.500000 4.841772
v -3.000000 -0.500000 3.841772
v -3.000000 0.500000 3.841772
v -2.000000 -0.500000 4.841772
v -2.000000 0.500000 4.841772
v -2.000000 -0.500000 3.841772
v -2.000000 0.500000 3.841772
v -2.000000 -0.500000 4.841772
v -2.000000 0.500000 4.841772
v -2.000000 -0.500000 3.841772
v -2.000000 0.500000 3.841772
v -1.000000 -0.500000 4.841772
v -1.000000 0.500000 4.841772
v -1.000000 -0.500000 3.841772
v -1.000000 0.500000 3.841772
v -1.000000 -0.500000 4.841772
v -1.000000 0.500000 4.841772
v -1.000000 -0.500000 3.841772
v -1.000000 0.500000 3.841772
v 0.000000 -0.500000 4.841772
v 0.000000 0.500000 4.841772
v 0.000000 -0.500000 3.841772
v 0.000000 0.500000 3.841772
v 0.000000 -0.500000 4.841772
v 0.000000 0.500000 4.841772
v 0.000000 -0.500000 3.841772
v 0.000000 0.500000 3.841772
v 1.000000 -0.500000 4.841772
v 1.000000 0.500000 4.841772
v 1.000000 -0.500000 3.841772
v 1.000000 0.500000 3.841772
v 1.000000 -0.500000 4.841772
v 1.000000 0.500000 4.841772
v 1.000000 -0.500000 3.841772
v 1.000000 0.500000 3.841772
v 2.000000 -0.500000 4.841772
v 2.000000 0.500000 4.841772
v 2.000000 -0.500000 3.841772
v 2.000000 0.500000 3.841772
v 2.000000 -0.500000 4.841772
v 2.000000 0.500000 4.841772
v 2.000000 -0.500000 3.841772
v 2.000000 0.500000 3.841772
v 3.000000 -0.500000 4.841772
v 3.000000 0.500000 4.841772
v 3.000000 -0.500000 3.841772
v 3.000000 0.500000 3.841772
v 3.000000 -0.500000 4.841772
v 3.000000 0.500000 4.841772
v 3.000000 -0.500000 3.841772
v 3.000000 0.500000 3.841772
v 4.000000 -0.500000 4.841772
v 4.000000 0.500000 4.841772
v 4.000000 -0.500000 3.841772
v 4.000000 0.500000 3.841772
v -4.000000 -0.500000 3.841772
v -4.000000 0.500000 3.841772
v -4.000000 -0.500000 2.841772
v -4.000000 0.500000 2.841772
v -3.000000 -0.500000 3.841772
v -3.000000 0.500000 3.841772
v -3.000000 -0.500000 2.841772
v -3.000000 0.500000 2.841772
v -3.000000 -0.500000 3.841772
v -3.000000 0.500000 3.841772
v -3.000000 -0.500000 2.841772
v -3.000000 0.500000 2.841772
v -2.000000 -0.500000 3.841772
v -2.000000 0.500000 3.841772
v -2.000000 -0.500000 2.841772
v -2.000000 0.500000 2.841772
v -2.000000 -0.500000 3.841772
v -2.000000 0.500000 3.841772
v -2.000000 -0.500000 2.841772
v -2.000000 0.500000 2.841772
v -1.000000 -0.500000 3.841772
v -1.000000 0.500000 3.841772
v -1.000000 -0.500000 2.841772
v -1.000000 0.500000 2.841772
v -1.000000 -0.500000 3.841772
v -1.000000 0.500000 3.841772
v -1.000000 -0.500000 2.841772
v -1.000000 0.500000 2.841772
v 0.000000 -0.500000 3.841772
v 0.000000 0.500000 3.841772
v 0.000000 -0.500000 2.841772
v 0.000000 0.500000 2.841772
v 0.000000 -0.500000 3.841772
v 0.000000 0.500000 3.841772
v 0.000000 -0.500000 2.841772
v 0.000000 0.500000 2.841772
v 1.000000 -0.500000 3.841772
v 1.000000 0.500000 3.841772
v 1.000000 -0.500000 2.841772
v 1.000000 0.500000 2.841772
v 1.000000 -0.500000 3.841772
v 1.000000 0.500000 3.841772
v 1.000000 -0.500000 2.841772
v 1.000000 0.500000 2.841772
v 2.000000 -0.500000 3.841772
v 2.000000 0.500000 3.841772
v 2.000000 -0.500000 2.841772
v 2.000000 0.500000 2.841772
v 2.000000 -0.500000 3.841772
v 2.000000 0.500000 3.841772
v 2.000000 -0.500000 2.841772
v 2.000000 0.500000 2.841772
v 3.000000 -0.500000 3.841772
v 3.000000 0.500000 3.841772
v 3.000000 -0.500000 2.841772
v 3.000000 0.500000 2.841772
v 3.000000 -0.500000 3.841772
v 3.000000 0.500000 3.841772
v 3.000000 -0.500000 2.841772
v 3.000000 0.500000 2.841772
v 4.000000 -0.500000 3.841772
v 4.000000 0.500000 3.841772
v 4.000000 -0.500000 2.841772
v 4.000000 0.500000 2.841772
v -4.000000 -0.500000 2.841772
v -4.000000 0.500000 2.841772
v -4.000000 -0.500000 1.841772
v -4.000000 0.500000 1.841772
v -3.000000 -0.500000 2.841772
v -3.000000 0.500000 2.841772
v -3.000000 -0.500000 1.841772
v -3.000000 0.500000 1.841772
v -3.000000 -0.500000 2.841772
v -3.000000 0.500000 2.841772
v -3.000000 -0.500000 1.841772
v -3.000000 0.500000 1.841772
v -2.000000 -0.500000 2.841772
v -2.000000 0.500000 2.841772
v -2.000000 -0.500000 1.841772
v -2.000000 0.500000 1.841772
v -2.000000 -0.500000 2.841772
v -2.000000 0.500000 2.841772
v -2.000000 -0.500000 1.841772
v -2.000000 0.500000 1.841772
v -1.000000 -0.500000 2.841772
v -1.000000 0.500000 2.841772
v -1.000000 -0.500000 1.841772
v -1.000000 0.500000 1.841772
v -1.000000 -0.500000 2.841772
v -1.000000 0.500000 2.841772
v -1.000000 -0.500000 1.841772
v -1.000000 0.500000 1.841772
v 0.000000 -0.500000 2.841772
v 0.000000 0.500000 2.841772
v 0.000000 -0.500000 1.841772
v 0.000000 0.500000 1.841772
v 0.000000 -0.500000 2.841772
v 0.000000 0.500000 2.841772
v 0.000000 -0.500000 1.841772
v 0.000000 0.500000 1.841772
v 1.000000 -0.500000 2.841772
v 1.000000 0.500000 2.841772
v 1.000000 -0.500000 1.841772
v 1.000000 0.500000 1.841772
v 1.000000 -0.500000 2.841772
v 1.000000 0.500000 2.841772
v 1.000000 -0.500000 1.841772
v 1.000000 0.500000 1.841772
v 2.000000 -0.500000 2.841772
v 2.000000 0.500000 2.841772
v 2.000000 -0.500000 1.841772
v 2.000000 0.500000 1.841772
v 2.000000 -0.500000 2.841772
v 2.000000 0.500000 2.841772
v 2.000000 -0.500000 1.841772
v 2.000000 0.500000 1.841772
v 3.000000 -0.500000 2.841772
v 3.000000 0.500000 2.841772
v 3.000000 -0.500000 1.841772
v 3.000000 0.500000 1.841772
v 3.000000 -0.500000 2.841772
v 3.000000 0.500000 2.841772
v 3.000000 -0.500000 1.841772
v 3.000000 0.500000 1.841772
v 4.000000 -0.500000 2.841772
v 4.000000 0.500000 2.841772
v 4.000000 -0.500000 1.841772
v 4.000000 0.500000 1.841772
v -4.000000 -0.500000 1.841772
v -4.000000 0.500000 1.841772
v -4.000000 -0.500000 0.841772
v -4.000000 0.500000 0.841772
v -3.000000 -0.500000 1.841772
v -3.000000 0.500000 1.841772
v -3.000000 -0.500000 0.841772
v -3.000000 0.500000 0.841772
v -3.000000 -0.500000 1.841772
v -3.000000 0.500000 1.841772
v -3.000000 -0.500000 0.841772
v -3.000000 0.500000 0.841772
v -2.000000 -0.500000 1.841772
v -2.000000 0.500000 1.841772
v -2.000000 -0.500000 0.841772
v -2.000000 0.500000 0.841772
v -2.000000 -0.500000 1.841772
v -2.000000 0.500000 1.841772
v -2.000000 -0.500000 0.841772
v -2.000000 0.500000 0.841772
v -1.000000 -0.500000 1.841772
v -1.000000 0.500000 1.841772
v -1.000000 -0.500000 0.841772
v -1.000000 0.500000 0.841772
v -1.000000 -0.500000 1.841772
v -1.000000 0.500000 1.841772
v -1.000000 -0.500000 0.841772
v -1.000000 0.500000 0.841772
v 0.000000 -0.500000 1.841772
v 0.000000 0.500000 1.841772
v 0.000000 -0.500000 0.841772
v 0.000000 0.500000 0.841772
v 0.000000 -0.500000 1.841772
v 0.000000 0.500000 1.841772
v 0.000000 -0.500000 0.841772
v 0.000000 0.500000 0.841772
v 1.000000 -0.500000 1.841772
v 1.000000 0.500000 1.841772
v 1.000000 -0.500000 0.841772
v 1.000000 0.500000 0.841772
v 1.000000 -0.500000 1.841772
v 1.000000 0.500000 1.841772
v 1.000000 -0.500000 0.841772
v 1.000000 0.500000 0.841772
v 2.000000 -0.500000 1.841772
v 2.000000 0.500000 1.841772
v 2.000000 -0.500000 0.841772
v 2.000000 0.500000 0.841772
v 2.000000 -0.500000 1.841772
v 2.000000 0.500000 1.841772
v 2.000000 -0.500000 0.841772
v 2.000000 0.500000 0.841772
v 3.000000 -0.500000 1.841772
v 3.000000 0.500000 1.841772
v 3.000000 -0.500000 0.841772
v 3.000000 0.500000 0.841772
v 3.000000 -0.500000 1.841772
v 3.000000 0.500000 1.841772
v 3.000000 -0.500000 0.841772
v 3.000000 0.500000 0.841772
v 4.000000 -0.500000 1.841772
v 4.000000 0.500000 1.841772
v 4.000000 -0.500000 0.841772
v 4.000000 0.500000 0.841772
v -4.000000 -0.500000 0.841772
v -4.000000 0.500000 0.841772
v -4.000000 -0.500000 -0.158228
v -4.000000 0.500000 -0.158228
v -3.000000 -0.500000 0.841772
v -3.000000 0.500000 0.841772
v -3.000000 -0.500000 -0.158228
v -3.000000 0.500000 -0.158228
v -3.000000 -0.500000 0.841772
v -3.000000 0.500000 0.841772
v -3.000000 -0.500000 -0.158228
v -3.000000 0.500000 -0.158228
v -2.000000 -0.500000 0.841772
v -2.000000 0.500000 0.841772
v -2.000000 -0.500000 -0.158228
v -2.000000 0.500000 -0.158228
v -2.000000 -0.500000 0.841772
v -2.000000 0.500000 0.841772
v -2.000000 -0.500000 -0.158228
v -2.000000 0.500000 -0.158228
v -1.000000 -0.500000 0.841772
v -1.000000 0.500000 0.841772
v -1.000000 -0.500000 -0.158228
v -1.000000 0.500000 -0.158228
v -1.000000 -0.500000 0.841772
v -1.000000 0.500000 0.841772
v -1.000000 -0.500000 -0.158228
v -1.000000 0.500000 -0.158228
v 0.000000 -0.500000 0.841772
v 0.000000 0.500000 0.841772
v 0.000000 -0.500000 -0.158228
v 0.000000 0.500000 -0.158228
v 0.000000 -0.500000 0.841772
v 0.000000 0.500000 0.841772
v 0.000000 -0.500000 -0.158228
v 0.000000 0.500000 -0.158228
v 1.000000 -0.500000 0.841772
v 1.000000 0.500000 0.841772
v 1.000000 -0.500000 -0.158228
v 1.000000 0.500000 -0.158228
v 1.000000 -0.500000 0.841772
v 1.000000 0.500000 0.841772
v 1.000000 -0.500000 -0.158228
v 1.000000 0.500000 -0.158228
v 2.000000 -0.500000 0.841772
v 2.000000 0.500000 0.841772
v 2.000000 -0.500000 -0.158228
v 2.000000 0.500000 -0.158228
v 2.000000 -0.500000 0.841772
v 2.000000 0.500000 0.841772
v 2.000000 -0.500000 -0.158228
v 2.000000 0.500000 -0.158228
v 3.000000 -0.500000 0.841772
v 3.000000 0.500000 0.841772
v 3.000000 -0.500000 -0.158228
v 3.000000 0.500000 -0.158228
v 3.000000 -0.500000 0.841772
v 3.000000 0.500000 0.841772
v 3.000000 -0.500000 -0.158228
v 3.000000 0.500000 -0.158228
v 4.000000 -0.500000 0.841772
v 4.000000 0.500000 0.841772
v 4.000000 -0.500000 -0.158228
v 4.000000 0.500000 -0.158228
v -4.000000 -0.500000 -0.158228
v -4.000000 0.500000 -0.158228
v -4.000000 -0.500000 -1.158228
v -4.000000 0.500000 -1.158228
v -3.000000 -0.500000 -0.158228
v -3.000000 0.500000 -0.158228
v -3.000000 -0.500000 -1.158228
v -3.000000 0.500000 -1.158228
v -3.000000 -0.500000 -0.158228
v -3.000000 0.500000 -0.158228
v -3.000000 -0.500000 -1.158228
v -3.000000 0.500000 -1.158228
v -2.000000 -0.500000 -0.158228
v -2.000000 0.500000 -0.158228
v -2.000000 -0.500000 -1.158228
v -2.000000 0.500000 -1.158228
v -2.000000 -0.500000 -0.158228
v -2.000000 0.500000 -0.158228
v -2.000000 -0.500000 -1.158228
v -2.000000 0.500000 -1.158228
v -1.000000 -0.500000 -0.158228
v -1.000000 0.500000 -0.158228
v -1.000000 -0.500000 -1.158228
v -1.000000 0.500000 -1.158228
v -1.000000 -0.500000 -0.158228
v -1.000000 0.500000 -0.158228
v -1.000000 -0.500000 -1.158228
v -1.000000 0.500000 -1.158228
v 0.000000 -0.500000 -0.158228
v 0.000000 0.500000 -0.158228
v 0.000000 -0.500000 -1.158228
v 0.000000 0.500000 -1.158228
v 0.000000 -0.500000 -0.158228
v 0.000000 0.500000 -0.158228
v 0.000000 -0.500000 -1.158228
v 0.000000 0.500000 -1.158228
v 1.000000 -0.500000 -0.158228
v 1.000000 0.500000 -0.158228
v 1.000000 -0.500000 -1.158228
v 1.000000 0.500000 -1.158228
v 1.000000 -0.500000 -0.158228
v 1.000000 0.500000 -0.158228
v 1.000000 -0.500000 -1.158228
v 1.000000 0.500000 -1.158228
v 2.000000 -0.500000 -0.158228
v 2.000000 0.500000 -0.158228
v 2.000000 -0.500000 -1.158228
v 2.000000 0.500000 -1.158228
v 2.000000 -0.500000 -0.158228
v 2.000000 0.500000 -0.158228
v 2.000000 -0.500000 -1.158228
v 2.000000 0.500000 -1.158228
v 3.000000 -0.500000 -0.158228
v 3.000000 0.500000 -0.158228
v 3.000000 -0.500000 -1.158228
v 3.000000 0.500000 -1.158228
v 3.000000 -0.500000 -0.158228
v 3.000000 0.500000 -0.158228
v 3.000000 -0.500000 -1.158228
v 3.000000 0.500000 -1.158228
v 4.000000 -0.500000 -0.158228
v 4.000000 0.500000 -0.158228
v 4.000000 -0.500000 -1.158228
v 4.000000 0.500000 -1.158228
v -4.000000 -0.500000 -1.158228
v -4.000000 0.500000 -1.158228
v -4.000000 -0.500000 -2.158228
v -4.000000 0.500000 -2.158228
v -3.000000 -0.500000 -1.158228
v -3.000000 0.500000 -1.158228
v -3.000000 -0.500000 -2.158228
v -3.000000 0.500000 -2.158228
v -3.000000 -0.500000 -1.158228
v -3.000000 0.500000 -1.158228
v -3.000000 -0.500000 -2.158228
v -3.000000 0.500000 -2.158228
v -2.000000 -0.500000 -1.158228
v -2.000000 0.500000 -1.158228
v -2.000000 -0.500000 -2.158228
v -2.000000 0.500000 -2.158228
v -2.000000 -0.500000 -1.158228
v -2.000000 0.500000 -1.158228
v -2.000000 -0.500000 -2.158228
v -2.000000 0.500000 -2.158228
v -1.000000 -0.500000 -1.158228
v -1.000000 0.500000 -1.158228
v -1.000000 -0.500000 -2.158228
v -1.000000 0.500000 -2.158228
v -1.000000 -0.500000 -1.158228
v -1.000000 0.500000 -1.158228
v -1.000000 -0.500000 -2.158228
v -1.000000 0.500000 -2.158228
v 0.000000 -0.500000 -1.158228
v 0.000000 0.500000 -1.158228
v 0.000000 -0.500000 -2.158228
v 0.000000 0.500000 -2.158228
v 0.000000 -0.500000 -1.158228
v 0.000000 0.500000 -1.158228
v 0.000000 -0.500000 -2.158228
v 0.000000 0.500000 -2.158228
v 1.000000 -0.500000 -1.158228
v 1.000000 0.500000 -1.158228
v 1.000000 -0.500000 -2.158228
v 1.000000 0.500000 -2.158228
v 1.000000 -0.500000 -1.158228
v 1.000000 0.500000 -1.158228
v 1.000000 -0.500000 -2.158228
v 1.000000 0.500000 -2.158228
v 2.000000 -0.500000 -1.158228
v 2.000000 0.500000 -1.158228
v 2.000000 -0.500000 -2.158228
v 2.000000 0.500000 -2.158228
v 2.000000 -0.500000 -1.158228
v 2.000000 0.500000 -1.158228
v 2.000000 -0.500000 -2.158228
v 2.000000 0.500000 -2.158228
v 3.000000 -0.500000 -1.158228
v 3.000000 0.500000 -1.158228
v 3.000000 -0.500000 -2.158228
v 3.000000 0.500000 -2.158228
v 3.000000 -0.500000 -1.158228
v 3.000000 0.500000 -1.158228
v 3.000000 -0.500000 -2.158228
v 3.000000 0.500000 -2.158228
v 4.000000 -0.500000 -1.158228
v 4.000000 0.500000 -1.158228
v 4.000000 -0.500000 -2.158228
v 4.000000 0.500000 -2.158228
v -4.000000 -0.500000 -2.158228
v -4.000000 0.500000 -2.158228
v -4.000000 -0.500000 -3.158228
v -4.000000 0.500000 -3.158228
v -3.000000 -0.500000 -2.158228
v -3.000000 0.500000 -2.158228
v -3.000000 -0.500000 -3.158228
v -3.000000 0.500000 -3.158228
v -3.000000 -0.500000 -2.158228
v -3.000000 0.500000 -2.158228
v -3.000000 -0.500000 -3.158228
v -3.000000 0.500000 -3.158228
v -2.000000 -0.500000 -2.158228
v -2.000000 0.500000 -2.158228
v -2.000000 -0.500000 -3.158228
v -2.000000 0.500000 -3.158228
v -2.000000 -0.500000 -2.158228
v -2.000000 0.500000 -2.158228
v -2.000000 -0.500000 -3.158228
v -2.000000 0.500000 -3.158228
v -1.000000 -0.500000 -2.158228
v -1.000000 0.500000 -2.158228
v -1.000000 -0.500000 -3.158228
v -1.000000 0.500000 -3.158228
v -1.000000 -0.500000 -2.158228
v -1.000000 0.500000 -2.158228
v -1.000000 -0.500000 -3.158228
v -1.000000 0.500000 -3.158228
v 0.000000 -0.500000 -2.158228
v 0.000000 0.500000 -2.158228
v 0.000000 -0.500000 -3.158228
v 0.000000 0.500000 -3.158228
v 0.000000 -0.500000 -2.158228
v 0.000000 0.500000 -2.158228
v 0.000000 -0.500000 -3.158228
v 0.000000 0.500000 -3.158228
v 1.000000 -0.500000 -2.158228
v 1.000000 0.500000 -2.158228
v 1.000000 -0.500000 -3.158228
v 1.000000 0.500000 -3.158228
v 1.000000 -0.500000 -2.158228
v 1.000000 0.500000 -2.158228
v 1.000000 -0.500000 -3.158228
v 1.000000 0.500000 -3.158228
v 2.000000 -0.500000 -2.158228
v 2.000000 0.500000 -2.158228
v 2.000000 -0.500000 -3.158228
v 2.000000 0.500000 -3.158228
v 2.000000 -0.500000 -2.158228
v 2.000000 0.500000 -2.158228
v 2.000000 -0.500000 -3.158228
v 2.000000 0.500000 -3.158228
v 3.000000 -0.500000 -2.158228
v 3.000000 0.500000 -2.158228
v 3.000000 -0.500000 -3.158228
v 3.000000 0.500000 -3.158228
v 3.000000 -0.500000 -2.158228
v 3.000000 0.500000 -2.158228
v 3.000000 -0.500000 -3.158228
v 3.000000 0.500000 -3.158228
v 4.000000 -0.500000 -2.158228
v 4.000000 0.500000 -2.158228
v 4.000000 -0.500000 -3.158228
v 4.000000 0.500000 -3.158228
v -4.000000 -0.500000 -3.158228
v -4.000000 0.500000 -3.158228
v -4.000000 -0.500000 -4.158228
v -4.000000 0.500000 -4.158228
v -3.000000 -0.500000 -3.158228
v -3.000000 0.500000 -3.158228
v -3.000000 -0.500000 -4.158228
v -3.000000 0.500000 -4.158228
v -3.000000 -0.500000 -3.158228
v -3.000000 0.500000 -3.158228
v -3.000000 -0.500000 -4.158228
v -3.000000 0.500000 -4.158228
v -2.000000 -0.500000 -3.158228
v -2.000000 0.500000 -3.158228
v -2.000000 -0.500000 -4.158228
v -2.000000 0.500000 -4.158228
v -2.000000 -0.500000 -3.158228
v -2.000000 0.500000 -3.158228
v -2.000000 -0.500000 -4.158228
v -2.000000 0.500000 -4.158228
v -1.000000 -0.500000 -3.158228
v -1.000000 0.500000 -3.158228
v -1.000000 -0.500000 -4.158228
v -1.000000 0.500000 -4.158228
v -1.000000 -0.500000 -3.158228
v -1.000000 0.500000 -3.158228
v -1.000000 -0.500000 -4.158228
v -1.000000 0.500000 -4.158228
v 0.000000 -0.500000 -3.158228
v 0.000000 0.500000 -3.158228
v 0.000000 -0.500000 -4.158228
v 0.000000 0.500000 -4.158228
v 0.000000 -0.500000 -3.158228
v 0.000000 0.500000 -3.158228
v 0.000000 -0.500000 -4.158228
v 0.000000 0.500000 -4.158228
v 1.000000 -0.500000 -3.158228
v 1.000000 0.500000 -3.158228
v 1.000000 -0.500000 -4.158228
v 1.000000 0.500000 -4.158228
v 1.000000 -0.500000 -3.158228
v 1.000000 0.500000 -3.158228
v 1.000000 -0.500000 -4.158228
v 1.000000 0.500000 -4.158228
v 2.000000 -0.500000 -3.158228
v 2.000000 0.500000 -3.158228
v 2.000000 -0.500000 -4.158228
v 2.000000 0.500000 -4.158228
v 2.000000 -0.500000 -3.158228
v 2.000000 0.500000 -3.158228
v 2.000000 -0.500000 -4.158228
v 2.000000 0.500000 -4.158228
v 3.000000 -0.500000 -3.158228
v 3.000000 0.500000 -3.158228
v 3.000000 -0.500000 -4.158228
v 3.000000 0.500000 -4.158228
v 3.000000 -0.500000 -3.158228
v 3.000000 0.500000 -3.158228
v 3.000000 -0.500000 -4.158228
v 3.000000 0.500000 -4.158228
v 4.000000 -0.500000 -3.158228
v 4.000000 0.500000 -3.158228
v 4.000000 -0.500000 -4.158228
v 4.000000 0.500000 -4.158228
v -4.000000 -0.500000 -4.158228
v -4.000000 0.500000 -4.158228
v -4.000000 -0.500000 -5.158228
v -4.000000 0.500000 -5.158228
v -3.000000 -0.500000 -4.158228
v -3.000000 0.500000 -4.158228
v -3.000000 -0.500000 -5.158228
v -3.000000 0.500000 -5.158228
v -3.000000 -0.500000 -4.158228
v -3.000000 0.500000 -4.158228
v -3.000000 -0.500000 -5.158228
v -3.000000 0.500000 -5.158228
v -2.000000 -0.500000 -4.158228
v -2.000000 0.500000 -4.158228
v -2.000000 -0.500000 -5.158228
v -2.000000 0.500000 -5.158228
v -2.000000 -0.500000 -4.158228
v -2.000000 0.500000 -4.158228
v -2.000000 -0.500000 -5.158228
v -2.000000 0.500000 -5.158228
v -1.000000 -0.500000 -4.158228
v -1.000000 0.500000 -4.158228
v -1.000000 -0.500000 -5.158228
v -1.000000 0.500000 -5.158228
v -1.000000 -0.500000 -4.158228
v -1.000000 0.500000 -4.158228
v -1.000000 -0.500000 -5.158228
v -1.000000 0.500000 -5.158228
v 0.000000 -0.500000 -4.158228
v 0.000000 0.500000 -4.158228
v 0.000000 -0.500000 -5.158228
v 0.000000 0.500000 -5.158228
v 0.000000 -0.500000 -4.158228
v 0.000000 0.500000 -4.158228
v 0.000000 -0.500000 -5.158228
v 0.000000 0.500000 -5.158228
v 1.000000 -0.500000 -4.158228
v 1.000000 0.500000 -4.158228
v 1.000000 -0.500000 -5.158228
v 1.000000 0.500000 -5.158228
v 1.000000 -0.500000 -4.158228
v 1.000000 0.500000 -4.158228
v 1.000000 -0.500000 -5.158228
v 1.000000 0.500000 -5.158228
v 2.000000 -0.500000 -4.158228
v 2.000000 0.500000 -4.158228
v 2.000000 -0.500000 -5.158228
v 2.000000 0.500000 -5.158228
v 2.000000 -0.500000 -4.158228
v 2.000000 0.500000 -4.158228
v 2.000000 -0.500000 -5.158228
v 2.000000 0.500000 -5.158228
v 3.000000 -0.500000 -4.158228
v 3.000000 0.500000 -4.158228
v 3.000000 -0.500000 -5.158228
v 3.000000 0.500000 -5.158228
v 3.000000 -0.500000 -4.158228
v 3.000000 0.500000 -4.158228
v 3.000000 -0.500000 -5.158228
v 3.000000 0.500000 -5.158228
v 4.000000 -0.500000 -4.158228
v 4.000000 0.500000 -4.158228
v 4.000000 -0.500000 -5.158228
v 4.000000 0.500000 -5.158228
v -4.000000 -0.500000 -5.158228
v -4.000000 0.500000 -5.158228
v -4.000000 -0.500000 -6.158228
v -4.000000 0.500000 -6.158228
v -3.000000 -0.500000 -5.158228
v -3.000000 0.500000 -5.158228
v -3.000000 -0.500000 -6.158228
v -3.000000 0.500000 -6.158228
v -3.000000 -0.500000 -5.158228
v -3.000000 0.500000 -5.158228
v -3.000000 -0.500000 -6.158228
v -3.000000 0.500000 -6.158228
v -2.000000 -0.500000 -5.158228
v -2.000000 0.500000 -5.158228
v -2.000000 -0.500000 -6.158228
v -2.000000 0.500000 -6.158228
v -2.000000 -0.500000 -5.158228
v -2.000000 0.500000 -5.158228
v -2.000000 -0.500000 -6.158228
v -2.000000 0.500000 -6.158228
v -1.000000 -0.500000 -5.158228
v -1.000000 0.500000 -5.158228
v -1.000000 -0.500000 -6.158228
v -1.000000 0.500000 -6.158228
v -1.000000 -0.500000 -5.158228
v -1.000000 0.500000 -5.158228
v -1.000000 -0.500000 -6.158228
v -1.000000 0.500000 -6.158228
v 0.000000 -0.500000 -5.158228
v 0.000000 0.500000 -5.158228
v 0.000000 -0.500000 -6.158228
v 0.000000 0.500000 -6.158228
v 0.000000 -0.500000 -5.158228
v 0.000000 0.500000 -5.158228
v 0.000000 -0.500000 -6.158228
v 0.000000 0.500000 -6.158228
v 1.000000 -0.500000 -5.158228
v 1.000000 0.500000 -5.158228
v 1.000000 -0.500000 -6.158228
v 1.000000 0.500000 -6.158228
v 1.000000 -0.500000 -5.158228
v 1.000000 0.500000 -5.158228
v 1.000000 -0.500000 -6.158228
v 1.000000 0.500000 -6.158228
v 2.000000 -0.500000 -5.158228
v 2.000000 0.500000 -5.158228
v 2.000000 -0.500000 -6.158228
v 2.000000 0.500000 -6.158228
v 2.000000 -0.500000 -5.158228
v 2.000000 0.500000 -5.158228
v 2.000000 -0.500000 -6.158228
v 2.000000 0.500000 -6.158228
v 3.000000 -0.500000 -5.158228
v 3.000000 0.500000 -5.158228
v 3.000000 -0.500000 -6.158228
v 3.000000 0.500000 -6.158228
v 3.000000 -0.500000 -5.158228
v 3.000000 0.500000 -5.158228
v 3.000000 -0.500000 -6.158228
v 3.000000 0.500000 -6.158228
v 4.000000 -0.500000 -5.158228
v 4.000000 0.500000 -5.158228
v 4.000000 -0.500000 -6.158228
v 4.000000 0.500000 -6.158228
v -3.000000 0.500000 3.841772
v -3.000000 1.500000 3.841772
v -3.000000 0.500000 2.841772
v -3.000000 1.500000 2.841772
v -2.000000 0.500000 3.841772
v -2.000000 1.500000 3.841772
v -2.000000 0.500000 2.841772
v -2.000000 1.500000 2.841772
v -2.000000 0.500000 3.841772
v -2.000000 1.500000 3.841772
v -2.000000 0.500000 2.841772
v -2.000000 1.500000 2.841772
v -1.000000 0.500000 3.841772
v -1.000000 1.500000 3.841772
v -1.000000 0.500000 2.841772
v -1.000000 1.500000 2.841772
v -1.000000 0.500000 3.841772
v -1.000000 1.500000 3.841772
v -1.000000 0.500000 2.841772
v -1.000000 1.500000 2.841772
v 0.000000 0.500000 3.841772
v 0.000000 1.500000 3.841772
v 0.000000 0.500000 2.841772
v 0.000000 1.500000 2.841772
v 0.000000 0.500000 3.841772
v 0.000000 1.500000 3.841772
v 0.000000 0.500000 2.841772
v 0.000000 1.500000 2.841772
v 1.000000 0.500000 3.841772
v 1.000000 1.500000 3.841772
v 1.000000 0.500000 2.841772
v 1.000000 1.500000 2.841772
v 1.000000 0.500000 3.841772
v 1.000000 1.500000 3.841772
v 1.000000 0.500000 2.841772
v 1.000000 1.500000 2.841772
v 2.000000 0.500000 3.841772
v 2.000000 1.500000 3.841772
v 2.000000 0.500000 2.841772
v 2.000000 1.500000 2.841772
v 2.000000 0.500000 3.841772
v 2.000000 1.500000 3.841772
v 2.000000 0.500000 2.841772
v 2.000000 1.500000 2.841772
v 3.000000 0.500000 3.841772
v 3.000000 1.500000 3.841772
v 3.000000 0.500000 2.841772
v 3.000000 1.500000 2.841772
v -3.000000 0.500000 2.841772
v -3.000000 1.500000 2.841772
v -3.000000 0.500000 1.841772
v -3.000000 1.500000 1.841772
v -2.000000 0.500000 2.841772
v -2.000000 1.500000 2.841772
v -2.000000 0.500000 1.841772
v -2.000000 1.500000 1.841772
v -2.000000 0.500000 2.841772
v -2.000000 1.500000 2.841772
v -2.000000 0.500000 1.841772
v -2.000000 1.500000 1.841772
v -1.000000 0.500000 2.841772
v -1.000000 1.500000 2.841772
v -1.000000 0.500000 1.841772
v -1.000000 1.500000 1.841772
v -1.000000 0.500000 2.841772
v -1.000000 1.500000 2.841772
v -1.000000 0.500000 1.841772
v -1.000000 1.500000 1.841772
v 0.000000 0.500000 2.841772
v 0.000000 1.500000 2.841772
v 0.000000 0.500000 1.841772
v 0.000000 1.500000 1.841772
v 0.000000 0.500000 2.841772
v 0.000000 1.500000 2.841772
v 0.000000 0.500000 1.841772
v 0.000000 1.500000 1.841772
v 1.000000 0.500000 2.841772
v 1.000000 1.500000 2.841772
v 1.000000 0.500000 1.841772
v 1.000000 1.500000 1.841772
v 1.000000 0.500000 2.841772
v 1.000000 1.500000 2.841772
v 1.000000 0.500000 1.841772
v 1.000000 1.500000 1.841772
v 2.000000 0.500000 2.841772
v 2.000000 1.500000 2.841772
v 2.000000 0.500000 1.841772
v 2.000000 1.500000 1.841772
v 2.000000 0.500000 2.841772
v 2.000000 1.500000 2.841772
v 2.000000 0.500000 1.841772
v 2.000000 1.500000 1.841772
v 3.000000 0.500000 2.841772
v 3.000000 1.500000 2.841772
v 3.000000 0.500000 1.841772
v 3.000000 1.500000 1.841772
v -3.000000 0.500000 1.841772
v -3.000000 1.500000 1.841772
v -3.000000 0.500000 0.841772
v -3.000000 1.500000 0.841772
v -2.000000 0.500000 1.841772
v -2.000000 1.500000 1.841772
v -2.000000 0.500000 0.841772
v -2.000000 1.500000 0.841772
v -2.000000 0.500000 1.841772
v -2.000000 1.500000 1.841772
v -2.000000 0.500000 0.841772
v -2.000000 1.500000 0.841772
v -1.000000 0.500000 1.841772
v -1.000000 1.500000 1.841772
v -1.000000 0.500000 0.841772
v -1.000000 1.500000 0.841772
v -1.000000 0.500000 1.841772
v -1.000000 1.500000 1.841772
v -1.000000 0.500000 0.841772
v -1.000000 1.500000 0.841772
v 0.000000 0.500000 1.841772
v 0.000000 1.500000 1.841772
v 0.000000 0.500000 0.841772
v 0.000000 1.500000 0.841772
v 0.000000 0.500000 1.841772
v 0.000000 1.500000 1.841772
v 0.000000 0.500000 0.841772
v 0.000000 1.500000 0.841772
v 1.000000 0.500000 1.841772
v 1.000000 1.500000 1.841772
v 1.000000 0.500000 0.841772
v 1.000000 1.500000 0.841772
v 1.000000 0.500000 1.841772
v 1.000000 1.500000 1.841772
v 1.000000 0.500000 0.841772
v 1.000000 1.500000 0.841772
v 2.000000 0.500000 1.841772
v 2.000000 1.500000 1.841772
v 2.000000 0.500000 0.841772
v 2.000000 1.500000 0.841772
v 2.000000 0.500000 1.841772
v 2.000000 1.500000 1.841772
v 2.000000 0.500000 0.841772
v 2.000000 1.500000 0.841772
v 3.000000 0.500000 1.841772
v 3.000000 1.500000 1.841772
v 3.000000 0.500000 0.841772
v 3.000000 1.500000 0.841772
v -3.000000 0.500000 0.841772
v -3.000000 1.500000 0.841772
v -3.000000 0.500000 -0.158228
v -3.000000 1.500000 -0.158228
v -2.000000 0.500000 0.841772
v -2.000000 1.500000 0.841772
v -2.000000 0.500000 -0.158228
v -2.000000 1.500000 -0.158228
v -2.000000 0.500000 0.841772
v -2.000000 1.500000 0.841772
v -2.000000 0.500000 -0.158228
v -2.000000 1.500000 -0.158228
v -1.000000 0.500000 0.841772
v -1.000000 1.500000 0.841772
v -1.000000 0.500000 -0.158228
v -1.000000 1.500000 -0.158228
v -1.000000 0.500000 0.841772
v -1.000000 1.500000 0.841772
v -1.000000 0.500000 -0.158228
v -1.000000 1.500000 -0.158228
v 0.000000 0.500000 0.841772
v 0.000000 1.500000 0.841772
v 0.000000 0.500000 -0.158228
v 0.000000 1.500000 -0.158228
v 0.000000 0.500000 0.841772
v 0.000000 1.500000 0.841772
v 0.000000 0.500000 -0.158228
v 0.000000 1.500000 -0.158228
v 1.000000 0.500000 0.841772
v 1.000000 1.500000 0.841772
v 1.000000 0.500000 -0.158228
v 1.000000 1.500000 -0.158228
v 1.000000 0.500000 0.841772
v 1.000000 1.500000 0.841772
v 1.000000 0.500000 -0.158228
v 1.000000 1.500000 -0.158228
v 2.000000 0.500000 0.841772
v 2.000000 1.500000 0.841772
v 2.000000 0.500000 -0.158228
v 2.000000 1.500000 -0.158228
v 2.000000 0.500000 0.841772
v 2.000000 1.500000 0.841772
v 2.000000 0.500000 -0.158228
v 2.000000 1.500000 -0.158228
v 3.000000 0.500000 0.841772
v 3.000000 1.500000 0.841772
v 3.000000 0.500000 -0.158228
v 3.000000 1.500000 -0.158228
v -3.000000 0.500000 -0.158228
v -3.000000 1.500000 -0.158228
v -3.000000 0.500000 -1.158228
v -3.000000 1.500000 -1.158228
v -2.000000 0.500000 -0.158228
v -2.000000 1.500000 -0.158228
v -2.000000 0.500000 -1.158228
v -2.000000 1.500000 -1.158228
v -2.000000 0.500000 -0.158228
v -2.000000 1.500000 -0.158228
v -2.000000 0.500000 -1.158228
v -2.000000 1.500000 -1.158228
v -1.000000 0.500000 -0.158228
v -1.000000 1.500000 -0.158228
v -1.000000 0.500000 -1.158228
v -1.000000 1.500000 -1.158228
v -1.000000 0.500000 -0.158228
v -1.000000 1.500000 -0.158228
v -1.000000 0.500000 -1.158228
v -1.000000 1.500000 -1.158228
v 0.000000 0.500000 -0.158228
v 0.000000 1.500000 -0.158228
v 0.000000 0.500000 -1.158228
v 0.000000 1.500000 -1.158228
v 0.000000 0.500000 -0.158228
v 0.000000 1.500000 -0.158228
v 0.000000 0.500000 -1.158228
v 0.000000 1.500000 -1.158228
v 1.000000 0.500000 -0.158228
v 1.000000 1.500000 -0.158228
v 1.000000 0.500000 -1.158228
v 1.000000 1.500000 -1.158228
v 1.000000 0.500000 -0.158228
v 1.000000 1.500000 -0.158228
v 1.000000 0.500000 -1.158228
v 1.000000 1.500000 -1.158228
v 2.000000 0.500000 -0.158228
v 2.000000 1.500000 -0.158228
v 2.000000 0.500000 -1.158228
v 2.000000 1.500000 -1.158228
v 2.000000 0.500000 -0.158228
v 2.000000 1.500000 -0.158228
v 2.000000 0.500000 -1.158228
v 2.000000 1.500000 -1.158228
v 3.000000 0.500000 -0.158228
v 3.000000 1.500000 -0.158228
v 3.000000 0.500000 -1.158228
v 3.000000 1.500000 -1.158228
v -3.000000 0.500000 -1.158228
v -3.000000 1.500000 -1.158228
v -3.000000 0.500000 -2.158228
v -3.000000 1.500000 -2.158228
v -2.000000 0.500000 -1.158228
v -2.000000 1.500000 -1.158228
v -2.000000 0.500000 -2.158228
v -2.000000 1.500000 -2.158228
v -2.000000 0.500000 -1.158228
v -2.000000 1.500000 -1.158228
v -2.000000 0.500000 -2.158228
v -2.000000 1.500000 -2.158228
v -1.000000 0.500000 -1.158228
v -1.000000 1.500000 -1.158228
v -1.000000 0.500000 -2.158228
v -1.000000 1.500000 -2.158228
v -1.000000 0.500000 -1.158228
v -1.000000 1.500000 -1.158228
v -1.000000 0.500000 -2.158228
v -1.000000 1.500000 -2.158228
v 0.000000 0.500000 -1.158228
v 0.000000 1.500000 -1.158228
v 0.000000 0.500000 -2.158228
v 0.000000 1.500000 -2.158228
v 0.000000 0.500000 -1.158228
v 0.000000 1.500000 -1.158228
v 0.000000 0.500000 -2.158228
v 0.000000 1.500000 -2.158228
v 1.000000 0.500000 -1.158228
v 1.000000 1.500000 -1.158228
v 1.000000 0.500000 -2.158228
v 1.000000 1.500000 -2.158228
v 1.000000 0.500000 -1.158228
v 1.000000 1.500000 -1.158228
v 1.000000 0.500000 -2.158228
v 1.000000 1.500000 -2.158228
v 2.000000 0.500000 -1.158228
v 2.000000 1.500000 -1.158228
v 2.000000 0.500000 -2.158228
v 2.000000 1.500000 -2.158228
v 2.000000 0.500000 -1.158228
v 2.000000 1.500000 -1.158228
v 2.000000 0.500000 -2.158228
v 2.000000 1.500000 -2.158228
v 3.000000 0.500000 -1.158228
v 3.000000 1.500000 -1.158228
v 3.000000 0.500000 -2.158228
v 3.000000 1.500000 -2.158228
v -3.000000 0.500000 -2.158228
v -3.000000 1.500000 -2.158228
v -3.000000 0.500000 -3.158228
v -3.000000 1.500000 -3.158228
v -2.000000 0.500000 -2.158228
v -2.000000 1.500000 -2.158228
v -2.000000 0.500000 -3.158228
v -2.000000 1.500000 -3.158228
v -2.000000 0.500000 -2.158228
v -2.000000 1.500000 -2.158228
v -2.000000 0.500000 -3.158228
v -2.000000 1.500000 -3.158228
v -1.000000 0.500000 -2.158228
v -1.000000 1.500000 -2.158228
v -1.000000 0.500000 -3.158228
v -1.000000 1.500000 -3.158228
v -1.000000 0.500000 -2.158228
v -1.000000 1.500000 -2.158228
v -1.000000 0.500000 -3.158228
v -1.000000 1.500000 -3.158228
v 0.000000 0.500000 -2.158228
v 0.000000 1.500000 -2.158228
v 0.000000 0.500000 -3.158228
v 0.000000 1.500000 -3.158228
v 0.000000 0.500000 -2.158228
v 0.000000 1.500000 -2.158228
v 0.000000 0.500000 -3.158228
v 0.000000 1.500000 -3.158228
v 1.000000 0.500000 -2.158228
v 1.000000 1.500000 -2.158228
v 1.000000 0.500000 -3.158228
v 1.000000 1.500000 -3.158228
v 1.000000 0.500000 -2.158228
v 1.000000 1.500000 -2.158228
v 1.000000 0.500000 -3.158228
v 1.000000 1.500000 -3.158228
v 2.000000 0.500000 -2.158228
v 2.000000 1.500000 -2.158228
v 2.000000 0.500000 -3.158228
v 2.000000 1.500000 -3.158228
v 2.000000 0.500000 -2.158228
v 2.000000 1.500000 -2.158228
v 2.000000 0.500000 -3.158228
v 2.000000 1.500000 -3.158228
v 3.000000 0.500000 -2.158228
v 3.000000 1.500000 -2.158228
v 3.000000 0.500000 -3.158228
v 3.000000 1.500000 -3.158228
v -3.000000 0.500000 -3.158228
v -3.000000 1.500000 -3.158228
v -3.000000 0.500000 -4.158228
v -3.000000 1.500000 -4.158228
v -2.000000 0.500000 -3.158228
v -2.000000 1.500000 -3.158228
v -2.000000 0.500000 -4.158228
v -2.000000 1.500000 -4.158228
v -2.000000 0.500000 -3.158228
v -2.000000 1.500000 -3.158228
v -2.000000 0.500000 -4.158228
v -2.000000 1.500000 -4.158228
v -1.000000 0.500000 -3.158228
v -1.000000 1.500000 -3.158228
v -1.000000 0.500000 -4.158228
v -1.000000 1.500000 -4.158228
v -1.000000 0.500000 -3.158228
v -1.000000 1.500000 -3.158228
v -1.000000 0.500000 -4.158228
v -1.000000 1.500000 -4.158228
v 0.000000 0.500000 -3.158228
v 0.000000 1.500000 -3.158228
v 0.000000 0.500000 -4.158228
v 0.000000 1.500000 -4.158228
v 0.000000 0.500000 -3.158228
v 0.000000 1.500000 -3.158228
v 0.000000 0.500000 -4.158228
v 0.000000 1.500000 -4.158228
v 1.000000 0.500000 -3.158228
v 1.000000 1.500000 -3.158228
v 1.000000 0.500000 -4.158228
v 1.000000 1.500000 -4.158228
v 1.000000 0.500000 -3.158228
v 1.000000 1.500000 -3.158228
v 1.000000 0.500000 -4.158228
v 1.000000 1.500000 -4.158228
v 2.000000 0.500000 -3.158228
v 2.000000 1.500000 -3.158228
v 2.000000 0.500000 -4.158228
v 2.000000 1.500000 -4.158228
v 2.000000 0.500000 -3.158228
v 2.000000 1.500000 -3.158228
v 2.000000 0.500000 -4.158228
v 2.000000 1.500000 -4.158228
v 3.000000 0.500000 -3.158228
v 3.000000 1.500000 -3.158228
v 3.000000 0.500000 -4.158228
v 3.000000 1.500000 -4.158228
v -3.000000 0.500000 -4.158228
v -3.000000 1.500000 -4.158228
v -3.000000 0.500000 -5.158228
v -3.000000 1.500000 -5.158228
v -2.000000 0.500000 -4.158228
v -2.000000 1.500000 -4.158228
v -2.000000 0.500000 -5.158228
v -2.000000 1.500000 -5.158228
v -2.000000 0.500000 -4.158228
v -2.000000 1.500000 -4.158228
v -2.000000 0.500000 -5.158228
v -2.000000 1.500000 -5.158228
v -1.000000 0.500000 -4.158228
v -1.000000 1.500000 -4.158228
v -1.000000 0.500000 -5.158228
v -1.000000 1.500000 -5.158228
v -1.000000 0.500000 -4.158228
v -1.000000 1.500000 -4.158228
v -1.000000 0.500000 -5.158228
v -1.000000 1.500000 -5.158228
v 0.000000 0.500000 -4.158228
v 0.000000 1.500000 -4.158228
v 0.000000 0.500000 -5.158228
v 0.000000 1.500000 -5.158228
v 0.000000 0.500000 -4.158228
v 0.000000 1.500000 -4.158228
v 0.000000 0.500000 -5.158228
v 0.000000 1.500000 -5.158228
v 1.000000 0.500000 -4.158228
v 1.000000 1.500000 -4.158228
v 1.000000 0.500000 -5.158228
v 1.000000 1.500000 -5.158228
v 1.000000 0.500000 -4.158228
v 1.000000 1.500000 -4.158228
v 1.000000 0.500000 -5.158228
v 1.000000 1.500000 -5.158228
v 2.000000 0.500000 -4.158228
v 2.000000 1.500000 -4.158228
v 2.000000 0.500000 -5.158228
v 2.000000 1.500000 -5.158228
v 2.000000 0.500000 -4.158228
v 2.000000 1.500000 -4.158228
v 2.000000 0.500000 -5.158228
v 2.000000 1.500000 -5.158228
v 3.000000 0.500000 -4.158228
v 3.000000 1.500000 -4.158228
v 3.000000 0.500000 -5.158228
v 3.000000 1.500000 -5.158228
v -3.000000 1.500000 3.841772
v -3.000000 2.500000 3.841772
v -3.000000 1.500000 2.841772
v -3.000000 2.500000 2.841772
v -2.000000 1.500000 3.841772
v -2.000000 2.500000 3.841772
v -2.000000 1.500000 2.841772
v -2.000000 2.500000 2.841772
v -2.000000 1.500000 3.841772
v -2.000000 2.500000 3.841772
v -2.000000 1.500000 2.841772
v -2.000000 2.500000 2.841772
v -1.000000 1.500000 3.841772
v -1.000000 2.500000 3.841772
v -1.000000 1.500000 2.841772
v -1.000000 2.500000 2.841772
v -1.000000 1.500000 3.841772
v -1.000000 2.500000 3.841772
v -1.000000 1.500000 2.841772
v -1.000000 2.500000 2.841772
v 0.000000 1.500000 3.841772
v 0.000000 2.500000 3.841772
v 0.000000 1.500000 2.841772
v 0.000000 2.500000 2.841772
v 0.000000 1.500000 3.841772
v 0.000000 2.500000 3.841772
v 0.000000 1.500000 2.841772
v 0.000000 2.500000 2.841772
v 1.000000 1.500000 3.841772
v 1.000000 2.500000 3.841772
v 1.000000 1.500000 2.841772
v 1.000000 2.500000 2.841772
v 1.000000 1.500000 3.841772
v 1.000000 2.500000 3.841772
v 1.000000 1.500000 2.841772
v 1.000000 2.500000 2.841772
v 2.000000 1.500000 3.841772
v 2.000000 2.500000 3.841772
v 2.000000 1.500000 2.841772
v 2.000000 2.500000 2.841772
v 2.000000 1.500000 3.841772
v 2.000000 2.500000 3.841772
v 2.000000 1.500000 2.841772
v 2.000000 2.500000 2.841772
v 3.000000 1.500000 3.841772
v 3.000000 2.500000 3.841772
v 3.000000 1.500000 2.841772
v 3.000000 2.500000 2.841772
v -3.000000 1.500000 2.841772
v -3.000000 2.500000 2.841772
v -3.000000 1.500000 1.841772
v -3.000000 2.500000 1.841772
v -2.000000 1.500000 2.841772
v -2.000000 2.500000 2.841772
v -2.000000 1.500000 1.841772
v -2.000000 2.500000 1.841772
v -2.000000 1.500000 2.841772
v -2.000000 2.500000 2.841772
v -2.000000 1.500000 1.841772
v -2.000000 2.500000 1.841772
v -1.000000 1.500000 2.841772
v -1.000000 2.500000 2.841772
v -1.000000 1.500000 1.841772
v -1.000000 2.500000 1.841772
v -1.000000 1.500000 2.841772
v -1.000000 2.500000 2.841772
v -1.000000 1.500000 1.841772
v -1.000000 2.500000 1.841772
v 0.000000 1.500000 2.841772
v 0.000000 2.500000 2.841772
v 0.000000 1.500000 1.841772
v 0.000000 2.500000 1.841772
v 0.000000 1.500000 2.841772
v 0.000000 2.500000 2.841772
v 0.000000 1.500000 1.841772
v 0.000000 2.500000 1.841772
v 1.000000 1.500000 2.841772
v 1.000000 2.500000 2.841772
v 1.000000 1.500000 1.841772
v 1.000000 2.500000 1.841772
v 1.000000 1.500000 2.841772
v 1.000000 2.500000 2.841772
v 1.000000 1.500000 1.841772
v 1.000000 2.500000 1.841772
v 2.000000 1.500000 2.841772
v 2.000000 2.500000 2.841772
v 2.000000 1.500000 1.841772
v 2.000000 2.500000 1.841772
v 2.000000 1.500000 2.841772
v 2.000000 2.500000 2.841772
v 2.000000 1.500000 1.841772
v 2.000000 2.500000 1.841772
v 3.000000 1.500000 2.841772
v 3.000000 2.500000 2.841772
v 3.000000 1.500000 1.841772
v 3.000000 2.500000 1.841772
v -3.000000 1.500000 1.841772
v -3.000000 2.500000 1.841772
v -3.000000 1.500000 0.841772
v -3.000000 2.500000 0.841772
v -2.000000 1.500000 1.841772
v -2.000000 2.500000 1.841772
v -2.000000 1.500000 0.841772
v -2.000000 2.500000 0.841772
v -2.000000 1.500000 1.841772
v -2.000000 2.500000 1.841772
v -2.000000 1.500000 0.841772
v -2.000000 2.500000 0.841772
v -1.000000 1.500000 1.841772
v -1.000000 2.500000 1.841772
v -1.000000 1.500000 0.841772
v -1.000000 2.500000 0.841772
v -1.000000 1.500000 1.841772
v -1.000000 2.500000 1.841772
v -1.000000 1.500000 0.841772
v -1.000000 2.500000 0.841772
v 0.000000 1.500000 1.841772
v 0.000000 2.500000 1.841772
v 0.000000 1.500000 0.841772
v 0.000000 2.500000 0.841772
v 0.000000 1.500000 1.841772
v 0.000000 2.500000 1.841772
v 0.000000 1.500000 0.841772
v 0.000000 2.500000 0.841772
v 1.000000 1.500000 1.841772
v 1.000000 2.500000 1.841772
v 1.000000 1.500000 0.841772
v 1.000000 2.500000 0.841772
v 1.000000 1.500000 1.841772
v 1.000000 2.500000 1.841772
v 1.000000 1.500000 0.841772
v 1.000000 2.500000 0.841772
v 2.000000 1.500000 1.841772
v 2.000000 2.500000 1.841772
v 2.000000 1.500000 0.841772
v 2.000000 2.500000 0.841772
v 2.000000 1.500000 1.841772
v 2.000000 2.500000 1.841772
v 2.000000 1.500000 0.841772
v 2.000000 2.500000 0.841772
v 3.000000 1.500000 1.841772
v 3.000000 2.500000 1.841772
v 3.000000 1.500000 0.841772
v 3.000000 2.500000 0.841772
v -3.000000 1.500000 0.841772
v -3.000000 2.500000 0.841772
v -3.000000 1.500000 -0.158228
v -3.000000 2.500000 -0.158228
v -2.000000 1.500000 0.841772
v -2.000000 2.500000 0.841772
v -2.000000 1.500000 -0.158228
v -2.000000 2.500000 -0.158228
v -2.000000 1.500000 0.841772
v -2.000000 2.500000 0.841772
v -2.000000 1.500000 -0.158228
v -2.000000 2.500000 -0.158228
v -1.000000 1.500000 0.841772
v -1.000000 2.500000 0.841772
v -1.000000 1.500000 -0.158228
v -1.000000 2.500000 -0.158228
v -1.000000 1.500000 0.841772
v -1.000000 2.500000 0.841772
v -1.000000 1.500000 -0.158228
v -1.000000 2.500000 -0.158228
v 0.000000 1.500000 0.841772
v 0.000000 2.500000 0.841772
v 0.000000 1.500000 -0.158228
v 0.000000 2.500000 -0.158228
v 0.000000 1.500000 0.841772
v 0.000000 2.500000 0.841772
v 0.000000 1.500000 -0.158228
v 0.000000 2.500000 -0.158228
v 1.000000 1.500000 0.841772
v 1.000000 2.500000 0.841772
v 1.000000 1.500000 -0.158228
v 1.000000 2.500000 -0.158228
v 1.000000 1.500000 0.841772
v 1.000000 2.500000 0.841772
v 1.000000 1.500000 -0.158228
v 1.000000 2.500000 -0.158228
v 2.000000 1.500000 0.841772
v 2.000000 2.500000 0.841772
v 2.000000 1.500000 -0.158228
v 2.000000 2.500000 -0.158228
v 2.000000 1.500000 0.841772
v 2.000000 2.500000 0.841772
v 2.000000 1.500000 -0.158228
v 2.000000 2.500000 -0.158228
v 3.000000 1.500000 0.841772
v 3.000000 2.500000 0.841772
v 3.000000 1.500000 -0.158228
v 3.000000 2.500000 -0.158228
v -3.000000 1.500000 -0.158228
v -3.000000 2.500000 -0.158228
v -3.000000 1.500000 -1.158228
v -3.000000 2.500000 -1.158228
v -2.000000 1.500000 -0.158228
v -2.000000 2.500000 -0.158228
v -2.000000 1.500000 -1.158228
v -2.000000 2.500000 -1.158228
v -2.000000 1.500000 -0.158228
v -2.000000 2.500000 -0.158228
v -2.000000 1.500000 -1.158228
v -2.000000 2.500000 -1.158228
v -1.000000 1.500000 -0.158228
v -1.000000 2.500000 -0.158228
v -1.000000 1.500000 -1.158228
v -1.000000 2.500000 -1.158228
v -1.000000 1.500000 -0.158228
v -1.000000 2.500000 -0.158228
v -1.000000 1.500000 -1.158228
v -1.000000 2.500000 -1.158228
v 0.000000 1.500000 -0.158228
v 0.000000 2.500000 -0.158228
v 0.000000 1.500000 -1.158228
v 0.000000 2.500000 -1.158228
v 0.000000 1.500000 -0.158228
v 0.000000 2.500000 -0.158228
v 0.000000 1.500000 -1.158228
v 0.000000 2.500000 -1.158228
v 1.000000 1.500000 -0.158228
v 1.000000 2.500000 -0.158228
v 1.000000 1.500000 -1.158228
v 1.000000 2.500000 -1.158228
v 1.000000 1.500000 -0.158228
v 1.000000 2.500000 -0.158228
v 1.000000 1.500000 -1.158228
v 1.000000 2.500000 -1.158228
v 2.000000 1.500000 -0.158228
v 2.000000 2.500000 -0.158228
v 2.000000 1.500000 -1.158228
v 2.000000 2.500000 -1.158228
v 2.000000 1.500000 -0.158228
v 2.000000 2.500000 -0.158228
v 2.000000 1.500000 -1.158228
v 2.000000 2.500000 -1.158228
v 3.000000 1.500000 -0.158228
v 3.000000 2.500000 -0.158228
v 3.000000 1.500000 -1.158228
v 3.000000 2.500000 -1.158228
v -3.000000 1.500000 -1.158228
v -3.000000 2.500000 -1.158228
v -3.000000 1.500000 -2.158228
v -3.000000 2.500000 -2.158228
v -2.000000 1.500000 -1.158228
v -2.000000 2.500000 -1.158228
v -2.000000 1.500000 -2.158228
v -2.000000 2.500000 -2.158228
v -2.000000 1.500000 -1.158228
v -2.000000 2.500000 -1.158228
v -2.000000 1.500000 -2.158228
v -2.000000 2.500000 -2.158228
v -1.000000 1.500000 -1.158228
v -1.000000 2.500000 -1.158228
v -1.000000 1.500000 -2.158228
v -1.000000 2.500000 -2.158228
v -1.000000 1.500000 -1.158228
v -1.000000 2.500000 -1.158228
v -1.000000 1.500000 -2.158228
v -1.000000 2.500000 -2.158228
v 0.000000 1.500000 -1.158228
v 0.000000 2.500000 -1.158228
v 0.000000 1.500000 -2.158228
v 0.000000 2.500000 -2.158228
v 0.000000 1.500000 -1.158228
v 0.000000 2.500000 -1.158228
v 0.000000 1.500000 -2.158228
v 0.000000 2.500000 -2.158228
v 1.000000 1.500000 -1.158228
v 1.000000 2.500000 -1.158228
v 1.000000 1.500000 -2.158228
v 1.000000 2.500000 -2.158228
v 1.000000 1.500000 -1.158228
v 1.000000 2.500000 -1.158228
v 1.000000 1.500000 -2.158228
v 1.000000 2.500000 -2.158228
v 2.000000 1.500000 -1.158228
v 2.000000 2.500000 -1.158228
v 2.000000 1.500000 -2.158228
v 2.000000 2.500000 -2.158228
v 2.000000 1.500000 -1.158228
v 2.000000 2.500000 -1.158228
v 2.000000 1.500000 -2.158228
v 2.000000 2.500000 -2.158228
v 3.000000 1.500000 -1.158228
v 3.000000 2.500000 -1.158228
v 3.000000 1.500000 -2.158228
v 3.000000 2.500000 -2.158228
v -3.000000 1.500000 -2.158228
v -3.000000 2.500000 -2.158228
v -3.000000 1.500000 -3.158228
v -3.000000 2.500000 -3.158228
v -2.000000 1.500000 -2.158228
v -2.000000 2.500000 -2.158228
v -2.000000 1.500000 -3.158228
v -2.000000 2.500000 -3.158228
v -2.000000 1.500000 -2.158228
v -2.000000 2.500000 -2.158228
v -2.000000 1.500000 -3.158228
v -2.000000 2.500000 -3.158228
v -1.000000 1.500000 -2.158228
v -1.000000 2.500000 -2.158228
v -1.000000 1.500000 -3.158228
v -1.000000 2.500000 -3.158228
v -1.000000 1.500000 -2.158228
v -1.000000 2.500000 -2.158228
v -1.000000 1.500000 -3.158228
v -1.000000 2.500000 -3.158228
v 0.000000 1.500000 -2.158228
v 0.000000 2.500000 -2.158228
v 0.000000 1.500000 -3.158228
v 0.000000 2.500000 -3.158228
v 0.000000 1.500000 -2.158228
v 0.000000 2.500000 -2.158228
v 0.000000 1.500000 -3.158228
v 0.000000 2.500000 -3.158228
v 1.000000 1.500000 -2.158228
v 1.000000 2.500000 -2.158228
v 1.000000 1.500000 -3.158228
v 1.000000 2.500000 -3.158228
v 1.000000 1.500000 -2.158228
v 1.000000 2.500000 -2.158228
v 1.000000 1.500000 -3.158228
v 1.000000 2.500000 -3.158228
v 2.000000 1.500000 -2.158228
v 2.000000 2.500000 -2.158228
v 2.000000 1.500000 -3.158228
v 2.000000 2.500000 -3.158228
v 2.000000 1.500000 -2.158228
v 2.000000 2.500000 -2.158228
v 2.000000 1.500000 -3.158228
v 2.000000 2.500000 -3.158228
v 3.000000 1.500000 -2.158228
v 3.000000 2.500000 -2.158228
v 3.000000 1.500000 -3.158228
v 3.000000 2.500000 -3.158228
v -3.000000 1.500000 -3.158228
v -3.000000 2.500000 -3.158228
v -3.000000 1.500000 -4.158228
v -3.000000 2.500000 -4.158228
v -2.000000 1.500000 -3.158228
v -2.000000 2.500000 -3.158228
v -2.000000 1.500000 -4.158228
v -2.000000 2.500000 -4.158228
v -2.000000 1.500000 -3.158228
v -2.000000 2.500000 -3.158228
v -2.000000 1.500000 -4.158228
v -2.000000 2.500000 -4.158228
v -1.000000 1.500000 -3.158228
v -1.000000 2.500000 -3.158228
v -1.000000 1.500000 -4.158228
v -1.000000 2.500000 -4.158228
v -1.000000 1.500000 -3.158228
v -1.000000 2.500000 -3.158228
v -1.000000 1.500000 -4.158228
v -1.000000 2.500000 -4.158228
v 0.000000 1.500000 -3.158228
v 0.000000 2.500000 -3.158228
v 0.000000 1.500000 -4.158228
v 0.000000 2.500000 -4.158228
v 0.000000 1.500000 -3.158228
v 0.000000 2.500000 -3.158228
v 0.000000 1.500000 -4.158228
v 0.000000 2.500000 -4.158228
v 1.000000 1.500000 -3.158228
v 1.000000 2.500000 -3.158228
v 1.000000 1.500000 -4.158228
v 1.000000 2.500000 -4.158228
v 1.000000 1.500000 -3.158228
v 1.000000 2.500000 -3.158228
v 1.000000 1.500000 -4.158228
v 1.000000 2.500000 -4.158228
v 2.000000 1.500000 -3.158228
v 2.000000 2.500000 -3.158228
v 2.000000 1.500000 -4.158228
v 2.000000 2.500000 -4.158228
v 2.000000 1.500000 -3.158228
v 2.000000 2.500000 -3.158228
v 2.000000 1.500000 -4.158228
v 2.000000 2.500000 -4.158228
v 3.000000 1.500000 -3.158228
v 3.000000 2.500000 -3.158228
v 3.000000 1.500000 -4.158228
v 3.000000 2.500000 -4.158228
v -3.000000 1.500000 -4.158228
v -3.000000 2.500000 -4.158228
v -3.000000 1.500000 -5.158228
v -3.000000 2.500000 -5.158228
v -2.000000 1.500000 -4.158228
v -2.000000 2.500000 -4.158228
v -2.000000 1.500000 -5.158228
v -2.000000 2.500000 -5.158228
v -2.000000 1.500000 -4.158228
v -2.000000 2.500000 -4.158228
v -2.000000 1.500000 -5.158228
v -2.000000 2.500000 -5.158228
v -1.000000 1.500000 -4.158228
v -1.000000 2.500000 -4.158228
v -1.000000 1.500000 -5.158228
v -1.000000 2.500000 -5.158228
v -1.000000 1.500000 -4.158228
v -1.000000 2.500000 -4.158228
v -1.000000 1.500000 -5.158228
v -1.000000 2.500000 -5.158228
v 0.000000 1.500000 -4.158228
v 0.000000 2.500000 -4.158228
v 0.000000 1.500000 -5.158228
v 0.000000 2.500000 -5.158228
v 0.000000 1.500000 -4.158228
v 0.000000 2.500000 -4.158228
v 0.000000 1.500000 -5.158228
v 0.000000 2.500000 -5.158228
v 1.000000 1.500000 -4.158228
v 1.000000 2.500000 -4.158228
v 1.000000 1.500000 -5.158228
v 1.000000 2.500000 -5.158228
v 1.000000 1.500000 -4.158228
v 1.000000 2.500000 -4.158228
v 1.000000 1.500000 -5.158228
v 1.000000 2.500000 -5.158228
v 2.000000 1.500000 -4.158228
v 2.000000 2.500000 -4.158228
v 2.000000 1.500000 -5.158228
v 2.000000 2.500000 -5.158228
v 2.000000 1.500000 -4.158228
v 2.000000 2.500000 -4.158228
v 2.000000 1.500000 -5.158228
v 2.000000 2.500000 -5.158228
v 3.000000 1.500000 -4.158228
v 3.000000 2.500000 -4.158228
v 3.000000 1.500000 -5.158228
v 3.000000 2.500000 -5.158228
v -3.000000 2.500000 3.841772
v -3.000000 3.500000 3.841772
v -3.000000 2.500000 2.841772
v -3.000000 3.500000 2.841772
v -2.000000 2.500000 3.841772
v -2.000000 3.500000 3.841772
v -2.000000 2.500000 2.841772
v -2.000000 3.500000 2.841772
v -2.000000 2.500000 3.841772
v -2.000000 3.500000 3.841772
v -2.000000 2.500000 2.841772
v -2.000000 3.500000 2.841772
v -1.000000 2.500000 3.841772
v -1.000000 3.500000 3.841772
v -1.000000 2.500000 2.841772
v -1.000000 3.500000 2.841772
v -1.000000 2.500000 3.841772
v -1.000000 3.500000 3.841772
v -1.000000 2.500000 2.841772
v -1.000000 3.500000 2.841772
v 0.000000 2.500000 3.841772
v 0.000000 3.500000 3.841772
v 0.000000 2.500000 2.841772
v 0.000000 3.500000 2.841772
v 0.000000 2.500000 3.841772
v 0.000000 3.500000 3.841772
v 0.000000 2.500000 2.841772
v 0.000000 3.500000 2.841772
v 1.000000 2.500000 3.841772
v 1.000000 3.500000 3.841772
v 1.000000 2.500000 2.841772
v 1.000000 3.500000 2.841772
v 1.000000 2.500000 3.841772
v 1.000000 3.500000 3.841772
v 1.000000 2.500000 2.841772
v 1.000000 3.500000 2.841772
v 2.000000 2.500000 3.841772
v 2.000000 3.500000 3.841772
v 2.000000 2.500000 2.841772
v 2.000000 3.500000 2.841772
v 2.000000 2.500000 3.841772
v 2.000000 3.500000 3.841772
v 2.000000 2.500000 2.841772
v 2.000000 3.500000 2.841772
v 3.000000 2.500000 3.841772
v 3.000000 3.500000 3.841772
v 3.000000 2.500000 2.841772
v 3.000000 3.500000 2.841772
v -3.000000 2.500000 2.841772
v -3.000000 3.500000 2.841772
v -3.000000 2.500000 1.841772
v -3.000000 3.500000 1.841772
v -2.000000 2.500000 2.841772
v -2.000000 3.500000 2.841772
v -2.000000 2.500000 1.841772
v -2.000000 3.500000 1.841772
v -2.000000 2.500000 2.841772
v -2.000000 3.500000 2.841772
v -2.000000 2.500000 1.841772
v -2.000000 3.500000 1.841772
v -1.000000 2.500000 2.841772
v -1.000000 3.500000 2.841772
v -1.000000 2.500000 1.841772
v -1.000000 3.500000 1.841772
v -1.000000 2.500000 2.841772
v -1.000000 3.500000 2.841772
v -1.000000 2.500000 1.841772
v -1.000000 3.500000 1.841772
v 0.000000 2.500000 2.841772
v 0.000000 3.500000 2.841772
v 0.000000 2.500000 1.841772
v 0.000000 3.500000 1.841772
v 0.000000 2.500000 2.841772
v 0.000000 3.500000 2.841772
v 0.000000 2.500000 1.841772
v 0.000000 3.500000 1.841772
v 1.000000 2.500000 2.841772
v 1.000000 3.500000 2.841772
v 1.000000 2.500000 1.841772
v 1.000000 3.500000 1.841772
v 1.000000 2.500000 2.841772
v 1.000000 3.500000 2.841772
v 1.000000 2.500000 1.841772
v 1.000000 3.500000 1.841772
v 2.000000 2.500000 2.841772
v 2.000000 3.500000 2.841772
v 2.000000 2.500000 1.841772
v 2.000000 3.500000 1.841772
v 2.000000 2.500000 2.841772
v 2.000000 3.500000 2.841772
v 2.000000 2.500000 1.841772
v 2.000000 3.500000 1.841772
v 3.000000 2.500000 2.841772
v 3.000000 3.500000 2.841772
v 3.000000 2.500000 1.841772
v 3.000000 3.500000 1.841772
v -3.000000 2.500000 1.841772
v -3.000000 3.500000 1.841772
v -3.000000 2.500000 0.841772
v -3.000000 3.500000 0.841772
v -2.000000 2.500000 1.841772
v -2.000000 3.500000 1.841772
v -2.000000 2.500000 0.841772
v -2.000000 3.500000 0.841772
v -2.000000 2.500000 1.841772
v -2.000000 3.500000 1.841772
v -2.000000 2.500000 0.841772
v -2.000000 3.500000 0.841772
v -1.000000 2.500000 1.841772
v -1.000000 3.500000 1.841772
v -1.000000 2.500000 0.841772
v -1.000000 3.500000 0.841772
v -1.000000 2.500000 1.841772
v -1.000000 3.500000 1.841772
v -1.000000 2.500000 0.841772
v -1.000000 3.500000 0.841772
v 0.000000 2.500000 1.841772
v 0.000000 3.500000 1.841772
v 0.000000 2.500000 0.841772
v 0.000000 3.500000 0.841772
v 0.000000 2.500000 1.841772
v 0.000000 3.500000 1.841772
v 0.000000 2.500000 0.841772
v 0.000000 3.500000 0.841772
v 1.000000 2.500000 1.841772
v 1.000000 3.500000 1.841772
v 1.000000 2.500000 0.841772
v 1.000000 3.500000 0.841772
v 1.000000 2.500000 1.841772
v 1.000000 3.500000 1.841772
v 1.000000 2.500000 0.841772
v 1.000000 3.500000 0.841772
v 2.000000 2.500000 1.841772
v 2.000000 3.500000 1.841772
v 2.000000 2.500000 0.841772
v 2.000000 3.500000 0.841772
v 2.000000 2.500000 1.841772
v 2.000000 3.500000 1.841772
v 2.000000 2.500000 0.841772
v 2.000000 3.500000 0.841772
v 3.000000 2.500000 1.841772
v 3.000000 3.500000 1.841772
v 3.000000 2.500000 0.841772
v 3.000000 3.500000 0.841772
v -3.000000 2.500000 0.841772
v -3.000000 3.500000 0.841772
v -3.000000 2.500000 -0.158228
v -3.000000 3.500000 -0.158228
v -2.000000 2.500000 0.841772
v -2.000000 3.500000 0.841772
v -2.000000 2.500000 -0.158228
v -2.000000 3.500000 -0.158228
v -2.000000 2.500000 0.841772
v -2.000000 3.500000 0.841772
v -2.000000 2.500000 -0.158228
v -2.000000 3.500000 -0.158228
v -1.000000 2.500000 0.841772
v -1.000000 3.500000 0.841772
v -1.000000 2.500000 -0.158228
v -1.000000 3.500000 -0.158228
v -1.000000 2.500000 0.841772
v -1.000000 3.500000 0.841772
v -1.000000 2.500000 -0.158228
v -1.000000 3.500000 -0.158228
v 0.000000 2.500000 0.841772
v 0.000000 3.500000 0.841772
v 0.000000 2.500000 -0.158228
v 0.000000 3.500000 -0.158228
v 0.000000 2.500000 0.841772
v 0.000000 3.500000 0.841772
v 0.000000 2.500000 -0.158228
v 0.000000 3.500000 -0.158228
v 1.000000 2.500000 0.841772
v 1.000000 3.500000 0.841772
v 1.000000 2.500000 -0.158228
v 1.000000 3.500000 -0.158228
v 1.000000 2.500000 0.841772
v 1.000000 3.500000 0.841772
v 1.000000 2.500000 -0.158228
v 1.000000 3.500000 -0.158228
v 2.000000 2.500000 0.841772
v 2.000000 3.500000 0.841772
v 2.000000 2.500000 -0.158228
v 2.000000 3.500000 -0.158228
v 2.000000 2.500000 0.841772
v 2.000000 3.500000 0.841772
v 2.000000 2.500000 -0.158228
v 2.000000 3.500000 -0.158228
v 3.000000 2.500000 0.841772
v 3.000000 3.500000 0.841772
v 3.000000 2.500000 -0.158228
v 3.000000 3.500000 -0.158228
v -3.000000 2.500000 -0.158228
v -3.000000 3.500000 -0.158228
v -3.000000 2.500000 -1.158228
v -3.000000 3.500000 -1.158228
v -2.000000 2.500000 -0.158228
v -2.000000 3.500000 -0.158228
v -2.000000 2.500000 -1.158228
v -2.000000 3.500000 -1.158228
v -2.000000 2.500000 -0.158228
v -2.000000 3.500000 -0.158228
v -2.000000 2.500000 -1.158228
v -2.000000 3.500000 -1.158228
v -1.000000 2.500000 -0.158228
v -1.000000 3.500000 -0.158228
v -1.000000 2.500000 -1.158228
v -1.000000 3.500000 -1.158228
v -1.000000 2.500000 -0.158228
v -1.000000 3.500000 -0.158228
v -1.000000 2.500000 -1.158228
v -1.000000 3.500000 -1.158228
v 0.000000 2.500000 -0.158228
v 0.000000 3.500000 -0.158228
v 0.000000 2.500000 -1.158228
v 0.000000 3.500000 -1.158228
v 0.000000 2.500000 -0.158228
v 0.000000 3.500000 -0.158228
v 0.000000 2.500000 -1.158228
v 0.000000 3.500000 -1.158228
v 1.000000 2.500000 -0.158228
v 1.000000 3.500000 -0.158228
v 1.000000 2.500000 -1.158228
v 1.000000 3.500000 -1.158228
v 1.000000 2.500000 -0.158228
v 1.000000 3.500000 -0.158228
v 1.000000 2.500000 -1.158228
v 1.000000 3.500000 -1.158228
v 2.000000 2.500000 -0.158228
v 2.000000 3.500000 -0.158228
v 2.000000 2.500000 -1.158228
v 2.000000 3.500000 -1.158228
v 2.000000 2.500000 -0.158228
v 2.000000 3.500000 -0.158228
v 2.000000 2.500000 -1.158228
v 2.000000 3.500000 -1.158228
v 3.000000 2.500000 -0.158228
v 3.000000 3.500000 -0.158228
v 3.000000 2.500000 -1.158228
v 3.000000 3.500000 -1.158228
v -3.000000 2.500000 -1.158228
v -3.000000 3.500000 -1.158228
v -3.000000 2.500000 -2.158228
v -3.000000 3.500000 -2.158228
v -2.000000 2.500000 -1.158228
v -2.000000 3.500000 -1.158228
v -2.000000 2.500000 -2.158228
v -2.000000 3.500000 -2.158228
v -2.000000 2.500000 -1.158228
v -2.000000 3.500000 -1.158228
v -2.000000 2.500000 -2.158228
v -2.000000 3.500000 -2.158228
v -1.000000 2.500000 -1.158228
v -1.000000 3.500000 -1.158228
v -1.000000 2.500000 -2.158228
v -1.000000 3.500000 -2.158228
v -1.000000 2.500000 -1.158228
v -1.000000 3.500000 -1.158228
v -1.000000 2.500000 -2.158228
v -1.000000 3.500000 -2.158228
v 0.000000 2.500000 -1.158228
v 0.000000 3.500000 -1.158228
v 0.000000 2.500000 -2.158228
v 0.000000 3.500000 -2.158228
v 0.000000 2.500000 -1.158228
v 0.000000 3.500000 -1.158228
v 0.000000 2.500000 -2.158228
v 0.000000 3.500000 -2.158228
v 1.000000 2.500000 -1.158228
v 1.000000 3.500000 -1.158228
v 1.000000 2.500000 -2.158228
v 1.000000 3.500000 -2.158228
v 1.000000 2.500000 -1.158228
v 1.000000 3.500000 -1.158228
v 1.000000 2.500000 -2.158228
v 1.000000 3.500000 -2.158228
v 2.000000 2.500000 -1.158228
v 2.000000 3.500000 -1.158228
v 2.000000 2.500000 -2.158228
v 2.000000 3.500000 -2.158228
v 2.000000 2.500000 -1.158228
v 2.000000 3.500000 -1.158228
v 2.000000 2.500000 -2.158228
v 2.000000 3.500000 -2.158228
v 3.000000 2.500000 -1.158228
v 3.000000 3.500000 -1.158228
v 3.000000 2.500000 -2.158228
v 3.000000 3.500000 -2.158228
v -3.000000 2.500000 -2.158228
v -3.000000 3.500000 -2.158228
v -3.000000 2.500000 -3.158228
v -3.000000 3.500000 -3.158228
v -2.000000 2.500000 -2.158228
v -2.000000 3.500000 -2.158228
v -2.000000 2.500000 -3.158228
v -2.000000 3.500000 -3.158228
v -2.000000 2.500000 -2.158228
v -2.000000 3.500000 -2.158228
v -2.000000 2.500000 -3.158228
v -2.000000 3.500000 -3.158228
v -1.000000 2.500000 -2.158228
v -1.000000 3.500000 -2.158228
v -1.000000 2.500000 -3.158228
v -1.000000 3.500000 -3.158228
v -1.000000 2.500000 -2.158228
v -1.000000 3.500000 -2.158228
v -1.000000 2.500000 -3.158228
v -1.000000 3.500000 -3.158228
v 0.000000 2.500000 -2.158228
v 0.000000 3.500000 -2.158228
v 0.000000 2.500000 -3.158228
v 0.000000 3.500000 -3.158228
v 0.000000 2.500000 -2.158228
v 0.000000 3.500000 -2.158228
v 0.000000 2.500000 -3.158228
v 0.000000 3.500000 -3.158228
v 1.000000 2.500000 -2.158228
v 1.000000 3.500000 -2.158228
v 1.000000 2.500000 -3.158228
v 1.000000 3.500000 -3.158228
v 1.000000 2.500000 -2.158228
v 1.000000 3.500000 -2.158228
v 1.000000 2.500000 -3.158228
v 1.000000 3.500000 -3.158228
v 2.000000 2.500000 -2.158228
v 2.000000 3.500000 -2.158228
v 2.000000 2.500000 -3.158228
v 2.000000 3.500000 -3.158228
v 2.000000 2.500000 -2.158228
v 2.000000 3.500000 -2.158228
v 2.000000 2.500000 -3.158228
v 2.000000 3.500000 -3.158228
v 3.000000 2.500000 -2.158228
v 3.000000 3.500000 -2.158228
v 3.000000 2.500000 -3.158228
v 3.000000 3.500000 -3.158228
v -3.000000 2.500000 -3.158228
v -3.000000 3.500000 -3.158228
v -3.000000 2.500000 -4.158228
v -3.000000 3.500000 -4.158228
v -2.000000 2.500000 -3.158228
v -2.000000 3.500000 -3.158228
v -2.000000 2.500000 -4.158228
v -2.000000 3.500000 -4.158228
v -2.000000 2.500000 -3.158228
v -2.000000 3.500000 -3.158228
v -2.000000 2.500000 -4.158228
v -2.000000 3.500000 -4.158228
v -1.000000 2.500000 -3.158228
v -1.000000 3.500000 -3.158228
v -1.000000 2.500000 -4.158228
v -1.000000 3.500000 -4.158228
v -1.000000 2.500000 -3.158228
v -1.000000 3.500000 -3.158228
v -1.000000 2.500000 -4.158228
v -1.000000 3.500000 -4.158228
v 0.000000 2.500000 -3.158228
v 0.000000 3.500000 -3.158228
v 0.000000 2.500000 -4.158228
v 0.000000 3.500000 -4.158228
v 0.000000 2.500000 -3.158228
v 0.000000 3.500000 -3.158228
v 0.000000 2.500000 -4.158228
v 0.000000 3.500000 -4.158228
v 1.000000 2.500000 -3.158228
v 1.000000 3.500000 -3.158228
v 1.000000 2.500000 -4.158228
v 1.000000 3.500000 -4.158228
v 1.000000 2.500000 -3.158228
v 1.000000 3.500000 -3.158228
v 1.000000 2.500000 -4.158228
v 1.000000 3.500000 -4.158228
v 2.000000 2.500000 -3.158228
v 2.000000 3.500000 -3.158228
v 2.000000 2.500000 -4.158228
v 2.000000 3.500000 -4.158228
v 2.000000 2.500000 -3.158228
v 2.000000 3.500000 -3.158228
v 2.000000 2.500000 -4.158228
v 2.000000 3.500000 -4.158228
v 3.000000 2.500000 -3.158228
v 3.000000 3.500000 -3.158228
v 3.000000 2.500000 -4.158228
v 3.000000 3.500000 -4.158228
v -3.000000 2.500000 -4.158228
v -3.000000 3.500000 -4.158228
v -3.000000 2.500000 -5.158228
v -3.000000 3.500000 -5.158228
v -2.000000 2.500000 -4.158228
v -2.000000 3.500000 -4.158228
v -2.000000 2.500000 -5.158228
v -2.000000 3.500000 -5.158228
v -2.000000 2.500000 -4.158228
v -2.000000 3.500000 -4.158228
v -2.000000 2.500000 -5.158228
v -2.000000 3.500000 -5.158228
v -1.000000 2.500000 -4.158228
v -1.000000 3.500000 -4.158228
v -1.000000 2.500000 -5.158228
v -1.000000 3.500000 -5.158228
v -1.000000 2.500000 -4.158228
v -1.000000 3.500000 -4.158228
v -1.000000 2.500000 -5.158228
v -1.000000 3.500000 -5.158228
v 0.000000 2.500000 -4.158228
v 0.000000 3.500000 -4.158228
v 0.000000 2.500000 -5.158228
v 0.000000 3.500000 -5.158228
v 0.000000 2.500000 -4.158228
v 0.000000 3.500000 -4.158228
v 0.000000 2.500000 -5.158228
v 0.000000 3.500000 -5.158228
v 1.000000 2.500000 -4.158228
v 1.000000 3.500000 -4.158228
v 1.000000 2.500000 -5.158228
v 1.000000 3.500000 -5.158228
v 1.000000 2.500000 -4.158228
v 1.000000 3.500000 -4.158228
v 1.000000 2.500000 -5.158228
v 1.000000 3.500000 -5.158228
v 2.000000 2.500000 -4.158228
v 2.000000 3.500000 -4.158228
v 2.000000 2.500000 -5.158228
v 2.000000 3.500000 -5.158228
v 2.000000 2.500000 -4.158228
v 2.000000 3.500000 -4.158228
v 2.000000 2.500000 -5.158228
v 2.000000 3.500000 -5.158228
v 3.000000 2.500000 -4.158228
v 3.000000 3.500000 -4.158228
v 3.000000 2.500000 -5.158228
v 3.000000 3.500000 -5.158228
vn -1.0000 -0.0000 -0.0000
vn -0.0000 -0.0000 -1.0000
vn 1.0000 -0.0000 -0.0000
vn -0.0000 -0.0000 1.0000
vn -0.0000 -1.0000 -0.0000
vn -0.0000 1.0000 -0.0000
vt 0.375000 0.000000
vt 0.625000 0.000000
vt 0.625000 0.250000
vt 0.375000 0.250000
vt 0.625000 0.500000
vt 0.375000 0.500000
vt 0.625000 0.750000
vt 0.375000 0.750000
vt 0.625000 1.000000
vt 0.375000 1.000000
vt 0.125000 0.500000
vt 0.125000 0.750000
vt 0.875000 0.500000
vt 0.875000 0.750000
s 0
usemtl Voxel_mat252
f 1/1/1 2/2/1 4/3/1 3/4/1
f 3/4/2 4/3/2 8/5/2 7/6/2
f 7/6/3 8/5/3 6/7/3 5/8/3
f 5/8/4 6/7/4 2/9/4 1/10/4
f 3/11/5 7/6/5 5/8/5 1/12/5
f 8/5/6 4/13/6 2/14/6 6/7/6
f 105/1/1 106/2/1 108/3/1 107/4/1
f 107/4/2 108/3/2 112/5/2 111/6/2
f 111/6/3 112/5/3 110/7/3 109/8/3
f 109/8/4 110/7/4 106/9/4 105/10/4
f 107/11/5 111/6/5 109/8/5 105/12/5
f 112/5/6 108/13/6 106/14/6 110/7/6
f 113/1/1 114/2/1 116/3/1 115/4/1
f 115/4/2 116/3/2 120/5/2 119/6/2
f 119/6/3 120/5/3 118/7/3 117/8/3
f 117/8/4 118/7/4 114/9/4 113/10/4
f 115/11/5 119/6/5 117/8/5 113/12/5
f 120/5/6 116/13/6 114/14/6 118/7/6
f 137/1/1 138/2/1 140/3/1 139/4/1
f 139/4/2 140/3/2 144/5/2 143/6/2
f 143/6/3 144/5/3 142/7/3 141/8/3
f 141/8/4 142/7/4 138/9/4 137/10/4
f 139/11/5 143/6/5 141/8/5 137/12/5
f 144/5/6 140/13/6 138/14/6 142/7/6
f 145/1/1 146/2/1 148/3/1 147/4/1
f 147/4/2 148/3/2 152/5/2 151/6/2
f 151/6/3 152/5/3 150/7/3 149/8/3
f 149/8/4 150/7/4 146/9/4 145/10/4
f 147/11/5 151/6/5 149/8/5 145/12/5
f 152/5/6 148/13/6 146/14/6 150/7/6
f 153/1/1 154/2/1 156/3/1 155/4/1
f 155/4/2 156/3/2 160/5/2 159/6/2
f 159/6/3 160/5/3 158/7/3 157/8/3
f 157/8/4 158/7/4 154/9/4 153/10/4
f 155/11/5 159/6/5 157/8/5 153/12/5
f 160/5/6 156/13/6 154/14/6 158/7/6
f 209/1/1 210/2/1 212/3/1 211/4/1
f 211/4/2 212/3/2 216/5/2 215/6/2
f 215/6/3 216/5/3 214/7/3 213/8/3
f 213/8/4 214/7/4 210/9/4 209/10/4
f 211/11/5 215/6/5 213/8/5 209/12/5
f 216/5/6 212/13/6 210/14/6 214/7/6
f 249/1/1 250/2/1 252/3/1 251/4/1
f 251/4/2 252/3/2 256/5/2 255/6/2
f 255/6/3 256/5/3 254/7/3 253/8/3
f 253/8/4 254/7/4 250/9/4 249/10/4
f 251/11/5 255/6/5 253/8/5 249/12/5
f 256/5/6 252/13/6 250/14/6 254/7/6
f 673/1/1 674/2/1 676/3/1 675/4/1
f 675/4/2 676/3/2 680/5/2 679/6/2
f 679/6/3 680/5/3 678/7/3 677/8/3
f 677/8/4 678/7/4 674/9/4 673/10/4
f 675/11/5 679/6/5 677/8/5 673/12/5
f 680/5/6 676/13/6 674/14/6 678/7/6
f 713/1/1 714/2/1 716/3/1 715/4/1
f 715/4/2 716/3/2 720/5/2 719/6/2
f 719/6/3 720/5/3 718/7/3 717/8/3
f 717/8/4 718/7/4 714/9/4 713/10/4
f 715/11/5 719/6/5 717/8/5 713/12/5
f 720/5/6 716/13/6 714/14/6 718/7/6
f 769/1/1 770/2/1 772/3/1 771/4/1
f 771/4/2 772/3/2 776/5/2 775/6/2
f 775/6/3 776/5/3 774/7/3 773/8/3
f 773/8/4 774/7/4 770/9/4 769/10/4
f 771/11/5 775/6/5 773/8/5 769/12/5
f 776/5/6 772/13/6 770/14/6 774/7/6
f 777/1/1 778/2/1 780/3/1 779/4/1
f 779/4/2 780/3/2 784/5/2 783/6/2
f 783/6/3 784/5/3 782/7/3 781/8/3
f 781/8/4 782/7/4 778/9/4 777/10/4
f 779/11/5 783/6/5 781/8/5 777/12/5
f 784/5/6 780/13/6 778/14/6 782/7/6
f 785/1/1 786/2/1 788/3/1 787/4/1
f 787/4/2 788/3/2 792/5/2 791/6/2
f 791/6/3 792/5/3 790/7/3 789/8/3
f 789/8/4 790/7/4 786/9/4 785/10/4
f 787/11/5 791/6/5 789/8/5 785/12/5
f 792/5/6 788/13/6 786/14/6 790/7/6
f 809/1/1 810/2/1 812/3/1 811/4/1
f 811/4/2 812/3/2 816/5/2 815/6/2
f 815/6/3 816/5/3 814/7/3 813/8/3
f 813/8/4 814/7/4 810/9/4 809/10/4
f 811/11/5 815/6/5 813/8/5 809/12/5
f 816/5/6 812/13/6 810/14/6 814/7/6
f 817/1/1 818/2/1 820/3/1 819/4/1
f 819/4/2 820/3/2 824/5/2 823/6/2
f 823/6/3 824/5/3 822/7/3 821/8/3
f 821/8/4 822/7/4 818/9/4 817/10/4
f 819/11/5 823/6/5 821/8/5 817/12/5
f 824/5/6 820/13/6 818/14/6 822/7/6
f 825/1/1 826/2/1 828/3/1 827/4/1
f 827/4/2 828/3/2 832/5/2 831/6/2
f 831/6/3 832/5/3 830/7/3 829/8/3
f 829/8/4 830/7/4 826/9/4 825/10/4
f 827/11/5 831/6/5 829/8/5 825/12/5
f 832/5/6 828/13/6 826/14/6 830/7/6
usemtl Voxel_mat255
f 9/1/1 10/2/1 12/3/1 11/4/1
f 11/4/2 12/3/2 16/5/2 15/6/2
f 15/6/3 16/5/3 14/7/3 13/8/3
f 13/8/4 14/7/4 10/9/4 9/10/4
f 11/11/5 15/6/5 13/8/5 9/12/5
f 16/5/6 12/13/6 10/14/6 14/7/6
f 17/1/1 18/2/1 20/3/1 19/4/1
f 19/4/2 20/3/2 24/5/2 23/6/2
f 23/6/3 24/5/3 22/7/3 21/8/3
f 21/8/4 22/7/4 18/9/4 17/10/4
f 19/11/5 23/6/5 21/8/5 17/12/5
f 24/5/6 20/13/6 18/14/6 22/7/6
f 25/1/1 26/2/1 28/3/1 27/4/1
f 27/4/2 28/3/2 32/5/2 31/6/2
f 31/6/3 32/5/3 30/7/3 29/8/3
f 29/8/4 30/7/4 26/9/4 25/10/4
f 27/11/5 31/6/5 29/8/5 25/12/5
f 32/5/6 28/13/6 26/14/6 30/7/6
f 33/1/1 34/2/1 36/3/1 35/4/1
f 35/4/2 36/3/2 40/5/2 39/6/2
f 39/6/3 40/5/3 38/7/3 37/8/3
f 37/8/4 38/7/4 34/9/4 33/10/4
f 35/11/5 39/6/5 37/8/5 33/12/5
f 40/5/6 36/13/6 34/14/6 38/7/6
f 41/1/1 42/2/1 44/3/1 43/4/1
f 43/4/2 44/3/2 48/5/2 47/6/2
f 47/6/3 48/5/3 46/7/3 45/8/3
f 45/8/4 46/7/4 42/9/4 41/10/4
f 43/11/5 47/6/5 45/8/5 41/12/5
f 48/5/6 44/13/6 42/14/6 46/7/6
f 49/1/1 50/2/1 52/3/1 51/4/1
f 51/4/2 52/3/2 56/5/2 55/6/2
f 55/6/3 56/5/3 54/7/3 53/8/3
f 53/8/4 54/7/4 50/9/4 49/10/4
f 51/11/5 55/6/5 53/8/5 49/12/5
f 56/5/6 52/13/6 50/14/6 54/7/6
f 57/1/1 58/2/1 60/3/1 59/4/1
f 59/4/2 60/3/2 64/5/2 63/6/2
f 63/6/3 64/5/3 62/7/3 61/8/3
f 61/8/4 62/7/4 58/9/4 57/10/4
f 59/11/5 63/6/5 61/8/5 57/12/5
f 64/5/6 60/13/6 58/14/6 62/7/6
f 65/1/1 66/2/1 68/3/1 67/4/1
f 67/4/2 68/3/2 72/5/2 71/6/2
f 71/6/3 72/5/3 70/7/3 69/8/3
f 69/8/4 70/7/4 66/9/4 65/10/4
f 67/11/5 71/6/5 69/8/5 65/12/5
f 72/5/6 68/13/6 66/14/6 70/7/6
f 73/1/1 74/2/1 76/3/1 75/4/1
f 75/4/2 76/3/2 80/5/2 79/6/2
f 79/6/3 80/5/3 78/7/3 77/8/3
f 77/8/4 78/7/4 74/9/4 73/10/4
f 75/11/5 79/6/5 77/8/5 73/12/5
f 80/5/6 76/13/6 74/14/6 78/7/6
f 81/1/1 82/2/1 84/3/1 83/4/1
f 83/4/2 84/3/2 88/5/2 87/6/2
f 87/6/3 88/5/3 86/7/3 85/8/3
f 85/8/4 86/7/4 82/9/4 81/10/4
f 83/11/5 87/6/5 85/8/5 81/12/5
f 88/5/6 84/13/6 82/14/6 86/7/6
f 89/1/1 90/2/1 92/3/1 91/4/1
f 91/4/2 92/3/2 96/5/2 95/6/2
f 95/6/3 96/5/3 94/7/3 93/8/3
f 93/8/4 94/7/4 90/9/4 89/10/4
f 91/11/5 95/6/5 93/8/5 89/12/5
f 96/5/6 92/13/6 90/14/6 94/7/6
f 97/1/1 98/2/1 100/3/1 99/4/1
f 99/4/2 100/3/2 104/5/2 103/6/2
f 103/6/3 104/5/3 102/7/3 101/8/3
f 101/8/4 102/7/4 98/9/4 97/10/4
f 99/11/5 103/6/5 101/8/5 97/12/5
f 104/5/6 100/13/6 98/14/6 102/7/6
f 161/1/1 162/2/1 164/3/1 163/4/1
f 163/4/2 164/3/2 168/5/2 167/6/2
f 167/6/3 168/5/3 166/7/3 165/8/3
f 165/8/4 166/7/4 162/9/4 161/10/4
f 163/11/5 167/6/5 165/8/5 161/12/5
f 168/5/6 164/13/6 162/14/6 166/7/6
f 201/1/1 202/2/1 204/3/1 203/4/1
f 203/4/2 204/3/2 208/5/2 207/6/2
f 207/6/3 208/5/3 206/7/3 205/8/3
f 205/8/4 206/7/4 202/9/4 201/10/4
f 203/11/5 207/6/5 205/8/5 201/12/5
f 208/5/6 204/13/6 202/14/6 206/7/6
f 257/1/1 258/2/1 260/3/1 259/4/1
f 259/4/2 260/3/2 264/5/2 263/6/2
f 263/6/3 264/5/3 262/7/3 261/8/3
f 261/8/4 262/7/4 258/9/4 257/10/4
f 259/11/5 263/6/5 261/8/5 257/12/5
f 264/5/6 260/13/6 258/14/6 262/7/6
f 297/1/1 298/2/1 300/3/1 299/4/1
f 299/4/2 300/3/2 304/5/2 303/6/2
f 303/6/3 304/5/3 302/7/3 301/8/3
f 301/8/4 302/7/4 298/9/4 297/10/4
f 299/11/5 303/6/5 301/8/5 297/12/5
f 304/5/6 300/13/6 298/14/6 302/7/6
f 625/1/1 626/2/1 628/3/1 627/4/1
f 627/4/2 628/3/2 632/5/2 631/6/2
f 631/6/3 632/5/3 630/7/3 629/8/3
f 629/8/4 630/7/4 626/9/4 625/10/4
f 627/11/5 631/6/5 629/8/5 625/12/5
f 632/5/6 628/13/6 626/14/6 630/7/6
f 665/1/1 666/2/1 668/3/1 667/4/1
f 667/4/2 668/3/2 672/5/2 671/6/2
f 671/6/3 672/5/3 670/7/3 669/8/3
f 669/8/4 670/7/4 666/9/4 665/10/4
f 667/11/5 671/6/5 669/8/5 665/12/5
f 672/5/6 668/13/6 666/14/6 670/7/6
f 721/1/1 722/2/1 724/3/1 723/4/1
f 723/4/2 724/3/2 728/5/2 727/6/2
f 727/6/3 728/5/3 726/7/3 725/8/3
f 725/8/4 726/7/4 722/9/4 721/10/4
f 723/11/5 727/6/5 725/8/5 721/12/5
f 728/5/6 724/13/6 722/14/6 726/7/6
f 761/1/1 762/2/1 764/3/1 763/4/1
f 763/4/2 764/3/2 768/5/2 767/6/2
f 767/6/3 768/5/3 766/7/3 765/8/3
f 765/8/4 766/7/4 762/9/4 761/10/4
f 763/11/5 767/6/5 765/8/5 761/12/5
f 768/5/6 764/13/6 762/14/6 766/7/6
usemtl Voxel_mat6
f 121/1/1 122/2/1 124/3/1 123/4/1
f 123/4/2 124/3/2 128/5/2 127/6/2
f 127/6/3 128/5/3 126/7/3 125/8/3
f 125/8/4 126/7/4 122/9/4 121/10/4
f 123/11/5 127/6/5 125/8/5 121/12/5
f 128/5/6 124/13/6 122/14/6 126/7/6
f 129/1/1 130/2/1 132/3/1 131/4/1
f 131/4/2 132/3/2 136/5/2 135/6/2
f 135/6/3 136/5/3 134/7/3 133/8/3
f 133/8/4 134/7/4 130/9/4 129/10/4
f 131/11/5 135/6/5 133/8/5 129/12/5
f 136/5/6 132/13/6 130/14/6 134/7/6
f 793/1/1 794/2/1 796/3/1 795/4/1
f 795/4/2 796/3/2 800/5/2 799/6/2
f 799/6/3 800/5/3 798/7/3 797/8/3
f 797/8/4 798/7/4 794/9/4 793/10/4
f 795/11/5 799/6/5 797/8/5 793/12/5
f 800/5/6 796/13/6 794/14/6 798/7/6
f 801/1/1 802/2/1 804/3/1 803/4/1
f 803/4/2 804/3/2 808/5/2 807/6/2
f 807/6/3 808/5/3 806/7/3 805/8/3
f 805/8/4 806/7/4 802/9/4 801/10/4
f 803/11/5 807/6/5 805/8/5 801/12/5
f 808/5/6 804/13/6 802/14/6 806/7/6
usemtl Voxel_mat250
f 169/1/1 170/2/1 172/3/1 171/4/1
f 171/4/2 172/3/2 176/5/2 175/6/2
f 175/6/3 176/5/3 174/7/3 173/8/3
f 173/8/4 174/7/4 170/9/4 169/10/4
f 171/11/5 175/6/5 173/8/5 169/12/5
f 176/5/6 172/13/6 170/14/6 174/7/6
f 177/1/1 178/2/1 180/3/1 179/4/1
f 179/4/2 180/3/2 184/5/2 183/6/2
f 183/6/3 184/5/3 182/7/3 181/8/3
f 181/8/4 182/7/4 178/9/4 177/10/4
f 179/11/5 183/6/5 181/8/5 177/12/5
f 184/5/6 180/13/6 178/14/6 182/7/6
f 185/1/1 186/2/1 188/3/1 187/4/1
f 187/4/2 188/3/2 192/5/2 191/6/2
f 191/6/3 192/5/3 190/7/3 189/8/3
f 189/8/4 190/7/4 186/9/4 185/10/4
f 187/11/5 191/6/5 189/8/5 185/12/5
f 192/5/6 188/13/6 186/14/6 190/7/6
f 193/1/1 194/2/1 196/3/1 195/4/1
f 195/4/2 196/3/2 200/5/2 199/6/2
f 199/6/3 200/5/3 198/7/3 197/8/3
f 197/8/4 198/7/4 194/9/4 193/10/4
f 195/11/5 199/6/5 197/8/5 193/12/5
f 200/5/6 196/13/6 194/14/6 198/7/6
f 217/1/1 218/2/1 220/3/1 219/4/1
f 219/4/2 220/3/2 224/5/2 223/6/2
f 223/6/3 224/5/3 222/7/3 221/8/3
f 221/8/4 222/7/4 218/9/4 217/10/4
f 219/11/5 223/6/5 221/8/5 217/12/5
f 224/5/6 220/13/6 218/14/6 222/7/6
f 225/1/1 226/2/1 228/3/1 227/4/1
f 227/4/2 228/3/2 232/5/2 231/6/2
f 231/6/3 232/5/3 230/7/3 229/8/3
f 229/8/4 230/7/4 226/9/4 225/10/4
f 227/11/5 231/6/5 229/8/5 225/12/5
f 232/5/6 228/13/6 226/14/6 230/7/6
f 233/1/1 234/2/1 236/3/1 235/4/1
f 235/4/2 236/3/2 240/5/2 239/6/2
f 239/6/3 240/5/3 238/7/3 237/8/3
f 237/8/4 238/7/4 234/9/4 233/10/4
f 235/11/5 239/6/5 237/8/5 233/12/5
f 240/5/6 236/13/6 234/14/6 238/7/6
f 241/1/1 242/2/1 244/3/1 243/4/1
f 243/4/2 244/3/2 248/5/2 247/6/2
f 247/6/3 248/5/3 246/7/3 245/8/3
f 245/8/4 246/7/4 242/9/4 241/10/4
f 243/11/5 247/6/5 245/8/5 241/12/5
f 248/5/6 244/13/6 242/14/6 246/7/6
f 265/1/1 266/2/1 268/3/1 267/4/1
f 267/4/2 268/3/2 272/5/2 271/6/2
f 271/6/3 272/5/3 270/7/3 269/8/3
f 269/8/4 270/7/4 266/9/4 265/10/4
f 267/11/5 271/6/5 269/8/5 265/12/5
f 272/5/6 268/13/6 266/14/6 270/7/6
f 273/1/1 274/2/1 276/3/1 275/4/1
f 275/4/2 276/3/2 280/5/2 279/6/2
f 279/6/3 280/5/3 278/7/3 277/8/3
f 277/8/4 278/7/4 274/9/4 273/10/4
f 275/11/5 279/6/5 277/8/5 273/12/5
f 280/5/6 276/13/6 274/14/6 278/7/6
f 281/1/1 282/2/1 284/3/1 283/4/1
f 283/4/2 284/3/2 288/5/2 287/6/2
f 287/6/3 288/5/3 286/7/3 285/8/3
f 285/8/4 286/7/4 282/9/4 281/10/4
f 283/11/5 287/6/5 285/8/5 281/12/5
f 288/5/6 284/13/6 282/14/6 286/7/6
f 289/1/1 290/2/1 292/3/1 291/4/1
f 291/4/2 292/3/2 296/5/2 295/6/2
f 295/6/3 296/5/3 294/7/3 293/8/3
f 293/8/4 294/7/4 290/9/4 289/10/4
f 291/11/5 295/6/5 293/8/5 289/12/5
f 296/5/6 292/13/6 290/14/6 294/7/6
f 313/1/1 314/2/1 316/3/1 315/4/1
f 315/4/2 316/3/2 320/5/2 319/6/2
f 319/6/3 320/5/3 318/7/3 317/8/3
f 317/8/4 318/7/4 314/9/4 313/10/4
f 315/11/5 319/6/5 317/8/5 313/12/5
f 320/5/6 316/13/6 314/14/6 318/7/6
f 321/1/1 322/2/1 324/3/1 323/4/1
f 323/4/2 324/3/2 328/5/2 327/6/2
f 327/6/3 328/5/3 326/7/3 325/8/3
f 325/8/4 326/7/4 322/9/4 321/10/4
f 323/11/5 327/6/5 325/8/5 321/12/5
f 328/5/6 324/13/6 322/14/6 326/7/6
f 329/1/1 330/2/1 332/3/1 331/4/1
f 331/4/2 332/3/2 336/5/2 335/6/2
f 335/6/3 336/5/3 334/7/3 333/8/3
f 333/8/4 334/7/4 330/9/4 329/10/4
f 331/11/5 335/6/5 333/8/5 329/12/5
f 336/5/6 332/13/6 330/14/6 334/7/6
f 337/1/1 338/2/1 340/3/1 339/4/1
f 339/4/2 340/3/2 344/5/2 343/6/2
f 343/6/3 344/5/3 342/7/3 341/8/3
f 341/8/4 342/7/4 338/9/4 337/10/4
f 339/11/5 343/6/5 341/8/5 337/12/5
f 344/5/6 340/13/6 338/14/6 342/7/6
f 345/1/1 346/2/1 348/3/1 347/4/1
f 347/4/2 348/3/2 352/5/2 351/6/2
f 351/6/3 352/5/3 350/7/3 349/8/3
f 349/8/4 350/7/4 346/9/4 345/10/4
f 347/11/5 351/6/5 349/8/5 345/12/5
f 352/5/6 348/13/6 346/14/6 350/7/6
f 353/1/1 354/2/1 356/3/1 355/4/1
f 355/4/2 356/3/2 360/5/2 359/6/2
f 359/6/3 360/5/3 358/7/3 357/8/3
f 357/8/4 358/7/4 354/9/4 353/10/4
f 355/11/5 359/6/5 357/8/5 353/12/5
f 360/5/6 356/13/6 354/14/6 358/7/6
f 377/1/1 378/2/1 380/3/1 379/4/1
f 379/4/2 380/3/2 384/5/2 383/6/2
f 383/6/3 384/5/3 382/7/3 381/8/3
f 381/8/4 382/7/4 378/9/4 377/10/4
f 379/11/5 383/6/5 381/8/5 377/12/5
f 384/5/6 380/13/6 378/14/6 382/7/6
f 385/1/1 386/2/1 388/3/1 387/4/1
f 387/4/2 388/3/2 392/5/2 391/6/2
f 391/6/3 392/5/3 390/7/3 389/8/3
f 389/8/4 390/7/4 386/9/4 385/10/4
f 387/11/5 391/6/5 389/8/5 385/12/5
f 392/5/6 388/13/6 386/14/6 390/7/6
f 393/1/1 394/2/1 396/3/1 395/4/1
f 395/4/2 396/3/2 400/5/2 399/6/2
f 399/6/3 400/5/3 398/7/3 397/8/3
f 397/8/4 398/7/4 394/9/4 393/10/4
f 395/11/5 399/6/5 397/8/5 393/12/5
f 400/5/6 396/13/6 394/14/6 398/7/6
f 401/1/1 402/2/1 404/3/1 403/4/1
f 403/4/2 404/3/2 408/5/2 407/6/2
f 407/6/3 408/5/3 406/7/3 405/8/3
f 405/8/4 406/7/4 402/9/4 401/10/4
f 403/11/5 407/6/5 405/8/5 401/12/5
f 408/5/6 404/13/6 402/14/6 406/7/6
f 409/1/1 410/2/1 412/3/1 411/4/1
f 411/4/2 412/3/2 416/5/2 415/6/2
f 415/6/3 416/5/3 414/7/3 413/8/3
f 413/8/4 414/7/4 410/9/4 409/10/4
f 411/11/5 415/6/5 413/8/5 409/12/5
f 416/5/6 412/13/6 410/14/6 414/7/6
f 417/1/1 418/2/1 420/3/1 419/4/1
f 419/4/2 420/3/2 424/5/2 423/6/2
f 423/6/3 424/5/3 422/7/3 421/8/3
f 421/8/4 422/7/4 418/9/4 417/10/4
f 419/11/5 423/6/5 421/8/5 417/12/5
f 424/5/6 420/13/6 418/14/6 422/7/6
f 441/1/1 442/2/1 444/3/1 443/4/1
f 443/4/2 444/3/2 448/5/2 447/6/2
f 447/6/3 448/5/3 446/7/3 445/8/3
f 445/8/4 446/7/4 442/9/4 441/10/4
f 443/11/5 447/6/5 445/8/5 441/12/5
f 448/5/6 444/13/6 442/14/6 446/7/6
f 449/1/1 450/2/1 452/3/1 451/4/1
f 451/4/2 452/3/2 456/5/2 455/6/2
f 455/6/3 456/5/3 454/7/3 453/8/3
f 453/8/4 454/7/4 450/9/4 449/10/4
f 451/11/5 455/6/5 453/8/5 449/12/5
f 456/5/6 452/13/6 450/14/6 454/7/6
f 457/1/1 458/2/1 460/3/1 459/4/1
f 459/4/2 460/3/2 464/5/2 463/6/2
f 463/6/3 464/5/3 462/7/3 461/8/3
f 461/8/4 462/7/4 458/9/4 457/10/4
f 459/11/5 463/6/5 461/8/5 457/12/5
f 464/5/6 460/13/6 458/14/6 462/7/6
f 465/1/1 466/2/1 468/3/1 467/4/1
f 467/4/2 468/3/2 472/5/2 471/6/2
f 471/6/3 472/5/3 470/7/3 469/8/3
f 469/8/4 470/7/4 466/9/4 465/10/4
f 467/11/5 471/6/5 469/8/5 465/12/5
f 472/5/6 468/13/6 466/14/6 470/7/6
f 473/1/1 474/2/1 476/3/1 475/4/1
f 475/4/2 476/3/2 480/5/2 479/6/2
f 479/6/3 480/5/3 478/7/3 477/8/3
f 477/8/4 478/7/4 474/9/4 473/10/4
f 475/11/5 479/6/5 477/8/5 473/12/5
f 480/5/6 476/13/6 474/14/6 478/7/6
f 481/1/1 482/2/1 484/3/1 483/4/1
f 483/4/2 484/3/2 488/5/2 487/6/2
f 487/6/3 488/5/3 486/7/3 485/8/3
f 485/8/4 486/7/4 482/9/4 481/10/4
f 483/11/5 487/6/5 485/8/5 481/12/5
f 488/5/6 484/13/6 482/14/6 486/7/6
f 505/1/1 506/2/1 508/3/1 507/4/1
f 507/4/2 508/3/2 512/5/2 511/6/2
f 511/6/3 512/5/3 510/7/3 509/8/3
f 509/8/4 510/7/4 506/9/4 505/10/4
f 507/11/5 511/6/5 509/8/5 505/12/5
f 512/5/6 508/13/6 506/14/6 510/7/6
f 513/1/1 514/2/1 516/3/1 515/4/1
f 515/4/2 516/3/2 520/5/2 519/6/2
f 519/6/3 520/5/3 518/7/3 517/8/3
f 517/8/4 518/7/4 514/9/4 513/10/4
f 515/11/5 519/6/5 517/8/5 513/12/5
f 520/5/6 516/13/6 514/14/6 518/7/6
f 521/1/1 522/2/1 524/3/1 523/4/1
f 523/4/2 524/3/2 528/5/2 527/6/2
f 527/6/3 528/5/3 526/7/3 525/8/3
f 525/8/4 526/7/4 522/9/4 521/10/4
f 523/11/5 527/6/5 525/8/5 521/12/5
f 528/5/6 524/13/6 522/14/6 526/7/6
f 529/1/1 530/2/1 532/3/1 531/4/1
f 531/4/2 532/3/2 536/5/2 535/6/2
f 535/6/3 536/5/3 534/7/3 533/8/3
f 533/8/4 534/7/4 530/9/4 529/10/4
f 531/11/5 535/6/5 533/8/5 529/12/5
f 536/5/6 532/13/6 530/14/6 534/7/6
f 537/1/1 538/2/1 540/3/1 539/4/1
f 539/4/2 540/3/2 544/5/2 543/6/2
f 543/6/3 544/5/3 542/7/3 541/8/3
f 541/8/4 542/7/4 538/9/4 537/10/4
f 539/11/5 543/6/5 541/8/5 537/12/5
f 544/5/6 540/13/6 538/14/6 542/7/6
f 545/1/1 546/2/1 548/3/1 547/4/1
f 547/4/2 548/3/2 552/5/2 551/6/2
f 551/6/3 552/5/3 550/7/3 549/8/3
f 549/8/4 550/7/4 546/9/4 545/10/4
f 547/11/5 551/6/5 549/8/5 545/12/5
f 552/5/6 548/13/6 546/14/6 550/7/6
f 569/1/1 570/2/1 572/3/1 571/4/1
f 571/4/2 572/3/2 576/5/2 575/6/2
f 575/6/3 576/5/3 574/7/3 573/8/3
f 573/8/4 574/7/4 570/9/4 569/10/4
f 571/11/5 575/6/5 573/8/5 569/12/5
f 576/5/6 572/13/6 570/14/6 574/7/6
f 577/1/1 578/2/1 580/3/1 579/4/1
f 579/4/2 580/3/2 584/5/2 583/6/2
f 583/6/3 584/5/3 582/7/3 581/8/3
f 581/8/4 582/7/4 578/9/4 577/10/4
f 579/11/5 583/6/5 581/8/5 577/12/5
f 584/5/6 580/13/6 578/14/6 582/7/6
f 585/1/1 586/2/1 588/3/1 587/4/1
f 587/4/2 588/3/2 592/5/2 591/6/2
f 591/6/3 592/5/3 590/7/3 589/8/3
f 589/8/4 590/7/4 586/9/4 585/10/4
f 587/11/5 591/6/5 589/8/5 585/12/5
f 592/5/6 588/13/6 586/14/6 590/7/6
f 593/1/1 594/2/1 596/3/1 595/4/1
f 595/4/2 596/3/2 600/5/2 599/6/2
f 599/6/3 600/5/3 598/7/3 597/8/3
f 597/8/4 598/7/4 594/9/4 593/10/4
f 595/11/5 599/6/5 597/8/5 593/12/5
f 600/5/6 596/13/6 594/14/6 598/7/6
f 601/1/1 602/2/1 604/3/1 603/4/1
f 603/4/2 604/3/2 608/5/2 607/6/2
f 607/6/3 608/5/3 606/7/3 605/8/3
f 605/8/4 606/7/4 602/9/4 601/10/4
f 603/11/5 607/6/5 605/8/5 601/12/5
f 608/5/6 604/13/6 602/14/6 606/7/6
f 609/1/1 610/2/1 612/3/1 611/4/1
f 611/4/2 612/3/2 616/5/2 615/6/2
f 615/6/3 616/5/3 614/7/3 613/8/3
f 613/8/4 614/7/4 610/9/4 609/10/4
f 611/11/5 615/6/5 613/8/5 609/12/5
f 616/5/6 612/13/6 610/14/6 614/7/6
f 633/1/1 634/2/1 636/3/1 635/4/1
f 635/4/2 636/3/2 640/5/2 639/6/2
f 639/6/3 640/5/3 638/7/3 637/8/3
f 637/8/4 638/7/4 634/9/4 633/10/4
f 635/11/5 639/6/5 637/8/5 633/12/5
f 640/5/6 636/13/6 634/14/6 638/7/6
f 641/1/1 642/2/1 644/3/1 643/4/1
f 643/4/2 644/3/2 648/5/2 647/6/2
f 647/6/3 648/5/3 646/7/3 645/8/3
f 645/8/4 646/7/4 642/9/4 641/10/4
f 643/11/5 647/6/5 645/8/5 641/12/5
f 648/5/6 644/13/6 642/14/6 646/7/6
f 649/1/1 650/2/1 652/3/1 651/4/1
f 651/4/2 652/3/2 656/5/2 655/6/2
f 655/6/3 656/5/3 654/7/3 653/8/3
f 653/8/4 654/7/4 650/9/4 649/10/4
f 651/11/5 655/6/5 653/8/5 649/12/5
f 656/5/6 652/13/6 650/14/6 654/7/6
f 657/1/1 658/2/1 660/3/1 659/4/1
f 659/4/2 660/3/2 664/5/2 663/6/2
f 663/6/3 664/5/3 662/7/3 661/8/3
f 661/8/4 662/7/4 658/9/4 657/10/4
f 659/11/5 663/6/5 661/8/5 657/12/5
f 664/5/6 660/13/6 658/14/6 662/7/6
f 681/1/1 682/2/1 684/3/1 683/4/1
f 683/4/2 684/3/2 688/5/2 687/6/2
f 687/6/3 688/5/3 686/7/3 685/8/3
f 685/8/4 686/7/4 682/9/4 681/10/4
f 683/11/5 687/6/5 685/8/5 681/12/5
f 688/5/6 684/13/6 682/14/6 686/7/6
f 689/1/1 690/2/1 692/3/1 691/4/1
f 691/4/2 692/3/2 696/5/2 695/6/2
f 695/6/3 696/5/3 694/7/3 693/8/3
f 693/8/4 694/7/4 690/9/4 689/10/4
f 691/11/5 695/6/5 693/8/5 689/12/5
f 696/5/6 692/13/6 690/14/6 694/7/6
f 697/1/1 698/2/1 700/3/1 699/4/1
f 699/4/2 700/3/2 704/5/2 703/6/2
f 703/6/3 704/5/3 702/7/3 701/8/3
f 701/8/4 702/7/4 698/9/4 697/10/4
f 699/11/5 703/6/5 701/8/5 697/12/5
f 704/5/6 700/13/6 698/14/6 702/7/6
f 705/1/1 706/2/1 708/3/1 707/4/1
f 707/4/2 708/3/2 712/5/2 711/6/2
f 711/6/3 712/5/3 710/7/3 709/8/3
f 709/8/4 710/7/4 706/9/4 705/10/4
f 707/11/5 711/6/5 709/8/5 705/12/5
f 712/5/6 708/13/6 706/14/6 710/7/6
f 729/1/1 730/2/1 732/3/1 731/4/1
f 731/4/2 732/3/2 736/5/2 735/6/2
f 735/6/3 736/5/3 734/7/3 733/8/3
f 733/8/4 734/7/4 730/9/4 729/10/4
f 731/11/5 735/6/5 733/8/5 729/12/5
f 736/5/6 732/13/6 730/14/6 734/7/6
f 737/1/1 738/2/1 740/3/1 739/4/1
f 739/4/2 740/3/2 744/5/2 743/6/2
f 743/6/3 744/5/3 742/7/3 741/8/3
f 741/8/4 742/7/4 738/9/4 737/10/4
f 739/11/5 743/6/5 741/8/5 737/12/5
f 744/5/6 740/13/6 738/14/6 742/7/6
f 745/1/1 746/2/1 748/3/1 747/4/1
f 747/4/2 748/3/2 752/5/2 751/6/2
f 751/6/3 752/5/3 750/7/3 749/8/3
f 749/8/4 750/7/4 746/9/4 745/10/4
f 747/11/5 751/6/5 749/8/5 745/12/5
f 752/5/6 748/13/6 746/14/6 750/7/6
f 753/1/1 754/2/1 756/3/1 755/4/1
f 755/4/2 756/3/2 760/5/2 759/6/2
f 759/6/3 760/5/3 758/7/3 757/8/3
f 757/8/4 758/7/4 754/9/4 753/10/4
f 755/11/5 759/6/5 757/8/5 753/12/5
f 760/5/6 756/13/6 754/14/6 758/7/6
usemtl Voxel_mat12
f 305/1/1 306/2/1 308/3/1 307/4/1
f 307/4/2 308/3/2 312/5/2 311/6/2
f 311/6/3 312/5/3 310/7/3 309/8/3
f 309/8/4 310/7/4 306/9/4 305/10/4
f 307/11/5 311/6/5 309/8/5 305/12/5
f 312/5/6 308/13/6 306/14/6 310/7/6
f 361/1/1 362/2/1 364/3/1 363/4/1
f 363/4/2 364/3/2 368/5/2 367/6/2
f 367/6/3 368/5/3 366/7/3 365/8/3
f 365/8/4 366/7/4 362/9/4 361/10/4
f 363/11/5 367/6/5 365/8/5 361/12/5
f 368/5/6 364/13/6 362/14/6 366/7/6
f 369/1/1 370/2/1 372/3/1 371/4/1
f 371/4/2 372/3/2 376/5/2 375/6/2
f 375/6/3 376/5/3 374/7/3 373/8/3
f 373/8/4 374/7/4 370/9/4 369/10/4
f 371/11/5 375/6/5 373/8/5 369/12/5
f 376/5/6 372/13/6 370/14/6 374/7/6
f 425/1/1 426/2/1 428/3/1 427/4/1
f 427/4/2 428/3/2 432/5/2 431/6/2
f 431/6/3 432/5/3 430/7/3 429/8/3
f 429/8/4 430/7/4 426/9/4 425/10/4
f 427/11/5 431/6/5 429/8/5 425/12/5
f 432/5/6 428/13/6 426/14/6 430/7/6
f 433/1/1 434/2/1 436/3/1 435/4/1
f 435/4/2 436/3/2 440/5/2 439/6/2
f 439/6/3 440/5/3 438/7/3 437/8/3
f 437/8/4 438/7/4 434/9/4 433/10/4
f 435/11/5 439/6/5 437/8/5 433/12/5
f 440/5/6 436/13/6 434/14/6 438/7/6
f 489/1/1 490/2/1 492/3/1 491/4/1
f 491/4/2 492/3/2 496/5/2 495/6/2
f 495/6/3 496/5/3 494/7/3 493/8/3
f 493/8/4 494/7/4 490/9/4 489/10/4
f 491/11/5 495/6/5 493/8/5 489/12/5
f 496/5/6 492/13/6 490/14/6 494/7/6
f 497/1/1 498/2/1 500/3/1 499/4/1
f 499/4/2 500/3/2 504/5/2 503/6/2
f 503/6/3 504/5/3 502/7/3 501/8/3
f 501/8/4 502/7/4 498/9/4 497/10/4
f 499/11/5 503/6/5 501/8/5 497/12/5
f 504/5/6 500/13/6 498/14/6 502/7/6
f 553/1/1 554/2/1 556/3/1 555/4/1
f 555/4/2 556/3/2 560/5/2 559/6/2
f 559/6/3 560/5/3 558/7/3 557/8/3
f 557/8/4 558/7/4 554/9/4 553/10/4
f 555/11/5 559/6/5 557/8/5 553/12/5
f 560/5/6 556/13/6 554/14/6 558/7/6
f 561/1/1 562/2/1 564/3/1 563/4/1
f 563/4/2 564/3/2 568/5/2 567/6/2
f 567/6/3 568/5/3 566/7/3 565/8/3
f 565/8/4 566/7/4 562/9/4 561/10/4
f 563/11/5 567/6/5 565/8/5 561/12/5
f 568/5/6 564/13/6 562/14/6 566/7/6
f 617/1/1 618/2/1 620/3/1 619/4/1
f 619/4/2 620/3/2 624/5/2 623/6/2
f 623/6/3 624/5/3 622/7/3 621/8/3
f 621/8/4 622/7/4 618/9/4 617/10/4
f 619/11/5 623/6/5 621/8/5 617/12/5
f 624/5/6 620/13/6 618/14/6 622/7/6
f 849/1/1 850/2/1 852/3/1 851/4/1
f 851/4/2 852/3/2 856/5/2 855/6/2
f 855/6/3 856/5/3 854/7/3 853/8/3
f 853/8/4 854/7/4 850/9/4 849/10/4
f 851/11/5 855/6/5 853/8/5 849/12/5
f 856/5/6 852/13/6 850/14/6 854/7/6
f 857/1/1 858/2/1 860/3/1 859/4/1
f 859/4/2 860/3/2 864/5/2 863/6/2
f 863/6/3 864/5/3 862/7/3 861/8/3
f 861/8/4 862/7/4 858/9/4 857/10/4
f 859/11/5 863/6/5 861/8/5 857/12/5
f 864/5/6 860/13/6 858/14/6 862/7/6
f 865/1/1 866/2/1 868/3/1 867/4/1
f 867/4/2 868/3/2 872/5/2 871/6/2
f 871/6/3 872/5/3 870/7/3 869/8/3
f 869/8/4 870/7/4 866/9/4 865/10/4
f 867/11/5 871/6/5 869/8/5 865/12/5
f 872/5/6 868/13/6 866/14/6 870/7/6
f 873/1/1 874/2/1 876/3/1 875/4/1
f 875/4/2 876/3/2 880/5/2 879/6/2
f 879/6/3 880/5/3 878/7/3 877/8/3
f 877/8/4 878/7/4 874/9/4 873/10/4
f 875/11/5 879/6/5 877/8/5 873/12/5
f 880/5/6 876/13/6 874/14/6 878/7/6
f 897/1/1 898/2/1 900/3/1 899/4/1
f 899/4/2 900/3/2 904/5/2 903/6/2
f 903/6/3 904/5/3 902/7/3 901/8/3
f 901/8/4 902/7/4 898/9/4 897/10/4
f 899/11/5 903/6/5 901/8/5 897/12/5
f 904/5/6 900/13/6 898/14/6 902/7/6
f 905/1/1 906/2/1 908/3/1 907/4/1
f 907/4/2 908/3/2 912/5/2 911/6/2
f 911/6/3 912/5/3 910/7/3 909/8/3
f 909/8/4 910/7/4 906/9/4 905/10/4
f 907/11/5 911/6/5 909/8/5 905/12/5
f 912/5/6 908/13/6 906/14/6 910/7/6
f 913/1/1 914/2/1 916/3/1 915/4/1
f 915/4/2 916/3/2 920/5/2 919/6/2
f 919/6/3 920/5/3 918/7/3 917/8/3
f 917/8/4 918/7/4 914/9/4 913/10/4
f 915/11/5 919/6/5 917/8/5 913/12/5
f 920/5/6 916/13/6 914/14/6 918/7/6
f 921/1/1 922/2/1 924/3/1 923/4/1
f 923/4/2 924/3/2 928/5/2 927/6/2
f 927/6/3 928/5/3 926/7/3 925/8/3
f 925/8/4 926/7/4 922/9/4 921/10/4
f 923/11/5 927/6/5 925/8/5 921/12/5
f 928/5/6 924/13/6 922/14/6 926/7/6
f 929/1/1 930/2/1 932/3/1 931/4/1
f 931/4/2 932/3/2 936/5/2 935/6/2
f 935/6/3 936/5/3 934/7/3 933/8/3
f 933/8/4 934/7/4 930/9/4 929/10/4
f 931/11/5 935/6/5 933/8/5 929/12/5
f 936/5/6 932/13/6 930/14/6 934/7/6
f 937/1/1 938/2/1 940/3/1 939/4/1
f 939/4/2 940/3/2 944/5/2 943/6/2
f 943/6/3 944/5/3 942/7/3 941/8/3
f 941/8/4 942/7/4 938/9/4 937/10/4
f 939/11/5 943/6/5 941/8/5 937/12/5
f 944/5/6 940/13/6 938/14/6 942/7/6
f 945/1/1 946/2/1 948/3/1 947/4/1
f 947/4/2 948/3/2 952/5/2 951/6/2
f 951/6/3 952/5/3 950/7/3 949/8/3
f 949/8/4 950/7/4 946/9/4 945/10/4
f 947/11/5 951/6/5 949/8/5 945/12/5
f 952/5/6 948/13/6 946/14/6 950/7/6
f 953/1/1 954/2/1 956/3/1 955/4/1
f 955/4/2 956/3/2 960/5/2 959/6/2
f 959/6/3 960/5/3 958/7/3 957/8/3
f 957/8/4 958/7/4 954/9/4 953/10/4
f 955/11/5 959/6/5 957/8/5 953/12/5
f 960/5/6 956/13/6 954/14/6 958/7/6
f 961/1/1 962/2/1 964/3/1 963/4/1
f 963/4/2 964/3/2 968/5/2 967/6/2
f 967/6/3 968/5/3 966/7/3 965/8/3
f 965/8/4 966/7/4 962/9/4 961/10/4
f 963/11/5 967/6/5 965/8/5 961/12/5
f 968/5/6 964/13/6 962/14/6 966/7/6
f 969/1/1 970/2/1 972/3/1 971/4/1
f 971/4/2 972/3/2 976/5/2 975/6/2
f 975/6/3 976/5/3 974/7/3 973/8/3
f 973/8/4 974/7/4 970/9/4 969/10/4
f 971/11/5 975/6/5 973/8/5 969/12/5
f 976/5/6 972/13/6 970/14/6 974/7/6
f 977/1/1 978/2/1 980/3/1 979/4/1
f 979/4/2 980/3/2 984/5/2 983/6/2
f 983/6/3 984/5/3 982/7/3 981/8/3
f 981/8/4 982/7/4 978/9/4 977/10/4
f 979/11/5 983/6/5 981/8/5 977/12/5
f 984/5/6 980/13/6 978/14/6 982/7/6
f 985/1/1 986/2/1 988/3/1 987/4/1
f 987/4/2 988/3/2 992/5/2 991/6/2
f 991/6/3 992/5/3 990/7/3 989/8/3
f 989/8/4 990/7/4 986/9/4 985/10/4
f 987/11/5 991/6/5 989/8/5 985/12/5
f 992/5/6 988/13/6 986/14/6 990/7/6
f 993/1/1 994/2/1 996/3/1 995/4/1
f 995/4/2 996/3/2 1000/5/2 999/6/2
f 999/6/3 1000/5/3 998/7/3 997/8/3
f 997/8/4 998/7/4 994/9/4 993/10/4
f 995/11/5 999/6/5 997/8/5 993/12/5
f 1000/5/6 996/13/6 994/14/6 998/7/6
f 1001/1/1 1002/2/1 1004/3/1 1003/4/1
f 1003/4/2 1004/3/2 1008/5/2 1007/6/2
f 1007/6/3 1008/5/3 1006/7/3 1005/8/3
f 1005/8/4 1006/7/4 1002/9/4 1001/10/4
f 1003/11/5 1007/6/5 1005/8/5 1001/12/5
f 1008/5/6 1004/13/6 1002/14/6 1006/7/6
f 1009/1/1 1010/2/1 1012/3/1 1011/4/1
f 1011/4/2 1012/3/2 1016/5/2 1015/6/2
f 1015/6/3 1016/5/3 1014/7/3 1013/8/3
f 1013/8/4 1014/7/4 1010/9/4 1009/10/4
f 1011/11/5 1015/6/5 1013/8/5 1009/12/5
f 1016/5/6 1012/13/6 1010/14/6 1014/7/6
f 1017/1/1 1018/2/1 1020/3/1 1019/4/1
f 1019/4/2 1020/3/2 1024/5/2 1023/6/2
f 1023/6/3 1024/5/3 1022/7/3 1021/8/3
f 1021/8/4 1022/7/4 1018/9/4 1017/10/4
f 1019/11/5 1023/6/5 1021/8/5 1017/12/5
f 1024/5/6 1020/13/6 1018/14/6 1022/7/6
f 1025/1/1 1026/2/1 1028/3/1 1027/4/1
f 1027/4/2 1028/3/2 1032/5/2 1031/6/2
f 1031/6/3 1032/5/3 1030/7/3 1029/8/3
f 1029/8/4 1030/7/4 1026/9/4 1025/10/4
f 1027/11/5 1031/6/5 1029/8/5 1025/12/5
f 1032/5/6 1028/13/6 1026/14/6 1030/7/6
f 1033/1/1 1034/2/1 1036/3/1 1035/4/1
f 1035/4/2 1036/3/2 1040/5/2 1039/6/2
f 1039/6/3 1040/5/3 1038/7/3 1037/8/3
f 1037/8/4 1038/7/4 1034/9/4 1033/10/4
f 1035/11/5 1039/6/5 1037/8/5 1033/12/5
f 1040/5/6 1036/13/6 1034/14/6 1038/7/6
f 1041/1/1 1042/2/1 1044/3/1 1043/4/1
f 1043/4/2 1044/3/2 1048/5/2 1047/6/2
f 1047/6/3 1048/5/3 1046/7/3 1045/8/3
f 1045/8/4 1046/7/4 1042/9/4 1041/10/4
f 1043/11/5 1047/6/5 1045/8/5 1041/12/5
f 1048/5/6 1044/13/6 1042/14/6 1046/7/6
f 1049/1/1 1050/2/1 1052/3/1 1051/4/1
f 1051/4/2 1052/3/2 1056/5/2 1055/6/2
f 1055/6/3 1056/5/3 1054/7/3 1053/8/3
f 1053/8/4 1054/7/4 1050/9/4 1049/10/4
f 1051/11/5 1055/6/5 1053/8/5 1049/12/5
f 1056/5/6 1052/13/6 1050/14/6 1054/7/6
f 1057/1/1 1058/2/1 1060/3/1 1059/4/1
f 1059/4/2 1060/3/2 1064/5/2 1063/6/2
f 1063/6/3 1064/5/3 1062/7/3 1061/8/3
f 1061/8/4 1062/7/4 1058/9/4 1057/10/4
f 1059/11/5 1063/6/5 1061/8/5 1057/12/5
f 1064/5/6 1060/13/6 1058/14/6 1062/7/6
f 1065/1/1 1066/2/1 1068/3/1 1067/4/1
f 1067/4/2 1068/3/2 1072/5/2 1071/6/2
f 1071/6/3 1072/5/3 1070/7/3 1069/8/3
f 1069/8/4 1070/7/4 1066/9/4 1065/10/4
f 1067/11/5 1071/6/5 1069/8/5 1065/12/5
f 1072/5/6 1068/13/6 1066/14/6 1070/7/6
f 1073/1/1 1074/2/1 1076/3/1 1075/4/1
f 1075/4/2 1076/3/2 1080/5/2 1079/6/2
f 1079/6/3 1080/5/3 1078/7/3 1077/8/3
f 1077/8/4 1078/7/4 1074/9/4 1073/10/4
f 1075/11/5 1079/6/5 1077/8/5 1073/12/5
f 1080/5/6 1076/13/6 1074/14/6 1078/7/6
f 1081/1/1 1082/2/1 1084/3/1 1083/4/1
f 1083/4/2 1084/3/2 1088/5/2 1087/6/2
f 1087/6/3 1088/5/3 1086/7/3 1085/8/3
f 1085/8/4 1086/7/4 1082/9/4 1081/10/4
f 1083/11/5 1087/6/5 1085/8/5 1081/12/5
f 1088/5/6 1084/13/6 1082/14/6 1086/7/6
f 1089/1/1 1090/2/1 1092/3/1 1091/4/1
f 1091/4/2 1092/3/2 1096/5/2 1095/6/2
f 1095/6/3 1096/5/3 1094/7/3 1093/8/3
f 1093/8/4 1094/7/4 1090/9/4 1089/10/4
f 1091/11/5 1095/6/5 1093/8/5 1089/12/5
f 1096/5/6 1092/13/6 1090/14/6 1094/7/6
f 1097/1/1 1098/2/1 1100/3/1 1099/4/1
f 1099/4/2 1100/3/2 1104/5/2 1103/6/2
f 1103/6/3 1104/5/3 1102/7/3 1101/8/3
f 1101/8/4 1102/7/4 1098/9/4 1097/10/4
f 1099/11/5 1103/6/5 1101/8/5 1097/12/5
f 1104/5/6 1100/13/6 1098/14/6 1102/7/6
f 1105/1/1 1106/2/1 1108/3/1 1107/4/1
f 1107/4/2 1108/3/2 1112/5/2 1111/6/2
f 1111/6/3 1112/5/3 1110/7/3 1109/8/3
f 1109/8/4 1110/7/4 1106/9/4 1105/10/4
f 1107/11/5 1111/6/5 1109/8/5 1105/12/5
f 1112/5/6 1108/13/6 1106/14/6 1110/7/6
f 1113/1/1 1114/2/1 1116/3/1 1115/4/1
f 1115/4/2 1116/3/2 1120/5/2 1119/6/2
f 1119/6/3 1120/5/3 1118/7/3 1117/8/3
f 1117/8/4 1118/7/4 1114/9/4 1113/10/4
f 1115/11/5 1119/6/5 1117/8/5 1113/12/5
f 1120/5/6 1116/13/6 1114/14/6 1118/7/6
f 1121/1/1 1122/2/1 1124/3/1 1123/4/1
f 1123/4/2 1124/3/2 1128/5/2 1127/6/2
f 1127/6/3 1128/5/3 1126/7/3 1125/8/3
f 1125/8/4 1126/7/4 1122/9/4 1121/10/4
f 1123/11/5 1127/6/5 1125/8/5 1121/12/5
f 1128/5/6 1124/13/6 1122/14/6 1126/7/6
f 1129/1/1 1130/2/1 1132/3/1 1131/4/1
f 1131/4/2 1132/3/2 1136/5/2 1135/6/2
f 1135/6/3 1136/5/3 1134/7/3 1133/8/3
f 1133/8/4 1134/7/4 1130/9/4 1129/10/4
f 1131/11/5 1135/6/5 1133/8/5 1129/12/5
f 1136/5/6 1132/13/6 1130/14/6 1134/7/6
f 1137/1/1 1138/2/1 1140/3/1 1139/4/1
f 1139/4/2 1140/3/2 1144/5/2 1143/6/2
f 1143/6/3 1144/5/3 1142/7/3 1141/8/3
f 1141/8/4 1142/7/4 1138/9/4 1137/10/4
f 1139/11/5 1143/6/5 1141/8/5 1137/12/5
f 1144/5/6 1140/13/6 1138/14/6 1142/7/6
f 1145/1/1 1146/2/1 1148/3/1 1147/4/1
f 1147/4/2 1148/3/2 1152/5/2 1151/6/2
f 1151/6/3 1152/5/3 1150/7/3 1149/8/3
f 1149/8/4 1150/7/4 1146/9/4 1145/10/4
f 1147/11/5 1151/6/5 1149/8/5 1145/12/5
f 1152/5/6 1148/13/6 1146/14/6 1150/7/6
f 1153/1/1 1154/2/1 1156/3/1 1155/4/1
f 1155/4/2 1156/3/2 1160/5/2 1159/6/2
f 1159/6/3 1160/5/3 1158/7/3 1157/8/3
f 1157/8/4 1158/7/4 1154/9/4 1153/10/4
f 1155/11/5 1159/6/5 1157/8/5 1153/12/5
f 1160/5/6 1156/13/6 1154/14/6 1158/7/6
f 1161/1/1 1162/2/1 1164/3/1 1163/4/1
f 1163/4/2 1164/3/2 1168/5/2 1167/6/2
f 1167/6/3 1168/5/3 1166/7/3 1165/8/3
f 1165/8/4 1166/7/4 1162/9/4 1161/10/4
f 1163/11/5 1167/6/5 1165/8/5 1161/12/5
f 1168/5/6 1164/13/6 1162/14/6 1166/7/6
f 1169/1/1 1170/2/1 1172/3/1 1171/4/1
f 1171/4/2 1172/3/2 1176/5/2 1175/6/2
f 1175/6/3 1176/5/3 1174/7/3 1173/8/3
f 1173/8/4 1174/7/4 1170/9/4 1169/10/4
f 1171/11/5 1175/6/5 1173/8/5 1169/12/5
f 1176/5/6 1172/13/6 1170/14/6 1174/7/6
f 1177/1/1 1178/2/1 1180/3/1 1179/4/1
f 1179/4/2 1180/3/2 1184/5/2 1183/6/2
f 1183/6/3 1184/5/3 1182/7/3 1181/8/3
f 1181/8/4 1182/7/4 1178/9/4 1177/10/4
f 1179/11/5 1183/6/5 1181/8/5 1177/12/5
f 1184/5/6 1180/13/6 1178/14/6 1182/7/6
f 1185/1/1 1186/2/1 1188/3/1 1187/4/1
f 1187/4/2 1188/3/2 1192/5/2 1191/6/2
f 1191/6/3 1192/5/3 1190/7/3 1189/8/3
f 1189/8/4 1190/7/4 1186/9/4 1185/10/4
f 1187/11/5 1191/6/5 1189/8/5 1185/12/5
f 1192/5/6 1188/13/6 1186/14/6 1190/7/6
f 1193/1/1 1194/2/1 1196/3/1 1195/4/1
f 1195/4/2 1196/3/2 1200/5/2 1199/6/2
f 1199/6/3 1200/5/3 1198/7/3 1197/8/3
f 1197/8/4 1198/7/4 1194/9/4 1193/10/4
f 1195/11/5 1199/6/5 1197/8/5 1193/12/5
f 1200/5/6 1196/13/6 1194/14/6 1198/7/6
f 1201/1/1 1202/2/1 1204/3/1 1203/4/1
f 1203/4/2 1204/3/2 1208/5/2 1207/6/2
f 1207/6/3 1208/5/3 1206/7/3 1205/8/3
f 1205/8/4 1206/7/4 1202/9/4 1201/10/4
f 1203/11/5 1207/6/5 1205/8/5 1201/12/5
f 1208/5/6 1204/13/6 1202/14/6 1206/7/6
f 1209/1/1 1210/2/1 1212/3/1 1211/4/1
f 1211/4/2 1212/3/2 1216/5/2 1215/6/2
f 1215/6/3 1216/5/3 1214/7/3 1213/8/3
f 1213/8/4 1214/7/4 1210/9/4 1209/10/4
f 1211/11/5 1215/6/5 1213/8/5 1209/12/5
f 1216/5/6 1212/13/6 1210/14/6 1214/7/6
f 1217/1/1 1218/2/1 1220/3/1 1219/4/1
f 1219/4/2 1220/3/2 1224/5/2 1223/6/2
f 1223/6/3 1224/5/3 1222/7/3 1221/8/3
f 1221/8/4 1222/7/4 1218/9/4 1217/10/4
f 1219/11/5 1223/6/5 1221/8/5 1217/12/5
f 1224/5/6 1220/13/6 1218/14/6 1222/7/6
f 1225/1/1 1226/2/1 1228/3/1 1227/4/1
f 1227/4/2 1228/3/2 1232/5/2 1231/6/2
f 1231/6/3 1232/5/3 1230/7/3 1229/8/3
f 1229/8/4 1230/7/4 1226/9/4 1225/10/4
f 1227/11/5 1231/6/5 1229/8/5 1225/12/5
f 1232/5/6 1228/13/6 1226/14/6 1230/7/6
f 1233/1/1 1234/2/1 1236/3/1 1235/4/1
f 1235/4/2 1236/3/2 1240/5/2 1239/6/2
f 1239/6/3 1240/5/3 1238/7/3 1237/8/3
f 1237/8/4 1238/7/4 1234/9/4 1233/10/4
f 1235/11/5 1239/6/5 1237/8/5 1233/12/5
f 1240/5/6 1236/13/6 1234/14/6 1238/7/6
f 1241/1/1 1242/2/1 1244/3/1 1243/4/1
f 1243/4/2 1244/3/2 1248/5/2 1247/6/2
f 1247/6/3 1248/5/3 1246/7/3 1245/8/3
f 1245/8/4 1246/7/4 1242/9/4 1241/10/4
f 1243/11/5 1247/6/5 1245/8/5 1241/12/5
f 1248/5/6 1244/13/6 1242/14/6 1246/7/6
f 1249/1/1 1250/2/1 1252/3/1 1251/4/1
f 1251/4/2 1252/3/2 1256/5/2 1255/6/2
f 1255/6/3 1256/5/3 1254/7/3 1253/8/3
f 1253/8/4 1254/7/4 1250/9/4 1249/10/4
f 1251/11/5 1255/6/5 1253/8/5 1249/12/5
f 1256/5/6 1252/13/6 1250/14/6 1254/7/6
f 1257/1/1 1258/2/1 1260/3/1 1259/4/1
f 1259/4/2 1260/3/2 1264/5/2 1263/6/2
f 1263/6/3 1264/5/3 1262/7/3 1261/8/3
f 1261/8/4 1262/7/4 1258/9/4 1257/10/4
f 1259/11/5 1263/6/5 1261/8/5 1257/12/5
f 1264/5/6 1260/13/6 1258/14/6 1262/7/6
f 1265/1/1 1266/2/1 1268/3/1 1267/4/1
f 1267/4/2 1268/3/2 1272/5/2 1271/6/2
f 1271/6/3 1272/5/3 1270/7/3 1269/8/3
f 1269/8/4 1270/7/4 1266/9/4 1265/10/4
f 1267/11/5 1271/6/5 1269/8/5 1265/12/5
f 1272/5/6 1268/13/6 1266/14/6 1270/7/6
f 1273/1/1 1274/2/1 1276/3/1 1275/4/1
f 1275/4/2 1276/3/2 1280/5/2 1279/6/2
f 1279/6/3 1280/5/3 1278/7/3 1277/8/3
f 1277/8/4 1278/7/4 1274/9/4 1273/10/4
f 1275/11/5 1279/6/5 1277/8/5 1273/12/5
f 1280/5/6 1276/13/6 1274/14/6 1278/7/6
f 1281/1/1 1282/2/1 1284/3/1 1283/4/1
f 1283/4/2 1284/3/2 1288/5/2 1287/6/2
f 1287/6/3 1288/5/3 1286/7/3 1285/8/3
f 1285/8/4 1286/7/4 1282/9/4 1281/10/4
f 1283/11/5 1287/6/5 1285/8/5 1281/12/5
f 1288/5/6 1284/13/6 1282/14/6 1286/7/6
f 1289/1/1 1290/2/1 1292/3/1 1291/4/1
f 1291/4/2 1292/3/2 1296/5/2 1295/6/2
f 1295/6/3 1296/5/3 1294/7/3 1293/8/3
f 1293/8/4 1294/7/4 1290/9/4 1289/10/4
f 1291/11/5 1295/6/5 1293/8/5 1289/12/5
f 1296/5/6 1292/13/6 1290/14/6 1294/7/6
f 1297/1/1 1298/2/1 1300/3/1 1299/4/1
f 1299/4/2 1300/3/2 1304/5/2 1303/6/2
f 1303/6/3 1304/5/3 1302/7/3 1301/8/3
f 1301/8/4 1302/7/4 1298/9/4 1297/10/4
f 1299/11/5 1303/6/5 1301/8/5 1297/12/5
f 1304/5/6 1300/13/6 1298/14/6 1302/7/6
f 1305/1/1 1306/2/1 1308/3/1 1307/4/1
f 1307/4/2 1308/3/2 1312/5/2 1311/6/2
f 1311/6/3 1312/5/3 1310/7/3 1309/8/3
f 1309/8/4 1310/7/4 1306/9/4 1305/10/4
f 1307/11/5 1311/6/5 1309/8/5 1305/12/5
f 1312/5/6 1308/13/6 1306/14/6 1310/7/6
f 1313/1/1 1314/2/1 1316/3/1 1315/4/1
f 1315/4/2 1316/3/2 1320/5/2 1319/6/2
f 1319/6/3 1320/5/3 1318/7/3 1317/8/3
f 1317/8/4 1318/7/4 1314/9/4 1313/10/4
f 1315/11/5 1319/6/5 1317/8/5 1313/12/5
f 1320/5/6 1316/13/6 1314/14/6 1318/7/6
f 1321/1/1 1322/2/1 1324/3/1 1323/4/1
f 1323/4/2 1324/3/2 1328/5/2 1327/6/2
f 1327/6/3 1328/5/3 1326/7/3 1325/8/3
f 1325/8/4 1326/7/4 1322/9/4 1321/10/4
f 1323/11/5 1327/6/5 1325/8/5 1321/12/5
f 1328/5/6 1324/13/6 1322/14/6 1326/7/6
f 1329/1/1 1330/2/1 1332/3/1 1331/4/1
f 1331/4/2 1332/3/2 1336/5/2 1335/6/2
f 1335/6/3 1336/5/3 1334/7/3 1333/8/3
f 1333/8/4 1334/7/4 1330/9/4 1329/10/4
f 1331/11/5 1335/6/5 1333/8/5 1329/12/5
f 1336/5/6 1332/13/6 1330/14/6 1334/7/6
f 1337/1/1 1338/2/1 1340/3/1 1339/4/1
f 1339/4/2 1340/3/2 1344/5/2 1343/6/2
f 1343/6/3 1344/5/3 1342/7/3 1341/8/3
f 1341/8/4 1342/7/4 1338/9/4 1337/10/4
f 1339/11/5 1343/6/5 1341/8/5 1337/12/5
f 1344/5/6 1340/13/6 1338/14/6 1342/7/6
f 1345/1/1 1346/2/1 1348/3/1 1347/4/1
f 1347/4/2 1348/3/2 1352/5/2 1351/6/2
f 1351/6/3 1352/5/3 1350/7/3 1349/8/3
f 1349/8/4 1350/7/4 1346/9/4 1345/10/4
f 1347/11/5 1351/6/5 1349/8/5 1345/12/5
f 1352/5/6 1348/13/6 1346/14/6 1350/7/6
f 1353/1/1 1354/2/1 1356/3/1 1355/4/1
f 1355/4/2 1356/3/2 1360/5/2 1359/6/2
f 1359/6/3 1360/5/3 1358/7/3 1357/8/3
f 1357/8/4 1358/7/4 1354/9/4 1353/10/4
f 1355/11/5 1359/6/5 1357/8/5 1353/12/5
f 1360/5/6 1356/13/6 1354/14/6 1358/7/6
f 1361/1/1 1362/2/1 1364/3/1 1363/4/1
f 1363/4/2 1364/3/2 1368/5/2 1367/6/2
f 1367/6/3 1368/5/3 1366/7/3 1365/8/3
f 1365/8/4 1366/7/4 1362/9/4 1361/10/4
f 1363/11/5 1367/6/5 1365/8/5 1361/12/5
f 1368/5/6 1364/13/6 1362/14/6 1366/7/6
f 1369/1/1 1370/2/1 1372/3/1 1371/4/1
f 1371/4/2 1372/3/2 1376/5/2 1375/6/2
f 1375/6/3 1376/5/3 1374/7/3 1373/8/3
f 1373/8/4 1374/7/4 1370/9/4 1369/10/4
f 1371/11/5 1375/6/5 1373/8/5 1369/12/5
f 1376/5/6 1372/13/6 1370/14/6 1374/7/6
f 1377/1/1 1378/2/1 1380/3/1 1379/4/1
f 1379/4/2 1380/3/2 1384/5/2 1383/6/2
f 1383/6/3 1384/5/3 1382/7/3 1381/8/3
f 1381/8/4 1382/7/4 1378/9/4 1377/10/4
f 1379/11/5 1383/6/5 1381/8/5 1377/12/5
f 1384/5/6 1380/13/6 1378/14/6 1382/7/6
f 1385/1/1 1386/2/1 1388/3/1 1387/4/1
f 1387/4/2 1388/3/2 1392/5/2 1391/6/2
f 1391/6/3 1392/5/3 1390/7/3 1389/8/3
f 1389/8/4 1390/7/4 1386/9/4 1385/10/4
f 1387/11/5 1391/6/5 1389/8/5 1385/12/5
f 1392/5/6 1388/13/6 1386/14/6 1390/7/6
f 1393/1/1 1394/2/1 1396/3/1 1395/4/1
f 1395/4/2 1396/3/2 1400/5/2 1399/6/2
f 1399/6/3 1400/5/3 1398/7/3 1397/8/3
f 1397/8/4 1398/7/4 1394/9/4 1393/10/4
f 1395/11/5 1399/6/5 1397/8/5 1393/12/5
f 1400/5/6 1396/13/6 1394/14/6 1398/7/6
f 1401/1/1 1402/2/1 1404/3/1 1403/4/1
f 1403/4/2 1404/3/2 1408/5/2 1407/6/2
f 1407/6/3 1408/5/3 1406/7/3 1405/8/3
f 1405/8/4 1406/7/4 1402/9/4 1401/10/4
f 1403/11/5 1407/6/5 1405/8/5 1401/12/5
f 1408/5/6 1404/13/6 1402/14/6 1406/7/6
f 1409/1/1 1410/2/1 1412/3/1 1411/4/1
f 1411/4/2 1412/3/2 1416/5/2 1415/6/2
f 1415/6/3 1416/5/3 1414/7/3 1413/8/3
f 1413/8/4 1414/7/4 1410/9/4 1409/10/4
f 1411/11/5 1415/6/5 1413/8/5 1409/12/5
f 1416/5/6 1412/13/6 1410/14/6 1414/7/6
f 1417/1/1 1418/2/1 1420/3/1 1419/4/1
f 1419/4/2 1420/3/2 1424/5/2 1423/6/2
f 1423/6/3 1424/5/3 1422/7/3 1421/8/3
f 1421/8/4 1422/7/4 1418/9/4 1417/10/4
f 1419/11/5 1423/6/5 1421/8/5 1417/12/5
f 1424/5/6 1420/13/6 1418/14/6 1422/7/6
f 1425/1/1 1426/2/1 1428/3/1 1427/4/1
f 1427/4/2 1428/3/2 1432/5/2 1431/6/2
f 1431/6/3 1432/5/3 1430/7/3 1429/8/3
f 1429/8/4 1430/7/4 1426/9/4 1425/10/4
f 1427/11/5 1431/6/5 1429/8/5 1425/12/5
f 1432/5/6 1428/13/6 1426/14/6 1430/7/6
f 1433/1/1 1434/2/1 1436/3/1 1435/4/1
f 1435/4/2 1436/3/2 1440/5/2 1439/6/2
f 1439/6/3 1440/5/3 1438/7/3 1437/8/3
f 1437/8/4 1438/7/4 1434/9/4 1433/10/4
f 1435/11/5 1439/6/5 1437/8/5 1433/12/5
f 1440/5/6 1436/13/6 1434/14/6 1438/7/6
f 1441/1/1 1442/2/1 1444/3/1 1443/4/1
f 1443/4/2 1444/3/2 1448/5/2 1447/6/2
f 1447/6/3 1448/5/3 1446/7/3 1445/8/3
f 1445/8/4 1446/7/4 1442/9/4 1441/10/4
f 1443/11/5 1447/6/5 1445/8/5 1441/12/5
f 1448/5/6 1444/13/6 1442/14/6 1446/7/6
f 1449/1/1 1450/2/1 1452/3/1 1451/4/1
f 1451/4/2 1452/3/2 1456/5/2 1455/6/2
f 1455/6/3 1456/5/3 1454/7/3 1453/8/3
f 1453/8/4 1454/7/4 1450/9/4 1449/10/4
f 1451/11/5 1455/6/5 1453/8/5 1449/12/5
f 1456/5/6 1452/13/6 1450/14/6 1454/7/6
f 1457/1/1 1458/2/1 1460/3/1 1459/4/1
f 1459/4/2 1460/3/2 1464/5/2 1463/6/2
f 1463/6/3 1464/5/3 1462/7/3 1461/8/3
f 1461/8/4 1462/7/4 1458/9/4 1457/10/4
f 1459/11/5 1463/6/5 1461/8/5 1457/12/5
f 1464/5/6 1460/13/6 1458/14/6 1462/7/6
f 1465/1/1 1466/2/1 1468/3/1 1467/4/1
f 1467/4/2 1468/3/2 1472/5/2 1471/6/2
f 1471/6/3 1472/5/3 1470/7/3 1469/8/3
f 1469/8/4 1470/7/4 1466/9/4 1465/10/4
f 1467/11/5 1471/6/5 1469/8/5 1465/12/5
f 1472/5/6 1468/13/6 1466/14/6 1470/7/6
f 1473/1/1 1474/2/1 1476/3/1 1475/4/1
f 1475/4/2 1476/3/2 1480/5/2 1479/6/2
f 1479/6/3 1480/5/3 1478/7/3 1477/8/3
f 1477/8/4 1478/7/4 1474/9/4 1473/10/4
f 1475/11/5 1479/6/5 1477/8/5 1473/12/5
f 1480/5/6 1476/13/6 1474/14/6 1478/7/6
f 1481/1/1 1482/2/1 1484/3/1 1483/4/1
f 1483/4/2 1484/3/2 1488/5/2 1487/6/2
f 1487/6/3 1488/5/3 1486/7/3 1485/8/3
f 1485/8/4 1486/7/4 1482/9/4 1481/10/4
f 1483/11/5 1487/6/5 1485/8/5 1481/12/5
f 1488/5/6 1484/13/6 1482/14/6 1486/7/6
f 1489/1/1 1490/2/1 1492/3/1 1491/4/1
f 1491/4/2 1492/3/2 1496/5/2 1495/6/2
f 1495/6/3 1496/5/3 1494/7/3 1493/8/3
f 1493/8/4 1494/7/4 1490/9/4 1489/10/4
f 1491/11/5 1495/6/5 1493/8/5 1489/12/5
f 1496/5/6 1492/13/6 1490/14/6 1494/7/6
f 1497/1/1 1498/2/1 1500/3/1 1499/4/1
f 1499/4/2 1500/3/2 1504/5/2 1503/6/2
f 1503/6/3 1504/5/3 1502/7/3 1501/8/3
f 1501/8/4 1502/7/4 1498/9/4 1497/10/4
f 1499/11/5 1503/6/5 1501/8/5 1497/12/5
f 1504/5/6 1500/13/6 1498/14/6 1502/7/6
f 1505/1/1 1506/2/1 1508/3/1 1507/4/1
f 1507/4/2 1508/3/2 1512/5/2 1511/6/2
f 1511/6/3 1512/5/3 1510/7/3 1509/8/3
f 1509/8/4 1510/7/4 1506/9/4 1505/10/4
f 1507/11/5 1511/6/5 1509/8/5 1505/12/5
f 1512/5/6 1508/13/6 1506/14/6 1510/7/6
f 1513/1/1 1514/2/1 1516/3/1 1515/4/1
f 1515/4/2 1516/3/2 1520/5/2 1519/6/2
f 1519/6/3 1520/5/3 1518/7/3 1517/8/3
f 1517/8/4 1518/7/4 1514/9/4 1513/10/4
f 1515/11/5 1519/6/5 1517/8/5 1513/12/5
f 1520/5/6 1516/13/6 1514/14/6 1518/7/6
f 1521/1/1 1522/2/1 1524/3/1 1523/4/1
f 1523/4/2 1524/3/2 1528/5/2 1527/6/2
f 1527/6/3 1528/5/3 1526/7/3 1525/8/3
f 1525/8/4 1526/7/4 1522/9/4 1521/10/4
f 1523/11/5 1527/6/5 1525/8/5 1521/12/5
f 1528/5/6 1524/13/6 1522/14/6 1526/7/6
f 1529/1/1 1530/2/1 1532/3/1 1531/4/1
f 1531/4/2 1532/3/2 1536/5/2 1535/6/2
f 1535/6/3 1536/5/3 1534/7/3 1533/8/3
f 1533/8/4 1534/7/4 1530/9/4 1529/10/4
f 1531/11/5 1535/6/5 1533/8/5 1529/12/5
f 1536/5/6 1532/13/6 1530/14/6 1534/7/6
f 1537/1/1 1538/2/1 1540/3/1 1539/4/1
f 1539/4/2 1540/3/2 1544/5/2 1543/6/2
f 1543/6/3 1544/5/3 1542/7/3 1541/8/3
f 1541/8/4 1542/7/4 1538/9/4 1537/10/4
f 1539/11/5 1543/6/5 1541/8/5 1537/12/5
f 1544/5/6 1540/13/6 1538/14/6 1542/7/6
f 1553/1/1 1554/2/1 1556/3/1 1555/4/1
f 1555/4/2 1556/3/2 1560/5/2 1559/6/2
f 1559/6/3 1560/5/3 1558/7/3 1557/8/3
f 1557/8/4 1558/7/4 1554/9/4 1553/10/4
f 1555/11/5 1559/6/5 1557/8/5 1553/12/5
f 1560/5/6 1556/13/6 1554/14/6 1558/7/6
f 1561/1/1 1562/2/1 1564/3/1 1563/4/1
f 1563/4/2 1564/3/2 1568/5/2 1567/6/2
f 1567/6/3 1568/5/3 1566/7/3 1565/8/3
f 1565/8/4 1566/7/4 1562/9/4 1561/10/4
f 1563/11/5 1567/6/5 1565/8/5 1561/12/5
f 1568/5/6 1564/13/6 1562/14/6 1566/7/6
f 1569/1/1 1570/2/1 1572/3/1 1571/4/1
f 1571/4/2 1572/3/2 1576/5/2 1575/6/2
f 1575/6/3 1576/5/3 1574/7/3 1573/8/3
f 1573/8/4 1574/7/4 1570/9/4 1569/10/4
f 1571/11/5 1575/6/5 1573/8/5 1569/12/5
f 1576/5/6 1572/13/6 1570/14/6 1574/7/6
f 1577/1/1 1578/2/1 1580/3/1 1579/4/1
f 1579/4/2 1580/3/2 1584/5/2 1583/6/2
f 1583/6/3 1584/5/3 1582/7/3 1581/8/3
f 1581/8/4 1582/7/4 1578/9/4 1577/10/4
f 1579/11/5 1583/6/5 1581/8/5 1577/12/5
f 1584/5/6 1580/13/6 1578/14/6 1582/7/6
f 1585/1/1 1586/2/1 1588/3/1 1587/4/1
f 1587/4/2 1588/3/2 1592/5/2 1591/6/2
f 1591/6/3 1592/5/3 1590/7/3 1589/8/3
f 1589/8/4 1590/7/4 1586/9/4 1585/10/4
f 1587/11/5 1591/6/5 1589/8/5 1585/12/5
f 1592/5/6 1588/13/6 1586/14/6 1590/7/6
f 1593/1/1 1594/2/1 1596/3/1 1595/4/1
f 1595/4/2 1596/3/2 1600/5/2 1599/6/2
f 1599/6/3 1600/5/3 1598/7/3 1597/8/3
f 1597/8/4 1598/7/4 1594/9/4 1593/10/4
f 1595/11/5 1599/6/5 1597/8/5 1593/12/5
f 1600/5/6 1596/13/6 1594/14/6 1598/7/6
f 1617/1/1 1618/2/1 1620/3/1 1619/4/1
f 1619/4/2 1620/3/2 1624/5/2 1623/6/2
f 1623/6/3 1624/5/3 1622/7/3 1621/8/3
f 1621/8/4 1622/7/4 1618/9/4 1617/10/4
f 1619/11/5 1623/6/5 1621/8/5 1617/12/5
f 1624/5/6 1620/13/6 1618/14/6 1622/7/6
f 1625/1/1 1626/2/1 1628/3/1 1627/4/1
f 1627/4/2 1628/3/2 1632/5/2 1631/6/2
f 1631/6/3 1632/5/3 1630/7/3 1629/8/3
f 1629/8/4 1630/7/4 1626/9/4 1625/10/4
f 1627/11/5 1631/6/5 1629/8/5 1625/12/5
f 1632/5/6 1628/13/6 1626/14/6 1630/7/6
f 1633/1/1 1634/2/1 1636/3/1 1635/4/1
f 1635/4/2 1636/3/2 1640/5/2 1639/6/2
f 1639/6/3 1640/5/3 1638/7/3 1637/8/3
f 1637/8/4 1638/7/4 1634/9/4 1633/10/4
f 1635/11/5 1639/6/5 1637/8/5 1633/12/5
f 1640/5/6 1636/13/6 1634/14/6 1638/7/6
f 1641/1/1 1642/2/1 1644/3/1 1643/4/1
f 1643/4/2 1644/3/2 1648/5/2 1647/6/2
f 1647/6/3 1648/5/3 1646/7/3 1645/8/3
f 1645/8/4 1646/7/4 1642/9/4 1641/10/4
f 1643/11/5 1647/6/5 1645/8/5 1641/12/5
f 1648/5/6 1644/13/6 1642/14/6 1646/7/6
f 1665/1/1 1666/2/1 1668/3/1 1667/4/1
f 1667/4/2 1668/3/2 1672/5/2 1671/6/2
f 1671/6/3 1672/5/3 1670/7/3 1669/8/3
f 1669/8/4 1670/7/4 1666/9/4 1665/10/4
f 1667/11/5 1671/6/5 1669/8/5 1665/12/5
f 1672/5/6 1668/13/6 1666/14/6 1670/7/6
f 1673/1/1 1674/2/1 1676/3/1 1675/4/1
f 1675/4/2 1676/3/2 1680/5/2 1679/6/2
f 1679/6/3 1680/5/3 1678/7/3 1677/8/3
f 1677/8/4 1678/7/4 1674/9/4 1673/10/4
f 1675/11/5 1679/6/5 1677/8/5 1673/12/5
f 1680/5/6 1676/13/6 1674/14/6 1678/7/6
f 1681/1/1 1682/2/1 1684/3/1 1683/4/1
f 1683/4/2 1684/3/2 1688/5/2 1687/6/2
f 1687/6/3 1688/5/3 1686/7/3 1685/8/3
f 1685/8/4 1686/7/4 1682/9/4 1681/10/4
f 1683/11/5 1687/6/5 1685/8/5 1681/12/5
f 1688/5/6 1684/13/6 1682/14/6 1686/7/6
f 1689/1/1 1690/2/1 1692/3/1 1691/4/1
f 1691/4/2 1692/3/2 1696/5/2 1695/6/2
f 1695/6/3 1696/5/3 1694/7/3 1693/8/3
f 1693/8/4 1694/7/4 1690/9/4 1689/10/4
f 1691/11/5 1695/6/5 1693/8/5 1689/12/5
f 1696/5/6 1692/13/6 1690/14/6 1694/7/6
f 1697/1/1 1698/2/1 1700/3/1 1699/4/1
f 1699/4/2 1700/3/2 1704/5/2 1703/6/2
f 1703/6/3 1704/5/3 1702/7/3 1701/8/3
f 1701/8/4 1702/7/4 1698/9/4 1697/10/4
f 1699/11/5 1703/6/5 1701/8/5 1697/12/5
f 1704/5/6 1700/13/6 1698/14/6 1702/7/6
f 1705/1/1 1706/2/1 1708/3/1 1707/4/1
f 1707/4/2 1708/3/2 1712/5/2 1711/6/2
f 1711/6/3 1712/5/3 1710/7/3 1709/8/3
f 1709/8/4 1710/7/4 1706/9/4 1705/10/4
f 1707/11/5 1711/6/5 1709/8/5 1705/12/5
f 1712/5/6 1708/13/6 1706/14/6 1710/7/6
f 1713/1/1 1714/2/1 1716/3/1 1715/4/1
f 1715/4/2 1716/3/2 1720/5/2 1719/6/2
f 1719/6/3 1720/5/3 1718/7/3 1717/8/3
f 1717/8/4 1718/7/4 1714/9/4 1713/10/4
f 1715/11/5 1719/6/5 1717/8/5 1713/12/5
f 1720/5/6 1716/13/6 1714/14/6 1718/7/6
f 1721/1/1 1722/2/1 1724/3/1 1723/4/1
f 1723/4/2 1724/3/2 1728/5/2 1727/6/2
f 1727/6/3 1728/5/3 1726/7/3 1725/8/3
f 1725/8/4 1726/7/4 1722/9/4 1721/10/4
f 1723/11/5 1727/6/5 1725/8/5 1721/12/5
f 1728/5/6 1724/13/6 1722/14/6 1726/7/6
f 1729/1/1 1730/2/1 1732/3/1 1731/4/1
f 1731/4/2 1732/3/2 1736/5/2 1735/6/2
f 1735/6/3 1736/5/3 1734/7/3 1733/8/3
f 1733/8/4 1734/7/4 1730/9/4 1729/10/4
f 1731/11/5 1735/6/5 1733/8/5 1729/12/5
f 1736/5/6 1732/13/6 1730/14/6 1734/7/6
f 1737/1/1 1738/2/1 1740/3/1 1739/4/1
f 1739/4/2 1740/3/2 1744/5/2 1743/6/2
f 1743/6/3 1744/5/3 1742/7/3 1741/8/3
f 1741/8/4 1742/7/4 1738/9/4 1737/10/4
f 1739/11/5 1743/6/5 1741/8/5 1737/12/5
f 1744/5/6 1740/13/6 1738/14/6 1742/7/6
f 1745/1/1 1746/2/1 1748/3/1 1747/4/1
f 1747/4/2 1748/3/2 1752/5/2 1751/6/2
f 1751/6/3 1752/5/3 1750/7/3 1749/8/3
f 1749/8/4 1750/7/4 1746/9/4 1745/10/4
f 1747/11/5 1751/6/5 1749/8/5 1745/12/5
f 1752/5/6 1748/13/6 1746/14/6 1750/7/6
f 1753/1/1 1754/2/1 1756/3/1 1755/4/1
f 1755/4/2 1756/3/2 1760/5/2 1759/6/2
f 1759/6/3 1760/5/3 1758/7/3 1757/8/3
f 1757/8/4 1758/7/4 1754/9/4 1753/10/4
f 1755/11/5 1759/6/5 1757/8/5 1753/12/5
f 1760/5/6 1756/13/6 1754/14/6 1758/7/6
f 1761/1/1 1762/2/1 1764/3/1 1763/4/1
f 1763/4/2 1764/3/2 1768/5/2 1767/6/2
f 1767/6/3 1768/5/3 1766/7/3 1765/8/3
f 1765/8/4 1766/7/4 1762/9/4 1761/10/4
f 1763/11/5 1767/6/5 1765/8/5 1761/12/5
f 1768/5/6 1764/13/6 1762/14/6 1766/7/6
f 1769/1/1 1770/2/1 1772/3/1 1771/4/1
f 1771/4/2 1772/3/2 1776/5/2 1775/6/2
f 1775/6/3 1776/5/3 1774/7/3 1773/8/3
f 1773/8/4 1774/7/4 1770/9/4 1769/10/4
f 1771/11/5 1775/6/5 1773/8/5 1769/12/5
f 1776/5/6 1772/13/6 1770/14/6 1774/7/6
f 1777/1/1 1778/2/1 1780/3/1 1779/4/1
f 1779/4/2 1780/3/2 1784/5/2 1783/6/2
f 1783/6/3 1784/5/3 1782/7/3 1781/8/3
f 1781/8/4 1782/7/4 1778/9/4 1777/10/4
f 1779/11/5 1783/6/5 1781/8/5 1777/12/5
f 1784/5/6 1780/13/6 1778/14/6 1782/7/6
f 1785/1/1 1786/2/1 1788/3/1 1787/4/1
f 1787/4/2 1788/3/2 1792/5/2 1791/6/2
f 1791/6/3 1792/5/3 1790/7/3 1789/8/3
f 1789/8/4 1790/7/4 1786/9/4 1785/10/4
f 1787/11/5 1791/6/5 1789/8/5 1785/12/5
f 1792/5/6 1788/13/6 1786/14/6 1790/7/6
f 1793/1/1 1794/2/1 1796/3/1 1795/4/1
f 1795/4/2 1796/3/2 1800/5/2 1799/6/2
f 1799/6/3 1800/5/3 1798/7/3 1797/8/3
f 1797/8/4 1798/7/4 1794/9/4 1793/10/4
f 1795/11/5 1799/6/5 1797/8/5 1793/12/5
f 1800/5/6 1796/13/6 1794/14/6 1798/7/6
f 1801/1/1 1802/2/1 1804/3/1 1803/4/1
f 1803/4/2 1804/3/2 1808/5/2 1807/6/2
f 1807/6/3 1808/5/3 1806/7/3 1805/8/3
f 1805/8/4 1806/7/4 1802/9/4 1801/10/4
f 1803/11/5 1807/6/5 1805/8/5 1801/12/5
f 1808/5/6 1804/13/6 1802/14/6 1806/7/6
f 1809/1/1 1810/2/1 1812/3/1 1811/4/1
f 1811/4/2 1812/3/2 1816/5/2 1815/6/2
f 1815/6/3 1816/5/3 1814/7/3 1813/8/3
f 1813/8/4 1814/7/4 1810/9/4 1809/10/4
f 1811/11/5 1815/6/5 1813/8/5 1809/12/5
f 1816/5/6 1812/13/6 1810/14/6 1814/7/6
f 1817/1/1 1818/2/1 1820/3/1 1819/4/1
f 1819/4/2 1820/3/2 1824/5/2 1823/6/2
f 1823/6/3 1824/5/3 1822/7/3 1821/8/3
f 1821/8/4 1822/7/4 1818/9/4 1817/10/4
f 1819/11/5 1823/6/5 1821/8/5 1817/12/5
f 1824/5/6 1820/13/6 1818/14/6 1822/7/6
f 1825/1/1 1826/2/1 1828/3/1 1827/4/1
f 1827/4/2 1828/3/2 1832/5/2 1831/6/2
f 1831/6/3 1832/5/3 1830/7/3 1829/8/3
f 1829/8/4 1830/7/4 1826/9/4 1825/10/4
f 1827/11/5 1831/6/5 1829/8/5 1825/12/5
f 1832/5/6 1828/13/6 1826/14/6 1830/7/6
f 1833/1/1 1834/2/1 1836/3/1 1835/4/1
f 1835/4/2 1836/3/2 1840/5/2 1839/6/2
f 1839/6/3 1840/5/3 1838/7/3 1837/8/3
f 1837/8/4 1838/7/4 1834/9/4 1833/10/4
f 1835/11/5 1839/6/5 1837/8/5 1833/12/5
f 1840/5/6 1836/13/6 1834/14/6 1838/7/6
f 1841/1/1 1842/2/1 1844/3/1 1843/4/1
f 1843/4/2 1844/3/2 1848/5/2 1847/6/2
f 1847/6/3 1848/5/3 1846/7/3 1845/8/3
f 1845/8/4 1846/7/4 1842/9/4 1841/10/4
f 1843/11/5 1847/6/5 1845/8/5 1841/12/5
f 1848/5/6 1844/13/6 1842/14/6 1846/7/6
f 1849/1/1 1850/2/1 1852/3/1 1851/4/1
f 1851/4/2 1852/3/2 1856/5/2 1855/6/2
f 1855/6/3 1856/5/3 1854/7/3 1853/8/3
f 1853/8/4 1854/7/4 1850/9/4 1849/10/4
f 1851/11/5 1855/6/5 1853/8/5 1849/12/5
f 1856/5/6 1852/13/6 1850/14/6 1854/7/6
f 1857/1/1 1858/2/1 1860/3/1 1859/4/1
f 1859/4/2 1860/3/2 1864/5/2 1863/6/2
f 1863/6/3 1864/5/3 1862/7/3 1861/8/3
f 1861/8/4 1862/7/4 1858/9/4 1857/10/4
f 1859/11/5 1863/6/5 1861/8/5 1857/12/5
f 1864/5/6 1860/13/6 1858/14/6 1862/7/6
f 1865/1/1 1866/2/1 1868/3/1 1867/4/1
f 1867/4/2 1868/3/2 1872/5/2 1871/6/2
f 1871/6/3 1872/5/3 1870/7/3 1869/8/3
f 1869/8/4 1870/7/4 1866/9/4 1865/10/4
f 1867/11/5 1871/6/5 1869/8/5 1865/12/5
f 1872/5/6 1868/13/6 1866/14/6 1870/7/6
f 1873/1/1 1874/2/1 1876/3/1 1875/4/1
f 1875/4/2 1876/3/2 1880/5/2 1879/6/2
f 1879/6/3 1880/5/3 1878/7/3 1877/8/3
f 1877/8/4 1878/7/4 1874/9/4 1873/10/4
f 1875/11/5 1879/6/5 1877/8/5 1873/12/5
f 1880/5/6 1876/13/6 1874/14/6 1878/7/6
f 1881/1/1 1882/2/1 1884/3/1 1883/4/1
f 1883/4/2 1884/3/2 1888/5/2 1887/6/2
f 1887/6/3 1888/5/3 1886/7/3 1885/8/3
f 1885/8/4 1886/7/4 1882/9/4 1881/10/4
f 1883/11/5 1887/6/5 1885/8/5 1881/12/5
f 1888/5/6 1884/13/6 1882/14/6 1886/7/6
f 1889/1/1 1890/2/1 1892/3/1 1891/4/1
f 1891/4/2 1892/3/2 1896/5/2 1895/6/2
f 1895/6/3 1896/5/3 1894/7/3 1893/8/3
f 1893/8/4 1894/7/4 1890/9/4 1889/10/4
f 1891/11/5 1895/6/5 1893/8/5 1889/12/5
f 1896/5/6 1892/13/6 1890/14/6 1894/7/6
f 1897/1/1 1898/2/1 1900/3/1 1899/4/1
f 1899/4/2 1900/3/2 1904/5/2 1903/6/2
f 1903/6/3 1904/5/3 1902/7/3 1901/8/3
f 1901/8/4 1902/7/4 1898/9/4 1897/10/4
f 1899/11/5 1903/6/5 1901/8/5 1897/12/5
f 1904/5/6 1900/13/6 1898/14/6 1902/7/6
f 1905/1/1 1906/2/1 1908/3/1 1907/4/1
f 1907/4/2 1908/3/2 1912/5/2 1911/6/2
f 1911/6/3 1912/5/3 1910/7/3 1909/8/3
f 1909/8/4 1910/7/4 1906/9/4 1905/10/4
f 1907/11/5 1911/6/5 1909/8/5 1905/12/5
f 1912/5/6 1908/13/6 1906/14/6 1910/7/6
f 1913/1/1 1914/2/1 1916/3/1 1915/4/1
f 1915/4/2 1916/3/2 1920/5/2 1919/6/2
f 1919/6/3 1920/5/3 1918/7/3 1917/8/3
f 1917/8/4 1918/7/4 1914/9/4 1913/10/4
f 1915/11/5 1919/6/5 1917/8/5 1913/12/5
f 1920/5/6 1916/13/6 1914/14/6 1918/7/6
f 1921/1/1 1922/2/1 1924/3/1 1923/4/1
f 1923/4/2 1924/3/2 1928/5/2 1927/6/2
f 1927/6/3 1928/5/3 1926/7/3 1925/8/3
f 1925/8/4 1926/7/4 1922/9/4 1921/10/4
f 1923/11/5 1927/6/5 1925/8/5 1921/12/5
f 1928/5/6 1924/13/6 1922/14/6 1926/7/6
f 1929/1/1 1930/2/1 1932/3/1 1931/4/1
f 1931/4/2 1932/3/2 1936/5/2 1935/6/2
f 1935/6/3 1936/5/3 1934/7/3 1933/8/3
f 1933/8/4 1934/7/4 1930/9/4 1929/10/4
f 1931/11/5 1935/6/5 1933/8/5 1929/12/5
f 1936/5/6 1932/13/6 1930/14/6 1934/7/6
f 1937/1/1 1938/2/1 1940/3/1 1939/4/1
f 1939/4/2 1940/3/2 1944/5/2 1943/6/2
f 1943/6/3 1944/5/3 1942/7/3 1941/8/3
f 1941/8/4 1942/7/4 1938/9/4 1937/10/4
f 1939/11/5 1943/6/5 1941/8/5 1937/12/5
f 1944/5/6 1940/13/6 1938/14/6 1942/7/6
f 1945/1/1 1946/2/1 1948/3/1 1947/4/1
f 1947/4/2 1948/3/2 1952/5/2 1951/6/2
f 1951/6/3 1952/5/3 1950/7/3 1949/8/3
f 1949/8/4 1950/7/4 1946/9/4 1945/10/4
f 1947/11/5 1951/6/5 1949/8/5 1945/12/5
f 1952/5/6 1948/13/6 1946/14/6 1950/7/6
f 1953/1/1 1954/2/1 1956/3/1 1955/4/1
f 1955/4/2 1956/3/2 1960/5/2 1959/6/2
f 1959/6/3 1960/5/3 1958/7/3 1957/8/3
f 1957/8/4 1958/7/4 1954/9/4 1953/10/4
f 1955/11/5 1959/6/5 1957/8/5 1953/12/5
f 1960/5/6 1956/13/6 1954/14/6 1958/7/6
f 1961/1/1 1962/2/1 1964/3/1 1963/4/1
f 1963/4/2 1964/3/2 1968/5/2 1967/6/2
f 1967/6/3 1968/5/3 1966/7/3 1965/8/3
f 1965/8/4 1966/7/4 1962/9/4 1961/10/4
f 1963/11/5 1967/6/5 1965/8/5 1961/12/5
f 1968/5/6 1964/13/6 1962/14/6 1966/7/6
f 1969/1/1 1970/2/1 1972/3/1 1971/4/1
f 1971/4/2 1972/3/2 1976/5/2 1975/6/2
f 1975/6/3 1976/5/3 1974/7/3 1973/8/3
f 1973/8/4 1974/7/4 1970/9/4 1969/10/4
f 1971/11/5 1975/6/5 1973/8/5 1969/12/5
f 1976/5/6 1972/13/6 1970/14/6 1974/7/6
f 1977/1/1 1978/2/1 1980/3/1 1979/4/1
f 1979/4/2 1980/3/2 1984/5/2 1983/6/2
f 1983/6/3 1984/5/3 1982/7/3 1981/8/3
f 1981/8/4 1982/7/4 1978/9/4 1977/10/4
f 1979/11/5 1983/6/5 1981/8/5 1977/12/5
f 1984/5/6 1980/13/6 1978/14/6 1982/7/6
f 1985/1/1 1986/2/1 1988/3/1 1987/4/1
f 1987/4/2 1988/3/2 1992/5/2 1991/6/2
f 1991/6/3 1992/5/3 1990/7/3 1989/8/3
f 1989/8/4 1990/7/4 1986/9/4 1985/10/4
f 1987/11/5 1991/6/5 1989/8/5 1985/12/5
f 1992/5/6 1988/13/6 1986/14/6 1990/7/6
f 1993/1/1 1994/2/1 1996/3/1 1995/4/1
f 1995/4/2 1996/3/2 2000/5/2 1999/6/2
f 1999/6/3 2000/5/3 1998/7/3 1997/8/3
f 1997/8/4 1998/7/4 1994/9/4 1993/10/4
f 1995/11/5 1999/6/5 1997/8/5 1993/12/5
f 2000/5/6 1996/13/6 1994/14/6 1998/7/6
f 2001/1/1 2002/2/1 2004/3/1 2003/4/1
f 2003/4/2 2004/3/2 2008/5/2 2007/6/2
f 2007/6/3 2008/5/3 2006/7/3 2005/8/3
f 2005/8/4 2006/7/4 2002/9/4 2001/10/4
f 2003/11/5 2007/6/5 2005/8/5 2001/12/5
f 2008/5/6 2004/13/6 2002/14/6 2006/7/6
f 2009/1/1 2010/2/1 2012/3/1 2011/4/1
f 2011/4/2 2012/3/2 2016/5/2 2015/6/2
f 2015/6/3 2016/5/3 2014/7/3 2013/8/3
f 2013/8/4 2014/7/4 2010/9/4 2009/10/4
f 2011/11/5 2015/6/5 2013/8/5 2009/12/5
f 2016/5/6 2012/13/6 2010/14/6 2014/7/6
f 2017/1/1 2018/2/1 2020/3/1 2019/4/1
f 2019/4/2 2020/3/2 2024/5/2 2023/6/2
f 2023/6/3 2024/5/3 2022/7/3 2021/8/3
f 2021/8/4 2022/7/4 2018/9/4 2017/10/4
f 2019/11/5 2023/6/5 2021/8/5 2017/12/5
f 2024/5/6 2020/13/6 2018/14/6 2022/7/6
f 2025/1/1 2026/2/1 2028/3/1 2027/4/1
f 2027/4/2 2028/3/2 2032/5/2 2031/6/2
f 2031/6/3 2032/5/3 2030/7/3 2029/8/3
f 2029/8/4 2030/7/4 2026/9/4 2025/10/4
f 2027/11/5 2031/6/5 2029/8/5 2025/12/5
f 2032/5/6 2028/13/6 2026/14/6 2030/7/6
f 2033/1/1 2034/2/1 2036/3/1 2035/4/1
f 2035/4/2 2036/3/2 2040/5/2 2039/6/2
f 2039/6/3 2040/5/3 2038/7/3 2037/8/3
f 2037/8/4 2038/7/4 2034/9/4 2033/10/4
f 2035/11/5 2039/6/5 2037/8/5 2033/12/5
f 2040/5/6 2036/13/6 2034/14/6 2038/7/6
f 2041/1/1 2042/2/1 2044/3/1 2043/4/1
f 2043/4/2 2044/3/2 2048/5/2 2047/6/2
f 2047/6/3 2048/5/3 2046/7/3 2045/8/3
f 2045/8/4 2046/7/4 2042/9/4 2041/10/4
f 2043/11/5 2047/6/5 2045/8/5 2041/12/5
f 2048/5/6 2044/13/6 2042/14/6 2046/7/6
f 2049/1/1 2050/2/1 2052/3/1 2051/4/1
f 2051/4/2 2052/3/2 2056/5/2 2055/6/2
f 2055/6/3 2056/5/3 2054/7/3 2053/8/3
f 2053/8/4 2054/7/4 2050/9/4 2049/10/4
f 2051/11/5 2055/6/5 2053/8/5 2049/12/5
f 2056/5/6 2052/13/6 2050/14/6 2054/7/6
f 2057/1/1 2058/2/1 2060/3/1 2059/4/1
f 2059/4/2 2060/3/2 2064/5/2 2063/6/2
f 2063/6/3 2064/5/3 2062/7/3 2061/8/3
f 2061/8/4 2062/7/4 2058/9/4 2057/10/4
f 2059/11/5 2063/6/5 2061/8/5 2057/12/5
f 2064/5/6 2060/13/6 2058/14/6 2062/7/6
f 2065/1/1 2066/2/1 2068/3/1 2067/4/1
f 2067/4/2 2068/3/2 2072/5/2 2071/6/2
f 2071/6/3 2072/5/3 2070/7/3 2069/8/3
f 2069/8/4 2070/7/4 2066/9/4 2065/10/4
f 2067/11/5 2071/6/5 2069/8/5 2065/12/5
f 2072/5/6 2068/13/6 2066/14/6 2070/7/6
f 2073/1/1 2074/2/1 2076/3/1 2075/4/1
f 2075/4/2 2076/3/2 2080/5/2 2079/6/2
f 2079/6/3 2080/5/3 2078/7/3 2077/8/3
f 2077/8/4 2078/7/4 2074/9/4 2073/10/4
f 2075/11/5 2079/6/5 2077/8/5 2073/12/5
f 2080/5/6 2076/13/6 2074/14/6 2078/7/6
f 2081/1/1 2082/2/1 2084/3/1 2083/4/1
f 2083/4/2 2084/3/2 2088/5/2 2087/6/2
f 2087/6/3 2088/5/3 2086/7/3 2085/8/3
f 2085/8/4 2086/7/4 2082/9/4 2081/10/4
f 2083/11/5 2087/6/5 2085/8/5 2081/12/5
f 2088/5/6 2084/13/6 2082/14/6 2086/7/6
f 2089/1/1 2090/2/1 2092/3/1 2091/4/1
f 2091/4/2 2092/3/2 2096/5/2 2095/6/2
f 2095/6/3 2096/5/3 2094/7/3 2093/8/3
f 2093/8/4 2094/7/4 2090/9/4 2089/10/4
f 2091/11/5 2095/6/5 2093/8/5 2089/12/5
f 2096/5/6 2092/13/6 2090/14/6 2094/7/6
f 2097/1/1 2098/2/1 2100/3/1 2099/4/1
f 2099/4/2 2100/3/2 2104/5/2 2103/6/2
f 2103/6/3 2104/5/3 2102/7/3 2101/8/3
f 2101/8/4 2102/7/4 2098/9/4 2097/10/4
f 2099/11/5 2103/6/5 2101/8/5 2097/12/5
f 2104/5/6 2100/13/6 2098/14/6 2102/7/6
f 2105/1/1 2106/2/1 2108/3/1 2107/4/1
f 2107/4/2 2108/3/2 2112/5/2 2111/6/2
f 2111/6/3 2112/5/3 2110/7/3 2109/8/3
f 2109/8/4 2110/7/4 2106/9/4 2105/10/4
f 2107/11/5 2111/6/5 2109/8/5 2105/12/5
f 2112/5/6 2108/13/6 2106/14/6 2110/7/6
f 2113/1/1 2114/2/1 2116/3/1 2115/4/1
f 2115/4/2 2116/3/2 2120/5/2 2119/6/2
f 2119/6/3 2120/5/3 2118/7/3 2117/8/3
f 2117/8/4 2118/7/4 2114/9/4 2113/10/4
f 2115/11/5 2119/6/5 2117/8/5 2113/12/5
f 2120/5/6 2116/13/6 2114/14/6 2118/7/6
f 2121/1/1 2122/2/1 2124/3/1 2123/4/1
f 2123/4/2 2124/3/2 2128/5/2 2127/6/2
f 2127/6/3 2128/5/3 2126/7/3 2125/8/3
f 2125/8/4 2126/7/4 2122/9/4 2121/10/4
f 2123/11/5 2127/6/5 2125/8/5 2121/12/5
f 2128/5/6 2124/13/6 2122/14/6 2126/7/6
f 2129/1/1 2130/2/1 2132/3/1 2131/4/1
f 2131/4/2 2132/3/2 2136/5/2 2135/6/2
f 2135/6/3 2136/5/3 2134/7/3 2133/8/3
f 2133/8/4 2134/7/4 2130/9/4 2129/10/4
f 2131/11/5 2135/6/5 2133/8/5 2129/12/5
f 2136/5/6 2132/13/6 2130/14/6 2134/7/6
f 2137/1/1 2138/2/1 2140/3/1 2139/4/1
f 2139/4/2 2140/3/2 2144/5/2 2143/6/2
f 2143/6/3 2144/5/3 2142/7/3 2141/8/3
f 2141/8/4 2142/7/4 2138/9/4 2137/10/4
f 2139/11/5 2143/6/5 2141/8/5 2137/12/5
f 2144/5/6 2140/13/6 2138/14/6 2142/7/6
f 2145/1/1 2146/2/1 2148/3/1 2147/4/1
f 2147/4/2 2148/3/2 2152/5/2 2151/6/2
f 2151/6/3 2152/5/3 2150/7/3 2149/8/3
f 2149/8/4 2150/7/4 2146/9/4 2145/10/4
f 2147/11/5 2151/6/5 2149/8/5 2145/12/5
f 2152/5/6 2148/13/6 2146/14/6 2150/7/6
f 2153/1/1 2154/2/1 2156/3/1 2155/4/1
f 2155/4/2 2156/3/2 2160/5/2 2159/6/2
f 2159/6/3 2160/5/3 2158/7/3 2157/8/3
f 2157/8/4 2158/7/4 2154/9/4 2153/10/4
f 2155/11/5 2159/6/5 2157/8/5 2153/12/5
f 2160/5/6 2156/13/6 2154/14/6 2158/7/6
f 2161/1/1 2162/2/1 2164/3/1 2163/4/1
f 2163/4/2 2164/3/2 2168/5/2 2167/6/2
f 2167/6/3 2168/5/3 2166/7/3 2165/8/3
f 2165/8/4 2166/7/4 2162/9/4 2161/10/4
f 2163/11/5 2167/6/5 2165/8/5 2161/12/5
f 2168/5/6 2164/13/6 2162/14/6 2166/7/6
f 2169/1/1 2170/2/1 2172/3/1 2171/4/1
f 2171/4/2 2172/3/2 2176/5/2 2175/6/2
f 2175/6/3 2176/5/3 2174/7/3 2173/8/3
f 2173/8/4 2174/7/4 2170/9/4 2169/10/4
f 2171/11/5 2175/6/5 2173/8/5 2169/12/5
f 2176/5/6 2172/13/6 2170/14/6 2174/7/6
f 2177/1/1 2178/2/1 2180/3/1 2179/4/1
f 2179/4/2 2180/3/2 2184/5/2 2183/6/2
f 2183/6/3 2184/5/3 2182/7/3 2181/8/3
f 2181/8/4 2182/7/4 2178/9/4 2177/10/4
f 2179/11/5 2183/6/5 2181/8/5 2177/12/5
f 2184/5/6 2180/13/6 2178/14/6 2182/7/6
f 2185/1/1 2186/2/1 2188/3/1 2187/4/1
f 2187/4/2 2188/3/2 2192/5/2 2191/6/2
f 2191/6/3 2192/5/3 2190/7/3 2189/8/3
f 2189/8/4 2190/7/4 2186/9/4 2185/10/4
f 2187/11/5 2191/6/5 2189/8/5 2185/12/5
f 2192/5/6 2188/13/6 2186/14/6 2190/7/6
f 2193/1/1 2194/2/1 2196/3/1 2195/4/1
f 2195/4/2 2196/3/2 2200/5/2 2199/6/2
f 2199/6/3 2200/5/3 2198/7/3 2197/8/3
f 2197/8/4 2198/7/4 2194/9/4 2193/10/4
f 2195/11/5 2199/6/5 2197/8/5 2193/12/5
f 2200/5/6 2196/13/6 2194/14/6 2198/7/6
f 2201/1/1 2202/2/1 2204/3/1 2203/4/1
f 2203/4/2 2204/3/2 2208/5/2 2207/6/2
f 2207/6/3 2208/5/3 2206/7/3 2205/8/3
f 2205/8/4 2206/7/4 2202/9/4 2201/10/4
f 2203/11/5 2207/6/5 2205/8/5 2201/12/5
f 2208/5/6 2204/13/6 2202/14/6 2206/7/6
f 2209/1/1 2210/2/1 2212/3/1 2211/4/1
f 2211/4/2 2212/3/2 2216/5/2 2215/6/2
f 2215/6/3 2216/5/3 2214/7/3 2213/8/3
f 2213/8/4 2214/7/4 2210/9/4 2209/10/4
f 2211/11/5 2215/6/5 2213/8/5 2209/12/5
f 2216/5/6 2212/13/6 2210/14/6 2214/7/6
f 2217/1/1 2218/2/1 2220/3/1 2219/4/1
f 2219/4/2 2220/3/2 2224/5/2 2223/6/2
f 2223/6/3 2224/5/3 2222/7/3 2221/8/3
f 2221/8/4 2222/7/4 2218/9/4 2217/10/4
f 2219/11/5 2223/6/5 2221/8/5 2217/12/5
f 2224/5/6 2220/13/6 2218/14/6 2222/7/6
f 2225/1/1 2226/2/1 2228/3/1 2227/4/1
f 2227/4/2 2228/3/2 2232/5/2 2231/6/2
f 2231/6/3 2232/5/3 2230/7/3 2229/8/3
f 2229/8/4 2230/7/4 2226/9/4 2225/10/4
f 2227/11/5 2231/6/5 2229/8/5 2225/12/5
f 2232/5/6 2228/13/6 2226/14/6 2230/7/6
f 2233/1/1 2234/2/1 2236/3/1 2235/4/1
f 2235/4/2 2236/3/2 2240/5/2 2239/6/2
f 2239/6/3 2240/5/3 2238/7/3 2237/8/3
f 2237/8/4 2238/7/4 2234/9/4 2233/10/4
f 2235/11/5 2239/6/5 2237/8/5 2233/12/5
f 2240/5/6 2236/13/6 2234/14/6 2238/7/6
f 2241/1/1 2242/2/1 2244/3/1 2243/4/1
f 2243/4/2 2244/3/2 2248/5/2 2247/6/2
f 2247/6/3 2248/5/3 2246/7/3 2245/8/3
f 2245/8/4 2246/7/4 2242/9/4 2241/10/4
f 2243/11/5 2247/6/5 2245/8/5 2241/12/5
f 2248/5/6 2244/13/6 2242/14/6 2246/7/6
f 2249/1/1 2250/2/1 2252/3/1 2251/4/1
f 2251/4/2 2252/3/2 2256/5/2 2255/6/2
f 2255/6/3 2256/5/3 2254/7/3 2253/8/3
f 2253/8/4 2254/7/4 2250/9/4 2249/10/4
f 2251/11/5 2255/6/5 2253/8/5 2249/12/5
f 2256/5/6 2252/13/6 2250/14/6 2254/7/6
f 2257/1/1 2258/2/1 2260/3/1 2259/4/1
f 2259/4/2 2260/3/2 2264/5/2 2263/6/2
f 2263/6/3 2264/5/3 2262/7/3 2261/8/3
f 2261/8/4 2262/7/4 2258/9/4 2257/10/4
f 2259/11/5 2263/6/5 2261/8/5 2257/12/5
f 2264/5/6 2260/13/6 2258/14/6 2262/7/6
f 2265/1/1 2266/2/1 2268/3/1 2267/4/1
f 2267/4/2 2268/3/2 2272/5/2 2271/6/2
f 2271/6/3 2272/5/3 2270/7/3 2269/8/3
f 2269/8/4 2270/7/4 2266/9/4 2265/10/4
f 2267/11/5 2271/6/5 2269/8/5 2265/12/5
f 2272/5/6 2268/13/6 2266/14/6 2270/7/6
f 2273/1/1 2274/2/1 2276/3/1 2275/4/1
f 2275/4/2 2276/3/2 2280/5/2 2279/6/2
f 2279/6/3 2280/5/3 2278/7/3 2277/8/3
f 2277/8/4 2278/7/4 2274/9/4 2273/10/4
f 2275/11/5 2279/6/5 2277/8/5 2273/12/5
f 2280/5/6 2276/13/6 2274/14/6 2278/7/6
f 2281/1/1 2282/2/1 2284/3/1 2283/4/1
f 2283/4/2 2284/3/2 2288/5/2 2287/6/2
f 2287/6/3 2288/5/3 2286/7/3 2285/8/3
f 2285/8/4 2286/7/4 2282/9/4 2281/10/4
f 2283/11/5 2287/6/5 2285/8/5 2281/12/5
f 2288/5/6 2284/13/6 2282/14/6 2286/7/6
f 2289/1/1 2290/2/1 2292/3/1 2291/4/1
f 2291/4/2 2292/3/2 2296/5/2 2295/6/2
f 2295/6/3 2296/5/3 2294/7/3 2293/8/3
f 2293/8/4 2294/7/4 2290/9/4 2289/10/4
f 2291/11/5 2295/6/5 2293/8/5 2289/12/5
f 2296/5/6 2292/13/6 2290/14/6 2294/7/6
f 2297/1/1 2298/2/1 2300/3/1 2299/4/1
f 2299/4/2 2300/3/2 2304/5/2 2303/6/2
f 2303/6/3 2304/5/3 2302/7/3 2301/8/3
f 2301/8/4 2302/7/4 2298/9/4 2297/10/4
f 2299/11/5 2303/6/5 2301/8/5 2297/12/5
f 2304/5/6 2300/13/6 2298/14/6 2302/7/6
f 2305/1/1 2306/2/1 2308/3/1 2307/4/1
f 2307/4/2 2308/3/2 2312/5/2 2311/6/2
f 2311/6/3 2312/5/3 2310/7/3 2309/8/3
f 2309/8/4 2310/7/4 2306/9/4 2305/10/4
f 2307/11/5 2311/6/5 2309/8/5 2305/12/5
f 2312/5/6 2308/13/6 2306/14/6 2310/7/6
f 2313/1/1 2314/2/1 2316/3/1 2315/4/1
f 2315/4/2 2316/3/2 2320/5/2 2319/6/2
f 2319/6/3 2320/5/3 2318/7/3 2317/8/3
f 2317/8/4 2318/7/4 2314/9/4 2313/10/4
f 2315/11/5 2319/6/5 2317/8/5 2313/12/5
f 2320/5/6 2316/13/6 2314/14/6 2318/7/6
f 2321/1/1 2322/2/1 2324/3/1 2323/4/1
f 2323/4/2 2324/3/2 2328/5/2 2327/6/2
f 2327/6/3 2328/5/3 2326/7/3 2325/8/3
f 2325/8/4 2326/7/4 2322/9/4 2321/10/4
f 2323/11/5 2327/6/5 2325/8/5 2321/12/5
f 2328/5/6 2324/13/6 2322/14/6 2326/7/6
f 2329/1/1 2330/2/1 2332/3/1 2331/4/1
f 2331/4/2 2332/3/2 2336/5/2 2335/6/2
f 2335/6/3 2336/5/3 2334/7/3 2333/8/3
f 2333/8/4 2334/7/4 2330/9/4 2329/10/4
f 2331/11/5 2335/6/5 2333/8/5 2329/12/5
f 2336/5/6 2332/13/6 2330/14/6 2334/7/6
f 2337/1/1 2338/2/1 2340/3/1 2339/4/1
f 2339/4/2 2340/3/2 2344/5/2 2343/6/2
f 2343/6/3 2344/5/3 2342/7/3 2341/8/3
f 2341/8/4 2342/7/4 2338/9/4 2337/10/4
f 2339/11/5 2343/6/5 2341/8/5 2337/12/5
f 2344/5/6 2340/13/6 2338/14/6 2342/7/6
f 2345/1/1 2346/2/1 2348/3/1 2347/4/1
f 2347/4/2 2348/3/2 2352/5/2 2351/6/2
f 2351/6/3 2352/5/3 2350/7/3 2349/8/3
f 2349/8/4 2350/7/4 2346/9/4 2345/10/4
f 2347/11/5 2351/6/5 2349/8/5 2345/12/5
f 2352/5/6 2348/13/6 2346/14/6 2350/7/6
f 2353/1/1 2354/2/1 2356/3/1 2355/4/1
f 2355/4/2 2356/3/2 2360/5/2 2359/6/2
f 2359/6/3 2360/5/3 2358/7/3 2357/8/3
f 2357/8/4 2358/7/4 2354/9/4 2353/10/4
f 2355/11/5 2359/6/5 2357/8/5 2353/12/5
f 2360/5/6 2356/13/6 2354/14/6 2358/7/6
f 2361/1/1 2362/2/1 2364/3/1 2363/4/1
f 2363/4/2 2364/3/2 2368/5/2 2367/6/2
f 2367/6/3 2368/5/3 2366/7/3 2365/8/3
f 2365/8/4 2366/7/4 2362/9/4 2361/10/4
f 2363/11/5 2367/6/5 2365/8/5 2361/12/5
f 2368/5/6 2364/13/6 2362/14/6 2366/7/6
f 2369/1/1 2370/2/1 2372/3/1 2371/4/1
f 2371/4/2 2372/3/2 2376/5/2 2375/6/2
f 2375/6/3 2376/5/3 2374/7/3 2373/8/3
f 2373/8/4 2374/7/4 2370/9/4 2369/10/4
f 2371/11/5 2375/6/5 2373/8/5 2369/12/5
f 2376/5/6 2372/13/6 2370/14/6 2374/7/6
f 2377/1/1 2378/2/1 2380/3/1 2379/4/1
f 2379/4/2 2380/3/2 2384/5/2 2383/6/2
f 2383/6/3 2384/5/3 2382/7/3 2381/8/3
f 2381/8/4 2382/7/4 2378/9/4 2377/10/4
f 2379/11/5 2383/6/5 2381/8/5 2377/12/5
f 2384/5/6 2380/13/6 2378/14/6 2382/7/6
f 2385/1/1 2386/2/1 2388/3/1 2387/4/1
f 2387/4/2 2388/3/2 2392/5/2 2391/6/2
f 2391/6/3 2392/5/3 2390/7/3 2389/8/3
f 2389/8/4 2390/7/4 2386/9/4 2385/10/4
f 2387/11/5 2391/6/5 2389/8/5 2385/12/5
f 2392/5/6 2388/13/6 2386/14/6 2390/7/6
f 2393/1/1 2394/2/1 2396/3/1 2395/4/1
f 2395/4/2 2396/3/2 2400/5/2 2399/6/2
f 2399/6/3 2400/5/3 2398/7/3 2397/8/3
f 2397/8/4 2398/7/4 2394/9/4 2393/10/4
f 2395/11/5 2399/6/5 2397/8/5 2393/12/5
f 2400/5/6 2396/13/6 2394/14/6 2398/7/6
f 2401/1/1 2402/2/1 2404/3/1 2403/4/1
f 2403/4/2 2404/3/2 2408/5/2 2407/6/2
f 2407/6/3 2408/5/3 2406/7/3 2405/8/3
f 2405/8/4 2406/7/4 2402/9/4 2401/10/4
f 2403/11/5 2407/6/5 2405/8/5 2401/12/5
f 2408/5/6 2404/13/6 2402/14/6 2406/7/6
f 2409/1/1 2410/2/1 2412/3/1 2411/4/1
f 2411/4/2 2412/3/2 2416/5/2 2415/6/2
f 2415/6/3 2416/5/3 2414/7/3 2413/8/3
f 2413/8/4 2414/7/4 2410/9/4 2409/10/4
f 2411/11/5 2415/6/5 2413/8/5 2409/12/5
f 2416/5/6 2412/13/6 2410/14/6 2414/7/6
f 2417/1/1 2418/2/1 2420/3/1 2419/4/1
f 2419/4/2 2420/3/2 2424/5/2 2423/6/2
f 2423/6/3 2424/5/3 2422/7/3 2421/8/3
f 2421/8/4 2422/7/4 2418/9/4 2417/10/4
f 2419/11/5 2423/6/5 2421/8/5 2417/12/5
f 2424/5/6 2420/13/6 2418/14/6 2422/7/6
f 2425/1/1 2426/2/1 2428/3/1 2427/4/1
f 2427/4/2 2428/3/2 2432/5/2 2431/6/2
f 2431/6/3 2432/5/3 2430/7/3 2429/8/3
f 2429/8/4 2430/7/4 2426/9/4 2425/10/4
f 2427/11/5 2431/6/5 2429/8/5 2425/12/5
f 2432/5/6 2428/13/6 2426/14/6 2430/7/6
f 2433/1/1 2434/2/1 2436/3/1 2435/4/1
f 2435/4/2 2436/3/2 2440/5/2 2439/6/2
f 2439/6/3 2440/5/3 2438/7/3 2437/8/3
f 2437/8/4 2438/7/4 2434/9/4 2433/10/4
f 2435/11/5 2439/6/5 2437/8/5 2433/12/5
f 2440/5/6 2436/13/6 2434/14/6 2438/7/6
f 2441/1/1 2442/2/1 2444/3/1 2443/4/1
f 2443/4/2 2444/3/2 2448/5/2 2447/6/2
f 2447/6/3 2448/5/3 2446/7/3 2445/8/3
f 2445/8/4 2446/7/4 2442/9/4 2441/10/4
f 2443/11/5 2447/6/5 2445/8/5 2441/12/5
f 2448/5/6 2444/13/6 2442/14/6 2446/7/6
f 2449/1/1 2450/2/1 2452/3/1 2451/4/1
f 2451/4/2 2452/3/2 2456/5/2 2455/6/2
f 2455/6/3 2456/5/3 2454/7/3 2453/8/3
f 2453/8/4 2454/7/4 2450/9/4 2449/10/4
f 2451/11/5 2455/6/5 2453/8/5 2449/12/5
f 2456/5/6 2452/13/6 2450/14/6 2454/7/6
f 2457/1/1 2458/2/1 2460/3/1 2459/4/1
f 2459/4/2 2460/3/2 2464/5/2 2463/6/2
f 2463/6/3 2464/5/3 2462/7/3 2461/8/3
f 2461/8/4 2462/7/4 2458/9/4 2457/10/4
f 2459/11/5 2463/6/5 2461/8/5 2457/12/5
f 2464/5/6 2460/13/6 2458/14/6 2462/7/6
f 2465/1/1 2466/2/1 2468/3/1 2467/4/1
f 2467/4/2 2468/3/2 2472/5/2 2471/6/2
f 2471/6/3 2472/5/3 2470/7/3 2469/8/3
f 2469/8/4 2470/7/4 2466/9/4 2465/10/4
f 2467/11/5 2471/6/5 2469/8/5 2465/12/5
f 2472/5/6 2468/13/6 2466/14/6 2470/7/6
f 2473/1/1 2474/2/1 2476/3/1 2475/4/1
f 2475/4/2 2476/3/2 2480/5/2 2479/6/2
f 2479/6/3 2480/5/3 2478/7/3 2477/8/3
f 2477/8/4 2478/7/4 2474/9/4 2473/10/4
f 2475/11/5 2479/6/5 2477/8/5 2473/12/5
f 2480/5/6 2476/13/6 2474/14/6 2478/7/6
f 2481/1/1 2482/2/1 2484/3/1 2483/4/1
f 2483/4/2 2484/3/2 2488/5/2 2487/6/2
f 2487/6/3 2488/5/3 2486/7/3 2485/8/3
f 2485/8/4 2486/7/4 2482/9/4 2481/10/4
f 2483/11/5 2487/6/5 2485/8/5 2481/12/5
f 2488/5/6 2484/13/6 2482/14/6 2486/7/6
f 2489/1/1 2490/2/1 2492/3/1 2491/4/1
f 2491/4/2 2492/3/2 2496/5/2 2495/6/2
f 2495/6/3 2496/5/3 2494/7/3 2493/8/3
f 2493/8/4 2494/7/4 2490/9/4 2489/10/4
f 2491/11/5 2495/6/5 2493/8/5 2489/12/5
f 2496/5/6 2492/13/6 2490/14/6 2494/7/6
f 2497/1/1 2498/2/1 2500/3/1 2499/4/1
f 2499/4/2 2500/3/2 2504/5/2 2503/6/2
f 2503/6/3 2504/5/3 2502/7/3 2501/8/3
f 2501/8/4 2502/7/4 2498/9/4 2497/10/4
f 2499/11/5 2503/6/5 2501/8/5 2497/12/5
f 2504/5/6 2500/13/6 2498/14/6 2502/7/6
f 2537/1/1 2538/2/1 2540/3/1 2539/4/1
f 2539/4/2 2540/3/2 2544/5/2 2543/6/2
f 2543/6/3 2544/5/3 2542/7/3 2541/8/3
f 2541/8/4 2542/7/4 2538/9/4 2537/10/4
f 2539/11/5 2543/6/5 2541/8/5 2537/12/5
f 2544/5/6 2540/13/6 2538/14/6 2542/7/6
f 2553/1/1 2554/2/1 2556/3/1 2555/4/1
f 2555/4/2 2556/3/2 2560/5/2 2559/6/2
f 2559/6/3 2560/5/3 2558/7/3 2557/8/3
f 2557/8/4 2558/7/4 2554/9/4 2553/10/4
f 2555/11/5 2559/6/5 2557/8/5 2553/12/5
f 2560/5/6 2556/13/6 2554/14/6 2558/7/6
f 2561/1/1 2562/2/1 2564/3/1 2563/4/1
f 2563/4/2 2564/3/2 2568/5/2 2567/6/2
f 2567/6/3 2568/5/3 2566/7/3 2565/8/3
f 2565/8/4 2566/7/4 2562/9/4 2561/10/4
f 2563/11/5 2567/6/5 2565/8/5 2561/12/5
f 2568/5/6 2564/13/6 2562/14/6 2566/7/6
f 2569/1/1 2570/2/1 2572/3/1 2571/4/1
f 2571/4/2 2572/3/2 2576/5/2 2575/6/2
f 2575/6/3 2576/5/3 2574/7/3 2573/8/3
f 2573/8/4 2574/7/4 2570/9/4 2569/10/4
f 2571/11/5 2575/6/5 2573/8/5 2569/12/5
f 2576/5/6 2572/13/6 2570/14/6 2574/7/6
f 2577/1/1 2578/2/1 2580/3/1 2579/4/1
f 2579/4/2 2580/3/2 2584/5/2 2583/6/2
f 2583/6/3 2584/5/3 2582/7/3 2581/8/3
f 2581/8/4 2582/7/4 2578/9/4 2577/10/4
f 2579/11/5 2583/6/5 2581/8/5 2577/12/5
f 2584/5/6 2580/13/6 2578/14/6 2582/7/6
f 2601/1/1 2602/2/1 2604/3/1 2603/4/1
f 2603/4/2 2604/3/2 2608/5/2 2607/6/2
f 2607/6/3 2608/5/3 2606/7/3 2605/8/3
f 2605/8/4 2606/7/4 2602/9/4 2601/10/4
f 2603/11/5 2607/6/5 2605/8/5 2601/12/5
f 2608/5/6 2604/13/6 2602/14/6 2606/7/6
f 2609/1/1 2610/2/1 2612/3/1 2611/4/1
f 2611/4/2 2612/3/2 2616/5/2 2615/6/2
f 2615/6/3 2616/5/3 2614/7/3 2613/8/3
f 2613/8/4 2614/7/4 2610/9/4 2609/10/4
f 2611/11/5 2615/6/5 2613/8/5 2609/12/5
f 2616/5/6 2612/13/6 2610/14/6 2614/7/6
f 2617/1/1 2618/2/1 2620/3/1 2619/4/1
f 2619/4/2 2620/3/2 2624/5/2 2623/6/2
f 2623/6/3 2624/5/3 2622/7/3 2621/8/3
f 2621/8/4 2622/7/4 2618/9/4 2617/10/4
f 2619/11/5 2623/6/5 2621/8/5 2617/12/5
f 2624/5/6 2620/13/6 2618/14/6 2622/7/6
f 2625/1/1 2626/2/1 2628/3/1 2627/4/1
f 2627/4/2 2628/3/2 2632/5/2 2631/6/2
f 2631/6/3 2632/5/3 2630/7/3 2629/8/3
f 2629/8/4 2630/7/4 2626/9/4 2625/10/4
f 2627/11/5 2631/6/5 2629/8/5 2625/12/5
f 2632/5/6 2628/13/6 2626/14/6 2630/7/6
f 2649/1/1 2650/2/1 2652/3/1 2651/4/1
f 2651/4/2 2652/3/2 2656/5/2 2655/6/2
f 2655/6/3 2656/5/3 2654/7/3 2653/8/3
f 2653/8/4 2654/7/4 2650/9/4 2649/10/4
f 2651/11/5 2655/6/5 2653/8/5 2649/12/5
f 2656/5/6 2652/13/6 2650/14/6 2654/7/6
f 2657/1/1 2658/2/1 2660/3/1 2659/4/1
f 2659/4/2 2660/3/2 2664/5/2 2663/6/2
f 2663/6/3 2664/5/3 2662/7/3 2661/8/3
f 2661/8/4 2662/7/4 2658/9/4 2657/10/4
f 2659/11/5 2663/6/5 2661/8/5 2657/12/5
f 2664/5/6 2660/13/6 2658/14/6 2662/7/6
f 2665/1/1 2666/2/1 2668/3/1 2667/4/1
f 2667/4/2 2668/3/2 2672/5/2 2671/6/2
f 2671/6/3 2672/5/3 2670/7/3 2669/8/3
f 2669/8/4 2670/7/4 2666/9/4 2665/10/4
f 2667/11/5 2671/6/5 2669/8/5 2665/12/5
f 2672/5/6 2668/13/6 2666/14/6 2670/7/6
f 2673/1/1 2674/2/1 2676/3/1 2675/4/1
f 2675/4/2 2676/3/2 2680/5/2 2679/6/2
f 2679/6/3 2680/5/3 2678/7/3 2677/8/3
f 2677/8/4 2678/7/4 2674/9/4 2673/10/4
f 2675/11/5 2679/6/5 2677/8/5 2673/12/5
f 2680/5/6 2676/13/6 2674/14/6 2678/7/6
f 2689/1/1 2690/2/1 2692/3/1 2691/4/1
f 2691/4/2 2692/3/2 2696/5/2 2695/6/2
f 2695/6/3 2696/5/3 2694/7/3 2693/8/3
f 2693/8/4 2694/7/4 2690/9/4 2689/10/4
f 2691/11/5 2695/6/5 2693/8/5 2689/12/5
f 2696/5/6 2692/13/6 2690/14/6 2694/7/6
f 2697/1/1 2698/2/1 2700/3/1 2699/4/1
f 2699/4/2 2700/3/2 2704/5/2 2703/6/2
f 2703/6/3 2704/5/3 2702/7/3 2701/8/3
f 2701/8/4 2702/7/4 2698/9/4 2697/10/4
f 2699/11/5 2703/6/5 2701/8/5 2697/12/5
f 2704/5/6 2700/13/6 2698/14/6 2702/7/6
f 2705/1/1 2706/2/1 2708/3/1 2707/4/1
f 2707/4/2 2708/3/2 2712/5/2 2711/6/2
f 2711/6/3 2712/5/3 2710/7/3 2709/8/3
f 2709/8/4 2710/7/4 2706/9/4 2705/10/4
f 2707/11/5 2711/6/5 2709/8/5 2705/12/5
f 2712/5/6 2708/13/6 2706/14/6 2710/7/6
f 2713/1/1 2714/2/1 2716/3/1 2715/4/1
f 2715/4/2 2716/3/2 2720/5/2 2719/6/2
f 2719/6/3 2720/5/3 2718/7/3 2717/8/3
f 2717/8/4 2718/7/4 2714/9/4 2713/10/4
f 2715/11/5 2719/6/5 2717/8/5 2713/12/5
f 2720/5/6 2716/13/6 2714/14/6 2718/7/6
f 2721/1/1 2722/2/1 2724/3/1 2723/4/1
f 2723/4/2 2724/3/2 2728/5/2 2727/6/2
f 2727/6/3 2728/5/3 2726/7/3 2725/8/3
f 2725/8/4 2726/7/4 2722/9/4 2721/10/4
f 2723/11/5 2727/6/5 2725/8/5 2721/12/5
f 2728/5/6 2724/13/6 2722/14/6 2726/7/6
f 2729/1/1 2730/2/1 2732/3/1 2731/4/1
f 2731/4/2 2732/3/2 2736/5/2 2735/6/2
f 2735/6/3 2736/5/3 2734/7/3 2733/8/3
f 2733/8/4 2734/7/4 2730/9/4 2729/10/4
f 2731/11/5 2735/6/5 2733/8/5 2729/12/5
f 2736/5/6 2732/13/6 2730/14/6 2734/7/6
f 2745/1/1 2746/2/1 2748/3/1 2747/4/1
f 2747/4/2 2748/3/2 2752/5/2 2751/6/2
f 2751/6/3 2752/5/3 2750/7/3 2749/8/3
f 2749/8/4 2750/7/4 2746/9/4 2745/10/4
f 2747/11/5 2751/6/5 2749/8/5 2745/12/5
f 2752/5/6 2748/13/6 2746/14/6 2750/7/6
f 2753/1/1 2754/2/1 2756/3/1 2755/4/1
f 2755/4/2 2756/3/2 2760/5/2 2759/6/2
f 2759/6/3 2760/5/3 2758/7/3 2757/8/3
f 2757/8/4 2758/7/4 2754/9/4 2753/10/4
f 2755/11/5 2759/6/5 2757/8/5 2753/12/5
f 2760/5/6 2756/13/6 2754/14/6 2758/7/6
f 2761/1/1 2762/2/1 2764/3/1 2763/4/1
f 2763/4/2 2764/3/2 2768/5/2 2767/6/2
f 2767/6/3 2768/5/3 2766/7/3 2765/8/3
f 2765/8/4 2766/7/4 2762/9/4 2761/10/4
f 2763/11/5 2767/6/5 2765/8/5 2761/12/5
f 2768/5/6 2764/13/6 2762/14/6 2766/7/6
f 2769/1/1 2770/2/1 2772/3/1 2771/4/1
f 2771/4/2 2772/3/2 2776/5/2 2775/6/2
f 2775/6/3 2776/5/3 2774/7/3 2773/8/3
f 2773/8/4 2774/7/4 2770/9/4 2769/10/4
f 2771/11/5 2775/6/5 2773/8/5 2769/12/5
f 2776/5/6 2772/13/6 2770/14/6 2774/7/6
f 2793/1/1 2794/2/1 2796/3/1 2795/4/1
f 2795/4/2 2796/3/2 2800/5/2 2799/6/2
f 2799/6/3 2800/5/3 2798/7/3 2797/8/3
f 2797/8/4 2798/7/4 2794/9/4 2793/10/4
f 2795/11/5 2799/6/5 2797/8/5 2793/12/5
f 2800/5/6 2796/13/6 2794/14/6 2798/7/6
f 2801/1/1 2802/2/1 2804/3/1 2803/4/1
f 2803/4/2 2804/3/2 2808/5/2 2807/6/2
f 2807/6/3 2808/5/3 2806/7/3 2805/8/3
f 2805/8/4 2806/7/4 2802/9/4 2801/10/4
f 2803/11/5 2807/6/5 2805/8/5 2801/12/5
f 2808/5/6 2804/13/6 2802/14/6 2806/7/6
f 2809/1/1 2810/2/1 2812/3/1 2811/4/1
f 2811/4/2 2812/3/2 2816/5/2 2815/6/2
f 2815/6/3 2816/5/3 2814/7/3 2813/8/3
f 2813/8/4 2814/7/4 2810/9/4 2809/10/4
f 2811/11/5 2815/6/5 2813/8/5 2809/12/5
f 2816/5/6 2812/13/6 2810/14/6 2814/7/6
f 2817/1/1 2818/2/1 2820/3/1 2819/4/1
f 2819/4/2 2820/3/2 2824/5/2 2823/6/2
f 2823/6/3 2824/5/3 2822/7/3 2821/8/3
f 2821/8/4 2822/7/4 2818/9/4 2817/10/4
f 2819/11/5 2823/6/5 2821/8/5 2817/12/5
f 2824/5/6 2820/13/6 2818/14/6 2822/7/6
f 2841/1/1 2842/2/1 2844/3/1 2843/4/1
f 2843/4/2 2844/3/2 2848/5/2 2847/6/2
f 2847/6/3 2848/5/3 2846/7/3 2845/8/3
f 2845/8/4 2846/7/4 2842/9/4 2841/10/4
f 2843/11/5 2847/6/5 2845/8/5 2841/12/5
f 2848/5/6 2844/13/6 2842/14/6 2846/7/6
f 2849/1/1 2850/2/1 2852/3/1 2851/4/1
f 2851/4/2 2852/3/2 2856/5/2 2855/6/2
f 2855/6/3 2856/5/3 2854/7/3 2853/8/3
f 2853/8/4 2854/7/4 2850/9/4 2849/10/4
f 2851/11/5 2855/6/5 2853/8/5 2849/12/5
f 2856/5/6 2852/13/6 2850/14/6 2854/7/6
f 2857/1/1 2858/2/1 2860/3/1 2859/4/1
f 2859/4/2 2860/3/2 2864/5/2 2863/6/2
f 2863/6/3 2864/5/3 2862/7/3 2861/8/3
f 2861/8/4 2862/7/4 2858/9/4 2857/10/4
f 2859/11/5 2863/6/5 2861/8/5 2857/12/5
f 2864/5/6 2860/13/6 2858/14/6 2862/7/6
f 2865/1/1 2866/2/1 2868/3/1 2867/4/1
f 2867/4/2 2868/3/2 2872/5/2 2871/6/2
f 2871/6/3 2872/5/3 2870/7/3 2869/8/3
f 2869/8/4 2870/7/4 2866/9/4 2865/10/4
f 2867/11/5 2871/6/5 2869/8/5 2865/12/5
f 2872/5/6 2868/13/6 2866/14/6 2870/7/6
f 2881/1/1 2882/2/1 2884/3/1 2883/4/1
f 2883/4/2 2884/3/2 2888/5/2 2887/6/2
f 2887/6/3 2888/5/3 2886/7/3 2885/8/3
f 2885/8/4 2886/7/4 2882/9/4 2881/10/4
f 2883/11/5 2887/6/5 2885/8/5 2881/12/5
f 2888/5/6 2884/13/6 2882/14/6 2886/7/6
f 2921/1/1 2922/2/1 2924/3/1 2923/4/1
f 2923/4/2 2924/3/2 2928/5/2 2927/6/2
f 2927/6/3 2928/5/3 2926/7/3 2925/8/3
f 2925/8/4 2926/7/4 2922/9/4 2921/10/4
f 2923/11/5 2927/6/5 2925/8/5 2921/12/5
f 2928/5/6 2924/13/6 2922/14/6 2926/7/6
f 2929/1/1 2930/2/1 2932/3/1 2931/4/1
f 2931/4/2 2932/3/2 2936/5/2 2935/6/2
f 2935/6/3 2936/5/3 2934/7/3 2933/8/3
f 2933/8/4 2934/7/4 2930/9/4 2929/10/4
f 2931/11/5 2935/6/5 2933/8/5 2929/12/5
f 2936/5/6 2932/13/6 2930/14/6 2934/7/6
f 2969/1/1 2970/2/1 2972/3/1 2971/4/1
f 2971/4/2 2972/3/2 2976/5/2 2975/6/2
f 2975/6/3 2976/5/3 2974/7/3 2973/8/3
f 2973/8/4 2974/7/4 2970/9/4 2969/10/4
f 2971/11/5 2975/6/5 2973/8/5 2969/12/5
f 2976/5/6 2972/13/6 2970/14/6 2974/7/6
f 2985/1/1 2986/2/1 2988/3/1 2987/4/1
f 2987/4/2 2988/3/2 2992/5/2 2991/6/2
f 2991/6/3 2992/5/3 2990/7/3 2989/8/3
f 2989/8/4 2990/7/4 2986/9/4 2985/10/4
f 2987/11/5 2991/6/5 2989/8/5 2985/12/5
f 2992/5/6 2988/13/6 2986/14/6 2990/7/6
f 2993/1/1 2994/2/1 2996/3/1 2995/4/1
f 2995/4/2 2996/3/2 3000/5/2 2999/6/2
f 2999/6/3 3000/5/3 2998/7/3 2997/8/3
f 2997/8/4 2998/7/4 2994/9/4 2993/10/4
f 2995/11/5 2999/6/5 2997/8/5 2993/12/5
f 3000/5/6 2996/13/6 2994/14/6 2998/7/6
f 3001/1/1 3002/2/1 3004/3/1 3003/4/1
f 3003/4/2 3004/3/2 3008/5/2 3007/6/2
f 3007/6/3 3008/5/3 3006/7/3 3005/8/3
f 3005/8/4 3006/7/4 3002/9/4 3001/10/4
f 3003/11/5 3007/6/5 3005/8/5 3001/12/5
f 3008/5/6 3004/13/6 3002/14/6 3006/7/6
f 3009/1/1 3010/2/1 3012/3/1 3011/4/1
f 3011/4/2 3012/3/2 3016/5/2 3015/6/2
f 3015/6/3 3016/5/3 3014/7/3 3013/8/3
f 3013/8/4 3014/7/4 3010/9/4 3009/10/4
f 3011/11/5 3015/6/5 3013/8/5 3009/12/5
f 3016/5/6 3012/13/6 3010/14/6 3014/7/6
f 3033/1/1 3034/2/1 3036/3/1 3035/4/1
f 3035/4/2 3036/3/2 3040/5/2 3039/6/2
f 3039/6/3 3040/5/3 3038/7/3 3037/8/3
f 3037/8/4 3038/7/4 3034/9/4 3033/10/4
f 3035/11/5 3039/6/5 3037/8/5 3033/12/5
f 3040/5/6 3036/13/6 3034/14/6 3038/7/6
f 3041/1/1 3042/2/1 3044/3/1 3043/4/1
f 3043/4/2 3044/3/2 3048/5/2 3047/6/2
f 3047/6/3 3048/5/3 3046/7/3 3045/8/3
f 3045/8/4 3046/7/4 3042/9/4 3041/10/4
f 3043/11/5 3047/6/5 3045/8/5 3041/12/5
f 3048/5/6 3044/13/6 3042/14/6 3046/7/6
f 3049/1/1 3050/2/1 3052/3/1 3051/4/1
f 3051/4/2 3052/3/2 3056/5/2 3055/6/2
f 3055/6/3 3056/5/3 3054/7/3 3053/8/3
f 3053/8/4 3054/7/4 3050/9/4 3049/10/4
f 3051/11/5 3055/6/5 3053/8/5 3049/12/5
f 3056/5/6 3052/13/6 3050/14/6 3054/7/6
f 3057/1/1 3058/2/1 3060/3/1 3059/4/1
f 3059/4/2 3060/3/2 3064/5/2 3063/6/2
f 3063/6/3 3064/5/3 3062/7/3 3061/8/3
f 3061/8/4 3062/7/4 3058/9/4 3057/10/4
f 3059/11/5 3063/6/5 3061/8/5 3057/12/5
f 3064/5/6 3060/13/6 3058/14/6 3062/7/6
f 3081/1/1 3082/2/1 3084/3/1 3083/4/1
f 3083/4/2 3084/3/2 3088/5/2 3087/6/2
f 3087/6/3 3088/5/3 3086/7/3 3085/8/3
f 3085/8/4 3086/7/4 3082/9/4 3081/10/4
f 3083/11/5 3087/6/5 3085/8/5 3081/12/5
f 3088/5/6 3084/13/6 3082/14/6 3086/7/6
f 3089/1/1 3090/2/1 3092/3/1 3091/4/1
f 3091/4/2 3092/3/2 3096/5/2 3095/6/2
f 3095/6/3 3096/5/3 3094/7/3 3093/8/3
f 3093/8/4 3094/7/4 3090/9/4 3089/10/4
f 3091/11/5 3095/6/5 3093/8/5 3089/12/5
f 3096/5/6 3092/13/6 3090/14/6 3094/7/6
f 3097/1/1 3098/2/1 3100/3/1 3099/4/1
f 3099/4/2 3100/3/2 3104/5/2 3103/6/2
f 3103/6/3 3104/5/3 3102/7/3 3101/8/3
f 3101/8/4 3102/7/4 3098/9/4 3097/10/4
f 3099/11/5 3103/6/5 3101/8/5 3097/12/5
f 3104/5/6 3100/13/6 3098/14/6 3102/7/6
f 3105/1/1 3106/2/1 3108/3/1 3107/4/1
f 3107/4/2 3108/3/2 3112/5/2 3111/6/2
f 3111/6/3 3112/5/3 3110/7/3 3109/8/3
f 3109/8/4 3110/7/4 3106/9/4 3105/10/4
f 3107/11/5 3111/6/5 3109/8/5 3105/12/5
f 3112/5/6 3108/13/6 3106/14/6 3110/7/6
f 3121/1/1 3122/2/1 3124/3/1 3123/4/1
f 3123/4/2 3124/3/2 3128/5/2 3127/6/2
f 3127/6/3 3128/5/3 3126/7/3 3125/8/3
f 3125/8/4 3126/7/4 3122/9/4 3121/10/4
f 3123/11/5 3127/6/5 3125/8/5 3121/12/5
f 3128/5/6 3124/13/6 3122/14/6 3126/7/6
f 3129/1/1 3130/2/1 3132/3/1 3131/4/1
f 3131/4/2 3132/3/2 3136/5/2 3135/6/2
f 3135/6/3 3136/5/3 3134/7/3 3133/8/3
f 3133/8/4 3134/7/4 3130/9/4 3129/10/4
f 3131/11/5 3135/6/5 3133/8/5 3129/12/5
f 3136/5/6 3132/13/6 3130/14/6 3134/7/6
f 3137/1/1 3138/2/1 3140/3/1 3139/4/1
f 3139/4/2 3140/3/2 3144/5/2 3143/6/2
f 3143/6/3 3144/5/3 3142/7/3 3141/8/3
f 3141/8/4 3142/7/4 3138/9/4 3137/10/4
f 3139/11/5 3143/6/5 3141/8/5 3137/12/5
f 3144/5/6 3140/13/6 3138/14/6 3142/7/6
f 3145/1/1 3146/2/1 3148/3/1 3147/4/1
f 3147/4/2 3148/3/2 3152/5/2 3151/6/2
f 3151/6/3 3152/5/3 3150/7/3 3149/8/3
f 3149/8/4 3150/7/4 3146/9/4 3145/10/4
f 3147/11/5 3151/6/5 3149/8/5 3145/12/5
f 3152/5/6 3148/13/6 3146/14/6 3150/7/6
f 3153/1/1 3154/2/1 3156/3/1 3155/4/1
f 3155/4/2 3156/3/2 3160/5/2 3159/6/2
f 3159/6/3 3160/5/3 3158/7/3 3157/8/3
f 3157/8/4 3158/7/4 3154/9/4 3153/10/4
f 3155/11/5 3159/6/5 3157/8/5 3153/12/5
f 3160/5/6 3156/13/6 3154/14/6 3158/7/6
f 3161/1/1 3162/2/1 3164/3/1 3163/4/1
f 3163/4/2 3164/3/2 3168/5/2 3167/6/2
f 3167/6/3 3168/5/3 3166/7/3 3165/8/3
f 3165/8/4 3166/7/4 3162/9/4 3161/10/4
f 3163/11/5 3167/6/5 3165/8/5 3161/12/5
f 3168/5/6 3164/13/6 3162/14/6 3166/7/6
f 3177/1/1 3178/2/1 3180/3/1 3179/4/1
f 3179/4/2 3180/3/2 3184/5/2 3183/6/2
f 3183/6/3 3184/5/3 3182/7/3 3181/8/3
f 3181/8/4 3182/7/4 3178/9/4 3177/10/4
f 3179/11/5 3183/6/5 3181/8/5 3177/12/5
f 3184/5/6 3180/13/6 3178/14/6 3182/7/6
f 3185/1/1 3186/2/1 3188/3/1 3187/4/1
f 3187/4/2 3188/3/2 3192/5/2 3191/6/2
f 3191/6/3 3192/5/3 3190/7/3 3189/8/3
f 3189/8/4 3190/7/4 3186/9/4 3185/10/4
f 3187/11/5 3191/6/5 3189/8/5 3185/12/5
f 3192/5/6 3188/13/6 3186/14/6 3190/7/6
f 3193/1/1 3194/2/1 3196/3/1 3195/4/1
f 3195/4/2 3196/3/2 3200/5/2 3199/6/2
f 3199/6/3 3200/5/3 3198/7/3 3197/8/3
f 3197/8/4 3198/7/4 3194/9/4 3193/10/4
f 3195/11/5 3199/6/5 3197/8/5 3193/12/5
f 3200/5/6 3196/13/6 3194/14/6 3198/7/6
f 3201/1/1 3202/2/1 3204/3/1 3203/4/1
f 3203/4/2 3204/3/2 3208/5/2 3207/6/2
f 3207/6/3 3208/5/3 3206/7/3 3205/8/3
f 3205/8/4 3206/7/4 3202/9/4 3201/10/4
f 3203/11/5 3207/6/5 3205/8/5 3201/12/5
f 3208/5/6 3204/13/6 3202/14/6 3206/7/6
f 3225/1/1 3226/2/1 3228/3/1 3227/4/1
f 3227/4/2 3228/3/2 3232/5/2 3231/6/2
f 3231/6/3 3232/5/3 3230/7/3 3229/8/3
f 3229/8/4 3230/7/4 3226/9/4 3225/10/4
f 3227/11/5 3231/6/5 3229/8/5 3225/12/5
f 3232/5/6 3228/13/6 3226/14/6 3230/7/6
f 3233/1/1 3234/2/1 3236/3/1 3235/4/1
f 3235/4/2 3236/3/2 3240/5/2 3239/6/2
f 3239/6/3 3240/5/3 3238/7/3 3237/8/3
f 3237/8/4 3238/7/4 3234/9/4 3233/10/4
f 3235/11/5 3239/6/5 3237/8/5 3233/12/5
f 3240/5/6 3236/13/6 3234/14/6 3238/7/6
f 3241/1/1 3242/2/1 3244/3/1 3243/4/1
f 3243/4/2 3244/3/2 3248/5/2 3247/6/2
f 3247/6/3 3248/5/3 3246/7/3 3245/8/3
f 3245/8/4 3246/7/4 3242/9/4 3241/10/4
f 3243/11/5 3247/6/5 3245/8/5 3241/12/5
f 3248/5/6 3244/13/6 3242/14/6 3246/7/6
f 3249/1/1 3250/2/1 3252/3/1 3251/4/1
f 3251/4/2 3252/3/2 3256/5/2 3255/6/2
f 3255/6/3 3256/5/3 3254/7/3 3253/8/3
f 3253/8/4 3254/7/4 3250/9/4 3249/10/4
f 3251/11/5 3255/6/5 3253/8/5 3249/12/5
f 3256/5/6 3252/13/6 3250/14/6 3254/7/6
f 3273/1/1 3274/2/1 3276/3/1 3275/4/1
f 3275/4/2 3276/3/2 3280/5/2 3279/6/2
f 3279/6/3 3280/5/3 3278/7/3 3277/8/3
f 3277/8/4 3278/7/4 3274/9/4 3273/10/4
f 3275/11/5 3279/6/5 3277/8/5 3273/12/5
f 3280/5/6 3276/13/6 3274/14/6 3278/7/6
f 3281/1/1 3282/2/1 3284/3/1 3283/4/1
f 3283/4/2 3284/3/2 3288/5/2 3287/6/2
f 3287/6/3 3288/5/3 3286/7/3 3285/8/3
f 3285/8/4 3286/7/4 3282/9/4 3281/10/4
f 3283/11/5 3287/6/5 3285/8/5 3281/12/5
f 3288/5/6 3284/13/6 3282/14/6 3286/7/6
f 3289/1/1 3290/2/1 3292/3/1 3291/4/1
f 3291/4/2 3292/3/2 3296/5/2 3295/6/2
f 3295/6/3 3296/5/3 3294/7/3 3293/8/3
f 3293/8/4 3294/7/4 3290/9/4 3289/10/4
f 3291/11/5 3295/6/5 3293/8/5 3289/12/5
f 3296/5/6 3292/13/6 3290/14/6 3294/7/6
f 3297/1/1 3298/2/1 3300/3/1 3299/4/1
f 3299/4/2 3300/3/2 3304/5/2 3303/6/2
f 3303/6/3 3304/5/3 3302/7/3 3301/8/3
f 3301/8/4 3302/7/4 3298/9/4 3297/10/4
f 3299/11/5 3303/6/5 3301/8/5 3297/12/5
f 3304/5/6 3300/13/6 3298/14/6 3302/7/6
f 3313/1/1 3314/2/1 3316/3/1 3315/4/1
f 3315/4/2 3316/3/2 3320/5/2 3319/6/2
f 3319/6/3 3320/5/3 3318/7/3 3317/8/3
f 3317/8/4 3318/7/4 3314/9/4 3313/10/4
f 3315/11/5 3319/6/5 3317/8/5 3313/12/5
f 3320/5/6 3316/13/6 3314/14/6 3318/7/6
f 3353/1/1 3354/2/1 3356/3/1 3355/4/1
f 3355/4/2 3356/3/2 3360/5/2 3359/6/2
f 3359/6/3 3360/5/3 3358/7/3 3357/8/3
f 3357/8/4 3358/7/4 3354/9/4 3353/10/4
f 3355/11/5 3359/6/5 3357/8/5 3353/12/5
f 3360/5/6 3356/13/6 3354/14/6 3358/7/6
f 3361/1/1 3362/2/1 3364/3/1 3363/4/1
f 3363/4/2 3364/3/2 3368/5/2 3367/6/2
f 3367/6/3 3368/5/3 3366/7/3 3365/8/3
f 3365/8/4 3366/7/4 3362/9/4 3361/10/4
f 3363/11/5 3367/6/5 3365/8/5 3361/12/5
f 3368/5/6 3364/13/6 3362/14/6 3366/7/6
f 3369/1/1 3370/2/1 3372/3/1 3371/4/1
f 3371/4/2 3372/3/2 3376/5/2 3375/6/2
f 3375/6/3 3376/5/3 3374/7/3 3373/8/3
f 3373/8/4 3374/7/4 3370/9/4 3369/10/4
f 3371/11/5 3375/6/5 3373/8/5 3369/12/5
f 3376/5/6 3372/13/6 3370/14/6 3374/7/6
f 3377/1/1 3378/2/1 3380/3/1 3379/4/1
f 3379/4/2 3380/3/2 3384/5/2 3383/6/2
f 3383/6/3 3384/5/3 3382/7/3 3381/8/3
f 3381/8/4 3382/7/4 3378/9/4 3377/10/4
f 3379/11/5 3383/6/5 3381/8/5 3377/12/5
f 3384/5/6 3380/13/6 3378/14/6 3382/7/6
f 3385/1/1 3386/2/1 3388/3/1 3387/4/1
f 3387/4/2 3388/3/2 3392/5/2 3391/6/2
f 3391/6/3 3392/5/3 3390/7/3 3389/8/3
f 3389/8/4 3390/7/4 3386/9/4 3385/10/4
f 3387/11/5 3391/6/5 3389/8/5 3385/12/5
f 3392/5/6 3388/13/6 3386/14/6 3390/7/6
f 3393/1/1 3394/2/1 3396/3/1 3395/4/1
f 3395/4/2 3396/3/2 3400/5/2 3399/6/2
f 3399/6/3 3400/5/3 3398/7/3 3397/8/3
f 3397/8/4 3398/7/4 3394/9/4 3393/10/4
f 3395/11/5 3399/6/5 3397/8/5 3393/12/5
f 3400/5/6 3396/13/6 3394/14/6 3398/7/6
f 3401/1/1 3402/2/1 3404/3/1 3403/4/1
f 3403/4/2 3404/3/2 3408/5/2 3407/6/2
f 3407/6/3 3408/5/3 3406/7/3 3405/8/3
f 3405/8/4 3406/7/4 3402/9/4 3401/10/4
f 3403/11/5 3407/6/5 3405/8/5 3401/12/5
f 3408/5/6 3404/13/6 3402/14/6 3406/7/6
f 3409/1/1 3410/2/1 3412/3/1 3411/4/1
f 3411/4/2 3412/3/2 3416/5/2 3415/6/2
f 3415/6/3 3416/5/3 3414/7/3 3413/8/3
f 3413/8/4 3414/7/4 3410/9/4 3409/10/4
f 3411/11/5 3415/6/5 3413/8/5 3409/12/5
f 3416/5/6 3412/13/6 3410/14/6 3414/7/6
f 3417/1/1 3418/2/1 3420/3/1 3419/4/1
f 3419/4/2 3420/3/2 3424/5/2 3423/6/2
f 3423/6/3 3424/5/3 3422/7/3 3421/8/3
f 3421/8/4 3422/7/4 3418/9/4 3417/10/4
f 3419/11/5 3423/6/5 3421/8/5 3417/12/5
f 3424/5/6 3420/13/6 3418/14/6 3422/7/6
f 3425/1/1 3426/2/1 3428/3/1 3427/4/1
f 3427/4/2 3428/3/2 3432/5/2 3431/6/2
f 3431/6/3 3432/5/3 3430/7/3 3429/8/3
f 3429/8/4 3430/7/4 3426/9/4 3425/10/4
f 3427/11/5 3431/6/5 3429/8/5 3425/12/5
f 3432/5/6 3428/13/6 3426/14/6 3430/7/6
f 3433/1/1 3434/2/1 3436/3/1 3435/4/1
f 3435/4/2 3436/3/2 3440/5/2 3439/6/2
f 3439/6/3 3440/5/3 3438/7/3 3437/8/3
f 3437/8/4 3438/7/4 3434/9/4 3433/10/4
f 3435/11/5 3439/6/5 3437/8/5 3433/12/5
f 3440/5/6 3436/13/6 3434/14/6 3438/7/6
f 3441/1/1 3442/2/1 3444/3/1 3443/4/1
f 3443/4/2 3444/3/2 3448/5/2 3447/6/2
f 3447/6/3 3448/5/3 3446/7/3 3445/8/3
f 3445/8/4 3446/7/4 3442/9/4 3441/10/4
f 3443/11/5 3447/6/5 3445/8/5 3441/12/5
f 3448/5/6 3444/13/6 3442/14/6 3446/7/6
f 3449/1/1 3450/2/1 3452/3/1 3451/4/1
f 3451/4/2 3452/3/2 3456/5/2 3455/6/2
f 3455/6/3 3456/5/3 3454/7/3 3453/8/3
f 3453/8/4 3454/7/4 3450/9/4 3449/10/4
f 3451/11/5 3455/6/5 3453/8/5 3449/12/5
f 3456/5/6 3452/13/6 3450/14/6 3454/7/6
f 3457/1/1 3458/2/1 3460/3/1 3459/4/1
f 3459/4/2 3460/3/2 3464/5/2 3463/6/2
f 3463/6/3 3464/5/3 3462/7/3 3461/8/3
f 3461/8/4 3462/7/4 3458/9/4 3457/10/4
f 3459/11/5 3463/6/5 3461/8/5 3457/12/5
f 3464/5/6 3460/13/6 3458/14/6 3462/7/6
f 3465/1/1 3466/2/1 3468/3/1 3467/4/1
f 3467/4/2 3468/3/2 3472/5/2 3471/6/2
f 3471/6/3 3472/5/3 3470/7/3 3469/8/3
f 3469/8/4 3470/7/4 3466/9/4 3465/10/4
f 3467/11/5 3471/6/5 3469/8/5 3465/12/5
f 3472/5/6 3468/13/6 3466/14/6 3470/7/6
f 3473/1/1 3474/2/1 3476/3/1 3475/4/1
f 3475/4/2 3476/3/2 3480/5/2 3479/6/2
f 3479/6/3 3480/5/3 3478/7/3 3477/8/3
f 3477/8/4 3478/7/4 3474/9/4 3473/10/4
f 3475/11/5 3479/6/5 3477/8/5 3473/12/5
f 3480/5/6 3476/13/6 3474/14/6 3478/7/6
f 3481/1/1 3482/2/1 3484/3/1 3483/4/1
f 3483/4/2 3484/3/2 3488/5/2 3487/6/2
f 3487/6/3 3488/5/3 3486/7/3 3485/8/3
f 3485/8/4 3486/7/4 3482/9/4 3481/10/4
f 3483/11/5 3487/6/5 3485/8/5 3481/12/5
f 3488/5/6 3484/13/6 3482/14/6 3486/7/6
f 3489/1/1 3490/2/1 3492/3/1 3491/4/1
f 3491/4/2 3492/3/2 3496/5/2 3495/6/2
f 3495/6/3 3496/5/3 3494/7/3 3493/8/3
f 3493/8/4 3494/7/4 3490/9/4 3489/10/4
f 3491/11/5 3495/6/5 3493/8/5 3489/12/5
f 3496/5/6 3492/13/6 3490/14/6 3494/7/6
f 3497/1/1 3498/2/1 3500/3/1 3499/4/1
f 3499/4/2 3500/3/2 3504/5/2 3503/6/2
f 3503/6/3 3504/5/3 3502/7/3 3501/8/3
f 3501/8/4 3502/7/4 3498/9/4 3497/10/4
f 3499/11/5 3503/6/5 3501/8/5 3497/12/5
f 3504/5/6 3500/13/6 3498/14/6 3502/7/6
f 3505/1/1 3506/2/1 3508/3/1 3507/4/1
f 3507/4/2 3508/3/2 3512/5/2 3511/6/2
f 3511/6/3 3512/5/3 3510/7/3 3509/8/3
f 3509/8/4 3510/7/4 3506/9/4 3505/10/4
f 3507/11/5 3511/6/5 3509/8/5 3505/12/5
f 3512/5/6 3508/13/6 3506/14/6 3510/7/6
f 3513/1/1 3514/2/1 3516/3/1 3515/4/1
f 3515/4/2 3516/3/2 3520/5/2 3519/6/2
f 3519/6/3 3520/5/3 3518/7/3 3517/8/3
f 3517/8/4 3518/7/4 3514/9/4 3513/10/4
f 3515/11/5 3519/6/5 3517/8/5 3513/12/5
f 3520/5/6 3516/13/6 3514/14/6 3518/7/6
f 3521/1/1 3522/2/1 3524/3/1 3523/4/1
f 3523/4/2 3524/3/2 3528/5/2 3527/6/2
f 3527/6/3 3528/5/3 3526/7/3 3525/8/3
f 3525/8/4 3526/7/4 3522/9/4 3521/10/4
f 3523/11/5 3527/6/5 3525/8/5 3521/12/5
f 3528/5/6 3524/13/6 3522/14/6 3526/7/6
f 3529/1/1 3530/2/1 3532/3/1 3531/4/1
f 3531/4/2 3532/3/2 3536/5/2 3535/6/2
f 3535/6/3 3536/5/3 3534/7/3 3533/8/3
f 3533/8/4 3534/7/4 3530/9/4 3529/10/4
f 3531/11/5 3535/6/5 3533/8/5 3529/12/5
f 3536/5/6 3532/13/6 3530/14/6 3534/7/6
f 3537/1/1 3538/2/1 3540/3/1 3539/4/1
f 3539/4/2 3540/3/2 3544/5/2 3543/6/2
f 3543/6/3 3544/5/3 3542/7/3 3541/8/3
f 3541/8/4 3542/7/4 3538/9/4 3537/10/4
f 3539/11/5 3543/6/5 3541/8/5 3537/12/5
f 3544/5/6 3540/13/6 3538/14/6 3542/7/6
f 3545/1/1 3546/2/1 3548/3/1 3547/4/1
f 3547/4/2 3548/3/2 3552/5/2 3551/6/2
f 3551/6/3 3552/5/3 3550/7/3 3549/8/3
f 3549/8/4 3550/7/4 3546/9/4 3545/10/4
f 3547/11/5 3551/6/5 3549/8/5 3545/12/5
f 3552/5/6 3548/13/6 3546/14/6 3550/7/6
f 3553/1/1 3554/2/1 3556/3/1 3555/4/1
f 3555/4/2 3556/3/2 3560/5/2 3559/6/2
f 3559/6/3 3560/5/3 3558/7/3 3557/8/3
f 3557/8/4 3558/7/4 3554/9/4 3553/10/4
f 3555/11/5 3559/6/5 3557/8/5 3553/12/5
f 3560/5/6 3556/13/6 3554/14/6 3558/7/6
f 3561/1/1 3562/2/1 3564/3/1 3563/4/1
f 3563/4/2 3564/3/2 3568/5/2 3567/6/2
f 3567/6/3 3568/5/3 3566/7/3 3565/8/3
f 3565/8/4 3566/7/4 3562/9/4 3561/10/4
f 3563/11/5 3567/6/5 3565/8/5 3561/12/5
f 3568/5/6 3564/13/6 3562/14/6 3566/7/6
f 3569/1/1 3570/2/1 3572/3/1 3571/4/1
f 3571/4/2 3572/3/2 3576/5/2 3575/6/2
f 3575/6/3 3576/5/3 3574/7/3 3573/8/3
f 3573/8/4 3574/7/4 3570/9/4 3569/10/4
f 3571/11/5 3575/6/5 3573/8/5 3569/12/5
f 3576/5/6 3572/13/6 3570/14/6 3574/7/6
f 3577/1/1 3578/2/1 3580/3/1 3579/4/1
f 3579/4/2 3580/3/2 3584/5/2 3583/6/2
f 3583/6/3 3584/5/3 3582/7/3 3581/8/3
f 3581/8/4 3582/7/4 3578/9/4 3577/10/4
f 3579/11/5 3583/6/5 3581/8/5 3577/12/5
f 3584/5/6 3580/13/6 3578/14/6 3582/7/6
f 3585/1/1 3586/2/1 3588/3/1 3587/4/1
f 3587/4/2 3588/3/2 3592/5/2 3591/6/2
f 3591/6/3 3592/5/3 3590/7/3 3589/8/3
f 3589/8/4 3590/7/4 3586/9/4 3585/10/4
f 3587/11/5 3591/6/5 3589/8/5 3585/12/5
f 3592/5/6 3588/13/6 3586/14/6 3590/7/6
f 3593/1/1 3594/2/1 3596/3/1 3595/4/1
f 3595/4/2 3596/3/2 3600/5/2 3599/6/2
f 3599/6/3 3600/5/3 3598/7/3 3597/8/3
f 3597/8/4 3598/7/4 3594/9/4 3593/10/4
f 3595/11/5 3599/6/5 3597/8/5 3593/12/5
f 3600/5/6 3596/13/6 3594/14/6 3598/7/6
f 3601/1/1 3602/2/1 3604/3/1 3603/4/1
f 3603/4/2 3604/3/2 3608/5/2 3607/6/2
f 3607/6/3 3608/5/3 3606/7/3 3605/8/3
f 3605/8/4 3606/7/4 3602/9/4 3601/10/4
f 3603/11/5 3607/6/5 3605/8/5 3601/12/5
f 3608/5/6 3604/13/6 3602/14/6 3606/7/6
f 3609/1/1 3610/2/1 3612/3/1 3611/4/1
f 3611/4/2 3612/3/2 3616/5/2 3615/6/2
f 3615/6/3 3616/5/3 3614/7/3 3613/8/3
f 3613/8/4 3614/7/4 3610/9/4 3609/10/4
f 3611/11/5 3615/6/5 3613/8/5 3609/12/5
f 3616/5/6 3612/13/6 3610/14/6 3614/7/6
f 3617/1/1 3618/2/1 3620/3/1 3619/4/1
f 3619/4/2 3620/3/2 3624/5/2 3623/6/2
f 3623/6/3 3624/5/3 3622/7/3 3621/8/3
f 3621/8/4 3622/7/4 3618/9/4 3617/10/4
f 3619/11/5 3623/6/5 3621/8/5 3617/12/5
f 3624/5/6 3620/13/6 3618/14/6 3622/7/6
f 3625/1/1 3626/2/1 3628/3/1 3627/4/1
f 3627/4/2 3628/3/2 3632/5/2 3631/6/2
f 3631/6/3 3632/5/3 3630/7/3 3629/8/3
f 3629/8/4 3630/7/4 3626/9/4 3625/10/4
f 3627/11/5 3631/6/5 3629/8/5 3625/12/5
f 3632/5/6 3628/13/6 3626/14/6 3630/7/6
f 3633/1/1 3634/2/1 3636/3/1 3635/4/1
f 3635/4/2 3636/3/2 3640/5/2 3639/6/2
f 3639/6/3 3640/5/3 3638/7/3 3637/8/3
f 3637/8/4 3638/7/4 3634/9/4 3633/10/4
f 3635/11/5 3639/6/5 3637/8/5 3633/12/5
f 3640/5/6 3636/13/6 3634/14/6 3638/7/6
f 3641/1/1 3642/2/1 3644/3/1 3643/4/1
f 3643/4/2 3644/3/2 3648/5/2 3647/6/2
f 3647/6/3 3648/5/3 3646/7/3 3645/8/3
f 3645/8/4 3646/7/4 3642/9/4 3641/10/4
f 3643/11/5 3647/6/5 3645/8/5 3641/12/5
f 3648/5/6 3644/13/6 3642/14/6 3646/7/6
f 3649/1/1 3650/2/1 3652/3/1 3651/4/1
f 3651/4/2 3652/3/2 3656/5/2 3655/6/2
f 3655/6/3 3656/5/3 3654/7/3 3653/8/3
f 3653/8/4 3654/7/4 3650/9/4 3649/10/4
f 3651/11/5 3655/6/5 3653/8/5 3649/12/5
f 3656/5/6 3652/13/6 3650/14/6 3654/7/6
f 3657/1/1 3658/2/1 3660/3/1 3659/4/1
f 3659/4/2 3660/3/2 3664/5/2 3663/6/2
f 3663/6/3 3664/5/3 3662/7/3 3661/8/3
f 3661/8/4 3662/7/4 3658/9/4 3657/10/4
f 3659/11/5 3663/6/5 3661/8/5 3657/12/5
f 3664/5/6 3660/13/6 3658/14/6 3662/7/6
f 3665/1/1 3666/2/1 3668/3/1 3667/4/1
f 3667/4/2 3668/3/2 3672/5/2 3671/6/2
f 3671/6/3 3672/5/3 3670/7/3 3669/8/3
f 3669/8/4 3670/7/4 3666/9/4 3665/10/4
f 3667/11/5 3671/6/5 3669/8/5 3665/12/5
f 3672/5/6 3668/13/6 3666/14/6 3670/7/6
f 3673/1/1 3674/2/1 3676/3/1 3675/4/1
f 3675/4/2 3676/3/2 3680/5/2 3679/6/2
f 3679/6/3 3680/5/3 3678/7/3 3677/8/3
f 3677/8/4 3678/7/4 3674/9/4 3673/10/4
f 3675/11/5 3679/6/5 3677/8/5 3673/12/5
f 3680/5/6 3676/13/6 3674/14/6 3678/7/6
f 3681/1/1 3682/2/1 3684/3/1 3683/4/1
f 3683/4/2 3684/3/2 3688/5/2 3687/6/2
f 3687/6/3 3688/5/3 3686/7/3 3685/8/3
f 3685/8/4 3686/7/4 3682/9/4 3681/10/4
f 3683/11/5 3687/6/5 3685/8/5 3681/12/5
f 3688/5/6 3684/13/6 3682/14/6 3686/7/6
f 3689/1/1 3690/2/1 3692/3/1 3691/4/1
f 3691/4/2 3692/3/2 3696/5/2 3695/6/2
f 3695/6/3 3696/5/3 3694/7/3 3693/8/3
f 3693/8/4 3694/7/4 3690/9/4 3689/10/4
f 3691/11/5 3695/6/5 3693/8/5 3689/12/5
f 3696/5/6 3692/13/6 3690/14/6 3694/7/6
f 3697/1/1 3698/2/1 3700/3/1 3699/4/1
f 3699/4/2 3700/3/2 3704/5/2 3703/6/2
f 3703/6/3 3704/5/3 3702/7/3 3701/8/3
f 3701/8/4 3702/7/4 3698/9/4 3697/10/4
f 3699/11/5 3703/6/5 3701/8/5 3697/12/5
f 3704/5/6 3700/13/6 3698/14/6 3702/7/6
f 3705/1/1 3706/2/1 3708/3/1 3707/4/1
f 3707/4/2 3708/3/2 3712/5/2 3711/6/2
f 3711/6/3 3712/5/3 3710/7/3 3709/8/3
f 3709/8/4 3710/7/4 3706/9/4 3705/10/4
f 3707/11/5 3711/6/5 3709/8/5 3705/12/5
f 3712/5/6 3708/13/6 3706/14/6 3710/7/6
f 3713/1/1 3714/2/1 3716/3/1 3715/4/1
f 3715/4/2 3716/3/2 3720/5/2 3719/6/2
f 3719/6/3 3720/5/3 3718/7/3 3717/8/3
f 3717/8/4 3718/7/4 3714/9/4 3713/10/4
f 3715/11/5 3719/6/5 3717/8/5 3713/12/5
f 3720/5/6 3716/13/6 3714/14/6 3718/7/6
f 3721/1/1 3722/2/1 3724/3/1 3723/4/1
f 3723/4/2 3724/3/2 3728/5/2 3727/6/2
f 3727/6/3 3728/5/3 3726/7/3 3725/8/3
f 3725/8/4 3726/7/4 3722/9/4 3721/10/4
f 3723/11/5 3727/6/5 3725/8/5 3721/12/5
f 3728/5/6 3724/13/6 3722/14/6 3726/7/6
f 3729/1/1 3730/2/1 3732/3/1 3731/4/1
f 3731/4/2 3732/3/2 3736/5/2 3735/6/2
f 3735/6/3 3736/5/3 3734/7/3 3733/8/3
f 3733/8/4 3734/7/4 3730/9/4 3729/10/4
f 3731/11/5 3735/6/5 3733/8/5 3729/12/5
f 3736/5/6 3732/13/6 3730/14/6 3734/7/6
f 3737/1/1 3738/2/1 3740/3/1 3739/4/1
f 3739/4/2 3740/3/2 3744/5/2 3743/6/2
f 3743/6/3 3744/5/3 3742/7/3 3741/8/3
f 3741/8/4 3742/7/4 3738/9/4 3737/10/4
f 3739/11/5 3743/6/5 3741/8/5 3737/12/5
f 3744/5/6 3740/13/6 3738/14/6 3742/7/6
f 3745/1/1 3746/2/1 3748/3/1 3747/4/1
f 3747/4/2 3748/3/2 3752/5/2 3751/6/2
f 3751/6/3 3752/5/3 3750/7/3 3749/8/3
f 3749/8/4 3750/7/4 3746/9/4 3745/10/4
f 3747/11/5 3751/6/5 3749/8/5 3745/12/5
f 3752/5/6 3748/13/6 3746/14/6 3750/7/6
f 3753/1/1 3754/2/1 3756/3/1 3755/4/1
f 3755/4/2 3756/3/2 3760/5/2 3759/6/2
f 3759/6/3 3760/5/3 3758/7/3 3757/8/3
f 3757/8/4 3758/7/4 3754/9/4 3753/10/4
f 3755/11/5 3759/6/5 3757/8/5 3753/12/5
f 3760/5/6 3756/13/6 3754/14/6 3758/7/6
f 3761/1/1 3762/2/1 3764/3/1 3763/4/1
f 3763/4/2 3764/3/2 3768/5/2 3767/6/2
f 3767/6/3 3768/5/3 3766/7/3 3765/8/3
f 3765/8/4 3766/7/4 3762/9/4 3761/10/4
f 3763/11/5 3767/6/5 3765/8/5 3761/12/5
f 3768/5/6 3764/13/6 3762/14/6 3766/7/6
f 3769/1/1 3770/2/1 3772/3/1 3771/4/1
f 3771/4/2 3772/3/2 3776/5/2 3775/6/2
f 3775/6/3 3776/5/3 3774/7/3 3773/8/3
f 3773/8/4 3774/7/4 3770/9/4 3769/10/4
f 3771/11/5 3775/6/5 3773/8/5 3769/12/5
f 3776/5/6 3772/13/6 3770/14/6 3774/7/6
f 3777/1/1 3778/2/1 3780/3/1 3779/4/1
f 3779/4/2 3780/3/2 3784/5/2 3783/6/2
f 3783/6/3 3784/5/3 3782/7/3 3781/8/3
f 3781/8/4 3782/7/4 3778/9/4 3777/10/4
f 3779/11/5 3783/6/5 3781/8/5 3777/12/5
f 3784/5/6 3780/13/6 3778/14/6 3782/7/6
f 3785/1/1 3786/2/1 3788/3/1 3787/4/1
f 3787/4/2 3788/3/2 3792/5/2 3791/6/2
f 3791/6/3 3792/5/3 3790/7/3 3789/8/3
f 3789/8/4 3790/7/4 3786/9/4 3785/10/4
f 3787/11/5 3791/6/5 3789/8/5 3785/12/5
f 3792/5/6 3788/13/6 3786/14/6 3790/7/6
usemtl Voxel_mat247
f 833/1/1 834/2/1 836/3/1 835/4/1
f 835/4/2 836/3/2 840/5/2 839/6/2
f 839/6/3 840/5/3 838/7/3 837/8/3
f 837/8/4 838/7/4 834/9/4 833/10/4
f 835/11/5 839/6/5 837/8/5 833/12/5
f 840/5/6 836/13/6 834/14/6 838/7/6
f 841/1/1 842/2/1 844/3/1 843/4/1
f 843/4/2 844/3/2 848/5/2 847/6/2
f 847/6/3 848/5/3 846/7/3 845/8/3
f 845/8/4 846/7/4 842/9/4 841/10/4
f 843/11/5 847/6/5 845/8/5 841/12/5
f 848/5/6 844/13/6 842/14/6 846/7/6
f 881/1/1 882/2/1 884/3/1 883/4/1
f 883/4/2 884/3/2 888/5/2 887/6/2
f 887/6/3 888/5/3 886/7/3 885/8/3
f 885/8/4 886/7/4 882/9/4 881/10/4
f 883/11/5 887/6/5 885/8/5 881/12/5
f 888/5/6 884/13/6 882/14/6 886/7/6
f 889/1/1 890/2/1 892/3/1 891/4/1
f 891/4/2 892/3/2 896/5/2 895/6/2
f 895/6/3 896/5/3 894/7/3 893/8/3
f 893/8/4 894/7/4 890/9/4 889/10/4
f 891/11/5 895/6/5 893/8/5 889/12/5
f 896/5/6 892/13/6 890/14/6 894/7/6
usemtl Voxel_mat24
f 1545/1/1 1546/2/1 1548/3/1 1547/4/1
f 1547/4/2 1548/3/2 1552/5/2 1551/6/2
f 1551/6/3 1552/5/3 1550/7/3 1549/8/3
f 1549/8/4 1550/7/4 1546/9/4 1545/10/4
f 1547/11/5 1551/6/5 1549/8/5 1545/12/5
f 1552/5/6 1548/13/6 1546/14/6 1550/7/6
f 1601/1/1 1602/2/1 1604/3/1 1603/4/1
f 1603/4/2 1604/3/2 1608/5/2 1607/6/2
f 1607/6/3 1608/5/3 1606/7/3 1605/8/3
f 1605/8/4 1606/7/4 1602/9/4 1601/10/4
f 1603/11/5 1607/6/5 1605/8/5 1601/12/5
f 1608/5/6 1604/13/6 1602/14/6 1606/7/6
f 1609/1/1 1610/2/1 1612/3/1 1611/4/1
f 1611/4/2 1612/3/2 1616/5/2 1615/6/2
f 1615/6/3 1616/5/3 1614/7/3 1613/8/3
f 1613/8/4 1614/7/4 1610/9/4 1609/10/4
f 1611/11/5 1615/6/5 1613/8/5 1609/12/5
f 1616/5/6 1612/13/6 1610/14/6 1614/7/6
f 1649/1/1 1650/2/1 1652/3/1 1651/4/1
f 1651/4/2 1652/3/2 1656/5/2 1655/6/2
f 1655/6/3 1656/5/3 1654/7/3 1653/8/3
f 1653/8/4 1654/7/4 1650/9/4 1649/10/4
f 1651/11/5 1655/6/5 1653/8/5 1649/12/5
f 1656/5/6 1652/13/6 1650/14/6 1654/7/6
f 1657/1/1 1658/2/1 1660/3/1 1659/4/1
f 1659/4/2 1660/3/2 1664/5/2 1663/6/2
f 1663/6/3 1664/5/3 1662/7/3 1661/8/3
f 1661/8/4 1662/7/4 1658/9/4 1657/10/4
f 1659/11/5 1663/6/5 1661/8/5 1657/12/5
f 1664/5/6 1660/13/6 1658/14/6 1662/7/6
usemtl Voxel_mat151
f 2505/1/1 2506/2/1 2508/3/1 2507/4/1
f 2507/4/2 2508/3/2 2512/5/2 2511/6/2
f 2511/6/3 2512/5/3 2510/7/3 2509/8/3
f 2509/8/4 2510/7/4 2506/9/4 2505/10/4
f 2507/11/5 2511/6/5 2509/8/5 2505/12/5
f 2512/5/6 2508/13/6 2506/14/6 2510/7/6
f 2513/1/1 2514/2/1 2516/3/1 2515/4/1
f 2515/4/2 2516/3/2 2520/5/2 2519/6/2
f 2519/6/3 2520/5/3 2518/7/3 2517/8/3
f 2517/8/4 2518/7/4 2514/9/4 2513/10/4
f 2515/11/5 2519/6/5 2517/8/5 2513/12/5
f 2520/5/6 2516/13/6 2514/14/6 2518/7/6
f 2521/1/1 2522/2/1 2524/3/1 2523/4/1
f 2523/4/2 2524/3/2 2528/5/2 2527/6/2
f 2527/6/3 2528/5/3 2526/7/3 2525/8/3
f 2525/8/4 2526/7/4 2522/9/4 2521/10/4
f 2523/11/5 2527/6/5 2525/8/5 2521/12/5
f 2528/5/6 2524/13/6 2522/14/6 2526/7/6
f 2529/1/1 2530/2/1 2532/3/1 2531/4/1
f 2531/4/2 2532/3/2 2536/5/2 2535/6/2
f 2535/6/3 2536/5/3 2534/7/3 2533/8/3
f 2533/8/4 2534/7/4 2530/9/4 2529/10/4
f 2531/11/5 2535/6/5 2533/8/5 2529/12/5
f 2536/5/6 2532/13/6 2530/14/6 2534/7/6
f 2585/1/1 2586/2/1 2588/3/1 2587/4/1
f 2587/4/2 2588/3/2 2592/5/2 2591/6/2
f 2591/6/3 2592/5/3 2590/7/3 2589/8/3
f 2589/8/4 2590/7/4 2586/9/4 2585/10/4
f 2587/11/5 2591/6/5 2589/8/5 2585/12/5
f 2592/5/6 2588/13/6 2586/14/6 2590/7/6
f 2633/1/1 2634/2/1 2636/3/1 2635/4/1
f 2635/4/2 2636/3/2 2640/5/2 2639/6/2
f 2639/6/3 2640/5/3 2638/7/3 2637/8/3
f 2637/8/4 2638/7/4 2634/9/4 2633/10/4
f 2635/11/5 2639/6/5 2637/8/5 2633/12/5
f 2640/5/6 2636/13/6 2634/14/6 2638/7/6
f 2681/1/1 2682/2/1 2684/3/1 2683/4/1
f 2683/4/2 2684/3/2 2688/5/2 2687/6/2
f 2687/6/3 2688/5/3 2686/7/3 2685/8/3
f 2685/8/4 2686/7/4 2682/9/4 2681/10/4
f 2683/11/5 2687/6/5 2685/8/5 2681/12/5
f 2688/5/6 2684/13/6 2682/14/6 2686/7/6
f 2777/1/1 2778/2/1 2780/3/1 2779/4/1
f 2779/4/2 2780/3/2 2784/5/2 2783/6/2
f 2783/6/3 2784/5/3 2782/7/3 2781/8/3
f 2781/8/4 2782/7/4 2778/9/4 2777/10/4
f 2779/11/5 2783/6/5 2781/8/5 2777/12/5
f 2784/5/6 2780/13/6 2778/14/6 2782/7/6
f 2825/1/1 2826/2/1 2828/3/1 2827/4/1
f 2827/4/2 2828/3/2 2832/5/2 2831/6/2
f 2831/6/3 2832/5/3 2830/7/3 2829/8/3
f 2829/8/4 2830/7/4 2826/9/4 2825/10/4
f 2827/11/5 2831/6/5 2829/8/5 2825/12/5
f 2832/5/6 2828/13/6 2826/14/6 2830/7/6
f 2873/1/1 2874/2/1 2876/3/1 2875/4/1
f 2875/4/2 2876/3/2 2880/5/2 2879/6/2
f 2879/6/3 2880/5/3 2878/7/3 2877/8/3
f 2877/8/4 2878/7/4 2874/9/4 2873/10/4
f 2875/11/5 2879/6/5 2877/8/5 2873/12/5
f 2880/5/6 2876/13/6 2874/14/6 2878/7/6
f 2889/1/1 2890/2/1 2892/3/1 2891/4/1
f 2891/4/2 2892/3/2 2896/5/2 2895/6/2
f 2895/6/3 2896/5/3 2894/7/3 2893/8/3
f 2893/8/4 2894/7/4 2890/9/4 2889/10/4
f 2891/11/5 2895/6/5 2893/8/5 2889/12/5
f 2896/5/6 2892/13/6 2890/14/6 2894/7/6
f 2897/1/1 2898/2/1 2900/3/1 2899/4/1
f 2899/4/2 2900/3/2 2904/5/2 2903/6/2
f 2903/6/3 2904/5/3 2902/7/3 2901/8/3
f 2901/8/4 2902/7/4 2898/9/4 2897/10/4
f 2899/11/5 2903/6/5 2901/8/5 2897/12/5
f 2904/5/6 2900/13/6 2898/14/6 2902/7/6
f 2905/1/1 2906/2/1 2908/3/1 2907/4/1
f 2907/4/2 2908/3/2 2912/5/2 2911/6/2
f 2911/6/3 2912/5/3 2910/7/3 2909/8/3
f 2909/8/4 2910/7/4 2906/9/4 2905/10/4
f 2907/11/5 2911/6/5 2909/8/5 2905/12/5
f 2912/5/6 2908/13/6 2906/14/6 2910/7/6
f 2913/1/1 2914/2/1 2916/3/1 2915/4/1
f 2915/4/2 2916/3/2 2920/5/2 2919/6/2
f 2919/6/3 2920/5/3 2918/7/3 2917/8/3
f 2917/8/4 2918/7/4 2914/9/4 2913/10/4
f 2915/11/5 2919/6/5 2917/8/5 2913/12/5
f 2920/5/6 2916/13/6 2914/14/6 2918/7/6
f 2937/1/1 2938/2/1 2940/3/1 2939/4/1
f 2939/4/2 2940/3/2 2944/5/2 2943/6/2
f 2943/6/3 2944/5/3 2942/7/3 2941/8/3
f 2941/8/4 2942/7/4 2938/9/4 2937/10/4
f 2939/11/5 2943/6/5 2941/8/5 2937/12/5
f 2944/5/6 2940/13/6 2938/14/6 2942/7/6
f 2945/1/1 2946/2/1 2948/3/1 2947/4/1
f 2947/4/2 2948/3/2 2952/5/2 2951/6/2
f 2951/6/3 2952/5/3 2950/7/3 2949/8/3
f 2949/8/4 2950/7/4 2946/9/4 2945/10/4
f 2947/11/5 2951/6/5 2949/8/5 2945/12/5
f 2952/5/6 2948/13/6 2946/14/6 2950/7/6
f 2953/1/1 2954/2/1 2956/3/1 2955/4/1
f 2955/4/2 2956/3/2 2960/5/2 2959/6/2
f 2959/6/3 2960/5/3 2958/7/3 2957/8/3
f 2957/8/4 2958/7/4 2954/9/4 2953/10/4
f 2955/11/5 2959/6/5 2957/8/5 2953/12/5
f 2960/5/6 2956/13/6 2954/14/6 2958/7/6
f 2961/1/1 2962/2/1 2964/3/1 2963/4/1
f 2963/4/2 2964/3/2 2968/5/2 2967/6/2
f 2967/6/3 2968/5/3 2966/7/3 2965/8/3
f 2965/8/4 2966/7/4 2962/9/4 2961/10/4
f 2963/11/5 2967/6/5 2965/8/5 2961/12/5
f 2968/5/6 2964/13/6 2962/14/6 2966/7/6
f 3017/1/1 3018/2/1 3020/3/1 3019/4/1
f 3019/4/2 3020/3/2 3024/5/2 3023/6/2
f 3023/6/3 3024/5/3 3022/7/3 3021/8/3
f 3021/8/4 3022/7/4 3018/9/4 3017/10/4
f 3019/11/5 3023/6/5 3021/8/5 3017/12/5
f 3024/5/6 3020/13/6 3018/14/6 3022/7/6
f 3065/1/1 3066/2/1 3068/3/1 3067/4/1
f 3067/4/2 3068/3/2 3072/5/2 3071/6/2
f 3071/6/3 3072/5/3 3070/7/3 3069/8/3
f 3069/8/4 3070/7/4 3066/9/4 3065/10/4
f 3067/11/5 3071/6/5 3069/8/5 3065/12/5
f 3072/5/6 3068/13/6 3066/14/6 3070/7/6
f 3113/1/1 3114/2/1 3116/3/1 3115/4/1
f 3115/4/2 3116/3/2 3120/5/2 3119/6/2
f 3119/6/3 3120/5/3 3118/7/3 3117/8/3
f 3117/8/4 3118/7/4 3114/9/4 3113/10/4
f 3115/11/5 3119/6/5 3117/8/5 3113/12/5
f 3120/5/6 3116/13/6 3114/14/6 3118/7/6
f 3209/1/1 3210/2/1 3212/3/1 3211/4/1
f 3211/4/2 3212/3/2 3216/5/2 3215/6/2
f 3215/6/3 3216/5/3 3214/7/3 3213/8/3
f 3213/8/4 3214/7/4 3210/9/4 3209/10/4
f 3211/11/5 3215/6/5 3213/8/5 3209/12/5
f 3216/5/6 3212/13/6 3210/14/6 3214/7/6
f 3257/1/1 3258/2/1 3260/3/1 3259/4/1
f 3259/4/2 3260/3/2 3264/5/2 3263/6/2
f 3263/6/3 3264/5/3 3262/7/3 3261/8/3
f 3261/8/4 3262/7/4 3258/9/4 3257/10/4
f 3259/11/5 3263/6/5 3261/8/5 3257/12/5
f 3264/5/6 3260/13/6 3258/14/6 3262/7/6
f 3305/1/1 3306/2/1 3308/3/1 3307/4/1
f 3307/4/2 3308/3/2 3312/5/2 3311/6/2
f 3311/6/3 3312/5/3 3310/7/3 3309/8/3
f 3309/8/4 3310/7/4 3306/9/4 3305/10/4
f 3307/11/5 3311/6/5 3309/8/5 3305/12/5
f 3312/5/6 3308/13/6 3306/14/6 3310/7/6
f 3321/1/1 3322/2/1 3324/3/1 3323/4/1
f 3323/4/2 3324/3/2 3328/5/2 3327/6/2
f 3327/6/3 3328/5/3 3326/7/3 3325/8/3
f 3325/8/4 3326/7/4 3322/9/4 3321/10/4
f 3323/11/5 3327/6/5 3325/8/5 3321/12/5
f 3328/5/6 3324/13/6 3322/14/6 3326/7/6
f 3329/1/1 3330/2/1 3332/3/1 3331/4/1
f 3331/4/2 3332/3/2 3336/5/2 3335/6/2
f 3335/6/3 3336/5/3 3334/7/3 3333/8/3
f 3333/8/4 3334/7/4 3330/9/4 3329/10/4
f 3331/11/5 3335/6/5 3333/8/5 3329/12/5
f 3336/5/6 3332/13/6 3330/14/6 3334/7/6
f 3337/1/1 3338/2/1 3340/3/1 3339/4/1
f 3339/4/2 3340/3/2 3344/5/2 3343/6/2
f 3343/6/3 3344/5/3 3342/7/3 3341/8/3
f 3341/8/4 3342/7/4 3338/9/4 3337/10/4
f 3339/11/5 3343/6/5 3341/8/5 3337/12/5
f 3344/5/6 3340/13/6 3338/14/6 3342/7/6
f 3345/1/1 3346/2/1 3348/3/1 3347/4/1
f 3347/4/2 3348/3/2 3352/5/2 3351/6/2
f 3351/6/3 3352/5/3 3350/7/3 3349/8/3
f 3349/8/4 3350/7/4 3346/9/4 3345/10/4
f 3347/11/5 3351/6/5 3349/8/5 3345/12/5
f 3352/5/6 3348/13/6 3346/14/6 3350/7/6
usemtl Voxel_mat181
f 2545/1/1 2546/2/1 2548/3/1 2547/4/1
f 2547/4/2 2548/3/2 2552/5/2 2551/6/2
f 2551/6/3 2552/5/3 2550/7/3 2549/8/3
f 2549/8/4 2550/7/4 2546/9/4 2545/10/4
f 2547/11/5 2551/6/5 2549/8/5 2545/12/5
f 2552/5/6 2548/13/6 2546/14/6 2550/7/6
f 2593/1/1 2594/2/1 2596/3/1 2595/4/1
f 2595/4/2 2596/3/2 2600/5/2 2599/6/2
f 2599/6/3 2600/5/3 2598/7/3 2597/8/3
f 2597/8/4 2598/7/4 2594/9/4 2593/10/4
f 2595/11/5 2599/6/5 2597/8/5 2593/12/5
f 2600/5/6 2596/13/6 2594/14/6 2598/7/6
f 2641/1/1 2642/2/1 2644/3/1 2643/4/1
f 2643/4/2 2644/3/2 2648/5/2 2647/6/2
f 2647/6/3 2648/5/3 2646/7/3 2645/8/3
f 2645/8/4 2646/7/4 2642/9/4 2641/10/4
f 2643/11/5 2647/6/5 2645/8/5 2641/12/5
f 2648/5/6 2644/13/6 2642/14/6 2646/7/6
f 2737/1/1 2738/2/1 2740/3/1 2739/4/1
f 2739/4/2 2740/3/2 2744/5/2 2743/6/2
f 2743/6/3 2744/5/3 2742/7/3 2741/8/3
f 2741/8/4 2742/7/4 2738/9/4 2737/10/4
f 2739/11/5 2743/6/5 2741/8/5 2737/12/5
f 2744/5/6 2740/13/6 2738/14/6 2742/7/6
f 2785/1/1 2786/2/1 2788/3/1 2787/4/1
f 2787/4/2 2788/3/2 2792/5/2 2791/6/2
f 2791/6/3 2792/5/3 2790/7/3 2789/8/3
f 2789/8/4 2790/7/4 2786/9/4 2785/10/4
f 2787/11/5 2791/6/5 2789/8/5 2785/12/5
f 2792/5/6 2788/13/6 2786/14/6 2790/7/6
f 2833/1/1 2834/2/1 2836/3/1 2835/4/1
f 2835/4/2 2836/3/2 2840/5/2 2839/6/2
f 2839/6/3 2840/5/3 2838/7/3 2837/8/3
f 2837/8/4 2838/7/4 2834/9/4 2833/10/4
f 2835/11/5 2839/6/5 2837/8/5 2833/12/5
f 2840/5/6 2836/13/6 2834/14/6 2838/7/6
f 2977/1/1 2978/2/1 2980/3/1 2979/4/1
f 2979/4/2 2980/3/2 2984/5/2 2983/6/2
f 2983/6/3 2984/5/3 2982/7/3 2981/8/3
f 2981/8/4 2982/7/4 2978/9/4 2977/10/4
f 2979/11/5 2983/6/5 2981/8/5 2977/12/5
f 2984/5/6 2980/13/6 2978/14/6 2982/7/6
f 3025/1/1 3026/2/1 3028/3/1 3027/4/1
f 3027/4/2 3028/3/2 3032/5/2 3031/6/2
f 3031/6/3 3032/5/3 3030/7/3 3029/8/3
f 3029/8/4 3030/7/4 3026/9/4 3025/10/4
f 3027/11/5 3031/6/5 3029/8/5 3025/12/5
f 3032/5/6 3028/13/6 3026/14/6 3030/7/6
f 3073/1/1 3074/2/1 3076/3/1 3075/4/1
f 3075/4/2 3076/3/2 3080/5/2 3079/6/2
f 3079/6/3 3080/5/3 3078/7/3 3077/8/3
f 3077/8/4 3078/7/4 3074/9/4 3073/10/4
f 3075/11/5 3079/6/5 3077/8/5 3073/12/5
f 3080/5/6 3076/13/6 3074/14/6 3078/7/6
f 3169/1/1 3170/2/1 3172/3/1 3171/4/1
f 3171/4/2 3172/3/2 3176/5/2 3175/6/2
f 3175/6/3 3176/5/3 3174/7/3 3173/8/3
f 3173/8/4 3174/7/4 3170/9/4 3169/10/4
f 3171/11/5 3175/6/5 3173/8/5 3169/12/5
f 3176/5/6 3172/13/6 3170/14/6 3174/7/6
f 3217/1/1 3218/2/1 3220/3/1 3219/4/1
f 3219/4/2 3220/3/2 3224/5/2 3223/6/2
f 3223/6/3 3224/5/3 3222/7/3 3221/8/3
f 3221/8/4 3222/7/4 3218/9/4 3217/10/4
f 3219/11/5 3223/6/5 3221/8/5 3217/12/5
f 3224/5/6 3220/13/6 3218/14/6 3222/7/6
f 3265/1/1 3266/2/1 3268/3/1 3267/4/1
f 3267/4/2 3268/3/2 3272/5/2 3271/6/2
f 3271/6/3 3272/5/3 3270/7/3 3269/8/3
f 3269/8/4 3270/7/4 3266/9/4 3265/10/4
f 3267/11/5 3271/6/5 3269/8/5 3265/12/5
f 3272/5/6 3268/13/6 3266/14/6 3270/7/6
